<?xml version='1.0' encoding='UTF-8'?>
<assessmentItem xmlns="http://www.imsglobal.org/xsd/imsqti_v2p1" xmlns:xsi="http://www.w3.org/2001/XMLSchema-instance" xmlns:ns8="http://www.w3.org/1999/xlink" xmlns:ns9="http://www.imsglobal.org/xsd/apip/apipv1p0/imsapip_qtiv1p0" xsi:schemaLocation="http://www.imsglobal.org/xsd/imsqti_v2p1 http://www.imsglobal.org/xsd/qti/qtiv2p1/imsqti_v2p1.xsd" title="1c0f_e901_c960" adaptive="false" timeDependent="false" identifier="1c0f_e901_c960">
  <responseDeclaration baseType="identifier" cardinality="single" identifier="RESPONSE">
    <correctResponse>
      <value>answer_001</value>
    </correctResponse>
  </responseDeclaration>
  <outcomeDeclaration baseType="float" cardinality="single" identifier="SCORE"/>
  <itemBody>
    <div>
      <div id="drv_d47c" oncopy="return false;" onpaste="return false;" oncut="return false;" oncontextmenu="return false;" onmousedown="return false;" onselectstart="return false;">
        <p>Which one<span style="font-size: 1px; color: white;">iiei</span>of<span style="font-size: 1px; color: white;">batp</span>the<span style="font-size: 1px; color: white;">want</span>following<span style="font-size: 1px; color: white;">you</span>sets<span style="font-size: 1px; color: white;">true</span>of three (3) functional groups<span style="font-size: 1px; color: white;">hair</span>all<span style="font-size: 1px; color: white;">flow</span>contain a <span style="color: #B45309; font-size: 1.15em; font-weight: 700;">double bond</span>?</p>
        <span style="font-size: 1px; color: white;">trace</span>
      </div>
    </div>
    <choiceInteraction maxChoices="1" responseIdentifier="RESPONSE" shuffle="true">
      <simpleChoice fixed="true" identifier="answer_1">
        <p>
          <div id="drv_7bba" oncopy="return false;" onpaste="return false;" oncut="return false;" oncontextmenu="return false;" onmousedown="return false;" onselectstart="return false;"><span style="color: #e60000; font-weight: 700;">carboxyl</span>, <span style="color: #00b3b3; font-weight: 700;">carbonyl</span>, <span style="color: #e65400; font-weight: 700;">phosphate</span> </div>
        </p>
      </simpleChoice>
      <simpleChoice fixed="true" identifier="answer_2">
        <p>
          <div id="drv_bc83" oncopy="return false;" onpaste="return false;" oncut="return false;" oncontextmenu="return false;" onmousedown="return false;" onselectstart="return false;"><span style="color: #00b3b3; font-weight: 700;">carbonyl</span>, <span style="color: #e65400; font-weight: 700;">phosphate</span>, <span style="color: #0a9bf5; font-weight: 700;">hydroxyl</span><span style="font-size: 1px; color: white;">remain</span></div>
        </p>
      </simpleChoice>
      <simpleChoice fixed="true" identifier="answer_3">
        <p>
          <div id="drv_d248" oncopy="return false;" onpaste="return false;" oncut="return false;" oncontextmenu="return false;" onmousedown="return false;" onselectstart="return false;"><span style="color: #b3b300; font-weight: 700;">sulfhydryl</span>, <span style="color: #59b300; font-weight: 700;">methyl</span>, <span style="color: #00b3b3; font-weight: 700;">carbonyl</span><span style="font-size: 1px; color: white;">local</span></div>
        </p>
      </simpleChoice>
      <simpleChoice fixed="true" identifier="answer_4">
        <p>
          <div id="drv_a718" oncopy="return false;" onpaste="return false;" oncut="return false;" oncontextmenu="return false;" onmousedown="return false;" onselectstart="return false;"><span style="color: #0a9bf5; font-weight: 700;">hydroxyl</span>, <span style="color: #e65400; font-weight: 700;">phosphate</span>, <span style="color: #e60000; font-weight: 700;">carboxyl</span> </div>
        </p>
      </simpleChoice>
      <simpleChoice fixed="true" identifier="answer_5">
        <p>
          <div id="drv_3d1e" oncopy="return false;" onpaste="return false;" oncut="return false;" oncontextmenu="return false;" onmousedown="return false;" onselectstart="return false;"><span style="color: #00b3b3; font-weight: 700;">carbonyl</span>, <span style="color: #e60000; font-weight: 700;">carboxyl</span>, <span style="color: #b3b300; font-weight: 700;">sulfhydryl</span><span style="font-size: 1px; color: white;">aches</span></div>
        </p>
      </simpleChoice>
    </choiceInteraction>
  </itemBody>
  <responseProcessing>
    <responseCondition>
      <responseIf>
        <match>
          <variable identifier="RESPONSE"/>
          <correct identifier="RESPONSE"/>
        </match>
      </responseIf>
    </responseCondition>
  </responseProcessing>
</assessmentItem>
