<?xml version='1.0' encoding='UTF-8'?>
<assessmentItem xmlns="http://www.imsglobal.org/xsd/imsqti_v2p1" xmlns:xsi="http://www.w3.org/2001/XMLSchema-instance" xmlns:ns8="http://www.w3.org/1999/xlink" xmlns:ns9="http://www.imsglobal.org/xsd/apip/apipv1p0/imsapip_qtiv1p0" xsi:schemaLocation="http://www.imsglobal.org/xsd/imsqti_v2p1 http://www.imsglobal.org/xsd/qti/qtiv2p1/imsqti_v2p1.xsd" title="fc2f_30db_24a6" adaptive="false" timeDependent="false" identifier="fc2f_30db_24a6">
  <responseDeclaration baseType="identifier" cardinality="single" identifier="RESPONSE">
    <correctResponse>
      <value>answer_001</value>
    </correctResponse>
  </responseDeclaration>
  <outcomeDeclaration baseType="float" cardinality="single" identifier="SCORE"/>
  <itemBody>
    <div>
      <div id="drv_421d" oncopy="return false;" onpaste="return false;" oncut="return false;" oncontextmenu="return false;" onmousedown="return false;" onselectstart="return false;">
        <p>Which<span style="font-size: 1px; color: white;">aform</span>one of<span style="font-size: 1px; color: white;">xeno</span>the following<span style="font-size: 1px; color: white;">hulu</span>sets<span style="font-size: 1px; color: white;">xxx</span>of three (3) functional<span style="font-size: 1px; color: white;">cities</span>groups<span style="font-size: 1px; color: white;">simple</span>have <span style="color: #00008B; font-size: 1.15em; font-weight: 700;">only<span style="font-size: 1px; color: white;">bake</span>single<span style="font-size: 1px; color: white;">holds</span>bonds</span>?</p>
        <span style="font-size: 1px; color: white;">piece</span>
      </div>
    </div>
    <choiceInteraction maxChoices="1" responseIdentifier="RESPONSE" shuffle="true">
      <simpleChoice fixed="true" identifier="answer_1">
        <p>
          <div id="drv_c0ec" oncopy="return false;" onpaste="return false;" oncut="return false;" oncontextmenu="return false;" onmousedown="return false;" onselectstart="return false;"><span style="color: #00b38f; font-weight: 700;">amino</span>, <span style="color: #0a9bf5; font-weight: 700;">hydroxyl</span>, <span style="color: #b3b300; font-weight: 700;">sulfhydryl</span> </div>
        </p>
      </simpleChoice>
      <simpleChoice fixed="true" identifier="answer_2">
        <p>
          <div id="drv_ed51" oncopy="return false;" onpaste="return false;" oncut="return false;" oncontextmenu="return false;" onmousedown="return false;" onselectstart="return false;"><span style="color: #00b38f; font-weight: 700;">amino</span>, <span style="color: #00b3b3; font-weight: 700;">carbonyl</span>, <span style="color: #e65400; font-weight: 700;">phosphate</span><span style="font-size: 1px; color: white;">widely</span></div>
        </p>
      </simpleChoice>
      <simpleChoice fixed="true" identifier="answer_3">
        <p>
          <div id="drv_c4cc" oncopy="return false;" onpaste="return false;" oncut="return false;" oncontextmenu="return false;" onmousedown="return false;" onselectstart="return false;"><span style="color: #59b300; font-weight: 700;">methyl</span>, <span style="color: #00b3b3; font-weight: 700;">carbonyl</span>, <span style="color: #e60000; font-weight: 700;">carboxyl</span><span style="font-size: 1px; color: white;">bubble</span></div>
        </p>
      </simpleChoice>
      <simpleChoice fixed="true" identifier="answer_4">
        <p>
          <div id="drv_5255" oncopy="return false;" onpaste="return false;" oncut="return false;" oncontextmenu="return false;" onmousedown="return false;" onselectstart="return false;"><span style="color: #59b300; font-weight: 700;">methyl</span>, <span style="color: #e65400; font-weight: 700;">phosphate</span>, <span style="color: #e60000; font-weight: 700;">carboxyl</span> </div>
        </p>
      </simpleChoice>
      <simpleChoice fixed="true" identifier="answer_5">
        <p>
          <div id="drv_40e0" oncopy="return false;" onpaste="return false;" oncut="return false;" oncontextmenu="return false;" onmousedown="return false;" onselectstart="return false;"><span style="color: #e60000; font-weight: 700;">carboxyl</span>, <span style="color: #e65400; font-weight: 700;">phosphate</span>, <span style="color: #b3b300; font-weight: 700;">sulfhydryl</span><span style="font-size: 1px; color: white;">even</span></div>
        </p>
      </simpleChoice>
    </choiceInteraction>
  </itemBody>
  <responseProcessing>
    <responseCondition>
      <responseIf>
        <match>
          <variable identifier="RESPONSE"/>
          <correct identifier="RESPONSE"/>
        </match>
      </responseIf>
    </responseCondition>
  </responseProcessing>
</assessmentItem>
