<?xml version='1.0' encoding='UTF-8'?>
<assessmentItem xmlns="http://www.imsglobal.org/xsd/imsqti_v2p1" xmlns:xsi="http://www.w3.org/2001/XMLSchema-instance" xmlns:ns8="http://www.w3.org/1999/xlink" xmlns:ns9="http://www.imsglobal.org/xsd/apip/apipv1p0/imsapip_qtiv1p0" xsi:schemaLocation="http://www.imsglobal.org/xsd/imsqti_v2p1 http://www.imsglobal.org/xsd/qti/qtiv2p1/imsqti_v2p1.xsd" title="5e6d_6b20_7792" adaptive="false" timeDependent="false" identifier="5e6d_6b20_7792">
  <responseDeclaration baseType="identifier" cardinality="single" identifier="RESPONSE">
    <correctResponse>
      <value>answer_005</value>
    </correctResponse>
  </responseDeclaration>
  <outcomeDeclaration baseType="float" cardinality="single" identifier="SCORE"/>
  <itemBody>
    <div>
      <div id="drv_8f98" oncopy="return false;" onpaste="return false;" oncut="return false;" oncontextmenu="return false;" onmousedown="return false;" onselectstart="return false;">
        <p>Which<span style="font-size: 1px; color: white;">binds</span>one<span style="font-size: 1px; color: white;">range</span>of the following<span style="font-size: 1px; color: white;">under</span>sets<span style="font-size: 1px; color: white;">serves</span>of three (3) functional groups have <span style="color: #00008B; font-size: 1.15em; font-weight: 700;">only single bonds</span>?</p>
        <span style="font-size: 1px; color: white;">mosaic</span>
      </div>
    </div>
    <choiceInteraction maxChoices="1" responseIdentifier="RESPONSE" shuffle="true">
      <simpleChoice fixed="true" identifier="answer_1">
        <p>
          <div id="drv_e4f7" oncopy="return false;" onpaste="return false;" oncut="return false;" oncontextmenu="return false;" onmousedown="return false;" onselectstart="return false;"><span style="color: #0a9bf5; font-weight: 700;">hydroxyl</span>, <span style="color: #b3b300; font-weight: 700;">sulfhydryl</span>, <span style="color: #00b3b3; font-weight: 700;">carbonyl</span><span style="font-size: 1px; color: white;">blades</span></div>
        </p>
      </simpleChoice>
      <simpleChoice fixed="true" identifier="answer_2">
        <p>
          <div id="drv_1b84" oncopy="return false;" onpaste="return false;" oncut="return false;" oncontextmenu="return false;" onmousedown="return false;" onselectstart="return false;"><span style="color: #e60000; font-weight: 700;">carboxyl</span>, <span style="color: #0a9bf5; font-weight: 700;">hydroxyl</span>, <span style="color: #00b38f; font-weight: 700;">amino</span> </div>
        </p>
      </simpleChoice>
      <simpleChoice fixed="true" identifier="answer_3">
        <p>
          <div id="drv_f25a" oncopy="return false;" onpaste="return false;" oncut="return false;" oncontextmenu="return false;" onmousedown="return false;" onselectstart="return false;"><span style="color: #59b300; font-weight: 700;">methyl</span>, <span style="color: #e60000; font-weight: 700;">carboxyl</span>, <span style="color: #00b3b3; font-weight: 700;">carbonyl</span><span style="font-size: 1px; color: white;">matter</span></div>
        </p>
      </simpleChoice>
      <simpleChoice fixed="true" identifier="answer_4">
        <p>
          <div id="drv_c2e1" oncopy="return false;" onpaste="return false;" oncut="return false;" oncontextmenu="return false;" onmousedown="return false;" onselectstart="return false;"><span style="color: #e60000; font-weight: 700;">carboxyl</span>, <span style="color: #e65400; font-weight: 700;">phosphate</span>, <span style="color: #00b38f; font-weight: 700;">amino</span> </div>
        </p>
      </simpleChoice>
      <simpleChoice fixed="true" identifier="answer_5">
        <p>
          <div id="drv_c636" oncopy="return false;" onpaste="return false;" oncut="return false;" oncontextmenu="return false;" onmousedown="return false;" onselectstart="return false;"><span style="color: #59b300; font-weight: 700;">methyl</span>, <span style="color: #0a9bf5; font-weight: 700;">hydroxyl</span>, <span style="color: #b3b300; font-weight: 700;">sulfhydryl</span> </div>
        </p>
      </simpleChoice>
    </choiceInteraction>
  </itemBody>
  <responseProcessing>
    <responseCondition>
      <responseIf>
        <match>
          <variable identifier="RESPONSE"/>
          <correct identifier="RESPONSE"/>
        </match>
      </responseIf>
    </responseCondition>
  </responseProcessing>
</assessmentItem>
