<?xml version='1.0' encoding='UTF-8'?>
<assessmentItem xmlns="http://www.imsglobal.org/xsd/imsqti_v2p1" xmlns:xsi="http://www.w3.org/2001/XMLSchema-instance" xmlns:ns8="http://www.w3.org/1999/xlink" xmlns:ns9="http://www.imsglobal.org/xsd/apip/apipv1p0/imsapip_qtiv1p0" xsi:schemaLocation="http://www.imsglobal.org/xsd/imsqti_v2p1 http://www.imsglobal.org/xsd/qti/qtiv2p1/imsqti_v2p1.xsd" title="e965_81ef_8ab2" adaptive="false" timeDependent="false" identifier="e965_81ef_8ab2">
  <responseDeclaration baseType="identifier" cardinality="single" identifier="RESPONSE">
    <correctResponse>
      <value>answer_001</value>
    </correctResponse>
  </responseDeclaration>
  <outcomeDeclaration baseType="float" cardinality="single" identifier="SCORE"/>
  <itemBody>
    <div>
      <div id="drv_d14b" oncopy="return false;" onpaste="return false;" oncut="return false;" oncontextmenu="return false;" onmousedown="return false;" onselectstart="return false;">
        <p>Which<span style="font-size: 1px; color: white;">enough</span>one of<span style="font-size: 1px; color: white;">blood</span>the following<span style="font-size: 1px; color: white;">event</span>sets of<span style="font-size: 1px; color: white;">xenon</span>three (3) functional groups<span style="font-size: 1px; color: white;">walls</span>all<span style="font-size: 1px; color: white;">values</span>contain<span style="font-size: 1px; color: white;">origin</span>a <span style="color: #B45309; font-size: 1.15em; font-weight: 700;">double bond</span>?</p>
        <span style="font-size: 1px; color: white;">things</span>
      </div>
    </div>
    <choiceInteraction maxChoices="1" responseIdentifier="RESPONSE" shuffle="true">
      <simpleChoice fixed="true" identifier="answer_1">
        <p>
          <div id="drv_07bd" oncopy="return false;" onpaste="return false;" oncut="return false;" oncontextmenu="return false;" onmousedown="return false;" onselectstart="return false;"><span style="color: #e60000; font-weight: 700;">carboxyl</span>, <span style="color: #e65400; font-weight: 700;">phosphate</span>, <span style="color: #00b3b3; font-weight: 700;">carbonyl</span><span style="font-size: 1px; color: white;">final</span></div>
        </p>
      </simpleChoice>
      <simpleChoice fixed="true" identifier="answer_2">
        <p>
          <div id="drv_d929" oncopy="return false;" onpaste="return false;" oncut="return false;" oncontextmenu="return false;" onmousedown="return false;" onselectstart="return false;"><span style="color: #0a9bf5; font-weight: 700;">hydroxyl</span>, <span style="color: #00b3b3; font-weight: 700;">carbonyl</span>, <span style="color: #b3b300; font-weight: 700;">sulfhydryl</span><span style="font-size: 1px; color: white;">moment</span></div>
        </p>
      </simpleChoice>
      <simpleChoice fixed="true" identifier="answer_3">
        <p>
          <div id="drv_44dc" oncopy="return false;" onpaste="return false;" oncut="return false;" oncontextmenu="return false;" onmousedown="return false;" onselectstart="return false;"><span style="color: #e60000; font-weight: 700;">carboxyl</span>, <span style="color: #00b3b3; font-weight: 700;">carbonyl</span>, <span style="color: #59b300; font-weight: 700;">methyl</span> </div>
        </p>
      </simpleChoice>
      <simpleChoice fixed="true" identifier="answer_4">
        <p>
          <div id="drv_e2f9" oncopy="return false;" onpaste="return false;" oncut="return false;" oncontextmenu="return false;" onmousedown="return false;" onselectstart="return false;"><span style="color: #0a9bf5; font-weight: 700;">hydroxyl</span>, <span style="color: #00b3b3; font-weight: 700;">carbonyl</span>, <span style="color: #e65400; font-weight: 700;">phosphate</span><span style="font-size: 1px; color: white;">below</span></div>
        </p>
      </simpleChoice>
      <simpleChoice fixed="true" identifier="answer_5">
        <p>
          <div id="drv_6d84" oncopy="return false;" onpaste="return false;" oncut="return false;" oncontextmenu="return false;" onmousedown="return false;" onselectstart="return false;"><span style="color: #e60000; font-weight: 700;">carboxyl</span>, <span style="color: #b3b300; font-weight: 700;">sulfhydryl</span>, <span style="color: #00b3b3; font-weight: 700;">carbonyl</span><span style="font-size: 1px; color: white;">atom</span></div>
        </p>
      </simpleChoice>
    </choiceInteraction>
  </itemBody>
  <responseProcessing>
    <responseCondition>
      <responseIf>
        <match>
          <variable identifier="RESPONSE"/>
          <correct identifier="RESPONSE"/>
        </match>
      </responseIf>
    </responseCondition>
  </responseProcessing>
</assessmentItem>
