<?xml version='1.0' encoding='UTF-8'?>
<assessmentItem xmlns="http://www.imsglobal.org/xsd/imsqti_v2p1" xmlns:xsi="http://www.w3.org/2001/XMLSchema-instance" xmlns:ns8="http://www.w3.org/1999/xlink" xmlns:ns9="http://www.imsglobal.org/xsd/apip/apipv1p0/imsapip_qtiv1p0" xsi:schemaLocation="http://www.imsglobal.org/xsd/imsqti_v2p1 http://www.imsglobal.org/xsd/qti/qtiv2p1/imsqti_v2p1.xsd" title="478a_27c8_64ca" adaptive="false" timeDependent="false" identifier="478a_27c8_64ca">
  <responseDeclaration baseType="identifier" cardinality="single" identifier="RESPONSE">
    <correctResponse>
      <value>answer_002</value>
    </correctResponse>
  </responseDeclaration>
  <outcomeDeclaration baseType="float" cardinality="single" identifier="SCORE"/>
  <itemBody>
    <div>
      <div id="drv_ad7f" oncopy="return false;" onpaste="return false;" oncut="return false;" oncontextmenu="return false;" onmousedown="return false;" onselectstart="return false;">
        <p>Which<span style="font-size: 1px; color: white;">counts</span>one<span style="font-size: 1px; color: white;">amount</span>of<span style="font-size: 1px; color: white;">odor</span>the following<span style="font-size: 1px; color: white;">boost</span>sets<span style="font-size: 1px; color: white;">runway</span>of three (3) functional groups<span style="font-size: 1px; color: white;">folded</span>have <span style="color: #00008B; font-size: 1.15em; font-weight: 700;">only<span style="font-size: 1px; color: white;">exy</span>single<span style="font-size: 1px; color: white;">gtp</span>bonds</span>?</p>
        <span style="font-size: 1px; color: white;">yellow</span>
      </div>
    </div>
    <choiceInteraction maxChoices="1" responseIdentifier="RESPONSE" shuffle="true">
      <simpleChoice fixed="true" identifier="answer_1">
        <p>
          <div id="drv_3b78" oncopy="return false;" onpaste="return false;" oncut="return false;" oncontextmenu="return false;" onmousedown="return false;" onselectstart="return false;"><span style="color: #00b3b3; font-weight: 700;">carbonyl</span>, <span style="color: #e65400; font-weight: 700;">phosphate</span>, <span style="color: #b3b300; font-weight: 700;">sulfhydryl</span><span style="font-size: 1px; color: white;">dof</span></div>
        </p>
      </simpleChoice>
      <simpleChoice fixed="true" identifier="answer_2">
        <p>
          <div id="drv_de53" oncopy="return false;" onpaste="return false;" oncut="return false;" oncontextmenu="return false;" onmousedown="return false;" onselectstart="return false;"><span style="color: #00b38f; font-weight: 700;">amino</span>, <span style="color: #59b300; font-weight: 700;">methyl</span>, <span style="color: #b3b300; font-weight: 700;">sulfhydryl</span> </div>
        </p>
      </simpleChoice>
      <simpleChoice fixed="true" identifier="answer_3">
        <p>
          <div id="drv_5157" oncopy="return false;" onpaste="return false;" oncut="return false;" oncontextmenu="return false;" onmousedown="return false;" onselectstart="return false;"><span style="color: #59b300; font-weight: 700;">methyl</span>, <span style="color: #00b3b3; font-weight: 700;">carbonyl</span>, <span style="color: #e65400; font-weight: 700;">phosphate</span><span style="font-size: 1px; color: white;">works</span></div>
        </p>
      </simpleChoice>
      <simpleChoice fixed="true" identifier="answer_4">
        <p>
          <div id="drv_c534" oncopy="return false;" onpaste="return false;" oncut="return false;" oncontextmenu="return false;" onmousedown="return false;" onselectstart="return false;"><span style="color: #b3b300; font-weight: 700;">sulfhydryl</span>, <span style="color: #e65400; font-weight: 700;">phosphate</span>, <span style="color: #59b300; font-weight: 700;">methyl</span><span style="font-size: 1px; color: white;">wrong</span></div>
        </p>
      </simpleChoice>
      <simpleChoice fixed="true" identifier="answer_5">
        <p>
          <div id="drv_31c4" oncopy="return false;" onpaste="return false;" oncut="return false;" oncontextmenu="return false;" onmousedown="return false;" onselectstart="return false;"><span style="color: #b3b300; font-weight: 700;">sulfhydryl</span>, <span style="color: #00b3b3; font-weight: 700;">carbonyl</span>, <span style="color: #e60000; font-weight: 700;">carboxyl</span><span style="font-size: 1px; color: white;">fit</span></div>
        </p>
      </simpleChoice>
    </choiceInteraction>
  </itemBody>
  <responseProcessing>
    <responseCondition>
      <responseIf>
        <match>
          <variable identifier="RESPONSE"/>
          <correct identifier="RESPONSE"/>
        </match>
      </responseIf>
    </responseCondition>
  </responseProcessing>
</assessmentItem>
