<?xml version='1.0' encoding='UTF-8'?>
<assessmentItem xmlns="http://www.imsglobal.org/xsd/imsqti_v2p1" xmlns:xsi="http://www.w3.org/2001/XMLSchema-instance" xmlns:ns8="http://www.w3.org/1999/xlink" xmlns:ns9="http://www.imsglobal.org/xsd/apip/apipv1p0/imsapip_qtiv1p0" xsi:schemaLocation="http://www.imsglobal.org/xsd/imsqti_v2p1 http://www.imsglobal.org/xsd/qti/qtiv2p1/imsqti_v2p1.xsd" title="39ec_74e1_a9c3" adaptive="false" timeDependent="false" identifier="39ec_74e1_a9c3">
  <responseDeclaration baseType="identifier" cardinality="single" identifier="RESPONSE">
    <correctResponse>
      <value>answer_004</value>
    </correctResponse>
  </responseDeclaration>

  <outcomeDeclaration baseType="float" cardinality="single" identifier="SCORE"/>

  <itemBody>
    <div>
      <p>Which one of the following sets of three (3) functional groups have <span style="color: #00008B; font-size: 1.15em; font-weight: 700;">only single bonds</span>?</p>
    </div>
    <choiceInteraction maxChoices="1" responseIdentifier="RESPONSE" shuffle="true">
      <simpleChoice fixed="true" identifier="answer_1">
        <p><span style="color: #00b3b3; font-weight: 700;">carbonyl</span>, <span style="color: #e60000; font-weight: 700;">carboxyl</span>, <span style="color: #b3b300; font-weight: 700;">sulfhydryl</span></p>
      </simpleChoice>
      <simpleChoice fixed="true" identifier="answer_2">
        <p><span style="color: #e65400; font-weight: 700;">phosphate</span>, <span style="color: #e60000; font-weight: 700;">carboxyl</span>, <span style="color: #59b300; font-weight: 700;">methyl</span></p>
      </simpleChoice>
      <simpleChoice fixed="true" identifier="answer_3">
        <p><span style="color: #00b38f; font-weight: 700;">amino</span>, <span style="color: #e60000; font-weight: 700;">carboxyl</span>, <span style="color: #00b3b3; font-weight: 700;">carbonyl</span></p>
      </simpleChoice>
      <simpleChoice fixed="true" identifier="answer_4">
        <p><span style="color: #00b38f; font-weight: 700;">amino</span>, <span style="color: #b3b300; font-weight: 700;">sulfhydryl</span>, <span style="color: #0a9bf5; font-weight: 700;">hydroxyl</span></p>
      </simpleChoice>
      <simpleChoice fixed="true" identifier="answer_5">
        <p><span style="color: #0a9bf5; font-weight: 700;">hydroxyl</span>, <span style="color: #59b300; font-weight: 700;">methyl</span>, <span style="color: #e65400; font-weight: 700;">phosphate</span></p>
      </simpleChoice>
    </choiceInteraction>
  </itemBody>

  <responseProcessing>
    <responseCondition>
      <responseIf>
        <match>
          <variable identifier="RESPONSE"/>
          <correct identifier="RESPONSE"/>
        </match>
      </responseIf>
    </responseCondition>
  </responseProcessing>
</assessmentItem>
