<?xml version='1.0' encoding='UTF-8'?>
<assessmentItem xmlns="http://www.imsglobal.org/xsd/imsqti_v2p1" xmlns:xsi="http://www.w3.org/2001/XMLSchema-instance" xmlns:ns8="http://www.w3.org/1999/xlink" xmlns:ns9="http://www.imsglobal.org/xsd/apip/apipv1p0/imsapip_qtiv1p0" xsi:schemaLocation="http://www.imsglobal.org/xsd/imsqti_v2p1 http://www.imsglobal.org/xsd/qti/qtiv2p1/imsqti_v2p1.xsd" title="f3cd_c47c_9169" adaptive="false" timeDependent="false" identifier="f3cd_c47c_9169">
  <responseDeclaration baseType="identifier" cardinality="single" identifier="RESPONSE">
    <correctResponse>
      <value>answer_3</value>
    </correctResponse>
  </responseDeclaration>
  <outcomeDeclaration baseType="float" cardinality="single" identifier="SCORE"/>
  <itemBody>
    <div><p>81a8</p> <p>Which one of the following types of <strong><span style="color: #e60000;">column</span></strong> <strong><span style="color: #b30077;">chromatography</span></strong> correspond to the description <span style="font-size: 1em;"><strong>'<strong><span style="color: #e65400;">separates</span></strong> <strong><span style="color: #00b3b3;">proteins</span></strong> according to differences in their <strong><span style="color: #0a9bf5;">surface</span></strong> hydrophobicity'</strong></span>.</p></div>
    <choiceInteraction maxChoices="1" responseIdentifier="RESPONSE" shuffle="true">
      <simpleChoice fixed="true" identifier="answer_1">
        <p>A.  <span style="font-family: sans-serif; letter-spacing: 1px;"><strong><span style="color: #cc0066;">affinity column (AC)</span></strong></span>  </p>
      </simpleChoice>
      <simpleChoice fixed="true" identifier="answer_2">
        <p>B.  <span style="font-family: sans-serif; letter-spacing: 1px;"><strong><span style="color: #59b300;">gel filtration column (GFC)</span></strong></span>  </p>
      </simpleChoice>
      <simpleChoice fixed="true" identifier="answer_3">
        <p>C.  <span style="font-family: sans-serif; letter-spacing: 1px;"><strong><span style="color: #b3b300;">hydrophobic interaction column (HIC)</span></strong></span>  </p>
      </simpleChoice>
      <simpleChoice fixed="true" identifier="answer_4">
        <p>D.  <span style="font-family: sans-serif; letter-spacing: 1px;"><strong><span style="color: #0039e6;">ion exchange column (IEX)</span></strong></span>  </p>
      </simpleChoice>
    </choiceInteraction>
  </itemBody>
  <responseProcessing>
    <responseCondition>
      <responseIf>
        <match>
          <variable identifier="RESPONSE"/>
          <correct identifier="RESPONSE"/>
        </match>
      </responseIf>
    </responseCondition>
  </responseProcessing>
</assessmentItem>
