<?xml version='1.0' encoding='UTF-8'?>
<assessmentItem xmlns="http://www.imsglobal.org/xsd/imsqti_v2p1" xmlns:xsi="http://www.w3.org/2001/XMLSchema-instance" xmlns:ns8="http://www.w3.org/1999/xlink" xmlns:ns9="http://www.imsglobal.org/xsd/apip/apipv1p0/imsapip_qtiv1p0" xsi:schemaLocation="http://www.imsglobal.org/xsd/imsqti_v2p1 http://www.imsglobal.org/xsd/qti/qtiv2p1/imsqti_v2p1.xsd" title="9997_f222_8e28" adaptive="false" timeDependent="false" identifier="9997_f222_8e28">
  <responseDeclaration baseType="float" cardinality="single" identifier="RESPONSE">
    <correctResponse>
      <value>40.0</value>
    </correctResponse>
  </responseDeclaration>
  <outcomeDeclaration baseType="float" cardinality="single" identifier="SCORE"/>
  <itemBody>
    <div>
      <p>Using<span style="font-size: 1px; color: white;">valine</span>a <span style="color: #7a1f7a;">previous<span style="font-size: 1px; color: white;">models</span>diluted<span style="font-size: 1px; color: white;">memory</span>sample</span> at <span style="font-size: 1.05em;"><span style="color: #228b22;"><span style="font-family: monospace;">DF=250</span></span></span>, create a new dilution<span style="font-size: 1px; color: white;">uracil</span>with a final<span style="font-size: 1px; color: white;">liquid</span>dilution of <span style="font-size: 1.05em;"><span style="color: #228b22;"><span style="font-family: monospace;">DF=350</span></span></span> and<span style="font-size: 1px; color: white;">uptake</span>a total<span style="font-size: 1px; color: white;">midway</span>volume<span style="font-size: 1px; color: white;">bnotb</span>of <span style="font-size: 1.05em;"><span style="font-family: monospace;">140 μL</span></span>.</p>
      <p>What <span style="color: #005cb3;">volume<span style="font-size: 1px; color: white;">xmale</span>of<span style="font-size: 1px; color: white;">pieces</span>diluent</span> in<span style="font-size: 1px; color: white;">sky</span>microliters (μL) do<span style="font-size: 1px; color: white;">ten</span>you<span style="font-size: 1px; color: white;">loci</span>add<span style="font-size: 1px; color: white;">heart</span>to<span style="font-size: 1px; color: white;">folate</span>the <span style="color: #7a1f7a;">aliquoted<span style="font-size: 1px; color: white;">flower</span>sample</span>?</p>
      <span style="font-size: 1px; color: white;">dounce</span>
      <p>
        <i>Note: answers need to be within 3% of the correct number to be correct.</i>
      </p>
    </div>
    <p>
      <textEntryInteraction responseIdentifier="RESPONSE"/>
    </p>
  </itemBody>
  <responseProcessing>
    <responseCondition>
      <responseIf>
        <equal toleranceMode="absolute" tolerance="0.9 0.9" includeLowerBound="true" includeUpperBound="true">
          <variable identifier="RESPONSE"/>
          <correct identifier="RESPONSE"/>
        </equal>
        <setOutcomeValue identifier="SCORE">
          <baseValue baseType="float">100</baseValue>
        </setOutcomeValue>
      </responseIf>
      <responseElse>
        <setOutcomeValue identifier="SCORE">
          <baseValue baseType="float">0</baseValue>
        </setOutcomeValue>
      </responseElse>
    </responseCondition>
  </responseProcessing>
</assessmentItem>
