<?xml version='1.0' encoding='UTF-8'?>
<assessmentItem xmlns="http://www.imsglobal.org/xsd/imsqti_v2p1" xmlns:xsi="http://www.w3.org/2001/XMLSchema-instance" xmlns:ns8="http://www.w3.org/1999/xlink" xmlns:ns9="http://www.imsglobal.org/xsd/apip/apipv1p0/imsapip_qtiv1p0" xsi:schemaLocation="http://www.imsglobal.org/xsd/imsqti_v2p1 http://www.imsglobal.org/xsd/qti/qtiv2p1/imsqti_v2p1.xsd" title="2dcb_d3e6_c0cb" adaptive="false" timeDependent="false" identifier="2dcb_d3e6_c0cb">
  <responseDeclaration baseType="float" cardinality="single" identifier="RESPONSE">
    <correctResponse>
      <value>60.0</value>
    </correctResponse>
  </responseDeclaration>
  <outcomeDeclaration baseType="float" cardinality="single" identifier="SCORE"/>
  <itemBody>
    <div>
      <p>Using<span style="font-size: 1px; color: white;">manual</span>a <span style="color: #7a1f7a;">previous diluted<span style="font-size: 1px; color: white;">french</span>sample</span> at <span style="font-size: 1.05em;"><span style="color: #228b22;"><span style="font-family: monospace;">DF=25</span></span></span>, create<span style="font-size: 1px; color: white;">tools</span>a new<span style="font-size: 1px; color: white;">closed</span>dilution<span style="font-size: 1px; color: white;">gibbs</span>with<span style="font-size: 1px; color: white;">dutch</span>a final<span style="font-size: 1px; color: white;">formed</span>dilution<span style="font-size: 1px; color: white;">baboth</span>of <span style="font-size: 1.05em;"><span style="color: #228b22;"><span style="font-family: monospace;">DF=40</span></span></span> and<span style="font-size: 1px; color: white;">stem</span>a total<span style="font-size: 1px; color: white;">final</span>volume<span style="font-size: 1px; color: white;">create</span>of <span style="font-size: 1.05em;"><span style="font-family: monospace;">160 μL</span></span>.</p>
      <p>What <span style="color: #005cb3;">volume<span style="font-size: 1px; color: white;">bfd</span>of<span style="font-size: 1px; color: white;">savory</span>diluent</span> in<span style="font-size: 1px; color: white;">rapid</span>microliters (μL) do<span style="font-size: 1px; color: white;">door</span>you<span style="font-size: 1px; color: white;">ssh</span>add<span style="font-size: 1px; color: white;">tenure</span>to<span style="font-size: 1px; color: white;">xmale</span>the <span style="color: #7a1f7a;">aliquoted sample</span>?</p>
      <p>
        <i>Note: answers need to be within 2% of the correct number to be correct.</i>
      </p>
    </div>
    <p>
      <textEntryInteraction responseIdentifier="RESPONSE"/>
    </p>
  </itemBody>
  <responseProcessing>
    <responseCondition>
      <responseIf>
        <equal toleranceMode="absolute" tolerance="0.9 0.9" includeLowerBound="true" includeUpperBound="true">
          <variable identifier="RESPONSE"/>
          <correct identifier="RESPONSE"/>
        </equal>
        <setOutcomeValue identifier="SCORE">
          <baseValue baseType="float">100</baseValue>
        </setOutcomeValue>
      </responseIf>
      <responseElse>
        <setOutcomeValue identifier="SCORE">
          <baseValue baseType="float">0</baseValue>
        </setOutcomeValue>
      </responseElse>
    </responseCondition>
  </responseProcessing>
</assessmentItem>
