<?xml version='1.0' encoding='UTF-8'?>
<assessmentItem xmlns="http://www.imsglobal.org/xsd/imsqti_v2p1" xmlns:xsi="http://www.w3.org/2001/XMLSchema-instance" xmlns:ns8="http://www.w3.org/1999/xlink" xmlns:ns9="http://www.imsglobal.org/xsd/apip/apipv1p0/imsapip_qtiv1p0" xsi:schemaLocation="http://www.imsglobal.org/xsd/imsqti_v2p1 http://www.imsglobal.org/xsd/qti/qtiv2p1/imsqti_v2p1.xsd" title="2c57_37c2_2e4c" adaptive="false" timeDependent="false" identifier="2c57_37c2_2e4c">
  <responseDeclaration baseType="float" cardinality="single" identifier="RESPONSE">
    <correctResponse>
      <value>180.0</value>
    </correctResponse>
  </responseDeclaration>
  <outcomeDeclaration baseType="float" cardinality="single" identifier="SCORE"/>
  <itemBody>
    <div>
      <p>Using<span style="font-size: 1px; color: white;">set</span>a <span style="color: #7a1f7a;">previous<span style="font-size: 1px; color: white;">store</span>diluted<span style="font-size: 1px; color: white;">tight</span>sample</span> at <span style="font-size: 1.05em;"><span style="color: #228b22;"><span style="font-family: monospace;">DF=160</span></span></span>, create<span style="font-size: 1px; color: white;">every</span>a new<span style="font-size: 1px; color: white;">local</span>dilution<span style="font-size: 1px; color: white;">food</span>with<span style="font-size: 1px; color: white;">locus</span>a final dilution<span style="font-size: 1px; color: white;">yaml</span>of <span style="font-size: 1.05em;"><span style="color: #228b22;"><span style="font-family: monospace;">DF=200</span></span></span> and a total<span style="font-size: 1px; color: white;">allele</span>volume of <span style="font-size: 1.05em;"><span style="font-family: monospace;">900 μL</span></span>.</p>
      <p>What <span style="color: #005cb3;">volume<span style="font-size: 1px; color: white;">layers</span>of<span style="font-size: 1px; color: white;">app</span>diluent</span> in microliters (μL) do you<span style="font-size: 1px; color: white;">lgiczz</span>add<span style="font-size: 1px; color: white;">toxins</span>to the <span style="color: #7a1f7a;">aliquoted<span style="font-size: 1px; color: white;">death</span>sample</span>?</p>
      <span style="font-size: 1px; color: white;">there</span>
      <p>
        <i>Note: answers need to be within 1% of the correct number to be correct.</i>
      </p>
    </div>
    <p>
      <textEntryInteraction responseIdentifier="RESPONSE"/>
    </p>
  </itemBody>
  <responseProcessing>
    <responseCondition>
      <responseIf>
        <equal toleranceMode="absolute" tolerance="0.9 0.9" includeLowerBound="true" includeUpperBound="true">
          <variable identifier="RESPONSE"/>
          <correct identifier="RESPONSE"/>
        </equal>
        <setOutcomeValue identifier="SCORE">
          <baseValue baseType="float">100</baseValue>
        </setOutcomeValue>
      </responseIf>
      <responseElse>
        <setOutcomeValue identifier="SCORE">
          <baseValue baseType="float">0</baseValue>
        </setOutcomeValue>
      </responseElse>
    </responseCondition>
  </responseProcessing>
</assessmentItem>
