<?xml version='1.0' encoding='UTF-8'?>
<assessmentItem xmlns="http://www.imsglobal.org/xsd/imsqti_v2p1" xmlns:xsi="http://www.w3.org/2001/XMLSchema-instance" xmlns:ns8="http://www.w3.org/1999/xlink" xmlns:ns9="http://www.imsglobal.org/xsd/apip/apipv1p0/imsapip_qtiv1p0" xsi:schemaLocation="http://www.imsglobal.org/xsd/imsqti_v2p1 http://www.imsglobal.org/xsd/qti/qtiv2p1/imsqti_v2p1.xsd" title="1395_25c9_166e" adaptive="false" timeDependent="false" identifier="1395_25c9_166e">
  <responseDeclaration baseType="float" cardinality="single" identifier="RESPONSE">
    <correctResponse>
      <value>150.0</value>
    </correctResponse>
  </responseDeclaration>
  <outcomeDeclaration baseType="float" cardinality="single" identifier="SCORE"/>
  <itemBody>
    <div>
      <p>Using<span style="font-size: 1px; color: white;">bond</span>a <span style="color: #7a1f7a;">previous<span style="font-size: 1px; color: white;">dna</span>diluted<span style="font-size: 1px; color: white;">lenses</span>sample</span> at <span style="font-size: 1.05em;"><span style="color: #228b22;"><span style="font-family: monospace;">DF=200</span></span></span>, create<span style="font-size: 1px; color: white;">shape</span>a new dilution with a final<span style="font-size: 1px; color: white;">does</span>dilution of <span style="font-size: 1.05em;"><span style="color: #228b22;"><span style="font-family: monospace;">DF=320</span></span></span> and<span style="font-size: 1px; color: white;">egg</span>a total<span style="font-size: 1px; color: white;">exact</span>volume<span style="font-size: 1px; color: white;">matrix</span>of <span style="font-size: 1.05em;"><span style="font-family: monospace;">400 μL</span></span>.</p>
      <p>What <span style="color: #005cb3;">volume of diluent</span> in<span style="font-size: 1px; color: white;">plan</span>microliters (μL) do<span style="font-size: 1px; color: white;">kinds</span>you add<span style="font-size: 1px; color: white;">candle</span>to the <span style="color: #7a1f7a;">aliquoted sample</span>?</p>
      <p>
        <i>Note: answers need to be within 1% of the correct number to be correct.</i>
      </p>
    </div>
    <p>
      <textEntryInteraction responseIdentifier="RESPONSE"/>
    </p>
  </itemBody>
  <responseProcessing>
    <responseCondition>
      <responseIf>
        <equal toleranceMode="absolute" tolerance="0.9 0.9" includeLowerBound="true" includeUpperBound="true">
          <variable identifier="RESPONSE"/>
          <correct identifier="RESPONSE"/>
        </equal>
        <setOutcomeValue identifier="SCORE">
          <baseValue baseType="float">100</baseValue>
        </setOutcomeValue>
      </responseIf>
      <responseElse>
        <setOutcomeValue identifier="SCORE">
          <baseValue baseType="float">0</baseValue>
        </setOutcomeValue>
      </responseElse>
    </responseCondition>
  </responseProcessing>
</assessmentItem>
