<?xml version='1.0' encoding='UTF-8'?>
<assessmentItem xmlns="http://www.imsglobal.org/xsd/imsqti_v2p1" xmlns:xsi="http://www.w3.org/2001/XMLSchema-instance" xmlns:ns8="http://www.w3.org/1999/xlink" xmlns:ns9="http://www.imsglobal.org/xsd/apip/apipv1p0/imsapip_qtiv1p0" xsi:schemaLocation="http://www.imsglobal.org/xsd/imsqti_v2p1 http://www.imsglobal.org/xsd/qti/qtiv2p1/imsqti_v2p1.xsd" title="331f_808c_5cf4" adaptive="false" timeDependent="false" identifier="331f_808c_5cf4">
  <responseDeclaration baseType="float" cardinality="single" identifier="RESPONSE">
    <correctResponse>
      <value>30.0</value>
    </correctResponse>
  </responseDeclaration>
  <outcomeDeclaration baseType="float" cardinality="single" identifier="SCORE"/>
  <itemBody>
    <div>
      <p>Using<span style="font-size: 1px; color: white;">counts</span>a <span style="color: #7a1f7a;">previous<span style="font-size: 1px; color: white;">role</span>diluted<span style="font-size: 1px; color: white;">ndash</span>sample</span> at <span style="font-size: 1.05em;"><span style="color: #228b22;"><span style="font-family: monospace;">DF=25</span></span></span>, create<span style="font-size: 1px; color: white;">tell</span>a new<span style="font-size: 1px; color: white;">allele</span>dilution<span style="font-size: 1px; color: white;">repel</span>with<span style="font-size: 1px; color: white;">maud</span>a final<span style="font-size: 1px; color: white;">fibers</span>dilution<span style="font-size: 1px; color: white;">spice</span>of <span style="font-size: 1.05em;"><span style="color: #228b22;"><span style="font-family: monospace;">DF=30</span></span></span> and a total volume<span style="font-size: 1px; color: white;">mali</span>of <span style="font-size: 1.05em;"><span style="font-family: monospace;">180 μL</span></span>.</p>
      <p>What <span style="color: #005cb3;">volume of<span style="font-size: 1px; color: white;">boies</span>diluent</span> in microliters (μL) do you add<span style="font-size: 1px; color: white;">share</span>to<span style="font-size: 1px; color: white;">counts</span>the <span style="color: #7a1f7a;">aliquoted sample</span>?</p>
      <span style="font-size: 1px; color: white;">crack</span>
      <p>
        <i>Note: answers need to be within 4% of the correct number to be correct.</i>
      </p>
    </div>
    <p>
      <textEntryInteraction responseIdentifier="RESPONSE"/>
    </p>
  </itemBody>
  <responseProcessing>
    <responseCondition>
      <responseIf>
        <equal toleranceMode="absolute" tolerance="0.9 0.9" includeLowerBound="true" includeUpperBound="true">
          <variable identifier="RESPONSE"/>
          <correct identifier="RESPONSE"/>
        </equal>
        <setOutcomeValue identifier="SCORE">
          <baseValue baseType="float">100</baseValue>
        </setOutcomeValue>
      </responseIf>
      <responseElse>
        <setOutcomeValue identifier="SCORE">
          <baseValue baseType="float">0</baseValue>
        </setOutcomeValue>
      </responseElse>
    </responseCondition>
  </responseProcessing>
</assessmentItem>
