<?xml version='1.0' encoding='UTF-8'?>
<assessmentItem xmlns="http://www.imsglobal.org/xsd/imsqti_v2p1" xmlns:xsi="http://www.w3.org/2001/XMLSchema-instance" xmlns:ns8="http://www.w3.org/1999/xlink" xmlns:ns9="http://www.imsglobal.org/xsd/apip/apipv1p0/imsapip_qtiv1p0" xsi:schemaLocation="http://www.imsglobal.org/xsd/imsqti_v2p1 http://www.imsglobal.org/xsd/qti/qtiv2p1/imsqti_v2p1.xsd" title="31ac_c6ec_7898" adaptive="false" timeDependent="false" identifier="31ac_c6ec_7898">
  <responseDeclaration baseType="float" cardinality="single" identifier="RESPONSE">
    <correctResponse>
      <value>160.0</value>
    </correctResponse>
  </responseDeclaration>
  <outcomeDeclaration baseType="float" cardinality="single" identifier="SCORE"/>
  <itemBody>
    <div>
      <p>Using<span style="font-size: 1px; color: white;">abf</span>a <span style="color: #7a1f7a;">previous<span style="font-size: 1px; color: white;">larvae</span>diluted sample</span> at <span style="font-size: 1.05em;"><span style="color: #228b22;"><span style="font-family: monospace;">DF=150</span></span></span>, create<span style="font-size: 1px; color: white;">exon</span>a new<span style="font-size: 1px; color: white;">oxide</span>dilution with<span style="font-size: 1px; color: white;">sulfur</span>a final dilution<span style="font-size: 1px; color: white;">remove</span>of <span style="font-size: 1.05em;"><span style="color: #228b22;"><span style="font-family: monospace;">DF=200</span></span></span> and<span style="font-size: 1px; color: white;">tyler</span>a total<span style="font-size: 1px; color: white;">pushes</span>volume of <span style="font-size: 1.05em;"><span style="font-family: monospace;">640 μL</span></span>.</p>
      <p>What <span style="color: #005cb3;">volume of<span style="font-size: 1px; color: white;">lyxose</span>diluent</span> in<span style="font-size: 1px; color: white;">animal</span>microliters (μL) do<span style="font-size: 1px; color: white;">shows</span>you add<span style="font-size: 1px; color: white;">next</span>to<span style="font-size: 1px; color: white;">five</span>the <span style="color: #7a1f7a;">aliquoted<span style="font-size: 1px; color: white;">hybrid</span>sample</span>?</p>
      <p>
        <i>Note: answers need to be within 1% of the correct number to be correct.</i>
      </p>
    </div>
    <p>
      <textEntryInteraction responseIdentifier="RESPONSE"/>
    </p>
  </itemBody>
  <responseProcessing>
    <responseCondition>
      <responseIf>
        <equal toleranceMode="absolute" tolerance="0.9 0.9" includeLowerBound="true" includeUpperBound="true">
          <variable identifier="RESPONSE"/>
          <correct identifier="RESPONSE"/>
        </equal>
        <setOutcomeValue identifier="SCORE">
          <baseValue baseType="float">100</baseValue>
        </setOutcomeValue>
      </responseIf>
      <responseElse>
        <setOutcomeValue identifier="SCORE">
          <baseValue baseType="float">0</baseValue>
        </setOutcomeValue>
      </responseElse>
    </responseCondition>
  </responseProcessing>
</assessmentItem>
