<?xml version='1.0' encoding='UTF-8'?>
<assessmentItem xmlns="http://www.imsglobal.org/xsd/imsqti_v2p1" xmlns:xsi="http://www.w3.org/2001/XMLSchema-instance" xmlns:ns8="http://www.w3.org/1999/xlink" xmlns:ns9="http://www.imsglobal.org/xsd/apip/apipv1p0/imsapip_qtiv1p0" xsi:schemaLocation="http://www.imsglobal.org/xsd/imsqti_v2p1 http://www.imsglobal.org/xsd/qti/qtiv2p1/imsqti_v2p1.xsd" title="1386_e2c0_b740" adaptive="false" timeDependent="false" identifier="1386_e2c0_b740">
  <responseDeclaration baseType="float" cardinality="single" identifier="RESPONSE">
    <correctResponse>
      <value>50.0</value>
    </correctResponse>
  </responseDeclaration>
  <outcomeDeclaration baseType="float" cardinality="single" identifier="SCORE"/>
  <itemBody>
    <div>
      <p>Using<span style="font-size: 1px; color: white;">world</span>a <span style="color: #7a1f7a;">previous<span style="font-size: 1px; color: white;">gulose</span>diluted<span style="font-size: 1px; color: white;">elevel</span>sample</span> at <span style="font-size: 1.05em;"><span style="color: #228b22;"><span style="font-family: monospace;">DF=32</span></span></span>, create<span style="font-size: 1px; color: white;">roles</span>a new<span style="font-size: 1px; color: white;">gene</span>dilution<span style="font-size: 1px; color: white;">found</span>with a final dilution<span style="font-size: 1px; color: white;">mom</span>of <span style="font-size: 1.05em;"><span style="color: #228b22;"><span style="font-family: monospace;">DF=72</span></span></span> and<span style="font-size: 1px; color: white;">gaps</span>a total<span style="font-size: 1px; color: white;">cotton</span>volume<span style="font-size: 1px; color: white;">give</span>of <span style="font-size: 1.05em;"><span style="font-family: monospace;">90 μL</span></span>.</p>
      <p>What <span style="color: #005cb3;">volume<span style="font-size: 1px; color: white;">angles</span>of diluent</span> in<span style="font-size: 1px; color: white;">deltag</span>microliters (μL) do you<span style="font-size: 1px; color: white;">tagged</span>add<span style="font-size: 1px; color: white;">cap</span>to<span style="font-size: 1px; color: white;">wick</span>the <span style="color: #7a1f7a;">aliquoted<span style="font-size: 1px; color: white;">known</span>sample</span>?</p>
      <span style="font-size: 1px; color: white;">layers</span>
      <p>
        <i>Note: answers need to be within 2% of the correct number to be correct.</i>
      </p>
    </div>
    <p>
      <textEntryInteraction responseIdentifier="RESPONSE"/>
    </p>
  </itemBody>
  <responseProcessing>
    <responseCondition>
      <responseIf>
        <equal toleranceMode="absolute" tolerance="0.9 0.9" includeLowerBound="true" includeUpperBound="true">
          <variable identifier="RESPONSE"/>
          <correct identifier="RESPONSE"/>
        </equal>
        <setOutcomeValue identifier="SCORE">
          <baseValue baseType="float">100</baseValue>
        </setOutcomeValue>
      </responseIf>
      <responseElse>
        <setOutcomeValue identifier="SCORE">
          <baseValue baseType="float">0</baseValue>
        </setOutcomeValue>
      </responseElse>
    </responseCondition>
  </responseProcessing>
</assessmentItem>
