<?xml version='1.0' encoding='UTF-8'?>
<assessmentItem xmlns="http://www.imsglobal.org/xsd/imsqti_v2p1" xmlns:xsi="http://www.w3.org/2001/XMLSchema-instance" xmlns:ns8="http://www.w3.org/1999/xlink" xmlns:ns9="http://www.imsglobal.org/xsd/apip/apipv1p0/imsapip_qtiv1p0" xsi:schemaLocation="http://www.imsglobal.org/xsd/imsqti_v2p1 http://www.imsglobal.org/xsd/qti/qtiv2p1/imsqti_v2p1.xsd" title="0d24_2658_bc23" adaptive="false" timeDependent="false" identifier="0d24_2658_bc23">
  <responseDeclaration baseType="float" cardinality="single" identifier="RESPONSE">
    <correctResponse>
      <value>90.0</value>
    </correctResponse>
  </responseDeclaration>
  <outcomeDeclaration baseType="float" cardinality="single" identifier="SCORE"/>
  <itemBody>
    <div>
      <p>Using<span style="font-size: 1px; color: white;">forkbr</span>a <span style="color: #7a1f7a;">previous<span style="font-size: 1px; color: white;">bind</span>diluted<span style="font-size: 1px; color: white;">herbs</span>sample</span> at <span style="font-size: 1.05em;"><span style="color: #228b22;"><span style="font-family: monospace;">DF=50</span></span></span>, create<span style="font-size: 1px; color: white;">odor</span>a new dilution<span style="font-size: 1px; color: white;">rnasip</span>with a final<span style="font-size: 1px; color: white;">diver</span>dilution<span style="font-size: 1px; color: white;">gyrase</span>of <span style="font-size: 1.05em;"><span style="color: #228b22;"><span style="font-family: monospace;">DF=60</span></span></span> and<span style="font-size: 1px; color: white;">kda</span>a total volume<span style="font-size: 1px; color: white;">turns</span>of <span style="font-size: 1.05em;"><span style="font-family: monospace;">540 μL</span></span>.</p>
      <p>What <span style="color: #005cb3;">volume<span style="font-size: 1px; color: white;">swims</span>of<span style="font-size: 1px; color: white;">few</span>diluent</span> in<span style="font-size: 1px; color: white;">select</span>microliters (μL) do<span style="font-size: 1px; color: white;">finish</span>you add<span style="font-size: 1px; color: white;">cooh</span>to<span style="font-size: 1px; color: white;">come</span>the <span style="color: #7a1f7a;">aliquoted sample</span>?</p>
      <p>
        <i>Note: answers need to be within 1% of the correct number to be correct.</i>
      </p>
    </div>
    <p>
      <textEntryInteraction responseIdentifier="RESPONSE"/>
    </p>
  </itemBody>
  <responseProcessing>
    <responseCondition>
      <responseIf>
        <equal toleranceMode="absolute" tolerance="0.9 0.9" includeLowerBound="true" includeUpperBound="true">
          <variable identifier="RESPONSE"/>
          <correct identifier="RESPONSE"/>
        </equal>
        <setOutcomeValue identifier="SCORE">
          <baseValue baseType="float">100</baseValue>
        </setOutcomeValue>
      </responseIf>
      <responseElse>
        <setOutcomeValue identifier="SCORE">
          <baseValue baseType="float">0</baseValue>
        </setOutcomeValue>
      </responseElse>
    </responseCondition>
  </responseProcessing>
</assessmentItem>
