<?xml version='1.0' encoding='UTF-8'?>
<assessmentItem xmlns="http://www.imsglobal.org/xsd/imsqti_v2p1" xmlns:xsi="http://www.w3.org/2001/XMLSchema-instance" xmlns:ns8="http://www.w3.org/1999/xlink" xmlns:ns9="http://www.imsglobal.org/xsd/apip/apipv1p0/imsapip_qtiv1p0" xsi:schemaLocation="http://www.imsglobal.org/xsd/imsqti_v2p1 http://www.imsglobal.org/xsd/qti/qtiv2p1/imsqti_v2p1.xsd" title="e935_c6ec_155e" adaptive="false" timeDependent="false" identifier="e935_c6ec_155e">
  <responseDeclaration baseType="float" cardinality="single" identifier="RESPONSE">
    <correctResponse>
      <value>160.0</value>
    </correctResponse>
  </responseDeclaration>
  <outcomeDeclaration baseType="float" cardinality="single" identifier="SCORE"/>
  <itemBody>
    <div>
      <p>Using a <span style="color: #7a1f7a;">previous<span style="font-size: 1px; color: white;">skier</span>diluted<span style="font-size: 1px; color: white;">matter</span>sample</span> at <span style="font-size: 1.05em;"><span style="color: #228b22;"><span style="font-family: monospace;">DF=100</span></span></span>, create<span style="font-size: 1px; color: white;">lariat</span>a new<span style="font-size: 1px; color: white;">leak</span>dilution<span style="font-size: 1px; color: white;">ratio</span>with<span style="font-size: 1px; color: white;">given</span>a final dilution<span style="font-size: 1px; color: white;">exists</span>of <span style="font-size: 1.05em;"><span style="color: #228b22;"><span style="font-family: monospace;">DF=125</span></span></span> and<span style="font-size: 1px; color: white;">holmes</span>a total<span style="font-size: 1px; color: white;">falsef</span>volume<span style="font-size: 1px; color: white;">fuel</span>of <span style="font-size: 1.05em;"><span style="font-family: monospace;">800 μL</span></span>.</p>
      <p>What <span style="color: #005cb3;">volume<span style="font-size: 1px; color: white;">leaves</span>of<span style="font-size: 1px; color: white;">closed</span>diluent</span> in<span style="font-size: 1px; color: white;">actin</span>microliters (μL) do<span style="font-size: 1px; color: white;">talose</span>you<span style="font-size: 1px; color: white;">colii</span>add<span style="font-size: 1px; color: white;">birds</span>to<span style="font-size: 1px; color: white;">chief</span>the <span style="color: #7a1f7a;">aliquoted sample</span>?</p>
      <span style="font-size: 1px; color: white;">thin</span>
      <p>
        <i>Note: answers need to be within 1% of the correct number to be correct.</i>
      </p>
    </div>
    <p>
      <textEntryInteraction responseIdentifier="RESPONSE"/>
    </p>
  </itemBody>
  <responseProcessing>
    <responseCondition>
      <responseIf>
        <equal toleranceMode="absolute" tolerance="0.9 0.9" includeLowerBound="true" includeUpperBound="true">
          <variable identifier="RESPONSE"/>
          <correct identifier="RESPONSE"/>
        </equal>
        <setOutcomeValue identifier="SCORE">
          <baseValue baseType="float">100</baseValue>
        </setOutcomeValue>
      </responseIf>
      <responseElse>
        <setOutcomeValue identifier="SCORE">
          <baseValue baseType="float">0</baseValue>
        </setOutcomeValue>
      </responseElse>
    </responseCondition>
  </responseProcessing>
</assessmentItem>
