<?xml version='1.0' encoding='UTF-8'?>
<assessmentItem xmlns="http://www.imsglobal.org/xsd/imsqti_v2p1" xmlns:xsi="http://www.w3.org/2001/XMLSchema-instance" xmlns:ns8="http://www.w3.org/1999/xlink" xmlns:ns9="http://www.imsglobal.org/xsd/apip/apipv1p0/imsapip_qtiv1p0" xsi:schemaLocation="http://www.imsglobal.org/xsd/imsqti_v2p1 http://www.imsglobal.org/xsd/qti/qtiv2p1/imsqti_v2p1.xsd" title="afb5_21a1_7b7f" adaptive="false" timeDependent="false" identifier="afb5_21a1_7b7f">
  <responseDeclaration baseType="float" cardinality="single" identifier="RESPONSE">
    <correctResponse>
      <value>200.0</value>
    </correctResponse>
  </responseDeclaration>
  <outcomeDeclaration baseType="float" cardinality="single" identifier="SCORE"/>
  <itemBody>
    <div>
      <p>Using<span style="font-size: 1px; color: white;">wind</span>a <span style="color: #7a1f7a;">previous<span style="font-size: 1px; color: white;">allose</span>diluted<span style="font-size: 1px; color: white;">adding</span>sample</span> at <span style="font-size: 1.05em;"><span style="color: #228b22;"><span style="font-family: monospace;">DF=80</span></span></span>, create<span style="font-size: 1px; color: white;">kidney</span>a new<span style="font-size: 1px; color: white;">joint</span>dilution<span style="font-size: 1px; color: white;">exy</span>with a final<span style="font-size: 1px; color: white;">white</span>dilution<span style="font-size: 1px; color: white;">wall</span>of <span style="font-size: 1.05em;"><span style="color: #228b22;"><span style="font-family: monospace;">DF=180</span></span></span> and a total<span style="font-size: 1px; color: white;">net</span>volume<span style="font-size: 1px; color: white;">needle</span>of <span style="font-size: 1.05em;"><span style="font-family: monospace;">360 μL</span></span>.</p>
      <p>What <span style="color: #005cb3;">volume<span style="font-size: 1px; color: white;">terms</span>of<span style="font-size: 1px; color: white;">top</span>diluent</span> in<span style="font-size: 1px; color: white;">binds</span>microliters (μL) do you<span style="font-size: 1px; color: white;">diving</span>add to<span style="font-size: 1px; color: white;">while</span>the <span style="color: #7a1f7a;">aliquoted sample</span>?</p>
      <p>
        <i>Note: answers need to be within 1% of the correct number to be correct.</i>
      </p>
    </div>
    <p>
      <textEntryInteraction responseIdentifier="RESPONSE"/>
    </p>
  </itemBody>
  <responseProcessing>
    <responseCondition>
      <responseIf>
        <equal toleranceMode="absolute" tolerance="0.9 0.9" includeLowerBound="true" includeUpperBound="true">
          <variable identifier="RESPONSE"/>
          <correct identifier="RESPONSE"/>
        </equal>
        <setOutcomeValue identifier="SCORE">
          <baseValue baseType="float">100</baseValue>
        </setOutcomeValue>
      </responseIf>
      <responseElse>
        <setOutcomeValue identifier="SCORE">
          <baseValue baseType="float">0</baseValue>
        </setOutcomeValue>
      </responseElse>
    </responseCondition>
  </responseProcessing>
</assessmentItem>
