<?xml version='1.0' encoding='UTF-8'?>
<assessmentItem xmlns="http://www.imsglobal.org/xsd/imsqti_v2p1" xmlns:xsi="http://www.w3.org/2001/XMLSchema-instance" xmlns:ns8="http://www.w3.org/1999/xlink" xmlns:ns9="http://www.imsglobal.org/xsd/apip/apipv1p0/imsapip_qtiv1p0" xsi:schemaLocation="http://www.imsglobal.org/xsd/imsqti_v2p1 http://www.imsglobal.org/xsd/qti/qtiv2p1/imsqti_v2p1.xsd" title="59af_e2c0_c7f4" adaptive="false" timeDependent="false" identifier="59af_e2c0_c7f4">
  <responseDeclaration baseType="float" cardinality="single" identifier="RESPONSE">
    <correctResponse>
      <value>50.0</value>
    </correctResponse>
  </responseDeclaration>
  <outcomeDeclaration baseType="float" cardinality="single" identifier="SCORE"/>
  <itemBody>
    <div>
      <p>Using<span style="font-size: 1px; color: white;">porous</span>a <span style="color: #7a1f7a;">previous diluted<span style="font-size: 1px; color: white;">times</span>sample</span> at <span style="font-size: 1.05em;"><span style="color: #228b22;"><span style="font-family: monospace;">DF=250</span></span></span>, create a new<span style="font-size: 1px; color: white;">ssb</span>dilution with a final dilution<span style="font-size: 1px; color: white;">input</span>of <span style="font-size: 1.05em;"><span style="color: #228b22;"><span style="font-family: monospace;">DF=300</span></span></span> and a total<span style="font-size: 1px; color: white;">genome</span>volume<span style="font-size: 1px; color: white;">lungs</span>of <span style="font-size: 1.05em;"><span style="font-family: monospace;">300 μL</span></span>.</p>
      <p>What <span style="color: #005cb3;">volume<span style="font-size: 1px; color: white;">damm</span>of<span style="font-size: 1px; color: white;">pushed</span>diluent</span> in<span style="font-size: 1px; color: white;">hill</span>microliters (μL) do you<span style="font-size: 1px; color: white;">non</span>add<span style="font-size: 1px; color: white;">main</span>to the <span style="color: #7a1f7a;">aliquoted<span style="font-size: 1px; color: white;">genome</span>sample</span>?</p>
      <span style="font-size: 1px; color: white;">biotin</span>
      <p>
        <i>Note: answers need to be within 2% of the correct number to be correct.</i>
      </p>
    </div>
    <p>
      <textEntryInteraction responseIdentifier="RESPONSE"/>
    </p>
  </itemBody>
  <responseProcessing>
    <responseCondition>
      <responseIf>
        <equal toleranceMode="absolute" tolerance="0.9 0.9" includeLowerBound="true" includeUpperBound="true">
          <variable identifier="RESPONSE"/>
          <correct identifier="RESPONSE"/>
        </equal>
        <setOutcomeValue identifier="SCORE">
          <baseValue baseType="float">100</baseValue>
        </setOutcomeValue>
      </responseIf>
      <responseElse>
        <setOutcomeValue identifier="SCORE">
          <baseValue baseType="float">0</baseValue>
        </setOutcomeValue>
      </responseElse>
    </responseCondition>
  </responseProcessing>
</assessmentItem>
