<?xml version='1.0' encoding='UTF-8'?>
<assessmentItem xmlns="http://www.imsglobal.org/xsd/imsqti_v2p1" xmlns:xsi="http://www.w3.org/2001/XMLSchema-instance" xmlns:ns8="http://www.w3.org/1999/xlink" xmlns:ns9="http://www.imsglobal.org/xsd/apip/apipv1p0/imsapip_qtiv1p0" xsi:schemaLocation="http://www.imsglobal.org/xsd/imsqti_v2p1 http://www.imsglobal.org/xsd/qti/qtiv2p1/imsqti_v2p1.xsd" title="8e57_be7b_f6d4" adaptive="false" timeDependent="false" identifier="8e57_be7b_f6d4">
  <responseDeclaration baseType="float" cardinality="single" identifier="RESPONSE">
    <correctResponse>
      <value>110.0</value>
    </correctResponse>
  </responseDeclaration>
  <outcomeDeclaration baseType="float" cardinality="single" identifier="SCORE"/>
  <itemBody>
    <div>
      <p>Using a <span style="color: #7a1f7a;">previous diluted<span style="font-size: 1px; color: white;">point</span>sample</span> at <span style="font-size: 1.05em;"><span style="color: #228b22;"><span style="font-family: monospace;">DF=32</span></span></span>, create a new<span style="font-size: 1px; color: white;">matter</span>dilution<span style="font-size: 1px; color: white;">tata</span>with a final dilution<span style="font-size: 1px; color: white;">bone</span>of <span style="font-size: 1.05em;"><span style="color: #228b22;"><span style="font-family: monospace;">DF=40</span></span></span> and<span style="font-size: 1px; color: white;">find</span>a total<span style="font-size: 1px; color: white;">start</span>volume<span style="font-size: 1px; color: white;">forest</span>of <span style="font-size: 1.05em;"><span style="font-family: monospace;">550 μL</span></span>.</p>
      <p>What <span style="color: #005cb3;">volume of<span style="font-size: 1px; color: white;">skier</span>diluent</span> in<span style="font-size: 1px; color: white;">ispan</span>microliters (μL) do you<span style="font-size: 1px; color: white;">rnasip</span>add<span style="font-size: 1px; color: white;">bgroup</span>to<span style="font-size: 1px; color: white;">heavy</span>the <span style="color: #7a1f7a;">aliquoted<span style="font-size: 1px; color: white;">masks</span>sample</span>?</p>
      <span style="font-size: 1px; color: white;">tmspan</span>
      <p>
        <i>Note: answers need to be within 1% of the correct number to be correct.</i>
      </p>
    </div>
    <p>
      <textEntryInteraction responseIdentifier="RESPONSE"/>
    </p>
  </itemBody>
  <responseProcessing>
    <responseCondition>
      <responseIf>
        <equal toleranceMode="absolute" tolerance="0.9 0.9" includeLowerBound="true" includeUpperBound="true">
          <variable identifier="RESPONSE"/>
          <correct identifier="RESPONSE"/>
        </equal>
        <setOutcomeValue identifier="SCORE">
          <baseValue baseType="float">100</baseValue>
        </setOutcomeValue>
      </responseIf>
      <responseElse>
        <setOutcomeValue identifier="SCORE">
          <baseValue baseType="float">0</baseValue>
        </setOutcomeValue>
      </responseElse>
    </responseCondition>
  </responseProcessing>
</assessmentItem>
