<?xml version='1.0' encoding='UTF-8'?>
<assessmentItem xmlns="http://www.imsglobal.org/xsd/imsqti_v2p1" xmlns:xsi="http://www.w3.org/2001/XMLSchema-instance" xmlns:ns8="http://www.w3.org/1999/xlink" xmlns:ns9="http://www.imsglobal.org/xsd/apip/apipv1p0/imsapip_qtiv1p0" xsi:schemaLocation="http://www.imsglobal.org/xsd/imsqti_v2p1 http://www.imsglobal.org/xsd/qti/qtiv2p1/imsqti_v2p1.xsd" title="1cd7_1087_a315" adaptive="false" timeDependent="false" identifier="1cd7_1087_a315">
  <responseDeclaration baseType="float" cardinality="single" identifier="RESPONSE">
    <correctResponse>
      <value>100.0</value>
    </correctResponse>
  </responseDeclaration>
  <outcomeDeclaration baseType="float" cardinality="single" identifier="SCORE"/>
  <itemBody>
    <div>
      <p>Using<span style="font-size: 1px; color: white;">dounce</span>a <span style="color: #7a1f7a;">previous<span style="font-size: 1px; color: white;">mow</span>diluted sample</span> at <span style="font-size: 1.05em;"><span style="color: #228b22;"><span style="font-family: monospace;">DF=60</span></span></span>, create<span style="font-size: 1px; color: white;">unlit</span>a new<span style="font-size: 1px; color: white;">real</span>dilution<span style="font-size: 1px; color: white;">meat</span>with<span style="font-size: 1px; color: white;">chat</span>a final<span style="font-size: 1px; color: white;">spinal</span>dilution<span style="font-size: 1px; color: white;">tough</span>of <span style="font-size: 1.05em;"><span style="color: #228b22;"><span style="font-family: monospace;">DF=100</span></span></span> and<span style="font-size: 1px; color: white;">hybrid</span>a total<span style="font-size: 1px; color: white;">had</span>volume<span style="font-size: 1px; color: white;">her</span>of <span style="font-size: 1.05em;"><span style="font-family: monospace;">250 μL</span></span>.</p>
      <p>What <span style="color: #005cb3;">volume<span style="font-size: 1px; color: white;">false</span>of diluent</span> in<span style="font-size: 1px; color: white;">dog</span>microliters (μL) do you<span style="font-size: 1px; color: white;">ligate</span>add<span style="font-size: 1px; color: white;">organ</span>to<span style="font-size: 1px; color: white;">amide</span>the <span style="color: #7a1f7a;">aliquoted<span style="font-size: 1px; color: white;">thiol</span>sample</span>?</p>
      <p>
        <i>Note: answers need to be within 1% of the correct number to be correct.</i>
      </p>
    </div>
    <p>
      <textEntryInteraction responseIdentifier="RESPONSE"/>
    </p>
  </itemBody>
  <responseProcessing>
    <responseCondition>
      <responseIf>
        <equal toleranceMode="absolute" tolerance="0.9 0.9" includeLowerBound="true" includeUpperBound="true">
          <variable identifier="RESPONSE"/>
          <correct identifier="RESPONSE"/>
        </equal>
        <setOutcomeValue identifier="SCORE">
          <baseValue baseType="float">100</baseValue>
        </setOutcomeValue>
      </responseIf>
      <responseElse>
        <setOutcomeValue identifier="SCORE">
          <baseValue baseType="float">0</baseValue>
        </setOutcomeValue>
      </responseElse>
    </responseCondition>
  </responseProcessing>
</assessmentItem>
