<?xml version='1.0' encoding='UTF-8'?>
<assessmentItem xmlns="http://www.imsglobal.org/xsd/imsqti_v2p1" xmlns:xsi="http://www.w3.org/2001/XMLSchema-instance" xmlns:ns8="http://www.w3.org/1999/xlink" xmlns:ns9="http://www.imsglobal.org/xsd/apip/apipv1p0/imsapip_qtiv1p0" xsi:schemaLocation="http://www.imsglobal.org/xsd/imsqti_v2p1 http://www.imsglobal.org/xsd/qti/qtiv2p1/imsqti_v2p1.xsd" title="a4f2_e728_04cb" adaptive="false" timeDependent="false" identifier="a4f2_e728_04cb">
  <responseDeclaration baseType="float" cardinality="single" identifier="RESPONSE">
    <correctResponse>
      <value>360.0</value>
    </correctResponse>
  </responseDeclaration>
  <outcomeDeclaration baseType="float" cardinality="single" identifier="SCORE"/>
  <itemBody>
    <div>
      <p>Using a <span style="color: #7a1f7a;">previous<span style="font-size: 1px; color: white;">with</span>diluted<span style="font-size: 1px; color: white;">bgel</span>sample</span> at <span style="font-size: 1.05em;"><span style="color: #228b22;"><span style="font-family: monospace;">DF=120</span></span></span>, create<span style="font-size: 1px; color: white;">sorts</span>a new<span style="font-size: 1px; color: white;">often</span>dilution<span style="font-size: 1px; color: white;">stem</span>with a final dilution<span style="font-size: 1px; color: white;">holds</span>of <span style="font-size: 1.05em;"><span style="color: #228b22;"><span style="font-family: monospace;">DF=200</span></span></span> and<span style="font-size: 1px; color: white;">car</span>a total<span style="font-size: 1px; color: white;">chains</span>volume<span style="font-size: 1px; color: white;">algae</span>of <span style="font-size: 1.05em;"><span style="font-family: monospace;">900 μL</span></span>.</p>
      <p>What <span style="color: #005cb3;">volume<span style="font-size: 1px; color: white;">manner</span>of<span style="font-size: 1px; color: white;">cycler</span>diluent</span> in microliters (μL) do<span style="font-size: 1px; color: white;">epsp</span>you<span style="font-size: 1px; color: white;">was</span>add to the <span style="color: #7a1f7a;">aliquoted<span style="font-size: 1px; color: white;">sperm</span>sample</span>?</p>
      <span style="font-size: 1px; color: white;">prime</span>
      <p>
        <i>Note: answers need to be within 1% of the correct number to be correct.</i>
      </p>
    </div>
    <p>
      <textEntryInteraction responseIdentifier="RESPONSE"/>
    </p>
  </itemBody>
  <responseProcessing>
    <responseCondition>
      <responseIf>
        <equal toleranceMode="absolute" tolerance="0.9 0.9" includeLowerBound="true" includeUpperBound="true">
          <variable identifier="RESPONSE"/>
          <correct identifier="RESPONSE"/>
        </equal>
        <setOutcomeValue identifier="SCORE">
          <baseValue baseType="float">100</baseValue>
        </setOutcomeValue>
      </responseIf>
      <responseElse>
        <setOutcomeValue identifier="SCORE">
          <baseValue baseType="float">0</baseValue>
        </setOutcomeValue>
      </responseElse>
    </responseCondition>
  </responseProcessing>
</assessmentItem>
