<?xml version='1.0' encoding='UTF-8'?>
<assessmentItem xmlns="http://www.imsglobal.org/xsd/imsqti_v2p1" xmlns:xsi="http://www.w3.org/2001/XMLSchema-instance" xmlns:ns8="http://www.w3.org/1999/xlink" xmlns:ns9="http://www.imsglobal.org/xsd/apip/apipv1p0/imsapip_qtiv1p0" xsi:schemaLocation="http://www.imsglobal.org/xsd/imsqti_v2p1 http://www.imsglobal.org/xsd/qti/qtiv2p1/imsqti_v2p1.xsd" title="b58d_f222_267f" adaptive="false" timeDependent="false" identifier="b58d_f222_267f">
  <responseDeclaration baseType="float" cardinality="single" identifier="RESPONSE">
    <correctResponse>
      <value>40.0</value>
    </correctResponse>
  </responseDeclaration>
  <outcomeDeclaration baseType="float" cardinality="single" identifier="SCORE"/>
  <itemBody>
    <div>
      <p>Using a <span style="color: #7a1f7a;">previous<span style="font-size: 1px; color: white;">nadh</span>diluted sample</span> at <span style="font-size: 1.05em;"><span style="color: #228b22;"><span style="font-family: monospace;">DF=15</span></span></span>, create a new<span style="font-size: 1px; color: white;">reduce</span>dilution with<span style="font-size: 1px; color: white;">immune</span>a final<span style="font-size: 1px; color: white;">falsel</span>dilution<span style="font-size: 1px; color: white;">aitaqi</span>of <span style="font-size: 1.05em;"><span style="color: #228b22;"><span style="font-family: monospace;">DF=20</span></span></span> and<span style="font-size: 1px; color: white;">copied</span>a total<span style="font-size: 1px; color: white;">much</span>volume<span style="font-size: 1px; color: white;">etest</span>of <span style="font-size: 1.05em;"><span style="font-family: monospace;">160 μL</span></span>.</p>
      <p>What <span style="color: #005cb3;">volume<span style="font-size: 1px; color: white;">dog</span>of<span style="font-size: 1px; color: white;">pla</span>diluent</span> in microliters (μL) do<span style="font-size: 1px; color: white;">passes</span>you<span style="font-size: 1px; color: white;">eggs</span>add to<span style="font-size: 1px; color: white;">adopt</span>the <span style="color: #7a1f7a;">aliquoted<span style="font-size: 1px; color: white;">order</span>sample</span>?</p>
      <p>
        <i>Note: answers need to be within 3% of the correct number to be correct.</i>
      </p>
    </div>
    <p>
      <textEntryInteraction responseIdentifier="RESPONSE"/>
    </p>
  </itemBody>
  <responseProcessing>
    <responseCondition>
      <responseIf>
        <equal toleranceMode="absolute" tolerance="0.9 0.9" includeLowerBound="true" includeUpperBound="true">
          <variable identifier="RESPONSE"/>
          <correct identifier="RESPONSE"/>
        </equal>
        <setOutcomeValue identifier="SCORE">
          <baseValue baseType="float">100</baseValue>
        </setOutcomeValue>
      </responseIf>
      <responseElse>
        <setOutcomeValue identifier="SCORE">
          <baseValue baseType="float">0</baseValue>
        </setOutcomeValue>
      </responseElse>
    </responseCondition>
  </responseProcessing>
</assessmentItem>
