<?xml version='1.0' encoding='UTF-8'?>
<questestinterop xmlns="http://www.imsglobal.org/xsd/ims_qtiasiv1p2" xmlns:xsi="http://www.w3.org/2001/XMLSchema-instance" xsi:schemaLocation="http://www.imsglobal.org/xsd/ims_qtiasiv1p2 http://www.imsglobal.org/xsd/ims_qtiasiv1p2p1.xsd">
  <assessment ident="root_assessment" title="WOMC-energy_terms">
    <section ident="root_section">
      <item ident="multiple_choice_001" title="8d5e_67aa">
        <itemmetadata>
          <qtimetadata>
            <qtimetadatafield>
              <fieldlabel>question_type</fieldlabel>
              <fieldentry>multiple_choice_question</fieldentry>
            </qtimetadatafield>
            <qtimetadatafield>
              <fieldlabel>points_possible</fieldlabel>
              <fieldentry>1.0</fieldentry>
            </qtimetadatafield>
            <qtimetadatafield>
              <fieldlabel>original_answer_ids</fieldlabel>
              <fieldentry>choice_001,choice_002</fieldentry>
            </qtimetadatafield>
          </qtimetadata>
        </itemmetadata>

        <presentation>
          <material>
            <mattext texttype="text/html">&lt;p&gt;Which one of the following energy requirement categories correspond to the energy term &lt;span style='font-size: 1em;'&gt;&lt;strong&gt;'Gibbs free energy greater than zero'&lt;/strong&gt;&lt;/span&gt;.&lt;/p&gt;</mattext>
          </material>
          <response_lid ident="response1" rcardinality="Single">
            <render_choice>
              <response_label ident="choice_001">
                <material>
                  <mattext texttype="text/html">&lt;strong&gt;&lt;span style="color: #e60000;"&gt;releases&amp;nbsp;energy&lt;/span&gt;&lt;/strong&gt;</mattext>
                </material>
              </response_label>
              <response_label ident="choice_002">
                <material>
                  <mattext texttype="text/html">&lt;strong&gt;&lt;span style="color: #0a9bf5;"&gt;requires&amp;nbsp;energy&amp;nbsp;input&lt;/span&gt;&lt;/strong&gt;</mattext>
                </material>
              </response_label>
            </render_choice>
          </response_lid>
        </presentation>

        <resprocessing>
          <outcomes>
            <decvar maxvalue="100" minvalue="0" varname="SCORE" vartype="Decimal"/>
          </outcomes>
          <respcondition>
            <conditionvar>
              <varequal respident="response1">choice_002</varequal>
            </conditionvar>
            <setvar action="Set" varname="SCORE">100</setvar>
          </respcondition>
        </resprocessing>
      </item>

      <item ident="multiple_choice_002" title="b0c6_67aa">
        <itemmetadata>
          <qtimetadata>
            <qtimetadatafield>
              <fieldlabel>question_type</fieldlabel>
              <fieldentry>multiple_choice_question</fieldentry>
            </qtimetadatafield>
            <qtimetadatafield>
              <fieldlabel>points_possible</fieldlabel>
              <fieldentry>1.0</fieldentry>
            </qtimetadatafield>
            <qtimetadatafield>
              <fieldlabel>original_answer_ids</fieldlabel>
              <fieldentry>choice_001,choice_002</fieldentry>
            </qtimetadatafield>
          </qtimetadata>
        </itemmetadata>

        <presentation>
          <material>
            <mattext texttype="text/html">&lt;p&gt;Which one of the following energy requirement categories correspond to the energy term &lt;span style='font-size: 1em;'&gt;&lt;strong&gt;'&amp;Delta;G &amp;lt; 0'&lt;/strong&gt;&lt;/span&gt;.&lt;/p&gt;</mattext>
          </material>
          <response_lid ident="response1" rcardinality="Single">
            <render_choice>
              <response_label ident="choice_001">
                <material>
                  <mattext texttype="text/html">&lt;strong&gt;&lt;span style="color: #e60000;"&gt;releases&amp;nbsp;energy&lt;/span&gt;&lt;/strong&gt;</mattext>
                </material>
              </response_label>
              <response_label ident="choice_002">
                <material>
                  <mattext texttype="text/html">&lt;strong&gt;&lt;span style="color: #0a9bf5;"&gt;requires&amp;nbsp;energy&amp;nbsp;input&lt;/span&gt;&lt;/strong&gt;</mattext>
                </material>
              </response_label>
            </render_choice>
          </response_lid>
        </presentation>

        <resprocessing>
          <outcomes>
            <decvar maxvalue="100" minvalue="0" varname="SCORE" vartype="Decimal"/>
          </outcomes>
          <respcondition>
            <conditionvar>
              <varequal respident="response1">choice_001</varequal>
            </conditionvar>
            <setvar action="Set" varname="SCORE">100</setvar>
          </respcondition>
        </resprocessing>
      </item>

      <item ident="multiple_choice_003" title="a9e3_67aa">
        <itemmetadata>
          <qtimetadata>
            <qtimetadatafield>
              <fieldlabel>question_type</fieldlabel>
              <fieldentry>multiple_choice_question</fieldentry>
            </qtimetadatafield>
            <qtimetadatafield>
              <fieldlabel>points_possible</fieldlabel>
              <fieldentry>1.0</fieldentry>
            </qtimetadatafield>
            <qtimetadatafield>
              <fieldlabel>original_answer_ids</fieldlabel>
              <fieldentry>choice_001,choice_002</fieldentry>
            </qtimetadatafield>
          </qtimetadata>
        </itemmetadata>

        <presentation>
          <material>
            <mattext texttype="text/html">&lt;p&gt;Which one of the following energy requirement categories correspond to the energy term &lt;span style='font-size: 1em;'&gt;&lt;strong&gt;'polymer breakdown'&lt;/strong&gt;&lt;/span&gt;.&lt;/p&gt;</mattext>
          </material>
          <response_lid ident="response1" rcardinality="Single">
            <render_choice>
              <response_label ident="choice_001">
                <material>
                  <mattext texttype="text/html">&lt;strong&gt;&lt;span style="color: #e60000;"&gt;releases&amp;nbsp;energy&lt;/span&gt;&lt;/strong&gt;</mattext>
                </material>
              </response_label>
              <response_label ident="choice_002">
                <material>
                  <mattext texttype="text/html">&lt;strong&gt;&lt;span style="color: #0a9bf5;"&gt;requires&amp;nbsp;energy&amp;nbsp;input&lt;/span&gt;&lt;/strong&gt;</mattext>
                </material>
              </response_label>
            </render_choice>
          </response_lid>
        </presentation>

        <resprocessing>
          <outcomes>
            <decvar maxvalue="100" minvalue="0" varname="SCORE" vartype="Decimal"/>
          </outcomes>
          <respcondition>
            <conditionvar>
              <varequal respident="response1">choice_001</varequal>
            </conditionvar>
            <setvar action="Set" varname="SCORE">100</setvar>
          </respcondition>
        </resprocessing>
      </item>

      <item ident="multiple_choice_004" title="6485_67aa">
        <itemmetadata>
          <qtimetadata>
            <qtimetadatafield>
              <fieldlabel>question_type</fieldlabel>
              <fieldentry>multiple_choice_question</fieldentry>
            </qtimetadatafield>
            <qtimetadatafield>
              <fieldlabel>points_possible</fieldlabel>
              <fieldentry>1.0</fieldentry>
            </qtimetadatafield>
            <qtimetadatafield>
              <fieldlabel>original_answer_ids</fieldlabel>
              <fieldentry>choice_001,choice_002</fieldentry>
            </qtimetadatafield>
          </qtimetadata>
        </itemmetadata>

        <presentation>
          <material>
            <mattext texttype="text/html">&lt;p&gt;Which one of the following energy requirement categories correspond to the energy term &lt;span style='font-size: 1em;'&gt;&lt;strong&gt;'&lt;strong&gt;&lt;span style="color: #7b12a1;"&gt;formation&lt;/span&gt;&lt;/strong&gt; of polymers'&lt;/strong&gt;&lt;/span&gt;.&lt;/p&gt;</mattext>
          </material>
          <response_lid ident="response1" rcardinality="Single">
            <render_choice>
              <response_label ident="choice_001">
                <material>
                  <mattext texttype="text/html">&lt;strong&gt;&lt;span style="color: #e60000;"&gt;releases&amp;nbsp;energy&lt;/span&gt;&lt;/strong&gt;</mattext>
                </material>
              </response_label>
              <response_label ident="choice_002">
                <material>
                  <mattext texttype="text/html">&lt;strong&gt;&lt;span style="color: #0a9bf5;"&gt;requires&amp;nbsp;energy&amp;nbsp;input&lt;/span&gt;&lt;/strong&gt;</mattext>
                </material>
              </response_label>
            </render_choice>
          </response_lid>
        </presentation>

        <resprocessing>
          <outcomes>
            <decvar maxvalue="100" minvalue="0" varname="SCORE" vartype="Decimal"/>
          </outcomes>
          <respcondition>
            <conditionvar>
              <varequal respident="response1">choice_002</varequal>
            </conditionvar>
            <setvar action="Set" varname="SCORE">100</setvar>
          </respcondition>
        </resprocessing>
      </item>

      <item ident="multiple_choice_005" title="2df2_67aa">
        <itemmetadata>
          <qtimetadata>
            <qtimetadatafield>
              <fieldlabel>question_type</fieldlabel>
              <fieldentry>multiple_choice_question</fieldentry>
            </qtimetadatafield>
            <qtimetadatafield>
              <fieldlabel>points_possible</fieldlabel>
              <fieldentry>1.0</fieldentry>
            </qtimetadatafield>
            <qtimetadatafield>
              <fieldlabel>original_answer_ids</fieldlabel>
              <fieldentry>choice_001,choice_002</fieldentry>
            </qtimetadatafield>
          </qtimetadata>
        </itemmetadata>

        <presentation>
          <material>
            <mattext texttype="text/html">&lt;p&gt;Which one of the following energy requirement categories correspond to the energy term &lt;span style='font-size: 1em;'&gt;&lt;strong&gt;'spontaneous'&lt;/strong&gt;&lt;/span&gt;.&lt;/p&gt;</mattext>
          </material>
          <response_lid ident="response1" rcardinality="Single">
            <render_choice>
              <response_label ident="choice_001">
                <material>
                  <mattext texttype="text/html">&lt;strong&gt;&lt;span style="color: #e60000;"&gt;releases&amp;nbsp;energy&lt;/span&gt;&lt;/strong&gt;</mattext>
                </material>
              </response_label>
              <response_label ident="choice_002">
                <material>
                  <mattext texttype="text/html">&lt;strong&gt;&lt;span style="color: #0a9bf5;"&gt;requires&amp;nbsp;energy&amp;nbsp;input&lt;/span&gt;&lt;/strong&gt;</mattext>
                </material>
              </response_label>
            </render_choice>
          </response_lid>
        </presentation>

        <resprocessing>
          <outcomes>
            <decvar maxvalue="100" minvalue="0" varname="SCORE" vartype="Decimal"/>
          </outcomes>
          <respcondition>
            <conditionvar>
              <varequal respident="response1">choice_001</varequal>
            </conditionvar>
            <setvar action="Set" varname="SCORE">100</setvar>
          </respcondition>
        </resprocessing>
      </item>

      <item ident="multiple_choice_006" title="9ae7_67aa">
        <itemmetadata>
          <qtimetadata>
            <qtimetadatafield>
              <fieldlabel>question_type</fieldlabel>
              <fieldentry>multiple_choice_question</fieldentry>
            </qtimetadatafield>
            <qtimetadatafield>
              <fieldlabel>points_possible</fieldlabel>
              <fieldentry>1.0</fieldentry>
            </qtimetadatafield>
            <qtimetadatafield>
              <fieldlabel>original_answer_ids</fieldlabel>
              <fieldentry>choice_001,choice_002</fieldentry>
            </qtimetadatafield>
          </qtimetadata>
        </itemmetadata>

        <presentation>
          <material>
            <mattext texttype="text/html">&lt;p&gt;Which one of the following energy requirement categories correspond to the energy term &lt;span style='font-size: 1em;'&gt;&lt;strong&gt;'polymer &lt;strong&gt;&lt;span style="color: #7b12a1;"&gt;formation&lt;/span&gt;&lt;/strong&gt;'&lt;/strong&gt;&lt;/span&gt;.&lt;/p&gt;</mattext>
          </material>
          <response_lid ident="response1" rcardinality="Single">
            <render_choice>
              <response_label ident="choice_001">
                <material>
                  <mattext texttype="text/html">&lt;strong&gt;&lt;span style="color: #e60000;"&gt;releases&amp;nbsp;energy&lt;/span&gt;&lt;/strong&gt;</mattext>
                </material>
              </response_label>
              <response_label ident="choice_002">
                <material>
                  <mattext texttype="text/html">&lt;strong&gt;&lt;span style="color: #0a9bf5;"&gt;requires&amp;nbsp;energy&amp;nbsp;input&lt;/span&gt;&lt;/strong&gt;</mattext>
                </material>
              </response_label>
            </render_choice>
          </response_lid>
        </presentation>

        <resprocessing>
          <outcomes>
            <decvar maxvalue="100" minvalue="0" varname="SCORE" vartype="Decimal"/>
          </outcomes>
          <respcondition>
            <conditionvar>
              <varequal respident="response1">choice_002</varequal>
            </conditionvar>
            <setvar action="Set" varname="SCORE">100</setvar>
          </respcondition>
        </resprocessing>
      </item>

      <item ident="multiple_choice_007" title="f00f_67aa">
        <itemmetadata>
          <qtimetadata>
            <qtimetadatafield>
              <fieldlabel>question_type</fieldlabel>
              <fieldentry>multiple_choice_question</fieldentry>
            </qtimetadatafield>
            <qtimetadatafield>
              <fieldlabel>points_possible</fieldlabel>
              <fieldentry>1.0</fieldentry>
            </qtimetadatafield>
            <qtimetadatafield>
              <fieldlabel>original_answer_ids</fieldlabel>
              <fieldentry>choice_001,choice_002</fieldentry>
            </qtimetadatafield>
          </qtimetadata>
        </itemmetadata>

        <presentation>
          <material>
            <mattext texttype="text/html">&lt;p&gt;Which one of the following energy requirement categories correspond to the energy term &lt;span style='font-size: 1em;'&gt;&lt;strong&gt;'endergonic'&lt;/strong&gt;&lt;/span&gt;.&lt;/p&gt;</mattext>
          </material>
          <response_lid ident="response1" rcardinality="Single">
            <render_choice>
              <response_label ident="choice_001">
                <material>
                  <mattext texttype="text/html">&lt;strong&gt;&lt;span style="color: #e60000;"&gt;releases&amp;nbsp;energy&lt;/span&gt;&lt;/strong&gt;</mattext>
                </material>
              </response_label>
              <response_label ident="choice_002">
                <material>
                  <mattext texttype="text/html">&lt;strong&gt;&lt;span style="color: #0a9bf5;"&gt;requires&amp;nbsp;energy&amp;nbsp;input&lt;/span&gt;&lt;/strong&gt;</mattext>
                </material>
              </response_label>
            </render_choice>
          </response_lid>
        </presentation>

        <resprocessing>
          <outcomes>
            <decvar maxvalue="100" minvalue="0" varname="SCORE" vartype="Decimal"/>
          </outcomes>
          <respcondition>
            <conditionvar>
              <varequal respident="response1">choice_002</varequal>
            </conditionvar>
            <setvar action="Set" varname="SCORE">100</setvar>
          </respcondition>
        </resprocessing>
      </item>

      <item ident="multiple_choice_008" title="d125_67aa">
        <itemmetadata>
          <qtimetadata>
            <qtimetadatafield>
              <fieldlabel>question_type</fieldlabel>
              <fieldentry>multiple_choice_question</fieldentry>
            </qtimetadatafield>
            <qtimetadatafield>
              <fieldlabel>points_possible</fieldlabel>
              <fieldentry>1.0</fieldentry>
            </qtimetadatafield>
            <qtimetadatafield>
              <fieldlabel>original_answer_ids</fieldlabel>
              <fieldentry>choice_001,choice_002</fieldentry>
            </qtimetadatafield>
          </qtimetadata>
        </itemmetadata>

        <presentation>
          <material>
            <mattext texttype="text/html">&lt;p&gt;Which one of the following energy requirement categories correspond to the energy term &lt;span style='font-size: 1em;'&gt;&lt;strong&gt;'bio-synthesis'&lt;/strong&gt;&lt;/span&gt;.&lt;/p&gt;</mattext>
          </material>
          <response_lid ident="response1" rcardinality="Single">
            <render_choice>
              <response_label ident="choice_001">
                <material>
                  <mattext texttype="text/html">&lt;strong&gt;&lt;span style="color: #e60000;"&gt;releases&amp;nbsp;energy&lt;/span&gt;&lt;/strong&gt;</mattext>
                </material>
              </response_label>
              <response_label ident="choice_002">
                <material>
                  <mattext texttype="text/html">&lt;strong&gt;&lt;span style="color: #0a9bf5;"&gt;requires&amp;nbsp;energy&amp;nbsp;input&lt;/span&gt;&lt;/strong&gt;</mattext>
                </material>
              </response_label>
            </render_choice>
          </response_lid>
        </presentation>

        <resprocessing>
          <outcomes>
            <decvar maxvalue="100" minvalue="0" varname="SCORE" vartype="Decimal"/>
          </outcomes>
          <respcondition>
            <conditionvar>
              <varequal respident="response1">choice_002</varequal>
            </conditionvar>
            <setvar action="Set" varname="SCORE">100</setvar>
          </respcondition>
        </resprocessing>
      </item>

      <item ident="multiple_choice_009" title="1422_67aa">
        <itemmetadata>
          <qtimetadata>
            <qtimetadatafield>
              <fieldlabel>question_type</fieldlabel>
              <fieldentry>multiple_choice_question</fieldentry>
            </qtimetadatafield>
            <qtimetadatafield>
              <fieldlabel>points_possible</fieldlabel>
              <fieldentry>1.0</fieldentry>
            </qtimetadatafield>
            <qtimetadatafield>
              <fieldlabel>original_answer_ids</fieldlabel>
              <fieldentry>choice_001,choice_002</fieldentry>
            </qtimetadatafield>
          </qtimetadata>
        </itemmetadata>

        <presentation>
          <material>
            <mattext texttype="text/html">&lt;p&gt;Which one of the following energy requirement categories correspond to the energy term &lt;span style='font-size: 1em;'&gt;&lt;strong&gt;'making larger, complex molecules'&lt;/strong&gt;&lt;/span&gt;.&lt;/p&gt;</mattext>
          </material>
          <response_lid ident="response1" rcardinality="Single">
            <render_choice>
              <response_label ident="choice_001">
                <material>
                  <mattext texttype="text/html">&lt;strong&gt;&lt;span style="color: #e60000;"&gt;releases&amp;nbsp;energy&lt;/span&gt;&lt;/strong&gt;</mattext>
                </material>
              </response_label>
              <response_label ident="choice_002">
                <material>
                  <mattext texttype="text/html">&lt;strong&gt;&lt;span style="color: #0a9bf5;"&gt;requires&amp;nbsp;energy&amp;nbsp;input&lt;/span&gt;&lt;/strong&gt;</mattext>
                </material>
              </response_label>
            </render_choice>
          </response_lid>
        </presentation>

        <resprocessing>
          <outcomes>
            <decvar maxvalue="100" minvalue="0" varname="SCORE" vartype="Decimal"/>
          </outcomes>
          <respcondition>
            <conditionvar>
              <varequal respident="response1">choice_002</varequal>
            </conditionvar>
            <setvar action="Set" varname="SCORE">100</setvar>
          </respcondition>
        </resprocessing>
      </item>

      <item ident="multiple_choice_010" title="cd41_67aa">
        <itemmetadata>
          <qtimetadata>
            <qtimetadatafield>
              <fieldlabel>question_type</fieldlabel>
              <fieldentry>multiple_choice_question</fieldentry>
            </qtimetadatafield>
            <qtimetadatafield>
              <fieldlabel>points_possible</fieldlabel>
              <fieldentry>1.0</fieldentry>
            </qtimetadatafield>
            <qtimetadatafield>
              <fieldlabel>original_answer_ids</fieldlabel>
              <fieldentry>choice_001,choice_002</fieldentry>
            </qtimetadatafield>
          </qtimetadata>
        </itemmetadata>

        <presentation>
          <material>
            <mattext texttype="text/html">&lt;p&gt;Which one of the following energy requirement categories correspond to the energy term &lt;span style='font-size: 1em;'&gt;&lt;strong&gt;'&amp;Delta;G&amp;deg;&amp;prime; &amp;lt; 0'&lt;/strong&gt;&lt;/span&gt;.&lt;/p&gt;</mattext>
          </material>
          <response_lid ident="response1" rcardinality="Single">
            <render_choice>
              <response_label ident="choice_001">
                <material>
                  <mattext texttype="text/html">&lt;strong&gt;&lt;span style="color: #e60000;"&gt;releases&amp;nbsp;energy&lt;/span&gt;&lt;/strong&gt;</mattext>
                </material>
              </response_label>
              <response_label ident="choice_002">
                <material>
                  <mattext texttype="text/html">&lt;strong&gt;&lt;span style="color: #0a9bf5;"&gt;requires&amp;nbsp;energy&amp;nbsp;input&lt;/span&gt;&lt;/strong&gt;</mattext>
                </material>
              </response_label>
            </render_choice>
          </response_lid>
        </presentation>

        <resprocessing>
          <outcomes>
            <decvar maxvalue="100" minvalue="0" varname="SCORE" vartype="Decimal"/>
          </outcomes>
          <respcondition>
            <conditionvar>
              <varequal respident="response1">choice_001</varequal>
            </conditionvar>
            <setvar action="Set" varname="SCORE">100</setvar>
          </respcondition>
        </resprocessing>
      </item>

      <item ident="multiple_choice_011" title="962b_67aa">
        <itemmetadata>
          <qtimetadata>
            <qtimetadatafield>
              <fieldlabel>question_type</fieldlabel>
              <fieldentry>multiple_choice_question</fieldentry>
            </qtimetadatafield>
            <qtimetadatafield>
              <fieldlabel>points_possible</fieldlabel>
              <fieldentry>1.0</fieldentry>
            </qtimetadatafield>
            <qtimetadatafield>
              <fieldlabel>original_answer_ids</fieldlabel>
              <fieldentry>choice_001,choice_002</fieldentry>
            </qtimetadatafield>
          </qtimetadata>
        </itemmetadata>

        <presentation>
          <material>
            <mattext texttype="text/html">&lt;p&gt;Which one of the following energy requirement categories correspond to the energy term &lt;span style='font-size: 1em;'&gt;&lt;strong&gt;'bond &lt;strong&gt;&lt;span style="color: #7b12a1;"&gt;formation&lt;/span&gt;&lt;/strong&gt;'&lt;/strong&gt;&lt;/span&gt;.&lt;/p&gt;</mattext>
          </material>
          <response_lid ident="response1" rcardinality="Single">
            <render_choice>
              <response_label ident="choice_001">
                <material>
                  <mattext texttype="text/html">&lt;strong&gt;&lt;span style="color: #e60000;"&gt;releases&amp;nbsp;energy&lt;/span&gt;&lt;/strong&gt;</mattext>
                </material>
              </response_label>
              <response_label ident="choice_002">
                <material>
                  <mattext texttype="text/html">&lt;strong&gt;&lt;span style="color: #0a9bf5;"&gt;requires&amp;nbsp;energy&amp;nbsp;input&lt;/span&gt;&lt;/strong&gt;</mattext>
                </material>
              </response_label>
            </render_choice>
          </response_lid>
        </presentation>

        <resprocessing>
          <outcomes>
            <decvar maxvalue="100" minvalue="0" varname="SCORE" vartype="Decimal"/>
          </outcomes>
          <respcondition>
            <conditionvar>
              <varequal respident="response1">choice_002</varequal>
            </conditionvar>
            <setvar action="Set" varname="SCORE">100</setvar>
          </respcondition>
        </resprocessing>
      </item>

      <item ident="multiple_choice_012" title="432f_67aa">
        <itemmetadata>
          <qtimetadata>
            <qtimetadatafield>
              <fieldlabel>question_type</fieldlabel>
              <fieldentry>multiple_choice_question</fieldentry>
            </qtimetadatafield>
            <qtimetadatafield>
              <fieldlabel>points_possible</fieldlabel>
              <fieldentry>1.0</fieldentry>
            </qtimetadatafield>
            <qtimetadatafield>
              <fieldlabel>original_answer_ids</fieldlabel>
              <fieldentry>choice_001,choice_002</fieldentry>
            </qtimetadatafield>
          </qtimetadata>
        </itemmetadata>

        <presentation>
          <material>
            <mattext texttype="text/html">&lt;p&gt;Which one of the following energy requirement categories correspond to the energy term &lt;span style='font-size: 1em;'&gt;&lt;strong&gt;'&lt;strong&gt;&lt;span style="color: #b30077;"&gt;breaking&lt;/span&gt;&lt;/strong&gt; bonds'&lt;/strong&gt;&lt;/span&gt;.&lt;/p&gt;</mattext>
          </material>
          <response_lid ident="response1" rcardinality="Single">
            <render_choice>
              <response_label ident="choice_001">
                <material>
                  <mattext texttype="text/html">&lt;strong&gt;&lt;span style="color: #e60000;"&gt;releases&amp;nbsp;energy&lt;/span&gt;&lt;/strong&gt;</mattext>
                </material>
              </response_label>
              <response_label ident="choice_002">
                <material>
                  <mattext texttype="text/html">&lt;strong&gt;&lt;span style="color: #0a9bf5;"&gt;requires&amp;nbsp;energy&amp;nbsp;input&lt;/span&gt;&lt;/strong&gt;</mattext>
                </material>
              </response_label>
            </render_choice>
          </response_lid>
        </presentation>

        <resprocessing>
          <outcomes>
            <decvar maxvalue="100" minvalue="0" varname="SCORE" vartype="Decimal"/>
          </outcomes>
          <respcondition>
            <conditionvar>
              <varequal respident="response1">choice_001</varequal>
            </conditionvar>
            <setvar action="Set" varname="SCORE">100</setvar>
          </respcondition>
        </resprocessing>
      </item>

      <item ident="multiple_choice_013" title="ba7f_67aa">
        <itemmetadata>
          <qtimetadata>
            <qtimetadatafield>
              <fieldlabel>question_type</fieldlabel>
              <fieldentry>multiple_choice_question</fieldentry>
            </qtimetadatafield>
            <qtimetadatafield>
              <fieldlabel>points_possible</fieldlabel>
              <fieldentry>1.0</fieldentry>
            </qtimetadatafield>
            <qtimetadatafield>
              <fieldlabel>original_answer_ids</fieldlabel>
              <fieldentry>choice_001,choice_002</fieldentry>
            </qtimetadatafield>
          </qtimetadata>
        </itemmetadata>

        <presentation>
          <material>
            <mattext texttype="text/html">&lt;p&gt;Which one of the following energy requirement categories correspond to the energy term &lt;span style='font-size: 1em;'&gt;&lt;strong&gt;'forming bonds'&lt;/strong&gt;&lt;/span&gt;.&lt;/p&gt;</mattext>
          </material>
          <response_lid ident="response1" rcardinality="Single">
            <render_choice>
              <response_label ident="choice_001">
                <material>
                  <mattext texttype="text/html">&lt;strong&gt;&lt;span style="color: #e60000;"&gt;releases&amp;nbsp;energy&lt;/span&gt;&lt;/strong&gt;</mattext>
                </material>
              </response_label>
              <response_label ident="choice_002">
                <material>
                  <mattext texttype="text/html">&lt;strong&gt;&lt;span style="color: #0a9bf5;"&gt;requires&amp;nbsp;energy&amp;nbsp;input&lt;/span&gt;&lt;/strong&gt;</mattext>
                </material>
              </response_label>
            </render_choice>
          </response_lid>
        </presentation>

        <resprocessing>
          <outcomes>
            <decvar maxvalue="100" minvalue="0" varname="SCORE" vartype="Decimal"/>
          </outcomes>
          <respcondition>
            <conditionvar>
              <varequal respident="response1">choice_002</varequal>
            </conditionvar>
            <setvar action="Set" varname="SCORE">100</setvar>
          </respcondition>
        </resprocessing>
      </item>

      <item ident="multiple_choice_014" title="8031_67aa">
        <itemmetadata>
          <qtimetadata>
            <qtimetadatafield>
              <fieldlabel>question_type</fieldlabel>
              <fieldentry>multiple_choice_question</fieldentry>
            </qtimetadatafield>
            <qtimetadatafield>
              <fieldlabel>points_possible</fieldlabel>
              <fieldentry>1.0</fieldentry>
            </qtimetadatafield>
            <qtimetadatafield>
              <fieldlabel>original_answer_ids</fieldlabel>
              <fieldentry>choice_001,choice_002</fieldentry>
            </qtimetadatafield>
          </qtimetadata>
        </itemmetadata>

        <presentation>
          <material>
            <mattext texttype="text/html">&lt;p&gt;Which one of the following energy requirement categories correspond to the energy term &lt;span style='font-size: 1em;'&gt;&lt;strong&gt;'anabolic'&lt;/strong&gt;&lt;/span&gt;.&lt;/p&gt;</mattext>
          </material>
          <response_lid ident="response1" rcardinality="Single">
            <render_choice>
              <response_label ident="choice_001">
                <material>
                  <mattext texttype="text/html">&lt;strong&gt;&lt;span style="color: #e60000;"&gt;releases&amp;nbsp;energy&lt;/span&gt;&lt;/strong&gt;</mattext>
                </material>
              </response_label>
              <response_label ident="choice_002">
                <material>
                  <mattext texttype="text/html">&lt;strong&gt;&lt;span style="color: #0a9bf5;"&gt;requires&amp;nbsp;energy&amp;nbsp;input&lt;/span&gt;&lt;/strong&gt;</mattext>
                </material>
              </response_label>
            </render_choice>
          </response_lid>
        </presentation>

        <resprocessing>
          <outcomes>
            <decvar maxvalue="100" minvalue="0" varname="SCORE" vartype="Decimal"/>
          </outcomes>
          <respcondition>
            <conditionvar>
              <varequal respident="response1">choice_002</varequal>
            </conditionvar>
            <setvar action="Set" varname="SCORE">100</setvar>
          </respcondition>
        </resprocessing>
      </item>

      <item ident="multiple_choice_015" title="1014_67aa">
        <itemmetadata>
          <qtimetadata>
            <qtimetadatafield>
              <fieldlabel>question_type</fieldlabel>
              <fieldentry>multiple_choice_question</fieldentry>
            </qtimetadatafield>
            <qtimetadatafield>
              <fieldlabel>points_possible</fieldlabel>
              <fieldentry>1.0</fieldentry>
            </qtimetadatafield>
            <qtimetadatafield>
              <fieldlabel>original_answer_ids</fieldlabel>
              <fieldentry>choice_001,choice_002</fieldentry>
            </qtimetadatafield>
          </qtimetadata>
        </itemmetadata>

        <presentation>
          <material>
            <mattext texttype="text/html">&lt;p&gt;Which one of the following energy requirement categories correspond to the energy term &lt;span style='font-size: 1em;'&gt;&lt;strong&gt;'catabolic'&lt;/strong&gt;&lt;/span&gt;.&lt;/p&gt;</mattext>
          </material>
          <response_lid ident="response1" rcardinality="Single">
            <render_choice>
              <response_label ident="choice_001">
                <material>
                  <mattext texttype="text/html">&lt;strong&gt;&lt;span style="color: #e60000;"&gt;releases&amp;nbsp;energy&lt;/span&gt;&lt;/strong&gt;</mattext>
                </material>
              </response_label>
              <response_label ident="choice_002">
                <material>
                  <mattext texttype="text/html">&lt;strong&gt;&lt;span style="color: #0a9bf5;"&gt;requires&amp;nbsp;energy&amp;nbsp;input&lt;/span&gt;&lt;/strong&gt;</mattext>
                </material>
              </response_label>
            </render_choice>
          </response_lid>
        </presentation>

        <resprocessing>
          <outcomes>
            <decvar maxvalue="100" minvalue="0" varname="SCORE" vartype="Decimal"/>
          </outcomes>
          <respcondition>
            <conditionvar>
              <varequal respident="response1">choice_001</varequal>
            </conditionvar>
            <setvar action="Set" varname="SCORE">100</setvar>
          </respcondition>
        </resprocessing>
      </item>

      <item ident="multiple_choice_016" title="45a4_67aa">
        <itemmetadata>
          <qtimetadata>
            <qtimetadatafield>
              <fieldlabel>question_type</fieldlabel>
              <fieldentry>multiple_choice_question</fieldentry>
            </qtimetadatafield>
            <qtimetadatafield>
              <fieldlabel>points_possible</fieldlabel>
              <fieldentry>1.0</fieldentry>
            </qtimetadatafield>
            <qtimetadatafield>
              <fieldlabel>original_answer_ids</fieldlabel>
              <fieldentry>choice_001,choice_002</fieldentry>
            </qtimetadatafield>
          </qtimetadata>
        </itemmetadata>

        <presentation>
          <material>
            <mattext texttype="text/html">&lt;p&gt;Which one of the following energy requirement categories correspond to the energy term &lt;span style='font-size: 1em;'&gt;&lt;strong&gt;'digestion'&lt;/strong&gt;&lt;/span&gt;.&lt;/p&gt;</mattext>
          </material>
          <response_lid ident="response1" rcardinality="Single">
            <render_choice>
              <response_label ident="choice_001">
                <material>
                  <mattext texttype="text/html">&lt;strong&gt;&lt;span style="color: #e60000;"&gt;releases&amp;nbsp;energy&lt;/span&gt;&lt;/strong&gt;</mattext>
                </material>
              </response_label>
              <response_label ident="choice_002">
                <material>
                  <mattext texttype="text/html">&lt;strong&gt;&lt;span style="color: #0a9bf5;"&gt;requires&amp;nbsp;energy&amp;nbsp;input&lt;/span&gt;&lt;/strong&gt;</mattext>
                </material>
              </response_label>
            </render_choice>
          </response_lid>
        </presentation>

        <resprocessing>
          <outcomes>
            <decvar maxvalue="100" minvalue="0" varname="SCORE" vartype="Decimal"/>
          </outcomes>
          <respcondition>
            <conditionvar>
              <varequal respident="response1">choice_001</varequal>
            </conditionvar>
            <setvar action="Set" varname="SCORE">100</setvar>
          </respcondition>
        </resprocessing>
      </item>

      <item ident="multiple_choice_017" title="9e73_67aa">
        <itemmetadata>
          <qtimetadata>
            <qtimetadatafield>
              <fieldlabel>question_type</fieldlabel>
              <fieldentry>multiple_choice_question</fieldentry>
            </qtimetadatafield>
            <qtimetadatafield>
              <fieldlabel>points_possible</fieldlabel>
              <fieldentry>1.0</fieldentry>
            </qtimetadatafield>
            <qtimetadatafield>
              <fieldlabel>original_answer_ids</fieldlabel>
              <fieldentry>choice_001,choice_002</fieldentry>
            </qtimetadatafield>
          </qtimetadata>
        </itemmetadata>

        <presentation>
          <material>
            <mattext texttype="text/html">&lt;p&gt;Which one of the following energy requirement categories correspond to the energy term &lt;span style='font-size: 1em;'&gt;&lt;strong&gt;'hydrolysis &lt;strong&gt;&lt;span style="color: #59b300;"&gt;reactions&lt;/span&gt;&lt;/strong&gt;'&lt;/strong&gt;&lt;/span&gt;.&lt;/p&gt;</mattext>
          </material>
          <response_lid ident="response1" rcardinality="Single">
            <render_choice>
              <response_label ident="choice_001">
                <material>
                  <mattext texttype="text/html">&lt;strong&gt;&lt;span style="color: #e60000;"&gt;releases&amp;nbsp;energy&lt;/span&gt;&lt;/strong&gt;</mattext>
                </material>
              </response_label>
              <response_label ident="choice_002">
                <material>
                  <mattext texttype="text/html">&lt;strong&gt;&lt;span style="color: #0a9bf5;"&gt;requires&amp;nbsp;energy&amp;nbsp;input&lt;/span&gt;&lt;/strong&gt;</mattext>
                </material>
              </response_label>
            </render_choice>
          </response_lid>
        </presentation>

        <resprocessing>
          <outcomes>
            <decvar maxvalue="100" minvalue="0" varname="SCORE" vartype="Decimal"/>
          </outcomes>
          <respcondition>
            <conditionvar>
              <varequal respident="response1">choice_001</varequal>
            </conditionvar>
            <setvar action="Set" varname="SCORE">100</setvar>
          </respcondition>
        </resprocessing>
      </item>

      <item ident="multiple_choice_018" title="b167_67aa">
        <itemmetadata>
          <qtimetadata>
            <qtimetadatafield>
              <fieldlabel>question_type</fieldlabel>
              <fieldentry>multiple_choice_question</fieldentry>
            </qtimetadatafield>
            <qtimetadatafield>
              <fieldlabel>points_possible</fieldlabel>
              <fieldentry>1.0</fieldentry>
            </qtimetadatafield>
            <qtimetadatafield>
              <fieldlabel>original_answer_ids</fieldlabel>
              <fieldentry>choice_001,choice_002</fieldentry>
            </qtimetadatafield>
          </qtimetadata>
        </itemmetadata>

        <presentation>
          <material>
            <mattext texttype="text/html">&lt;p&gt;Which one of the following energy requirement categories correspond to the energy term &lt;span style='font-size: 1em;'&gt;&lt;strong&gt;'&lt;strong&gt;&lt;span style="color: #b30077;"&gt;breaking&lt;/span&gt;&lt;/strong&gt; down polymers'&lt;/strong&gt;&lt;/span&gt;.&lt;/p&gt;</mattext>
          </material>
          <response_lid ident="response1" rcardinality="Single">
            <render_choice>
              <response_label ident="choice_001">
                <material>
                  <mattext texttype="text/html">&lt;strong&gt;&lt;span style="color: #e60000;"&gt;releases&amp;nbsp;energy&lt;/span&gt;&lt;/strong&gt;</mattext>
                </material>
              </response_label>
              <response_label ident="choice_002">
                <material>
                  <mattext texttype="text/html">&lt;strong&gt;&lt;span style="color: #0a9bf5;"&gt;requires&amp;nbsp;energy&amp;nbsp;input&lt;/span&gt;&lt;/strong&gt;</mattext>
                </material>
              </response_label>
            </render_choice>
          </response_lid>
        </presentation>

        <resprocessing>
          <outcomes>
            <decvar maxvalue="100" minvalue="0" varname="SCORE" vartype="Decimal"/>
          </outcomes>
          <respcondition>
            <conditionvar>
              <varequal respident="response1">choice_001</varequal>
            </conditionvar>
            <setvar action="Set" varname="SCORE">100</setvar>
          </respcondition>
        </resprocessing>
      </item>

      <item ident="multiple_choice_019" title="ef47_67aa">
        <itemmetadata>
          <qtimetadata>
            <qtimetadatafield>
              <fieldlabel>question_type</fieldlabel>
              <fieldentry>multiple_choice_question</fieldentry>
            </qtimetadatafield>
            <qtimetadatafield>
              <fieldlabel>points_possible</fieldlabel>
              <fieldentry>1.0</fieldentry>
            </qtimetadatafield>
            <qtimetadatafield>
              <fieldlabel>original_answer_ids</fieldlabel>
              <fieldentry>choice_001,choice_002</fieldentry>
            </qtimetadatafield>
          </qtimetadata>
        </itemmetadata>

        <presentation>
          <material>
            <mattext texttype="text/html">&lt;p&gt;Which one of the following energy requirement categories correspond to the energy term &lt;span style='font-size: 1em;'&gt;&lt;strong&gt;'isomerization, bond rearrangement &lt;strong&gt;&lt;span style="color: #59b300;"&gt;reactions&lt;/span&gt;&lt;/strong&gt;'&lt;/strong&gt;&lt;/span&gt;.&lt;/p&gt;</mattext>
          </material>
          <response_lid ident="response1" rcardinality="Single">
            <render_choice>
              <response_label ident="choice_001">
                <material>
                  <mattext texttype="text/html">&lt;strong&gt;&lt;span style="color: #e60000;"&gt;releases&amp;nbsp;energy&lt;/span&gt;&lt;/strong&gt;</mattext>
                </material>
              </response_label>
              <response_label ident="choice_002">
                <material>
                  <mattext texttype="text/html">&lt;strong&gt;&lt;span style="color: #0a9bf5;"&gt;requires&amp;nbsp;energy&amp;nbsp;input&lt;/span&gt;&lt;/strong&gt;</mattext>
                </material>
              </response_label>
            </render_choice>
          </response_lid>
        </presentation>

        <resprocessing>
          <outcomes>
            <decvar maxvalue="100" minvalue="0" varname="SCORE" vartype="Decimal"/>
          </outcomes>
          <respcondition>
            <conditionvar>
              <varequal respident="response1">choice_002</varequal>
            </conditionvar>
            <setvar action="Set" varname="SCORE">100</setvar>
          </respcondition>
        </resprocessing>
      </item>

      <item ident="multiple_choice_020" title="fa79_67aa">
        <itemmetadata>
          <qtimetadata>
            <qtimetadatafield>
              <fieldlabel>question_type</fieldlabel>
              <fieldentry>multiple_choice_question</fieldentry>
            </qtimetadatafield>
            <qtimetadatafield>
              <fieldlabel>points_possible</fieldlabel>
              <fieldentry>1.0</fieldentry>
            </qtimetadatafield>
            <qtimetadatafield>
              <fieldlabel>original_answer_ids</fieldlabel>
              <fieldentry>choice_001,choice_002</fieldentry>
            </qtimetadatafield>
          </qtimetadata>
        </itemmetadata>

        <presentation>
          <material>
            <mattext texttype="text/html">&lt;p&gt;Which one of the following energy requirement categories correspond to the energy term &lt;span style='font-size: 1em;'&gt;&lt;strong&gt;'non-spontaneous'&lt;/strong&gt;&lt;/span&gt;.&lt;/p&gt;</mattext>
          </material>
          <response_lid ident="response1" rcardinality="Single">
            <render_choice>
              <response_label ident="choice_001">
                <material>
                  <mattext texttype="text/html">&lt;strong&gt;&lt;span style="color: #e60000;"&gt;releases&amp;nbsp;energy&lt;/span&gt;&lt;/strong&gt;</mattext>
                </material>
              </response_label>
              <response_label ident="choice_002">
                <material>
                  <mattext texttype="text/html">&lt;strong&gt;&lt;span style="color: #0a9bf5;"&gt;requires&amp;nbsp;energy&amp;nbsp;input&lt;/span&gt;&lt;/strong&gt;</mattext>
                </material>
              </response_label>
            </render_choice>
          </response_lid>
        </presentation>

        <resprocessing>
          <outcomes>
            <decvar maxvalue="100" minvalue="0" varname="SCORE" vartype="Decimal"/>
          </outcomes>
          <respcondition>
            <conditionvar>
              <varequal respident="response1">choice_002</varequal>
            </conditionvar>
            <setvar action="Set" varname="SCORE">100</setvar>
          </respcondition>
        </resprocessing>
      </item>

      <item ident="multiple_choice_021" title="c763_67aa">
        <itemmetadata>
          <qtimetadata>
            <qtimetadatafield>
              <fieldlabel>question_type</fieldlabel>
              <fieldentry>multiple_choice_question</fieldentry>
            </qtimetadatafield>
            <qtimetadatafield>
              <fieldlabel>points_possible</fieldlabel>
              <fieldentry>1.0</fieldentry>
            </qtimetadatafield>
            <qtimetadatafield>
              <fieldlabel>original_answer_ids</fieldlabel>
              <fieldentry>choice_001,choice_002</fieldentry>
            </qtimetadatafield>
          </qtimetadata>
        </itemmetadata>

        <presentation>
          <material>
            <mattext texttype="text/html">&lt;p&gt;Which one of the following energy requirement categories correspond to the energy term &lt;span style='font-size: 1em;'&gt;&lt;strong&gt;'Gibbs free energy less than zero'&lt;/strong&gt;&lt;/span&gt;.&lt;/p&gt;</mattext>
          </material>
          <response_lid ident="response1" rcardinality="Single">
            <render_choice>
              <response_label ident="choice_001">
                <material>
                  <mattext texttype="text/html">&lt;strong&gt;&lt;span style="color: #e60000;"&gt;releases&amp;nbsp;energy&lt;/span&gt;&lt;/strong&gt;</mattext>
                </material>
              </response_label>
              <response_label ident="choice_002">
                <material>
                  <mattext texttype="text/html">&lt;strong&gt;&lt;span style="color: #0a9bf5;"&gt;requires&amp;nbsp;energy&amp;nbsp;input&lt;/span&gt;&lt;/strong&gt;</mattext>
                </material>
              </response_label>
            </render_choice>
          </response_lid>
        </presentation>

        <resprocessing>
          <outcomes>
            <decvar maxvalue="100" minvalue="0" varname="SCORE" vartype="Decimal"/>
          </outcomes>
          <respcondition>
            <conditionvar>
              <varequal respident="response1">choice_001</varequal>
            </conditionvar>
            <setvar action="Set" varname="SCORE">100</setvar>
          </respcondition>
        </resprocessing>
      </item>

      <item ident="multiple_choice_022" title="46f3_67aa">
        <itemmetadata>
          <qtimetadata>
            <qtimetadatafield>
              <fieldlabel>question_type</fieldlabel>
              <fieldentry>multiple_choice_question</fieldentry>
            </qtimetadatafield>
            <qtimetadatafield>
              <fieldlabel>points_possible</fieldlabel>
              <fieldentry>1.0</fieldentry>
            </qtimetadatafield>
            <qtimetadatafield>
              <fieldlabel>original_answer_ids</fieldlabel>
              <fieldentry>choice_001,choice_002</fieldentry>
            </qtimetadatafield>
          </qtimetadata>
        </itemmetadata>

        <presentation>
          <material>
            <mattext texttype="text/html">&lt;p&gt;Which one of the following energy requirement categories correspond to the energy term &lt;span style='font-size: 1em;'&gt;&lt;strong&gt;'building muscle'&lt;/strong&gt;&lt;/span&gt;.&lt;/p&gt;</mattext>
          </material>
          <response_lid ident="response1" rcardinality="Single">
            <render_choice>
              <response_label ident="choice_001">
                <material>
                  <mattext texttype="text/html">&lt;strong&gt;&lt;span style="color: #e60000;"&gt;releases&amp;nbsp;energy&lt;/span&gt;&lt;/strong&gt;</mattext>
                </material>
              </response_label>
              <response_label ident="choice_002">
                <material>
                  <mattext texttype="text/html">&lt;strong&gt;&lt;span style="color: #0a9bf5;"&gt;requires&amp;nbsp;energy&amp;nbsp;input&lt;/span&gt;&lt;/strong&gt;</mattext>
                </material>
              </response_label>
            </render_choice>
          </response_lid>
        </presentation>

        <resprocessing>
          <outcomes>
            <decvar maxvalue="100" minvalue="0" varname="SCORE" vartype="Decimal"/>
          </outcomes>
          <respcondition>
            <conditionvar>
              <varequal respident="response1">choice_002</varequal>
            </conditionvar>
            <setvar action="Set" varname="SCORE">100</setvar>
          </respcondition>
        </resprocessing>
      </item>

      <item ident="multiple_choice_023" title="81bb_67aa">
        <itemmetadata>
          <qtimetadata>
            <qtimetadatafield>
              <fieldlabel>question_type</fieldlabel>
              <fieldentry>multiple_choice_question</fieldentry>
            </qtimetadatafield>
            <qtimetadatafield>
              <fieldlabel>points_possible</fieldlabel>
              <fieldentry>1.0</fieldentry>
            </qtimetadatafield>
            <qtimetadatafield>
              <fieldlabel>original_answer_ids</fieldlabel>
              <fieldentry>choice_001,choice_002</fieldentry>
            </qtimetadatafield>
          </qtimetadata>
        </itemmetadata>

        <presentation>
          <material>
            <mattext texttype="text/html">&lt;p&gt;Which one of the following energy requirement categories correspond to the energy term &lt;span style='font-size: 1em;'&gt;&lt;strong&gt;'dehydration &lt;strong&gt;&lt;span style="color: #59b300;"&gt;reactions&lt;/span&gt;&lt;/strong&gt;'&lt;/strong&gt;&lt;/span&gt;.&lt;/p&gt;</mattext>
          </material>
          <response_lid ident="response1" rcardinality="Single">
            <render_choice>
              <response_label ident="choice_001">
                <material>
                  <mattext texttype="text/html">&lt;strong&gt;&lt;span style="color: #e60000;"&gt;releases&amp;nbsp;energy&lt;/span&gt;&lt;/strong&gt;</mattext>
                </material>
              </response_label>
              <response_label ident="choice_002">
                <material>
                  <mattext texttype="text/html">&lt;strong&gt;&lt;span style="color: #0a9bf5;"&gt;requires&amp;nbsp;energy&amp;nbsp;input&lt;/span&gt;&lt;/strong&gt;</mattext>
                </material>
              </response_label>
            </render_choice>
          </response_lid>
        </presentation>

        <resprocessing>
          <outcomes>
            <decvar maxvalue="100" minvalue="0" varname="SCORE" vartype="Decimal"/>
          </outcomes>
          <respcondition>
            <conditionvar>
              <varequal respident="response1">choice_002</varequal>
            </conditionvar>
            <setvar action="Set" varname="SCORE">100</setvar>
          </respcondition>
        </resprocessing>
      </item>

      <item ident="multiple_choice_024" title="af4d_67aa">
        <itemmetadata>
          <qtimetadata>
            <qtimetadatafield>
              <fieldlabel>question_type</fieldlabel>
              <fieldentry>multiple_choice_question</fieldentry>
            </qtimetadatafield>
            <qtimetadatafield>
              <fieldlabel>points_possible</fieldlabel>
              <fieldentry>1.0</fieldentry>
            </qtimetadatafield>
            <qtimetadatafield>
              <fieldlabel>original_answer_ids</fieldlabel>
              <fieldentry>choice_001,choice_002</fieldentry>
            </qtimetadatafield>
          </qtimetadata>
        </itemmetadata>

        <presentation>
          <material>
            <mattext texttype="text/html">&lt;p&gt;Which one of the following energy requirement categories correspond to the energy term &lt;span style='font-size: 1em;'&gt;&lt;strong&gt;'condensation &lt;strong&gt;&lt;span style="color: #59b300;"&gt;reactions&lt;/span&gt;&lt;/strong&gt;'&lt;/strong&gt;&lt;/span&gt;.&lt;/p&gt;</mattext>
          </material>
          <response_lid ident="response1" rcardinality="Single">
            <render_choice>
              <response_label ident="choice_001">
                <material>
                  <mattext texttype="text/html">&lt;strong&gt;&lt;span style="color: #e60000;"&gt;releases&amp;nbsp;energy&lt;/span&gt;&lt;/strong&gt;</mattext>
                </material>
              </response_label>
              <response_label ident="choice_002">
                <material>
                  <mattext texttype="text/html">&lt;strong&gt;&lt;span style="color: #0a9bf5;"&gt;requires&amp;nbsp;energy&amp;nbsp;input&lt;/span&gt;&lt;/strong&gt;</mattext>
                </material>
              </response_label>
            </render_choice>
          </response_lid>
        </presentation>

        <resprocessing>
          <outcomes>
            <decvar maxvalue="100" minvalue="0" varname="SCORE" vartype="Decimal"/>
          </outcomes>
          <respcondition>
            <conditionvar>
              <varequal respident="response1">choice_002</varequal>
            </conditionvar>
            <setvar action="Set" varname="SCORE">100</setvar>
          </respcondition>
        </resprocessing>
      </item>

      <item ident="multiple_choice_025" title="245c_67aa">
        <itemmetadata>
          <qtimetadata>
            <qtimetadatafield>
              <fieldlabel>question_type</fieldlabel>
              <fieldentry>multiple_choice_question</fieldentry>
            </qtimetadatafield>
            <qtimetadatafield>
              <fieldlabel>points_possible</fieldlabel>
              <fieldentry>1.0</fieldentry>
            </qtimetadatafield>
            <qtimetadatafield>
              <fieldlabel>original_answer_ids</fieldlabel>
              <fieldentry>choice_001,choice_002</fieldentry>
            </qtimetadatafield>
          </qtimetadata>
        </itemmetadata>

        <presentation>
          <material>
            <mattext texttype="text/html">&lt;p&gt;Which one of the following energy requirement categories correspond to the energy term &lt;span style='font-size: 1em;'&gt;&lt;strong&gt;'&amp;Delta;G &amp;gt; 0'&lt;/strong&gt;&lt;/span&gt;.&lt;/p&gt;</mattext>
          </material>
          <response_lid ident="response1" rcardinality="Single">
            <render_choice>
              <response_label ident="choice_001">
                <material>
                  <mattext texttype="text/html">&lt;strong&gt;&lt;span style="color: #e60000;"&gt;releases&amp;nbsp;energy&lt;/span&gt;&lt;/strong&gt;</mattext>
                </material>
              </response_label>
              <response_label ident="choice_002">
                <material>
                  <mattext texttype="text/html">&lt;strong&gt;&lt;span style="color: #0a9bf5;"&gt;requires&amp;nbsp;energy&amp;nbsp;input&lt;/span&gt;&lt;/strong&gt;</mattext>
                </material>
              </response_label>
            </render_choice>
          </response_lid>
        </presentation>

        <resprocessing>
          <outcomes>
            <decvar maxvalue="100" minvalue="0" varname="SCORE" vartype="Decimal"/>
          </outcomes>
          <respcondition>
            <conditionvar>
              <varequal respident="response1">choice_002</varequal>
            </conditionvar>
            <setvar action="Set" varname="SCORE">100</setvar>
          </respcondition>
        </resprocessing>
      </item>

      <item ident="multiple_choice_026" title="59db_67aa">
        <itemmetadata>
          <qtimetadata>
            <qtimetadatafield>
              <fieldlabel>question_type</fieldlabel>
              <fieldentry>multiple_choice_question</fieldentry>
            </qtimetadatafield>
            <qtimetadatafield>
              <fieldlabel>points_possible</fieldlabel>
              <fieldentry>1.0</fieldentry>
            </qtimetadatafield>
            <qtimetadatafield>
              <fieldlabel>original_answer_ids</fieldlabel>
              <fieldentry>choice_001,choice_002</fieldentry>
            </qtimetadatafield>
          </qtimetadata>
        </itemmetadata>

        <presentation>
          <material>
            <mattext texttype="text/html">&lt;p&gt;Which one of the following energy requirement categories correspond to the energy term &lt;span style='font-size: 1em;'&gt;&lt;strong&gt;'&amp;Delta;G&amp;deg;&amp;prime; &amp;gt; 0'&lt;/strong&gt;&lt;/span&gt;.&lt;/p&gt;</mattext>
          </material>
          <response_lid ident="response1" rcardinality="Single">
            <render_choice>
              <response_label ident="choice_001">
                <material>
                  <mattext texttype="text/html">&lt;strong&gt;&lt;span style="color: #e60000;"&gt;releases&amp;nbsp;energy&lt;/span&gt;&lt;/strong&gt;</mattext>
                </material>
              </response_label>
              <response_label ident="choice_002">
                <material>
                  <mattext texttype="text/html">&lt;strong&gt;&lt;span style="color: #0a9bf5;"&gt;requires&amp;nbsp;energy&amp;nbsp;input&lt;/span&gt;&lt;/strong&gt;</mattext>
                </material>
              </response_label>
            </render_choice>
          </response_lid>
        </presentation>

        <resprocessing>
          <outcomes>
            <decvar maxvalue="100" minvalue="0" varname="SCORE" vartype="Decimal"/>
          </outcomes>
          <respcondition>
            <conditionvar>
              <varequal respident="response1">choice_002</varequal>
            </conditionvar>
            <setvar action="Set" varname="SCORE">100</setvar>
          </respcondition>
        </resprocessing>
      </item>

      <item ident="multiple_choice_027" title="fc9c_67aa">
        <itemmetadata>
          <qtimetadata>
            <qtimetadatafield>
              <fieldlabel>question_type</fieldlabel>
              <fieldentry>multiple_choice_question</fieldentry>
            </qtimetadatafield>
            <qtimetadatafield>
              <fieldlabel>points_possible</fieldlabel>
              <fieldentry>1.0</fieldentry>
            </qtimetadatafield>
            <qtimetadatafield>
              <fieldlabel>original_answer_ids</fieldlabel>
              <fieldentry>choice_001,choice_002</fieldentry>
            </qtimetadatafield>
          </qtimetadata>
        </itemmetadata>

        <presentation>
          <material>
            <mattext texttype="text/html">&lt;p&gt;Which one of the following energy requirement categories correspond to the energy term &lt;span style='font-size: 1em;'&gt;&lt;strong&gt;'&lt;strong&gt;&lt;span style="color: #b30077;"&gt;breaking&lt;/span&gt;&lt;/strong&gt; down food'&lt;/strong&gt;&lt;/span&gt;.&lt;/p&gt;</mattext>
          </material>
          <response_lid ident="response1" rcardinality="Single">
            <render_choice>
              <response_label ident="choice_001">
                <material>
                  <mattext texttype="text/html">&lt;strong&gt;&lt;span style="color: #e60000;"&gt;releases&amp;nbsp;energy&lt;/span&gt;&lt;/strong&gt;</mattext>
                </material>
              </response_label>
              <response_label ident="choice_002">
                <material>
                  <mattext texttype="text/html">&lt;strong&gt;&lt;span style="color: #0a9bf5;"&gt;requires&amp;nbsp;energy&amp;nbsp;input&lt;/span&gt;&lt;/strong&gt;</mattext>
                </material>
              </response_label>
            </render_choice>
          </response_lid>
        </presentation>

        <resprocessing>
          <outcomes>
            <decvar maxvalue="100" minvalue="0" varname="SCORE" vartype="Decimal"/>
          </outcomes>
          <respcondition>
            <conditionvar>
              <varequal respident="response1">choice_001</varequal>
            </conditionvar>
            <setvar action="Set" varname="SCORE">100</setvar>
          </respcondition>
        </resprocessing>
      </item>

      <item ident="multiple_choice_028" title="14d7_67aa">
        <itemmetadata>
          <qtimetadata>
            <qtimetadatafield>
              <fieldlabel>question_type</fieldlabel>
              <fieldentry>multiple_choice_question</fieldentry>
            </qtimetadatafield>
            <qtimetadatafield>
              <fieldlabel>points_possible</fieldlabel>
              <fieldentry>1.0</fieldentry>
            </qtimetadatafield>
            <qtimetadatafield>
              <fieldlabel>original_answer_ids</fieldlabel>
              <fieldentry>choice_001,choice_002</fieldentry>
            </qtimetadatafield>
          </qtimetadata>
        </itemmetadata>

        <presentation>
          <material>
            <mattext texttype="text/html">&lt;p&gt;Which one of the following energy requirement categories correspond to the energy term &lt;span style='font-size: 1em;'&gt;&lt;strong&gt;'exergonic'&lt;/strong&gt;&lt;/span&gt;.&lt;/p&gt;</mattext>
          </material>
          <response_lid ident="response1" rcardinality="Single">
            <render_choice>
              <response_label ident="choice_001">
                <material>
                  <mattext texttype="text/html">&lt;strong&gt;&lt;span style="color: #e60000;"&gt;releases&amp;nbsp;energy&lt;/span&gt;&lt;/strong&gt;</mattext>
                </material>
              </response_label>
              <response_label ident="choice_002">
                <material>
                  <mattext texttype="text/html">&lt;strong&gt;&lt;span style="color: #0a9bf5;"&gt;requires&amp;nbsp;energy&amp;nbsp;input&lt;/span&gt;&lt;/strong&gt;</mattext>
                </material>
              </response_label>
            </render_choice>
          </response_lid>
        </presentation>

        <resprocessing>
          <outcomes>
            <decvar maxvalue="100" minvalue="0" varname="SCORE" vartype="Decimal"/>
          </outcomes>
          <respcondition>
            <conditionvar>
              <varequal respident="response1">choice_001</varequal>
            </conditionvar>
            <setvar action="Set" varname="SCORE">100</setvar>
          </respcondition>
        </resprocessing>
      </item>
    </section>
  </assessment>
</questestinterop>
