<?xml version='1.0' encoding='UTF-8'?>
<questestinterop xmlns="http://www.imsglobal.org/xsd/ims_qtiasiv1p2" xmlns:xsi="http://www.w3.org/2001/XMLSchema-instance" xsi:schemaLocation="http://www.imsglobal.org/xsd/ims_qtiasiv1p2 http://www.imsglobal.org/xsd/ims_qtiasiv1p2p1.xsd">
  <assessment ident="root_assessment" title="WOMC-bond_types">
    <section ident="root_section">
      <item ident="multiple_choice_001" title="166f_7551">
        <itemmetadata>
          <qtimetadata>
            <qtimetadatafield>
              <fieldlabel>question_type</fieldlabel>
              <fieldentry>multiple_choice_question</fieldentry>
            </qtimetadatafield>
            <qtimetadatafield>
              <fieldlabel>points_possible</fieldlabel>
              <fieldentry>1.0</fieldentry>
            </qtimetadatafield>
            <qtimetadatafield>
              <fieldlabel>original_answer_ids</fieldlabel>
              <fieldentry>choice_001,choice_002,choice_003,choice_004</fieldentry>
            </qtimetadatafield>
          </qtimetadata>
        </itemmetadata>

        <presentation>
          <material>
            <mattext texttype="text/html">&lt;p&gt;Which one of the following types of chemical bonds correspond to the example &lt;span style='font-size: 1em;'&gt;&lt;strong&gt;'N-H &amp;middot;&amp;middot;&amp;middot;&amp;middot; O (bond represented by the dots)'&lt;/strong&gt;&lt;/span&gt;.&lt;/p&gt;</mattext>
          </material>
          <response_lid ident="response1" rcardinality="Single">
            <render_choice>
              <response_label ident="choice_001">
                <material>
                  <mattext texttype="text/html">&lt;strong&gt;&lt;span style="color: #e60000;"&gt;hydrogen bond&lt;/span&gt;&lt;/strong&gt;</mattext>
                </material>
              </response_label>
              <response_label ident="choice_002">
                <material>
                  <mattext texttype="text/html">&lt;strong&gt;&lt;span style="color: #009900;"&gt;ionic bond&lt;/span&gt;&lt;/strong&gt;</mattext>
                </material>
              </response_label>
              <response_label ident="choice_003">
                <material>
                  <mattext texttype="text/html">&lt;strong&gt;&lt;span style="color: #b3b300;"&gt;non-polar covalent bond&lt;/span&gt;&lt;/strong&gt;</mattext>
                </material>
              </response_label>
              <response_label ident="choice_004">
                <material>
                  <mattext texttype="text/html">&lt;strong&gt;&lt;span style="color: #00b3b3;"&gt;polar covalent&amp;nbsp;bond&lt;/span&gt;&lt;/strong&gt;</mattext>
                </material>
              </response_label>
            </render_choice>
          </response_lid>
        </presentation>

        <resprocessing>
          <outcomes>
            <decvar maxvalue="100" minvalue="0" varname="SCORE" vartype="Decimal"/>
          </outcomes>
          <respcondition>
            <conditionvar>
              <varequal respident="response1">choice_001</varequal>
            </conditionvar>
            <setvar action="Set" varname="SCORE">100</setvar>
          </respcondition>
        </resprocessing>
      </item>

      <item ident="multiple_choice_002" title="16ef_7551">
        <itemmetadata>
          <qtimetadata>
            <qtimetadatafield>
              <fieldlabel>question_type</fieldlabel>
              <fieldentry>multiple_choice_question</fieldentry>
            </qtimetadatafield>
            <qtimetadatafield>
              <fieldlabel>points_possible</fieldlabel>
              <fieldentry>1.0</fieldentry>
            </qtimetadatafield>
            <qtimetadatafield>
              <fieldlabel>original_answer_ids</fieldlabel>
              <fieldentry>choice_001,choice_002,choice_003,choice_004</fieldentry>
            </qtimetadatafield>
          </qtimetadata>
        </itemmetadata>

        <presentation>
          <material>
            <mattext texttype="text/html">&lt;p&gt;Which one of the following types of chemical bonds correspond to the example &lt;span style='font-size: 1em;'&gt;&lt;strong&gt;'Ca&lt;sup&gt;2+&lt;/sup&gt; &amp;bull; 2&amp;times; Cl&lt;sup&gt;-&lt;/sup&gt; (calcium chloride)'&lt;/strong&gt;&lt;/span&gt;.&lt;/p&gt;</mattext>
          </material>
          <response_lid ident="response1" rcardinality="Single">
            <render_choice>
              <response_label ident="choice_001">
                <material>
                  <mattext texttype="text/html">&lt;strong&gt;&lt;span style="color: #e60000;"&gt;hydrogen bond&lt;/span&gt;&lt;/strong&gt;</mattext>
                </material>
              </response_label>
              <response_label ident="choice_002">
                <material>
                  <mattext texttype="text/html">&lt;strong&gt;&lt;span style="color: #009900;"&gt;ionic bond&lt;/span&gt;&lt;/strong&gt;</mattext>
                </material>
              </response_label>
              <response_label ident="choice_003">
                <material>
                  <mattext texttype="text/html">&lt;strong&gt;&lt;span style="color: #b3b300;"&gt;non-polar covalent bond&lt;/span&gt;&lt;/strong&gt;</mattext>
                </material>
              </response_label>
              <response_label ident="choice_004">
                <material>
                  <mattext texttype="text/html">&lt;strong&gt;&lt;span style="color: #00b3b3;"&gt;polar covalent&amp;nbsp;bond&lt;/span&gt;&lt;/strong&gt;</mattext>
                </material>
              </response_label>
            </render_choice>
          </response_lid>
        </presentation>

        <resprocessing>
          <outcomes>
            <decvar maxvalue="100" minvalue="0" varname="SCORE" vartype="Decimal"/>
          </outcomes>
          <respcondition>
            <conditionvar>
              <varequal respident="response1">choice_002</varequal>
            </conditionvar>
            <setvar action="Set" varname="SCORE">100</setvar>
          </respcondition>
        </resprocessing>
      </item>

      <item ident="multiple_choice_003" title="1fc0_7551">
        <itemmetadata>
          <qtimetadata>
            <qtimetadatafield>
              <fieldlabel>question_type</fieldlabel>
              <fieldentry>multiple_choice_question</fieldentry>
            </qtimetadatafield>
            <qtimetadatafield>
              <fieldlabel>points_possible</fieldlabel>
              <fieldentry>1.0</fieldentry>
            </qtimetadatafield>
            <qtimetadatafield>
              <fieldlabel>original_answer_ids</fieldlabel>
              <fieldentry>choice_001,choice_002,choice_003,choice_004</fieldentry>
            </qtimetadatafield>
          </qtimetadata>
        </itemmetadata>

        <presentation>
          <material>
            <mattext texttype="text/html">&lt;p&gt;Which one of the following types of chemical bonds correspond to the example &lt;span style='font-size: 1em;'&gt;&lt;strong&gt;'S - H (in hydrogen sulfide, H&lt;sub&gt;2&lt;/sub&gt;S)'&lt;/strong&gt;&lt;/span&gt;.&lt;/p&gt;</mattext>
          </material>
          <response_lid ident="response1" rcardinality="Single">
            <render_choice>
              <response_label ident="choice_001">
                <material>
                  <mattext texttype="text/html">&lt;strong&gt;&lt;span style="color: #e60000;"&gt;hydrogen bond&lt;/span&gt;&lt;/strong&gt;</mattext>
                </material>
              </response_label>
              <response_label ident="choice_002">
                <material>
                  <mattext texttype="text/html">&lt;strong&gt;&lt;span style="color: #009900;"&gt;ionic bond&lt;/span&gt;&lt;/strong&gt;</mattext>
                </material>
              </response_label>
              <response_label ident="choice_003">
                <material>
                  <mattext texttype="text/html">&lt;strong&gt;&lt;span style="color: #b3b300;"&gt;non-polar covalent bond&lt;/span&gt;&lt;/strong&gt;</mattext>
                </material>
              </response_label>
              <response_label ident="choice_004">
                <material>
                  <mattext texttype="text/html">&lt;strong&gt;&lt;span style="color: #00b3b3;"&gt;polar covalent&amp;nbsp;bond&lt;/span&gt;&lt;/strong&gt;</mattext>
                </material>
              </response_label>
            </render_choice>
          </response_lid>
        </presentation>

        <resprocessing>
          <outcomes>
            <decvar maxvalue="100" minvalue="0" varname="SCORE" vartype="Decimal"/>
          </outcomes>
          <respcondition>
            <conditionvar>
              <varequal respident="response1">choice_004</varequal>
            </conditionvar>
            <setvar action="Set" varname="SCORE">100</setvar>
          </respcondition>
        </resprocessing>
      </item>

      <item ident="multiple_choice_004" title="2e60_7551">
        <itemmetadata>
          <qtimetadata>
            <qtimetadatafield>
              <fieldlabel>question_type</fieldlabel>
              <fieldentry>multiple_choice_question</fieldentry>
            </qtimetadatafield>
            <qtimetadatafield>
              <fieldlabel>points_possible</fieldlabel>
              <fieldentry>1.0</fieldentry>
            </qtimetadatafield>
            <qtimetadatafield>
              <fieldlabel>original_answer_ids</fieldlabel>
              <fieldentry>choice_001,choice_002,choice_003,choice_004</fieldentry>
            </qtimetadatafield>
          </qtimetadata>
        </itemmetadata>

        <presentation>
          <material>
            <mattext texttype="text/html">&lt;p&gt;Which one of the following types of chemical bonds correspond to the example &lt;span style='font-size: 1em;'&gt;&lt;strong&gt;'C &amp;equiv; C (in acetylene, C&lt;sub&gt;2&lt;/sub&gt;H&lt;sub&gt;2&lt;/sub&gt;)'&lt;/strong&gt;&lt;/span&gt;.&lt;/p&gt;</mattext>
          </material>
          <response_lid ident="response1" rcardinality="Single">
            <render_choice>
              <response_label ident="choice_001">
                <material>
                  <mattext texttype="text/html">&lt;strong&gt;&lt;span style="color: #e60000;"&gt;hydrogen bond&lt;/span&gt;&lt;/strong&gt;</mattext>
                </material>
              </response_label>
              <response_label ident="choice_002">
                <material>
                  <mattext texttype="text/html">&lt;strong&gt;&lt;span style="color: #009900;"&gt;ionic bond&lt;/span&gt;&lt;/strong&gt;</mattext>
                </material>
              </response_label>
              <response_label ident="choice_003">
                <material>
                  <mattext texttype="text/html">&lt;strong&gt;&lt;span style="color: #b3b300;"&gt;non-polar covalent bond&lt;/span&gt;&lt;/strong&gt;</mattext>
                </material>
              </response_label>
              <response_label ident="choice_004">
                <material>
                  <mattext texttype="text/html">&lt;strong&gt;&lt;span style="color: #00b3b3;"&gt;polar covalent&amp;nbsp;bond&lt;/span&gt;&lt;/strong&gt;</mattext>
                </material>
              </response_label>
            </render_choice>
          </response_lid>
        </presentation>

        <resprocessing>
          <outcomes>
            <decvar maxvalue="100" minvalue="0" varname="SCORE" vartype="Decimal"/>
          </outcomes>
          <respcondition>
            <conditionvar>
              <varequal respident="response1">choice_003</varequal>
            </conditionvar>
            <setvar action="Set" varname="SCORE">100</setvar>
          </respcondition>
        </resprocessing>
      </item>

      <item ident="multiple_choice_005" title="322d_7551">
        <itemmetadata>
          <qtimetadata>
            <qtimetadatafield>
              <fieldlabel>question_type</fieldlabel>
              <fieldentry>multiple_choice_question</fieldentry>
            </qtimetadatafield>
            <qtimetadatafield>
              <fieldlabel>points_possible</fieldlabel>
              <fieldentry>1.0</fieldentry>
            </qtimetadatafield>
            <qtimetadatafield>
              <fieldlabel>original_answer_ids</fieldlabel>
              <fieldentry>choice_001,choice_002,choice_003,choice_004</fieldentry>
            </qtimetadatafield>
          </qtimetadata>
        </itemmetadata>

        <presentation>
          <material>
            <mattext texttype="text/html">&lt;p&gt;Which one of the following types of chemical bonds correspond to the example &lt;span style='font-size: 1em;'&gt;&lt;strong&gt;'C - O (in carbon monoxide, CO)'&lt;/strong&gt;&lt;/span&gt;.&lt;/p&gt;</mattext>
          </material>
          <response_lid ident="response1" rcardinality="Single">
            <render_choice>
              <response_label ident="choice_001">
                <material>
                  <mattext texttype="text/html">&lt;strong&gt;&lt;span style="color: #e60000;"&gt;hydrogen bond&lt;/span&gt;&lt;/strong&gt;</mattext>
                </material>
              </response_label>
              <response_label ident="choice_002">
                <material>
                  <mattext texttype="text/html">&lt;strong&gt;&lt;span style="color: #009900;"&gt;ionic bond&lt;/span&gt;&lt;/strong&gt;</mattext>
                </material>
              </response_label>
              <response_label ident="choice_003">
                <material>
                  <mattext texttype="text/html">&lt;strong&gt;&lt;span style="color: #b3b300;"&gt;non-polar covalent bond&lt;/span&gt;&lt;/strong&gt;</mattext>
                </material>
              </response_label>
              <response_label ident="choice_004">
                <material>
                  <mattext texttype="text/html">&lt;strong&gt;&lt;span style="color: #00b3b3;"&gt;polar covalent&amp;nbsp;bond&lt;/span&gt;&lt;/strong&gt;</mattext>
                </material>
              </response_label>
            </render_choice>
          </response_lid>
        </presentation>

        <resprocessing>
          <outcomes>
            <decvar maxvalue="100" minvalue="0" varname="SCORE" vartype="Decimal"/>
          </outcomes>
          <respcondition>
            <conditionvar>
              <varequal respident="response1">choice_004</varequal>
            </conditionvar>
            <setvar action="Set" varname="SCORE">100</setvar>
          </respcondition>
        </resprocessing>
      </item>

      <item ident="multiple_choice_006" title="38ba_7551">
        <itemmetadata>
          <qtimetadata>
            <qtimetadatafield>
              <fieldlabel>question_type</fieldlabel>
              <fieldentry>multiple_choice_question</fieldentry>
            </qtimetadatafield>
            <qtimetadatafield>
              <fieldlabel>points_possible</fieldlabel>
              <fieldentry>1.0</fieldentry>
            </qtimetadatafield>
            <qtimetadatafield>
              <fieldlabel>original_answer_ids</fieldlabel>
              <fieldentry>choice_001,choice_002,choice_003,choice_004</fieldentry>
            </qtimetadatafield>
          </qtimetadata>
        </itemmetadata>

        <presentation>
          <material>
            <mattext texttype="text/html">&lt;p&gt;Which one of the following types of chemical bonds correspond to the example &lt;span style='font-size: 1em;'&gt;&lt;strong&gt;'C - H (in methane, CH&lt;sub&gt;4&lt;/sub&gt;)'&lt;/strong&gt;&lt;/span&gt;.&lt;/p&gt;</mattext>
          </material>
          <response_lid ident="response1" rcardinality="Single">
            <render_choice>
              <response_label ident="choice_001">
                <material>
                  <mattext texttype="text/html">&lt;strong&gt;&lt;span style="color: #e60000;"&gt;hydrogen bond&lt;/span&gt;&lt;/strong&gt;</mattext>
                </material>
              </response_label>
              <response_label ident="choice_002">
                <material>
                  <mattext texttype="text/html">&lt;strong&gt;&lt;span style="color: #009900;"&gt;ionic bond&lt;/span&gt;&lt;/strong&gt;</mattext>
                </material>
              </response_label>
              <response_label ident="choice_003">
                <material>
                  <mattext texttype="text/html">&lt;strong&gt;&lt;span style="color: #b3b300;"&gt;non-polar covalent bond&lt;/span&gt;&lt;/strong&gt;</mattext>
                </material>
              </response_label>
              <response_label ident="choice_004">
                <material>
                  <mattext texttype="text/html">&lt;strong&gt;&lt;span style="color: #00b3b3;"&gt;polar covalent&amp;nbsp;bond&lt;/span&gt;&lt;/strong&gt;</mattext>
                </material>
              </response_label>
            </render_choice>
          </response_lid>
        </presentation>

        <resprocessing>
          <outcomes>
            <decvar maxvalue="100" minvalue="0" varname="SCORE" vartype="Decimal"/>
          </outcomes>
          <respcondition>
            <conditionvar>
              <varequal respident="response1">choice_003</varequal>
            </conditionvar>
            <setvar action="Set" varname="SCORE">100</setvar>
          </respcondition>
        </resprocessing>
      </item>

      <item ident="multiple_choice_007" title="3dd5_7551">
        <itemmetadata>
          <qtimetadata>
            <qtimetadatafield>
              <fieldlabel>question_type</fieldlabel>
              <fieldentry>multiple_choice_question</fieldentry>
            </qtimetadatafield>
            <qtimetadatafield>
              <fieldlabel>points_possible</fieldlabel>
              <fieldentry>1.0</fieldentry>
            </qtimetadatafield>
            <qtimetadatafield>
              <fieldlabel>original_answer_ids</fieldlabel>
              <fieldentry>choice_001,choice_002,choice_003,choice_004</fieldentry>
            </qtimetadatafield>
          </qtimetadata>
        </itemmetadata>

        <presentation>
          <material>
            <mattext texttype="text/html">&lt;p&gt;Which one of the following types of chemical bonds correspond to the example &lt;span style='font-size: 1em;'&gt;&lt;strong&gt;'O-H &amp;middot;&amp;middot;&amp;middot;&amp;middot; O (bond represented by the dots)'&lt;/strong&gt;&lt;/span&gt;.&lt;/p&gt;</mattext>
          </material>
          <response_lid ident="response1" rcardinality="Single">
            <render_choice>
              <response_label ident="choice_001">
                <material>
                  <mattext texttype="text/html">&lt;strong&gt;&lt;span style="color: #e60000;"&gt;hydrogen bond&lt;/span&gt;&lt;/strong&gt;</mattext>
                </material>
              </response_label>
              <response_label ident="choice_002">
                <material>
                  <mattext texttype="text/html">&lt;strong&gt;&lt;span style="color: #009900;"&gt;ionic bond&lt;/span&gt;&lt;/strong&gt;</mattext>
                </material>
              </response_label>
              <response_label ident="choice_003">
                <material>
                  <mattext texttype="text/html">&lt;strong&gt;&lt;span style="color: #b3b300;"&gt;non-polar covalent bond&lt;/span&gt;&lt;/strong&gt;</mattext>
                </material>
              </response_label>
              <response_label ident="choice_004">
                <material>
                  <mattext texttype="text/html">&lt;strong&gt;&lt;span style="color: #00b3b3;"&gt;polar covalent&amp;nbsp;bond&lt;/span&gt;&lt;/strong&gt;</mattext>
                </material>
              </response_label>
            </render_choice>
          </response_lid>
        </presentation>

        <resprocessing>
          <outcomes>
            <decvar maxvalue="100" minvalue="0" varname="SCORE" vartype="Decimal"/>
          </outcomes>
          <respcondition>
            <conditionvar>
              <varequal respident="response1">choice_001</varequal>
            </conditionvar>
            <setvar action="Set" varname="SCORE">100</setvar>
          </respcondition>
        </resprocessing>
      </item>

      <item ident="multiple_choice_008" title="4170_7551">
        <itemmetadata>
          <qtimetadata>
            <qtimetadatafield>
              <fieldlabel>question_type</fieldlabel>
              <fieldentry>multiple_choice_question</fieldentry>
            </qtimetadatafield>
            <qtimetadatafield>
              <fieldlabel>points_possible</fieldlabel>
              <fieldentry>1.0</fieldentry>
            </qtimetadatafield>
            <qtimetadatafield>
              <fieldlabel>original_answer_ids</fieldlabel>
              <fieldentry>choice_001,choice_002,choice_003,choice_004</fieldentry>
            </qtimetadatafield>
          </qtimetadata>
        </itemmetadata>

        <presentation>
          <material>
            <mattext texttype="text/html">&lt;p&gt;Which one of the following types of chemical bonds correspond to the example &lt;span style='font-size: 1em;'&gt;&lt;strong&gt;'C - C (in benzene, C&lt;sub&gt;6&lt;/sub&gt;H&lt;sub&gt;6&lt;/sub&gt;)'&lt;/strong&gt;&lt;/span&gt;.&lt;/p&gt;</mattext>
          </material>
          <response_lid ident="response1" rcardinality="Single">
            <render_choice>
              <response_label ident="choice_001">
                <material>
                  <mattext texttype="text/html">&lt;strong&gt;&lt;span style="color: #e60000;"&gt;hydrogen bond&lt;/span&gt;&lt;/strong&gt;</mattext>
                </material>
              </response_label>
              <response_label ident="choice_002">
                <material>
                  <mattext texttype="text/html">&lt;strong&gt;&lt;span style="color: #009900;"&gt;ionic bond&lt;/span&gt;&lt;/strong&gt;</mattext>
                </material>
              </response_label>
              <response_label ident="choice_003">
                <material>
                  <mattext texttype="text/html">&lt;strong&gt;&lt;span style="color: #b3b300;"&gt;non-polar covalent bond&lt;/span&gt;&lt;/strong&gt;</mattext>
                </material>
              </response_label>
              <response_label ident="choice_004">
                <material>
                  <mattext texttype="text/html">&lt;strong&gt;&lt;span style="color: #00b3b3;"&gt;polar covalent&amp;nbsp;bond&lt;/span&gt;&lt;/strong&gt;</mattext>
                </material>
              </response_label>
            </render_choice>
          </response_lid>
        </presentation>

        <resprocessing>
          <outcomes>
            <decvar maxvalue="100" minvalue="0" varname="SCORE" vartype="Decimal"/>
          </outcomes>
          <respcondition>
            <conditionvar>
              <varequal respident="response1">choice_003</varequal>
            </conditionvar>
            <setvar action="Set" varname="SCORE">100</setvar>
          </respcondition>
        </resprocessing>
      </item>

      <item ident="multiple_choice_009" title="41c4_7551">
        <itemmetadata>
          <qtimetadata>
            <qtimetadatafield>
              <fieldlabel>question_type</fieldlabel>
              <fieldentry>multiple_choice_question</fieldentry>
            </qtimetadatafield>
            <qtimetadatafield>
              <fieldlabel>points_possible</fieldlabel>
              <fieldentry>1.0</fieldentry>
            </qtimetadatafield>
            <qtimetadatafield>
              <fieldlabel>original_answer_ids</fieldlabel>
              <fieldentry>choice_001,choice_002,choice_003,choice_004</fieldentry>
            </qtimetadatafield>
          </qtimetadata>
        </itemmetadata>

        <presentation>
          <material>
            <mattext texttype="text/html">&lt;p&gt;Which one of the following types of chemical bonds correspond to the example &lt;span style='font-size: 1em;'&gt;&lt;strong&gt;'Ca&lt;sup&gt;2+&lt;/sup&gt; &amp;bull; CO&lt;sub&gt;3&lt;/sub&gt;&lt;sup&gt;2-&lt;/sup&gt; (calcium carbonate)'&lt;/strong&gt;&lt;/span&gt;.&lt;/p&gt;</mattext>
          </material>
          <response_lid ident="response1" rcardinality="Single">
            <render_choice>
              <response_label ident="choice_001">
                <material>
                  <mattext texttype="text/html">&lt;strong&gt;&lt;span style="color: #e60000;"&gt;hydrogen bond&lt;/span&gt;&lt;/strong&gt;</mattext>
                </material>
              </response_label>
              <response_label ident="choice_002">
                <material>
                  <mattext texttype="text/html">&lt;strong&gt;&lt;span style="color: #009900;"&gt;ionic bond&lt;/span&gt;&lt;/strong&gt;</mattext>
                </material>
              </response_label>
              <response_label ident="choice_003">
                <material>
                  <mattext texttype="text/html">&lt;strong&gt;&lt;span style="color: #b3b300;"&gt;non-polar covalent bond&lt;/span&gt;&lt;/strong&gt;</mattext>
                </material>
              </response_label>
              <response_label ident="choice_004">
                <material>
                  <mattext texttype="text/html">&lt;strong&gt;&lt;span style="color: #00b3b3;"&gt;polar covalent&amp;nbsp;bond&lt;/span&gt;&lt;/strong&gt;</mattext>
                </material>
              </response_label>
            </render_choice>
          </response_lid>
        </presentation>

        <resprocessing>
          <outcomes>
            <decvar maxvalue="100" minvalue="0" varname="SCORE" vartype="Decimal"/>
          </outcomes>
          <respcondition>
            <conditionvar>
              <varequal respident="response1">choice_002</varequal>
            </conditionvar>
            <setvar action="Set" varname="SCORE">100</setvar>
          </respcondition>
        </resprocessing>
      </item>

      <item ident="multiple_choice_010" title="48d5_7551">
        <itemmetadata>
          <qtimetadata>
            <qtimetadatafield>
              <fieldlabel>question_type</fieldlabel>
              <fieldentry>multiple_choice_question</fieldentry>
            </qtimetadatafield>
            <qtimetadatafield>
              <fieldlabel>points_possible</fieldlabel>
              <fieldentry>1.0</fieldentry>
            </qtimetadatafield>
            <qtimetadatafield>
              <fieldlabel>original_answer_ids</fieldlabel>
              <fieldentry>choice_001,choice_002,choice_003,choice_004</fieldentry>
            </qtimetadatafield>
          </qtimetadata>
        </itemmetadata>

        <presentation>
          <material>
            <mattext texttype="text/html">&lt;p&gt;Which one of the following types of chemical bonds correspond to the example &lt;span style='font-size: 1em;'&gt;&lt;strong&gt;'Na&lt;sup&gt;+&lt;/sup&gt; &amp;bull; Cl&lt;sup&gt;-&lt;/sup&gt; (sodium chloride)'&lt;/strong&gt;&lt;/span&gt;.&lt;/p&gt;</mattext>
          </material>
          <response_lid ident="response1" rcardinality="Single">
            <render_choice>
              <response_label ident="choice_001">
                <material>
                  <mattext texttype="text/html">&lt;strong&gt;&lt;span style="color: #e60000;"&gt;hydrogen bond&lt;/span&gt;&lt;/strong&gt;</mattext>
                </material>
              </response_label>
              <response_label ident="choice_002">
                <material>
                  <mattext texttype="text/html">&lt;strong&gt;&lt;span style="color: #009900;"&gt;ionic bond&lt;/span&gt;&lt;/strong&gt;</mattext>
                </material>
              </response_label>
              <response_label ident="choice_003">
                <material>
                  <mattext texttype="text/html">&lt;strong&gt;&lt;span style="color: #b3b300;"&gt;non-polar covalent bond&lt;/span&gt;&lt;/strong&gt;</mattext>
                </material>
              </response_label>
              <response_label ident="choice_004">
                <material>
                  <mattext texttype="text/html">&lt;strong&gt;&lt;span style="color: #00b3b3;"&gt;polar covalent&amp;nbsp;bond&lt;/span&gt;&lt;/strong&gt;</mattext>
                </material>
              </response_label>
            </render_choice>
          </response_lid>
        </presentation>

        <resprocessing>
          <outcomes>
            <decvar maxvalue="100" minvalue="0" varname="SCORE" vartype="Decimal"/>
          </outcomes>
          <respcondition>
            <conditionvar>
              <varequal respident="response1">choice_002</varequal>
            </conditionvar>
            <setvar action="Set" varname="SCORE">100</setvar>
          </respcondition>
        </resprocessing>
      </item>

      <item ident="multiple_choice_011" title="48ea_7551">
        <itemmetadata>
          <qtimetadata>
            <qtimetadatafield>
              <fieldlabel>question_type</fieldlabel>
              <fieldentry>multiple_choice_question</fieldentry>
            </qtimetadatafield>
            <qtimetadatafield>
              <fieldlabel>points_possible</fieldlabel>
              <fieldentry>1.0</fieldentry>
            </qtimetadatafield>
            <qtimetadatafield>
              <fieldlabel>original_answer_ids</fieldlabel>
              <fieldentry>choice_001,choice_002,choice_003,choice_004</fieldentry>
            </qtimetadatafield>
          </qtimetadata>
        </itemmetadata>

        <presentation>
          <material>
            <mattext texttype="text/html">&lt;p&gt;Which one of the following types of chemical bonds correspond to the example &lt;span style='font-size: 1em;'&gt;&lt;strong&gt;'C = C (in ethylene, C&lt;sub&gt;2&lt;/sub&gt;H&lt;sub&gt;4&lt;/sub&gt;)'&lt;/strong&gt;&lt;/span&gt;.&lt;/p&gt;</mattext>
          </material>
          <response_lid ident="response1" rcardinality="Single">
            <render_choice>
              <response_label ident="choice_001">
                <material>
                  <mattext texttype="text/html">&lt;strong&gt;&lt;span style="color: #e60000;"&gt;hydrogen bond&lt;/span&gt;&lt;/strong&gt;</mattext>
                </material>
              </response_label>
              <response_label ident="choice_002">
                <material>
                  <mattext texttype="text/html">&lt;strong&gt;&lt;span style="color: #009900;"&gt;ionic bond&lt;/span&gt;&lt;/strong&gt;</mattext>
                </material>
              </response_label>
              <response_label ident="choice_003">
                <material>
                  <mattext texttype="text/html">&lt;strong&gt;&lt;span style="color: #b3b300;"&gt;non-polar covalent bond&lt;/span&gt;&lt;/strong&gt;</mattext>
                </material>
              </response_label>
              <response_label ident="choice_004">
                <material>
                  <mattext texttype="text/html">&lt;strong&gt;&lt;span style="color: #00b3b3;"&gt;polar covalent&amp;nbsp;bond&lt;/span&gt;&lt;/strong&gt;</mattext>
                </material>
              </response_label>
            </render_choice>
          </response_lid>
        </presentation>

        <resprocessing>
          <outcomes>
            <decvar maxvalue="100" minvalue="0" varname="SCORE" vartype="Decimal"/>
          </outcomes>
          <respcondition>
            <conditionvar>
              <varequal respident="response1">choice_003</varequal>
            </conditionvar>
            <setvar action="Set" varname="SCORE">100</setvar>
          </respcondition>
        </resprocessing>
      </item>

      <item ident="multiple_choice_012" title="5631_7551">
        <itemmetadata>
          <qtimetadata>
            <qtimetadatafield>
              <fieldlabel>question_type</fieldlabel>
              <fieldentry>multiple_choice_question</fieldentry>
            </qtimetadatafield>
            <qtimetadatafield>
              <fieldlabel>points_possible</fieldlabel>
              <fieldentry>1.0</fieldentry>
            </qtimetadatafield>
            <qtimetadatafield>
              <fieldlabel>original_answer_ids</fieldlabel>
              <fieldentry>choice_001,choice_002,choice_003,choice_004</fieldentry>
            </qtimetadatafield>
          </qtimetadata>
        </itemmetadata>

        <presentation>
          <material>
            <mattext texttype="text/html">&lt;p&gt;Which one of the following types of chemical bonds correspond to the example &lt;span style='font-size: 1em;'&gt;&lt;strong&gt;'NH&lt;sub&gt;4&lt;/sub&gt;&lt;sup&gt;+&lt;/sup&gt; &amp;bull; NO&lt;sub&gt;3&lt;/sub&gt;&lt;sup&gt;-&lt;/sup&gt; (ammonium nitrate)'&lt;/strong&gt;&lt;/span&gt;.&lt;/p&gt;</mattext>
          </material>
          <response_lid ident="response1" rcardinality="Single">
            <render_choice>
              <response_label ident="choice_001">
                <material>
                  <mattext texttype="text/html">&lt;strong&gt;&lt;span style="color: #e60000;"&gt;hydrogen bond&lt;/span&gt;&lt;/strong&gt;</mattext>
                </material>
              </response_label>
              <response_label ident="choice_002">
                <material>
                  <mattext texttype="text/html">&lt;strong&gt;&lt;span style="color: #009900;"&gt;ionic bond&lt;/span&gt;&lt;/strong&gt;</mattext>
                </material>
              </response_label>
              <response_label ident="choice_003">
                <material>
                  <mattext texttype="text/html">&lt;strong&gt;&lt;span style="color: #b3b300;"&gt;non-polar covalent bond&lt;/span&gt;&lt;/strong&gt;</mattext>
                </material>
              </response_label>
              <response_label ident="choice_004">
                <material>
                  <mattext texttype="text/html">&lt;strong&gt;&lt;span style="color: #00b3b3;"&gt;polar covalent&amp;nbsp;bond&lt;/span&gt;&lt;/strong&gt;</mattext>
                </material>
              </response_label>
            </render_choice>
          </response_lid>
        </presentation>

        <resprocessing>
          <outcomes>
            <decvar maxvalue="100" minvalue="0" varname="SCORE" vartype="Decimal"/>
          </outcomes>
          <respcondition>
            <conditionvar>
              <varequal respident="response1">choice_002</varequal>
            </conditionvar>
            <setvar action="Set" varname="SCORE">100</setvar>
          </respcondition>
        </resprocessing>
      </item>

      <item ident="multiple_choice_013" title="734d_7551">
        <itemmetadata>
          <qtimetadata>
            <qtimetadatafield>
              <fieldlabel>question_type</fieldlabel>
              <fieldentry>multiple_choice_question</fieldentry>
            </qtimetadatafield>
            <qtimetadatafield>
              <fieldlabel>points_possible</fieldlabel>
              <fieldentry>1.0</fieldentry>
            </qtimetadatafield>
            <qtimetadatafield>
              <fieldlabel>original_answer_ids</fieldlabel>
              <fieldentry>choice_001,choice_002,choice_003,choice_004</fieldentry>
            </qtimetadatafield>
          </qtimetadata>
        </itemmetadata>

        <presentation>
          <material>
            <mattext texttype="text/html">&lt;p&gt;Which one of the following types of chemical bonds correspond to the example &lt;span style='font-size: 1em;'&gt;&lt;strong&gt;'N &amp;equiv; N (nitrogen gas)'&lt;/strong&gt;&lt;/span&gt;.&lt;/p&gt;</mattext>
          </material>
          <response_lid ident="response1" rcardinality="Single">
            <render_choice>
              <response_label ident="choice_001">
                <material>
                  <mattext texttype="text/html">&lt;strong&gt;&lt;span style="color: #e60000;"&gt;hydrogen bond&lt;/span&gt;&lt;/strong&gt;</mattext>
                </material>
              </response_label>
              <response_label ident="choice_002">
                <material>
                  <mattext texttype="text/html">&lt;strong&gt;&lt;span style="color: #009900;"&gt;ionic bond&lt;/span&gt;&lt;/strong&gt;</mattext>
                </material>
              </response_label>
              <response_label ident="choice_003">
                <material>
                  <mattext texttype="text/html">&lt;strong&gt;&lt;span style="color: #b3b300;"&gt;non-polar covalent bond&lt;/span&gt;&lt;/strong&gt;</mattext>
                </material>
              </response_label>
              <response_label ident="choice_004">
                <material>
                  <mattext texttype="text/html">&lt;strong&gt;&lt;span style="color: #00b3b3;"&gt;polar covalent&amp;nbsp;bond&lt;/span&gt;&lt;/strong&gt;</mattext>
                </material>
              </response_label>
            </render_choice>
          </response_lid>
        </presentation>

        <resprocessing>
          <outcomes>
            <decvar maxvalue="100" minvalue="0" varname="SCORE" vartype="Decimal"/>
          </outcomes>
          <respcondition>
            <conditionvar>
              <varequal respident="response1">choice_003</varequal>
            </conditionvar>
            <setvar action="Set" varname="SCORE">100</setvar>
          </respcondition>
        </resprocessing>
      </item>

      <item ident="multiple_choice_014" title="87fb_7551">
        <itemmetadata>
          <qtimetadata>
            <qtimetadatafield>
              <fieldlabel>question_type</fieldlabel>
              <fieldentry>multiple_choice_question</fieldentry>
            </qtimetadatafield>
            <qtimetadatafield>
              <fieldlabel>points_possible</fieldlabel>
              <fieldentry>1.0</fieldentry>
            </qtimetadatafield>
            <qtimetadatafield>
              <fieldlabel>original_answer_ids</fieldlabel>
              <fieldentry>choice_001,choice_002,choice_003,choice_004</fieldentry>
            </qtimetadatafield>
          </qtimetadata>
        </itemmetadata>

        <presentation>
          <material>
            <mattext texttype="text/html">&lt;p&gt;Which one of the following types of chemical bonds correspond to the example &lt;span style='font-size: 1em;'&gt;&lt;strong&gt;'Mg&lt;sup&gt;2+&lt;/sup&gt; &amp;bull; 2&amp;times; Cl&lt;sup&gt;-&lt;/sup&gt; (magnesium chloride)'&lt;/strong&gt;&lt;/span&gt;.&lt;/p&gt;</mattext>
          </material>
          <response_lid ident="response1" rcardinality="Single">
            <render_choice>
              <response_label ident="choice_001">
                <material>
                  <mattext texttype="text/html">&lt;strong&gt;&lt;span style="color: #e60000;"&gt;hydrogen bond&lt;/span&gt;&lt;/strong&gt;</mattext>
                </material>
              </response_label>
              <response_label ident="choice_002">
                <material>
                  <mattext texttype="text/html">&lt;strong&gt;&lt;span style="color: #009900;"&gt;ionic bond&lt;/span&gt;&lt;/strong&gt;</mattext>
                </material>
              </response_label>
              <response_label ident="choice_003">
                <material>
                  <mattext texttype="text/html">&lt;strong&gt;&lt;span style="color: #b3b300;"&gt;non-polar covalent bond&lt;/span&gt;&lt;/strong&gt;</mattext>
                </material>
              </response_label>
              <response_label ident="choice_004">
                <material>
                  <mattext texttype="text/html">&lt;strong&gt;&lt;span style="color: #00b3b3;"&gt;polar covalent&amp;nbsp;bond&lt;/span&gt;&lt;/strong&gt;</mattext>
                </material>
              </response_label>
            </render_choice>
          </response_lid>
        </presentation>

        <resprocessing>
          <outcomes>
            <decvar maxvalue="100" minvalue="0" varname="SCORE" vartype="Decimal"/>
          </outcomes>
          <respcondition>
            <conditionvar>
              <varequal respident="response1">choice_002</varequal>
            </conditionvar>
            <setvar action="Set" varname="SCORE">100</setvar>
          </respcondition>
        </resprocessing>
      </item>

      <item ident="multiple_choice_015" title="8a08_7551">
        <itemmetadata>
          <qtimetadata>
            <qtimetadatafield>
              <fieldlabel>question_type</fieldlabel>
              <fieldentry>multiple_choice_question</fieldentry>
            </qtimetadatafield>
            <qtimetadatafield>
              <fieldlabel>points_possible</fieldlabel>
              <fieldentry>1.0</fieldentry>
            </qtimetadatafield>
            <qtimetadatafield>
              <fieldlabel>original_answer_ids</fieldlabel>
              <fieldentry>choice_001,choice_002,choice_003,choice_004</fieldentry>
            </qtimetadatafield>
          </qtimetadata>
        </itemmetadata>

        <presentation>
          <material>
            <mattext texttype="text/html">&lt;p&gt;Which one of the following types of chemical bonds correspond to the example &lt;span style='font-size: 1em;'&gt;&lt;strong&gt;'N-H &amp;middot;&amp;middot;&amp;middot;&amp;middot; N (bond represented by the dots)'&lt;/strong&gt;&lt;/span&gt;.&lt;/p&gt;</mattext>
          </material>
          <response_lid ident="response1" rcardinality="Single">
            <render_choice>
              <response_label ident="choice_001">
                <material>
                  <mattext texttype="text/html">&lt;strong&gt;&lt;span style="color: #e60000;"&gt;hydrogen bond&lt;/span&gt;&lt;/strong&gt;</mattext>
                </material>
              </response_label>
              <response_label ident="choice_002">
                <material>
                  <mattext texttype="text/html">&lt;strong&gt;&lt;span style="color: #009900;"&gt;ionic bond&lt;/span&gt;&lt;/strong&gt;</mattext>
                </material>
              </response_label>
              <response_label ident="choice_003">
                <material>
                  <mattext texttype="text/html">&lt;strong&gt;&lt;span style="color: #b3b300;"&gt;non-polar covalent bond&lt;/span&gt;&lt;/strong&gt;</mattext>
                </material>
              </response_label>
              <response_label ident="choice_004">
                <material>
                  <mattext texttype="text/html">&lt;strong&gt;&lt;span style="color: #00b3b3;"&gt;polar covalent&amp;nbsp;bond&lt;/span&gt;&lt;/strong&gt;</mattext>
                </material>
              </response_label>
            </render_choice>
          </response_lid>
        </presentation>

        <resprocessing>
          <outcomes>
            <decvar maxvalue="100" minvalue="0" varname="SCORE" vartype="Decimal"/>
          </outcomes>
          <respcondition>
            <conditionvar>
              <varequal respident="response1">choice_001</varequal>
            </conditionvar>
            <setvar action="Set" varname="SCORE">100</setvar>
          </respcondition>
        </resprocessing>
      </item>

      <item ident="multiple_choice_016" title="95b9_7551">
        <itemmetadata>
          <qtimetadata>
            <qtimetadatafield>
              <fieldlabel>question_type</fieldlabel>
              <fieldentry>multiple_choice_question</fieldentry>
            </qtimetadatafield>
            <qtimetadatafield>
              <fieldlabel>points_possible</fieldlabel>
              <fieldentry>1.0</fieldentry>
            </qtimetadatafield>
            <qtimetadatafield>
              <fieldlabel>original_answer_ids</fieldlabel>
              <fieldentry>choice_001,choice_002,choice_003,choice_004</fieldentry>
            </qtimetadatafield>
          </qtimetadata>
        </itemmetadata>

        <presentation>
          <material>
            <mattext texttype="text/html">&lt;p&gt;Which one of the following types of chemical bonds correspond to the example &lt;span style='font-size: 1em;'&gt;&lt;strong&gt;'P - O (in phosphate groups, PO&lt;sub&gt;4&lt;/sub&gt;)'&lt;/strong&gt;&lt;/span&gt;.&lt;/p&gt;</mattext>
          </material>
          <response_lid ident="response1" rcardinality="Single">
            <render_choice>
              <response_label ident="choice_001">
                <material>
                  <mattext texttype="text/html">&lt;strong&gt;&lt;span style="color: #e60000;"&gt;hydrogen bond&lt;/span&gt;&lt;/strong&gt;</mattext>
                </material>
              </response_label>
              <response_label ident="choice_002">
                <material>
                  <mattext texttype="text/html">&lt;strong&gt;&lt;span style="color: #009900;"&gt;ionic bond&lt;/span&gt;&lt;/strong&gt;</mattext>
                </material>
              </response_label>
              <response_label ident="choice_003">
                <material>
                  <mattext texttype="text/html">&lt;strong&gt;&lt;span style="color: #b3b300;"&gt;non-polar covalent bond&lt;/span&gt;&lt;/strong&gt;</mattext>
                </material>
              </response_label>
              <response_label ident="choice_004">
                <material>
                  <mattext texttype="text/html">&lt;strong&gt;&lt;span style="color: #00b3b3;"&gt;polar covalent&amp;nbsp;bond&lt;/span&gt;&lt;/strong&gt;</mattext>
                </material>
              </response_label>
            </render_choice>
          </response_lid>
        </presentation>

        <resprocessing>
          <outcomes>
            <decvar maxvalue="100" minvalue="0" varname="SCORE" vartype="Decimal"/>
          </outcomes>
          <respcondition>
            <conditionvar>
              <varequal respident="response1">choice_004</varequal>
            </conditionvar>
            <setvar action="Set" varname="SCORE">100</setvar>
          </respcondition>
        </resprocessing>
      </item>

      <item ident="multiple_choice_017" title="9d1f_7551">
        <itemmetadata>
          <qtimetadata>
            <qtimetadatafield>
              <fieldlabel>question_type</fieldlabel>
              <fieldentry>multiple_choice_question</fieldentry>
            </qtimetadatafield>
            <qtimetadatafield>
              <fieldlabel>points_possible</fieldlabel>
              <fieldentry>1.0</fieldentry>
            </qtimetadatafield>
            <qtimetadatafield>
              <fieldlabel>original_answer_ids</fieldlabel>
              <fieldentry>choice_001,choice_002,choice_003,choice_004</fieldentry>
            </qtimetadatafield>
          </qtimetadata>
        </itemmetadata>

        <presentation>
          <material>
            <mattext texttype="text/html">&lt;p&gt;Which one of the following types of chemical bonds correspond to the example &lt;span style='font-size: 1em;'&gt;&lt;strong&gt;'O = O (oxygen gas)'&lt;/strong&gt;&lt;/span&gt;.&lt;/p&gt;</mattext>
          </material>
          <response_lid ident="response1" rcardinality="Single">
            <render_choice>
              <response_label ident="choice_001">
                <material>
                  <mattext texttype="text/html">&lt;strong&gt;&lt;span style="color: #e60000;"&gt;hydrogen bond&lt;/span&gt;&lt;/strong&gt;</mattext>
                </material>
              </response_label>
              <response_label ident="choice_002">
                <material>
                  <mattext texttype="text/html">&lt;strong&gt;&lt;span style="color: #009900;"&gt;ionic bond&lt;/span&gt;&lt;/strong&gt;</mattext>
                </material>
              </response_label>
              <response_label ident="choice_003">
                <material>
                  <mattext texttype="text/html">&lt;strong&gt;&lt;span style="color: #b3b300;"&gt;non-polar covalent bond&lt;/span&gt;&lt;/strong&gt;</mattext>
                </material>
              </response_label>
              <response_label ident="choice_004">
                <material>
                  <mattext texttype="text/html">&lt;strong&gt;&lt;span style="color: #00b3b3;"&gt;polar covalent&amp;nbsp;bond&lt;/span&gt;&lt;/strong&gt;</mattext>
                </material>
              </response_label>
            </render_choice>
          </response_lid>
        </presentation>

        <resprocessing>
          <outcomes>
            <decvar maxvalue="100" minvalue="0" varname="SCORE" vartype="Decimal"/>
          </outcomes>
          <respcondition>
            <conditionvar>
              <varequal respident="response1">choice_003</varequal>
            </conditionvar>
            <setvar action="Set" varname="SCORE">100</setvar>
          </respcondition>
        </resprocessing>
      </item>

      <item ident="multiple_choice_018" title="a1b2_7551">
        <itemmetadata>
          <qtimetadata>
            <qtimetadatafield>
              <fieldlabel>question_type</fieldlabel>
              <fieldentry>multiple_choice_question</fieldentry>
            </qtimetadatafield>
            <qtimetadatafield>
              <fieldlabel>points_possible</fieldlabel>
              <fieldentry>1.0</fieldentry>
            </qtimetadatafield>
            <qtimetadatafield>
              <fieldlabel>original_answer_ids</fieldlabel>
              <fieldentry>choice_001,choice_002,choice_003,choice_004</fieldentry>
            </qtimetadatafield>
          </qtimetadata>
        </itemmetadata>

        <presentation>
          <material>
            <mattext texttype="text/html">&lt;p&gt;Which one of the following types of chemical bonds correspond to the example &lt;span style='font-size: 1em;'&gt;&lt;strong&gt;'O-H &amp;middot;&amp;middot;&amp;middot;&amp;middot; N (bond represented by the dots)'&lt;/strong&gt;&lt;/span&gt;.&lt;/p&gt;</mattext>
          </material>
          <response_lid ident="response1" rcardinality="Single">
            <render_choice>
              <response_label ident="choice_001">
                <material>
                  <mattext texttype="text/html">&lt;strong&gt;&lt;span style="color: #e60000;"&gt;hydrogen bond&lt;/span&gt;&lt;/strong&gt;</mattext>
                </material>
              </response_label>
              <response_label ident="choice_002">
                <material>
                  <mattext texttype="text/html">&lt;strong&gt;&lt;span style="color: #009900;"&gt;ionic bond&lt;/span&gt;&lt;/strong&gt;</mattext>
                </material>
              </response_label>
              <response_label ident="choice_003">
                <material>
                  <mattext texttype="text/html">&lt;strong&gt;&lt;span style="color: #b3b300;"&gt;non-polar covalent bond&lt;/span&gt;&lt;/strong&gt;</mattext>
                </material>
              </response_label>
              <response_label ident="choice_004">
                <material>
                  <mattext texttype="text/html">&lt;strong&gt;&lt;span style="color: #00b3b3;"&gt;polar covalent&amp;nbsp;bond&lt;/span&gt;&lt;/strong&gt;</mattext>
                </material>
              </response_label>
            </render_choice>
          </response_lid>
        </presentation>

        <resprocessing>
          <outcomes>
            <decvar maxvalue="100" minvalue="0" varname="SCORE" vartype="Decimal"/>
          </outcomes>
          <respcondition>
            <conditionvar>
              <varequal respident="response1">choice_001</varequal>
            </conditionvar>
            <setvar action="Set" varname="SCORE">100</setvar>
          </respcondition>
        </resprocessing>
      </item>

      <item ident="multiple_choice_019" title="a909_7551">
        <itemmetadata>
          <qtimetadata>
            <qtimetadatafield>
              <fieldlabel>question_type</fieldlabel>
              <fieldentry>multiple_choice_question</fieldentry>
            </qtimetadatafield>
            <qtimetadatafield>
              <fieldlabel>points_possible</fieldlabel>
              <fieldentry>1.0</fieldentry>
            </qtimetadatafield>
            <qtimetadatafield>
              <fieldlabel>original_answer_ids</fieldlabel>
              <fieldentry>choice_001,choice_002,choice_003,choice_004</fieldentry>
            </qtimetadatafield>
          </qtimetadata>
        </itemmetadata>

        <presentation>
          <material>
            <mattext texttype="text/html">&lt;p&gt;Which one of the following types of chemical bonds correspond to the example &lt;span style='font-size: 1em;'&gt;&lt;strong&gt;'N - H (in an amide group)'&lt;/strong&gt;&lt;/span&gt;.&lt;/p&gt;</mattext>
          </material>
          <response_lid ident="response1" rcardinality="Single">
            <render_choice>
              <response_label ident="choice_001">
                <material>
                  <mattext texttype="text/html">&lt;strong&gt;&lt;span style="color: #e60000;"&gt;hydrogen bond&lt;/span&gt;&lt;/strong&gt;</mattext>
                </material>
              </response_label>
              <response_label ident="choice_002">
                <material>
                  <mattext texttype="text/html">&lt;strong&gt;&lt;span style="color: #009900;"&gt;ionic bond&lt;/span&gt;&lt;/strong&gt;</mattext>
                </material>
              </response_label>
              <response_label ident="choice_003">
                <material>
                  <mattext texttype="text/html">&lt;strong&gt;&lt;span style="color: #b3b300;"&gt;non-polar covalent bond&lt;/span&gt;&lt;/strong&gt;</mattext>
                </material>
              </response_label>
              <response_label ident="choice_004">
                <material>
                  <mattext texttype="text/html">&lt;strong&gt;&lt;span style="color: #00b3b3;"&gt;polar covalent&amp;nbsp;bond&lt;/span&gt;&lt;/strong&gt;</mattext>
                </material>
              </response_label>
            </render_choice>
          </response_lid>
        </presentation>

        <resprocessing>
          <outcomes>
            <decvar maxvalue="100" minvalue="0" varname="SCORE" vartype="Decimal"/>
          </outcomes>
          <respcondition>
            <conditionvar>
              <varequal respident="response1">choice_004</varequal>
            </conditionvar>
            <setvar action="Set" varname="SCORE">100</setvar>
          </respcondition>
        </resprocessing>
      </item>

      <item ident="multiple_choice_020" title="c9dd_7551">
        <itemmetadata>
          <qtimetadata>
            <qtimetadatafield>
              <fieldlabel>question_type</fieldlabel>
              <fieldentry>multiple_choice_question</fieldentry>
            </qtimetadatafield>
            <qtimetadatafield>
              <fieldlabel>points_possible</fieldlabel>
              <fieldentry>1.0</fieldentry>
            </qtimetadatafield>
            <qtimetadatafield>
              <fieldlabel>original_answer_ids</fieldlabel>
              <fieldentry>choice_001,choice_002,choice_003,choice_004</fieldentry>
            </qtimetadatafield>
          </qtimetadata>
        </itemmetadata>

        <presentation>
          <material>
            <mattext texttype="text/html">&lt;p&gt;Which one of the following types of chemical bonds correspond to the example &lt;span style='font-size: 1em;'&gt;&lt;strong&gt;'H - O - H (water)'&lt;/strong&gt;&lt;/span&gt;.&lt;/p&gt;</mattext>
          </material>
          <response_lid ident="response1" rcardinality="Single">
            <render_choice>
              <response_label ident="choice_001">
                <material>
                  <mattext texttype="text/html">&lt;strong&gt;&lt;span style="color: #e60000;"&gt;hydrogen bond&lt;/span&gt;&lt;/strong&gt;</mattext>
                </material>
              </response_label>
              <response_label ident="choice_002">
                <material>
                  <mattext texttype="text/html">&lt;strong&gt;&lt;span style="color: #009900;"&gt;ionic bond&lt;/span&gt;&lt;/strong&gt;</mattext>
                </material>
              </response_label>
              <response_label ident="choice_003">
                <material>
                  <mattext texttype="text/html">&lt;strong&gt;&lt;span style="color: #b3b300;"&gt;non-polar covalent bond&lt;/span&gt;&lt;/strong&gt;</mattext>
                </material>
              </response_label>
              <response_label ident="choice_004">
                <material>
                  <mattext texttype="text/html">&lt;strong&gt;&lt;span style="color: #00b3b3;"&gt;polar covalent&amp;nbsp;bond&lt;/span&gt;&lt;/strong&gt;</mattext>
                </material>
              </response_label>
            </render_choice>
          </response_lid>
        </presentation>

        <resprocessing>
          <outcomes>
            <decvar maxvalue="100" minvalue="0" varname="SCORE" vartype="Decimal"/>
          </outcomes>
          <respcondition>
            <conditionvar>
              <varequal respident="response1">choice_004</varequal>
            </conditionvar>
            <setvar action="Set" varname="SCORE">100</setvar>
          </respcondition>
        </resprocessing>
      </item>

      <item ident="multiple_choice_021" title="eeeb_7551">
        <itemmetadata>
          <qtimetadata>
            <qtimetadatafield>
              <fieldlabel>question_type</fieldlabel>
              <fieldentry>multiple_choice_question</fieldentry>
            </qtimetadatafield>
            <qtimetadatafield>
              <fieldlabel>points_possible</fieldlabel>
              <fieldentry>1.0</fieldentry>
            </qtimetadatafield>
            <qtimetadatafield>
              <fieldlabel>original_answer_ids</fieldlabel>
              <fieldentry>choice_001,choice_002,choice_003,choice_004</fieldentry>
            </qtimetadatafield>
          </qtimetadata>
        </itemmetadata>

        <presentation>
          <material>
            <mattext texttype="text/html">&lt;p&gt;Which one of the following types of chemical bonds correspond to the example &lt;span style='font-size: 1em;'&gt;&lt;strong&gt;'O - H (in an alcohol group)'&lt;/strong&gt;&lt;/span&gt;.&lt;/p&gt;</mattext>
          </material>
          <response_lid ident="response1" rcardinality="Single">
            <render_choice>
              <response_label ident="choice_001">
                <material>
                  <mattext texttype="text/html">&lt;strong&gt;&lt;span style="color: #e60000;"&gt;hydrogen bond&lt;/span&gt;&lt;/strong&gt;</mattext>
                </material>
              </response_label>
              <response_label ident="choice_002">
                <material>
                  <mattext texttype="text/html">&lt;strong&gt;&lt;span style="color: #009900;"&gt;ionic bond&lt;/span&gt;&lt;/strong&gt;</mattext>
                </material>
              </response_label>
              <response_label ident="choice_003">
                <material>
                  <mattext texttype="text/html">&lt;strong&gt;&lt;span style="color: #b3b300;"&gt;non-polar covalent bond&lt;/span&gt;&lt;/strong&gt;</mattext>
                </material>
              </response_label>
              <response_label ident="choice_004">
                <material>
                  <mattext texttype="text/html">&lt;strong&gt;&lt;span style="color: #00b3b3;"&gt;polar covalent&amp;nbsp;bond&lt;/span&gt;&lt;/strong&gt;</mattext>
                </material>
              </response_label>
            </render_choice>
          </response_lid>
        </presentation>

        <resprocessing>
          <outcomes>
            <decvar maxvalue="100" minvalue="0" varname="SCORE" vartype="Decimal"/>
          </outcomes>
          <respcondition>
            <conditionvar>
              <varequal respident="response1">choice_004</varequal>
            </conditionvar>
            <setvar action="Set" varname="SCORE">100</setvar>
          </respcondition>
        </resprocessing>
      </item>

      <item ident="multiple_choice_022" title="f32f_7551">
        <itemmetadata>
          <qtimetadata>
            <qtimetadatafield>
              <fieldlabel>question_type</fieldlabel>
              <fieldentry>multiple_choice_question</fieldentry>
            </qtimetadatafield>
            <qtimetadatafield>
              <fieldlabel>points_possible</fieldlabel>
              <fieldentry>1.0</fieldentry>
            </qtimetadatafield>
            <qtimetadatafield>
              <fieldlabel>original_answer_ids</fieldlabel>
              <fieldentry>choice_001,choice_002,choice_003,choice_004</fieldentry>
            </qtimetadatafield>
          </qtimetadata>
        </itemmetadata>

        <presentation>
          <material>
            <mattext texttype="text/html">&lt;p&gt;Which one of the following types of chemical bonds correspond to the example &lt;span style='font-size: 1em;'&gt;&lt;strong&gt;'C - C (in ethane, C&lt;sub&gt;2&lt;/sub&gt;H&lt;sub&gt;6&lt;/sub&gt;)'&lt;/strong&gt;&lt;/span&gt;.&lt;/p&gt;</mattext>
          </material>
          <response_lid ident="response1" rcardinality="Single">
            <render_choice>
              <response_label ident="choice_001">
                <material>
                  <mattext texttype="text/html">&lt;strong&gt;&lt;span style="color: #e60000;"&gt;hydrogen bond&lt;/span&gt;&lt;/strong&gt;</mattext>
                </material>
              </response_label>
              <response_label ident="choice_002">
                <material>
                  <mattext texttype="text/html">&lt;strong&gt;&lt;span style="color: #009900;"&gt;ionic bond&lt;/span&gt;&lt;/strong&gt;</mattext>
                </material>
              </response_label>
              <response_label ident="choice_003">
                <material>
                  <mattext texttype="text/html">&lt;strong&gt;&lt;span style="color: #b3b300;"&gt;non-polar covalent bond&lt;/span&gt;&lt;/strong&gt;</mattext>
                </material>
              </response_label>
              <response_label ident="choice_004">
                <material>
                  <mattext texttype="text/html">&lt;strong&gt;&lt;span style="color: #00b3b3;"&gt;polar covalent&amp;nbsp;bond&lt;/span&gt;&lt;/strong&gt;</mattext>
                </material>
              </response_label>
            </render_choice>
          </response_lid>
        </presentation>

        <resprocessing>
          <outcomes>
            <decvar maxvalue="100" minvalue="0" varname="SCORE" vartype="Decimal"/>
          </outcomes>
          <respcondition>
            <conditionvar>
              <varequal respident="response1">choice_003</varequal>
            </conditionvar>
            <setvar action="Set" varname="SCORE">100</setvar>
          </respcondition>
        </resprocessing>
      </item>
    </section>
  </assessment>
</questestinterop>
