<?xml version='1.0' encoding='UTF-8'?>
<assessmentItem xmlns="http://www.imsglobal.org/xsd/imsqti_v2p1" xmlns:xsi="http://www.w3.org/2001/XMLSchema-instance" xmlns:ns8="http://www.w3.org/1999/xlink" xmlns:ns9="http://www.imsglobal.org/xsd/apip/apipv1p0/imsapip_qtiv1p0" xsi:schemaLocation="http://www.imsglobal.org/xsd/imsqti_v2p1 http://www.imsglobal.org/xsd/qti/qtiv2p1/imsqti_v2p1.xsd" title="5619_c29d_4951" adaptive="false" timeDependent="false" identifier="5619_c29d_4951">
  <responseDeclaration baseType="directedPair" cardinality="multiple" identifier="RESPONSE">
    <correctResponse>
      <value>prompt_001 choice_001</value>
      <value>prompt_002 choice_002</value>
      <value>prompt_003 choice_003</value>
      <value>prompt_004 choice_004</value>
    </correctResponse>
    <mapping defaultValue="0">
      <mapEntry mapKey="prompt_001 choice_001" mappedValue="1"/>
      <mapEntry mapKey="prompt_002 choice_002" mappedValue="1"/>
      <mapEntry mapKey="prompt_003 choice_003" mappedValue="1"/>
      <mapEntry mapKey="prompt_004 choice_004" mappedValue="1"/>
    </mapping>
  </responseDeclaration>
  <outcomeDeclaration baseType="float" cardinality="single" identifier="SCORE"/>
  <itemBody>
    <div>
      <div id="drv_e7be" oncopy="return false;" onpaste="return false;" oncut="return false;" oncontextmenu="return false;" onmousedown="return false;" onselectstart="return false;">
        <p>Match<span style="font-size: 1px; color: white;">lac</span>each of the<span style="font-size: 1px; color: white;">crispr</span>following types<span style="font-size: 1px; color: white;">than</span>of<span style="font-size: 1px; color: white;">mental</span>macromolecules<span style="font-size: 1px; color: white;">hiv</span>with<span style="font-size: 1px; color: white;">dgtp</span>their<span style="font-size: 1px; color: white;">life</span>corresponding<span style="font-size: 1px; color: white;">savory</span>macromolecules.</p>
        <p><i>Note:</i> Each<span style="font-size: 1px; color: white;">talose</span>choice will<span style="font-size: 1px; color: white;">since</span>be<span style="font-size: 1px; color: white;">tag</span>used<span style="font-size: 1px; color: white;">sugars</span>exactly once.</p>
        <span style="font-size: 1px; color: white;">aro</span>
      </div>
    </div>
    <matchInteraction responseIdentifier="RESPONSE" shuffle="true" maxAssociations="4">
      <prompt>&lt;div id="drv_e7be" oncopy="return false;" onpaste="return false;" oncut="return false;" oncontextmenu="return false;" onmousedown="return false;" onselectstart="return false;" &gt;&lt;p&gt;Match&lt;span style='font-size: 1px; color: white;'&gt;lac&lt;/span&gt;each of the&lt;span style='font-size: 1px; color: white;'&gt;crispr&lt;/span&gt;following types&lt;span style='font-size: 1px; color: white;'&gt;than&lt;/span&gt;of&lt;span style='font-size: 1px; color: white;'&gt;mental&lt;/span&gt;macromolecules&lt;span style='font-size: 1px; color: white;'&gt;hiv&lt;/span&gt;with&lt;span style='font-size: 1px; color: white;'&gt;dgtp&lt;/span&gt;their&lt;span style='font-size: 1px; color: white;'&gt;life&lt;/span&gt;corresponding&lt;span style='font-size: 1px; color: white;'&gt;savory&lt;/span&gt;macromolecules.&lt;/p&gt;&lt;p&gt;&lt;i&gt;Note:&lt;/i&gt; Each&lt;span style='font-size: 1px; color: white;'&gt;talose&lt;/span&gt;choice will&lt;span style='font-size: 1px; color: white;'&gt;since&lt;/span&gt;be&lt;span style='font-size: 1px; color: white;'&gt;tag&lt;/span&gt;used&lt;span style='font-size: 1px; color: white;'&gt;sugars&lt;/span&gt;exactly once.&lt;/p&gt;&lt;span style='font-size: 1px; color: white;'&gt;aro&lt;/span&gt;&lt;/div&gt;</prompt>
      <simpleMatchSet>
        <simpleAssociableChoice identifier="prompt_001" fixed="true" matchMax="1" matchMin="0">
          <p>
            <div id="drv_16d6" oncopy="return false;" onpaste="return false;" oncut="return false;" oncontextmenu="return false;" onmousedown="return false;" onselectstart="return false;">
              <strong>
                <span style="color: #e65400;">lipids</span>
              </strong>
              <span style="font-size: 1px; color: white;">basis</span>
            </div>
          </p>
        </simpleAssociableChoice>
        <simpleAssociableChoice identifier="prompt_002" fixed="true" matchMax="1" matchMin="0">
          <p>
            <div id="drv_9bef" oncopy="return false;" onpaste="return false;" oncut="return false;" oncontextmenu="return false;" onmousedown="return false;" onselectstart="return false;"><strong><span style="color: #009900;">proteins</span></strong> </div>
          </p>
        </simpleAssociableChoice>
        <simpleAssociableChoice identifier="prompt_003" fixed="true" matchMax="1" matchMin="0">
          <p>
            <div id="drv_1fc4" oncopy="return false;" onpaste="return false;" oncut="return false;" oncontextmenu="return false;" onmousedown="return false;" onselectstart="return false;">
              <strong>
                <span style="color: #b30077;">nucleic acids</span>
              </strong>
              <span style="font-size: 1px; color: white;">eion</span>
            </div>
          </p>
        </simpleAssociableChoice>
        <simpleAssociableChoice identifier="prompt_004" fixed="true" matchMax="1" matchMin="0">
          <p>
            <div id="drv_f214" oncopy="return false;" onpaste="return false;" oncut="return false;" oncontextmenu="return false;" onmousedown="return false;" onselectstart="return false;">
              <strong>
                <span style="color: #0039e6;">carbohydrates</span>
              </strong>
              <span style="font-size: 1px; color: white;">van</span>
            </div>
          </p>
        </simpleAssociableChoice>
      </simpleMatchSet>
      <simpleMatchSet>
        <simpleAssociableChoice identifier="choice_001" fixed="true" matchMax="4" matchMin="0">
          <p>
            <div id="drv_faa2" oncopy="return false;" onpaste="return false;" oncut="return false;" oncontextmenu="return false;" onmousedown="return false;" onselectstart="return false;">estrogen<span style="font-size: 1px; color: white;">origin</span></div>
          </p>
        </simpleAssociableChoice>
        <simpleAssociableChoice identifier="choice_002" fixed="true" matchMax="4" matchMin="0">
          <p>
            <div id="drv_c8e6" oncopy="return false;" onpaste="return false;" oncut="return false;" oncontextmenu="return false;" onmousedown="return false;" onselectstart="return false;">polypeptides<span style="font-size: 1px; color: white;">tyler</span></div>
          </p>
        </simpleAssociableChoice>
        <simpleAssociableChoice identifier="choice_003" fixed="true" matchMax="4" matchMin="0">
          <p>
            <div id="drv_6c51" oncopy="return false;" onpaste="return false;" oncut="return false;" oncontextmenu="return false;" onmousedown="return false;" onselectstart="return false;">messenger RNA </div>
          </p>
        </simpleAssociableChoice>
        <simpleAssociableChoice identifier="choice_004" fixed="true" matchMax="4" matchMin="0">
          <p>
            <div id="drv_19cf" oncopy="return false;" onpaste="return false;" oncut="return false;" oncontextmenu="return false;" onmousedown="return false;" onselectstart="return false;">macromolecule used<span style="font-size: 1px; color: white;">modern</span>to<span style="font-size: 1px; color: white;">oxide</span>make<span style="font-size: 1px; color: white;">bcell</span>strong<span style="font-size: 1px; color: white;">edge</span>and<span style="font-size: 1px; color: white;">lariat</span>flexible<span style="font-size: 1px; color: white;">waves</span>surgical<span style="font-size: 1px; color: white;">test</span>thread<span style="font-size: 1px; color: white;">gapdh</span></div>
          </p>
        </simpleAssociableChoice>
      </simpleMatchSet>
    </matchInteraction>
  </itemBody>
  <responseProcessing template="http://www.imsglobal.org/question/qti_v2p1/rptemplates/map_response"/>
</assessmentItem>
