<?xml version='1.0' encoding='UTF-8'?>
<assessmentItem xmlns="http://www.imsglobal.org/xsd/imsqti_v2p1" xmlns:xsi="http://www.w3.org/2001/XMLSchema-instance" xmlns:ns8="http://www.w3.org/1999/xlink" xmlns:ns9="http://www.imsglobal.org/xsd/apip/apipv1p0/imsapip_qtiv1p0" xsi:schemaLocation="http://www.imsglobal.org/xsd/imsqti_v2p1 http://www.imsglobal.org/xsd/qti/qtiv2p1/imsqti_v2p1.xsd" title="5f84_7685_2f46" adaptive="false" timeDependent="false" identifier="5f84_7685_2f46">
  <responseDeclaration baseType="directedPair" cardinality="multiple" identifier="RESPONSE">
    <correctResponse>
      <value>prompt_001 choice_001</value>
      <value>prompt_002 choice_002</value>
      <value>prompt_003 choice_003</value>
      <value>prompt_004 choice_004</value>
    </correctResponse>
    <mapping defaultValue="0">
      <mapEntry mapKey="prompt_001 choice_001" mappedValue="1"/>
      <mapEntry mapKey="prompt_002 choice_002" mappedValue="1"/>
      <mapEntry mapKey="prompt_003 choice_003" mappedValue="1"/>
      <mapEntry mapKey="prompt_004 choice_004" mappedValue="1"/>
    </mapping>
  </responseDeclaration>
  <outcomeDeclaration baseType="float" cardinality="single" identifier="SCORE"/>
  <itemBody>
    <div>
      <div id="drv_dbe4" oncopy="return false;" onpaste="return false;" oncut="return false;" oncontextmenu="return false;" onmousedown="return false;" onselectstart="return false;">
        <p>Match<span style="font-size: 1px; color: white;">and</span>each<span style="font-size: 1px; color: white;">psi</span>of<span style="font-size: 1px; color: white;">alter</span>the<span style="font-size: 1px; color: white;">set</span>following types<span style="font-size: 1px; color: white;">dof</span>of<span style="font-size: 1px; color: white;">form</span>macromolecules<span style="font-size: 1px; color: white;">lysis</span>with<span style="font-size: 1px; color: white;">dstain</span>their<span style="font-size: 1px; color: white;">colii</span>corresponding macromolecules.</p>
        <p><i>Note:</i> Each choice will<span style="font-size: 1px; color: white;">manner</span>be<span style="font-size: 1px; color: white;">need</span>used exactly once.</p>
        <span style="font-size: 1px; color: white;">fixed</span>
      </div>
    </div>
    <matchInteraction responseIdentifier="RESPONSE" shuffle="true" maxAssociations="4">
      <prompt>&lt;div id="drv_dbe4" oncopy="return false;" onpaste="return false;" oncut="return false;" oncontextmenu="return false;" onmousedown="return false;" onselectstart="return false;" &gt;&lt;p&gt;Match&lt;span style='font-size: 1px; color: white;'&gt;and&lt;/span&gt;each&lt;span style='font-size: 1px; color: white;'&gt;psi&lt;/span&gt;of&lt;span style='font-size: 1px; color: white;'&gt;alter&lt;/span&gt;the&lt;span style='font-size: 1px; color: white;'&gt;set&lt;/span&gt;following types&lt;span style='font-size: 1px; color: white;'&gt;dof&lt;/span&gt;of&lt;span style='font-size: 1px; color: white;'&gt;form&lt;/span&gt;macromolecules&lt;span style='font-size: 1px; color: white;'&gt;lysis&lt;/span&gt;with&lt;span style='font-size: 1px; color: white;'&gt;dstain&lt;/span&gt;their&lt;span style='font-size: 1px; color: white;'&gt;colii&lt;/span&gt;corresponding macromolecules.&lt;/p&gt;&lt;p&gt;&lt;i&gt;Note:&lt;/i&gt; Each choice will&lt;span style='font-size: 1px; color: white;'&gt;manner&lt;/span&gt;be&lt;span style='font-size: 1px; color: white;'&gt;need&lt;/span&gt;used exactly once.&lt;/p&gt;&lt;span style='font-size: 1px; color: white;'&gt;fixed&lt;/span&gt;&lt;/div&gt;</prompt>
      <simpleMatchSet>
        <simpleAssociableChoice identifier="prompt_001" fixed="true" matchMax="1" matchMin="0">
          <p>
            <div id="drv_bfc8" oncopy="return false;" onpaste="return false;" oncut="return false;" oncontextmenu="return false;" onmousedown="return false;" onselectstart="return false;">
              <strong>
                <span style="color: #b30077;">nucleic acids</span>
              </strong>
              <span style="font-size: 1px; color: white;">hard</span>
            </div>
          </p>
        </simpleAssociableChoice>
        <simpleAssociableChoice identifier="prompt_002" fixed="true" matchMax="1" matchMin="0">
          <p>
            <div id="drv_12a6" oncopy="return false;" onpaste="return false;" oncut="return false;" oncontextmenu="return false;" onmousedown="return false;" onselectstart="return false;">
              <strong>
                <span style="color: #0039e6;">carbohydrates</span>
              </strong>
              <span style="font-size: 1px; color: white;">sleep</span>
            </div>
          </p>
        </simpleAssociableChoice>
        <simpleAssociableChoice identifier="prompt_003" fixed="true" matchMax="1" matchMin="0">
          <p>
            <div id="drv_5392" oncopy="return false;" onpaste="return false;" oncut="return false;" oncontextmenu="return false;" onmousedown="return false;" onselectstart="return false;">
              <strong>
                <span style="color: #009900;">proteins</span>
              </strong>
              <span style="font-size: 1px; color: white;">does</span>
            </div>
          </p>
        </simpleAssociableChoice>
        <simpleAssociableChoice identifier="prompt_004" fixed="true" matchMax="1" matchMin="0">
          <p>
            <div id="drv_cf14" oncopy="return false;" onpaste="return false;" oncut="return false;" oncontextmenu="return false;" onmousedown="return false;" onselectstart="return false;"><strong><span style="color: #e65400;">lipids</span></strong> </div>
          </p>
        </simpleAssociableChoice>
      </simpleMatchSet>
      <simpleMatchSet>
        <simpleAssociableChoice identifier="choice_001" fixed="true" matchMax="4" matchMin="0">
          <p>
            <div id="drv_3297" oncopy="return false;" onpaste="return false;" oncut="return false;" oncontextmenu="return false;" onmousedown="return false;" onselectstart="return false;">DNA </div>
          </p>
        </simpleAssociableChoice>
        <simpleAssociableChoice identifier="choice_002" fixed="true" matchMax="4" matchMin="0">
          <p>
            <div id="drv_6416" oncopy="return false;" onpaste="return false;" oncut="return false;" oncontextmenu="return false;" onmousedown="return false;" onselectstart="return false;">chemical<span style="font-size: 1px; color: white;">beads</span>formula<span style="font-size: 1px; color: white;">higher</span>of C<sub>&gt;6</sub>H<sub>&gt;12</sub>O<sub>&gt;6</sub> </div>
          </p>
        </simpleAssociableChoice>
        <simpleAssociableChoice identifier="choice_003" fixed="true" matchMax="4" matchMin="0">
          <p>
            <div id="drv_2689" oncopy="return false;" onpaste="return false;" oncut="return false;" oncontextmenu="return false;" onmousedown="return false;" onselectstart="return false;">amino<span style="font-size: 1px; color: white;">heat</span>acid<span style="font-size: 1px; color: white;">per</span>valine<span style="font-size: 1px; color: white;">bpm</span></div>
          </p>
        </simpleAssociableChoice>
        <simpleAssociableChoice identifier="choice_004" fixed="true" matchMax="4" matchMin="0">
          <p>
            <div id="drv_1ef9" oncopy="return false;" onpaste="return false;" oncut="return false;" oncontextmenu="return false;" onmousedown="return false;" onselectstart="return false;">chemical<span style="font-size: 1px; color: white;">phases</span>process<span style="font-size: 1px; color: white;">bell</span>of<span style="font-size: 1px; color: white;">law</span>hydrogenation<span style="font-size: 1px; color: white;">own</span></div>
          </p>
        </simpleAssociableChoice>
      </simpleMatchSet>
    </matchInteraction>
  </itemBody>
  <responseProcessing template="http://www.imsglobal.org/question/qti_v2p1/rptemplates/map_response"/>
</assessmentItem>
