<?xml version='1.0' encoding='UTF-8'?>
<assessmentItem xmlns="http://www.imsglobal.org/xsd/imsqti_v2p1" xmlns:xsi="http://www.w3.org/2001/XMLSchema-instance" xmlns:ns8="http://www.w3.org/1999/xlink" xmlns:ns9="http://www.imsglobal.org/xsd/apip/apipv1p0/imsapip_qtiv1p0" xsi:schemaLocation="http://www.imsglobal.org/xsd/imsqti_v2p1 http://www.imsglobal.org/xsd/qti/qtiv2p1/imsqti_v2p1.xsd" title="3fe3_17eb_33f3" adaptive="false" timeDependent="false" identifier="3fe3_17eb_33f3">
  <responseDeclaration baseType="directedPair" cardinality="multiple" identifier="RESPONSE">
    <correctResponse>
      <value>prompt_001 choice_001</value>
      <value>prompt_002 choice_002</value>
      <value>prompt_003 choice_003</value>
      <value>prompt_004 choice_004</value>
    </correctResponse>
    <mapping defaultValue="0">
      <mapEntry mapKey="prompt_001 choice_001" mappedValue="1"/>
      <mapEntry mapKey="prompt_002 choice_002" mappedValue="1"/>
      <mapEntry mapKey="prompt_003 choice_003" mappedValue="1"/>
      <mapEntry mapKey="prompt_004 choice_004" mappedValue="1"/>
    </mapping>
  </responseDeclaration>
  <outcomeDeclaration baseType="float" cardinality="single" identifier="SCORE"/>
  <itemBody>
    <div>
      <div id="drv_17ac" oncopy="return false;" onpaste="return false;" oncut="return false;" oncontextmenu="return false;" onmousedown="return false;" onselectstart="return false;">
        <p>Match<span style="font-size: 1px; color: white;">falsed</span>each<span style="font-size: 1px; color: white;">author</span>of<span style="font-size: 1px; color: white;">none</span>the<span style="font-size: 1px; color: white;">daily</span>following<span style="font-size: 1px; color: white;">pla</span>types<span style="font-size: 1px; color: white;">mass</span>of macromolecules<span style="font-size: 1px; color: white;">bridge</span>with their corresponding<span style="font-size: 1px; color: white;">gapdh</span>macromolecules.</p>
        <p><i>Note:</i> Each choice<span style="font-size: 1px; color: white;">cross</span>will<span style="font-size: 1px; color: white;">happen</span>be<span style="font-size: 1px; color: white;">turns</span>used<span style="font-size: 1px; color: white;">iex</span>exactly<span style="font-size: 1px; color: white;">washer</span>once.</p>
        <span style="font-size: 1px; color: white;">model</span>
      </div>
    </div>
    <matchInteraction responseIdentifier="RESPONSE" shuffle="true" maxAssociations="4">
      <prompt>&lt;div id="drv_17ac" oncopy="return false;" onpaste="return false;" oncut="return false;" oncontextmenu="return false;" onmousedown="return false;" onselectstart="return false;" &gt;&lt;p&gt;Match&lt;span style='font-size: 1px; color: white;'&gt;falsed&lt;/span&gt;each&lt;span style='font-size: 1px; color: white;'&gt;author&lt;/span&gt;of&lt;span style='font-size: 1px; color: white;'&gt;none&lt;/span&gt;the&lt;span style='font-size: 1px; color: white;'&gt;daily&lt;/span&gt;following&lt;span style='font-size: 1px; color: white;'&gt;pla&lt;/span&gt;types&lt;span style='font-size: 1px; color: white;'&gt;mass&lt;/span&gt;of macromolecules&lt;span style='font-size: 1px; color: white;'&gt;bridge&lt;/span&gt;with their corresponding&lt;span style='font-size: 1px; color: white;'&gt;gapdh&lt;/span&gt;macromolecules.&lt;/p&gt;&lt;p&gt;&lt;i&gt;Note:&lt;/i&gt; Each choice&lt;span style='font-size: 1px; color: white;'&gt;cross&lt;/span&gt;will&lt;span style='font-size: 1px; color: white;'&gt;happen&lt;/span&gt;be&lt;span style='font-size: 1px; color: white;'&gt;turns&lt;/span&gt;used&lt;span style='font-size: 1px; color: white;'&gt;iex&lt;/span&gt;exactly&lt;span style='font-size: 1px; color: white;'&gt;washer&lt;/span&gt;once.&lt;/p&gt;&lt;span style='font-size: 1px; color: white;'&gt;model&lt;/span&gt;&lt;/div&gt;</prompt>
      <simpleMatchSet>
        <simpleAssociableChoice identifier="prompt_001" fixed="true" matchMax="1" matchMin="0">
          <p>
            <div id="drv_ca52" oncopy="return false;" onpaste="return false;" oncut="return false;" oncontextmenu="return false;" onmousedown="return false;" onselectstart="return false;">
              <strong>
                <span style="color: #0039e6;">carbohydrates</span>
              </strong>
              <span style="font-size: 1px; color: white;">bigger</span>
            </div>
          </p>
        </simpleAssociableChoice>
        <simpleAssociableChoice identifier="prompt_002" fixed="true" matchMax="1" matchMin="0">
          <p>
            <div id="drv_6e52" oncopy="return false;" onpaste="return false;" oncut="return false;" oncontextmenu="return false;" onmousedown="return false;" onselectstart="return false;">
              <strong>
                <span style="color: #009900;">proteins</span>
              </strong>
              <span style="font-size: 1px; color: white;">yeah</span>
            </div>
          </p>
        </simpleAssociableChoice>
        <simpleAssociableChoice identifier="prompt_003" fixed="true" matchMax="1" matchMin="0">
          <p>
            <div id="drv_f47c" oncopy="return false;" onpaste="return false;" oncut="return false;" oncontextmenu="return false;" onmousedown="return false;" onselectstart="return false;">
              <strong>
                <span style="color: #e65400;">lipids</span>
              </strong>
              <span style="font-size: 1px; color: white;">doesnt</span>
            </div>
          </p>
        </simpleAssociableChoice>
        <simpleAssociableChoice identifier="prompt_004" fixed="true" matchMax="1" matchMin="0">
          <p>
            <div id="drv_46a3" oncopy="return false;" onpaste="return false;" oncut="return false;" oncontextmenu="return false;" onmousedown="return false;" onselectstart="return false;">
              <strong>
                <span style="color: #b30077;">nucleic<span style="font-size: 1px; color: white;">units</span>acids</span>
              </strong>
              <span style="font-size: 1px; color: white;">animal</span>
            </div>
          </p>
        </simpleAssociableChoice>
      </simpleMatchSet>
      <simpleMatchSet>
        <simpleAssociableChoice identifier="choice_001" fixed="true" matchMax="4" matchMin="0">
          <p>
            <div id="drv_2bec" oncopy="return false;" onpaste="return false;" oncut="return false;" oncontextmenu="return false;" onmousedown="return false;" onselectstart="return false;">macromolecule<span style="font-size: 1px; color: white;">plays</span>used<span style="font-size: 1px; color: white;">spine</span>to<span style="font-size: 1px; color: white;">filial</span>make strong<span style="font-size: 1px; color: white;">truthm</span>and<span style="font-size: 1px; color: white;">folded</span>flexible<span style="font-size: 1px; color: white;">aform</span>surgical<span style="font-size: 1px; color: white;">patent</span>thread<span style="font-size: 1px; color: white;">occurs</span></div>
          </p>
        </simpleAssociableChoice>
        <simpleAssociableChoice identifier="choice_002" fixed="true" matchMax="4" matchMin="0">
          <p>
            <div id="drv_1e44" oncopy="return false;" onpaste="return false;" oncut="return false;" oncontextmenu="return false;" onmousedown="return false;" onselectstart="return false;">amino acid<span style="font-size: 1px; color: white;">hand</span>glutamine<span style="font-size: 1px; color: white;">dctp</span></div>
          </p>
        </simpleAssociableChoice>
        <simpleAssociableChoice identifier="choice_003" fixed="true" matchMax="4" matchMin="0">
          <p>
            <div id="drv_5f27" oncopy="return false;" onpaste="return false;" oncut="return false;" oncontextmenu="return false;" onmousedown="return false;" onselectstart="return false;">fat<span style="font-size: 1px; color: white;">ground</span></div>
          </p>
        </simpleAssociableChoice>
        <simpleAssociableChoice identifier="choice_004" fixed="true" matchMax="4" matchMin="0">
          <p>
            <div id="drv_8f20" oncopy="return false;" onpaste="return false;" oncut="return false;" oncontextmenu="return false;" onmousedown="return false;" onselectstart="return false;">deoxyribonucleic<span style="font-size: 1px; color: white;">sum</span>acid<span style="font-size: 1px; color: white;">mom</span></div>
          </p>
        </simpleAssociableChoice>
      </simpleMatchSet>
    </matchInteraction>
  </itemBody>
  <responseProcessing template="http://www.imsglobal.org/question/qti_v2p1/rptemplates/map_response"/>
</assessmentItem>
