<?xml version='1.0' encoding='UTF-8'?>
<assessmentItem xmlns="http://www.imsglobal.org/xsd/imsqti_v2p1" xmlns:xsi="http://www.w3.org/2001/XMLSchema-instance" xmlns:ns8="http://www.w3.org/1999/xlink" xmlns:ns9="http://www.imsglobal.org/xsd/apip/apipv1p0/imsapip_qtiv1p0" xsi:schemaLocation="http://www.imsglobal.org/xsd/imsqti_v2p1 http://www.imsglobal.org/xsd/qti/qtiv2p1/imsqti_v2p1.xsd" title="8729_8d29_809c" adaptive="false" timeDependent="false" identifier="8729_8d29_809c">
  <responseDeclaration baseType="directedPair" cardinality="multiple" identifier="RESPONSE">
    <correctResponse>
      <value>prompt_001 choice_001</value>
      <value>prompt_002 choice_002</value>
      <value>prompt_003 choice_003</value>
      <value>prompt_004 choice_004</value>
    </correctResponse>
    <mapping defaultValue="0">
      <mapEntry mapKey="prompt_001 choice_001" mappedValue="1"/>
      <mapEntry mapKey="prompt_002 choice_002" mappedValue="1"/>
      <mapEntry mapKey="prompt_003 choice_003" mappedValue="1"/>
      <mapEntry mapKey="prompt_004 choice_004" mappedValue="1"/>
    </mapping>
  </responseDeclaration>
  <outcomeDeclaration baseType="float" cardinality="single" identifier="SCORE"/>
  <itemBody>
    <div>
      <div id="drv_88f2" oncopy="return false;" onpaste="return false;" oncut="return false;" oncontextmenu="return false;" onmousedown="return false;" onselectstart="return false;">
        <p>Match each<span style="font-size: 1px; color: white;">can</span>of<span style="font-size: 1px; color: white;">layers</span>the<span style="font-size: 1px; color: white;">thing</span>following<span style="font-size: 1px; color: white;">fatty</span>types<span style="font-size: 1px; color: white;">name</span>of<span style="font-size: 1px; color: white;">fmn</span>macromolecules<span style="font-size: 1px; color: white;">gets</span>with<span style="font-size: 1px; color: white;">bfd</span>their corresponding macromolecules.</p>
        <p><i>Note:</i> Each choice<span style="font-size: 1px; color: white;">fusion</span>will<span style="font-size: 1px; color: white;">cells</span>be<span style="font-size: 1px; color: white;">turner</span>used<span style="font-size: 1px; color: white;">nonetd</span>exactly once.</p>
        <span style="font-size: 1px; color: white;">datp</span>
      </div>
    </div>
    <matchInteraction responseIdentifier="RESPONSE" shuffle="true" maxAssociations="4">
      <prompt>&lt;div id="drv_88f2" oncopy="return false;" onpaste="return false;" oncut="return false;" oncontextmenu="return false;" onmousedown="return false;" onselectstart="return false;" &gt;&lt;p&gt;Match each&lt;span style='font-size: 1px; color: white;'&gt;can&lt;/span&gt;of&lt;span style='font-size: 1px; color: white;'&gt;layers&lt;/span&gt;the&lt;span style='font-size: 1px; color: white;'&gt;thing&lt;/span&gt;following&lt;span style='font-size: 1px; color: white;'&gt;fatty&lt;/span&gt;types&lt;span style='font-size: 1px; color: white;'&gt;name&lt;/span&gt;of&lt;span style='font-size: 1px; color: white;'&gt;fmn&lt;/span&gt;macromolecules&lt;span style='font-size: 1px; color: white;'&gt;gets&lt;/span&gt;with&lt;span style='font-size: 1px; color: white;'&gt;bfd&lt;/span&gt;their corresponding macromolecules.&lt;/p&gt;&lt;p&gt;&lt;i&gt;Note:&lt;/i&gt; Each choice&lt;span style='font-size: 1px; color: white;'&gt;fusion&lt;/span&gt;will&lt;span style='font-size: 1px; color: white;'&gt;cells&lt;/span&gt;be&lt;span style='font-size: 1px; color: white;'&gt;turner&lt;/span&gt;used&lt;span style='font-size: 1px; color: white;'&gt;nonetd&lt;/span&gt;exactly once.&lt;/p&gt;&lt;span style='font-size: 1px; color: white;'&gt;datp&lt;/span&gt;&lt;/div&gt;</prompt>
      <simpleMatchSet>
        <simpleAssociableChoice identifier="prompt_001" fixed="true" matchMax="1" matchMin="0">
          <p>
            <div id="drv_9266" oncopy="return false;" onpaste="return false;" oncut="return false;" oncontextmenu="return false;" onmousedown="return false;" onselectstart="return false;"><strong><span style="color: #e65400;">lipids</span></strong> </div>
          </p>
        </simpleAssociableChoice>
        <simpleAssociableChoice identifier="prompt_002" fixed="true" matchMax="1" matchMin="0">
          <p>
            <div id="drv_b30b" oncopy="return false;" onpaste="return false;" oncut="return false;" oncontextmenu="return false;" onmousedown="return false;" onselectstart="return false;">
              <strong>
                <span style="color: #0039e6;">carbohydrates</span>
              </strong>
              <span style="font-size: 1px; color: white;">combat</span>
            </div>
          </p>
        </simpleAssociableChoice>
        <simpleAssociableChoice identifier="prompt_003" fixed="true" matchMax="1" matchMin="0">
          <p>
            <div id="drv_6563" oncopy="return false;" onpaste="return false;" oncut="return false;" oncontextmenu="return false;" onmousedown="return false;" onselectstart="return false;"><strong><span style="color: #009900;">proteins</span></strong> </div>
          </p>
        </simpleAssociableChoice>
        <simpleAssociableChoice identifier="prompt_004" fixed="true" matchMax="1" matchMin="0">
          <p>
            <div id="drv_07c5" oncopy="return false;" onpaste="return false;" oncut="return false;" oncontextmenu="return false;" onmousedown="return false;" onselectstart="return false;">
              <strong>
                <span style="color: #b30077;">nucleic<span style="font-size: 1px; color: white;">modify</span>acids</span>
              </strong>
              <span style="font-size: 1px; color: white;">treat</span>
            </div>
          </p>
        </simpleAssociableChoice>
      </simpleMatchSet>
      <simpleMatchSet>
        <simpleAssociableChoice identifier="choice_001" fixed="true" matchMax="4" matchMin="0">
          <p>
            <div id="drv_df6c" oncopy="return false;" onpaste="return false;" oncut="return false;" oncontextmenu="return false;" onmousedown="return false;" onselectstart="return false;">phospho<strong><span style="color: #e65400;">lipids</span></strong><span style="font-size: 1px; color: white;">box</span></div>
          </p>
        </simpleAssociableChoice>
        <simpleAssociableChoice identifier="choice_002" fixed="true" matchMax="4" matchMin="0">
          <p>
            <div id="drv_084a" oncopy="return false;" onpaste="return false;" oncut="return false;" oncontextmenu="return false;" onmousedown="return false;" onselectstart="return false;">main<span style="font-size: 1px; color: white;">ocean</span>compontent of<span style="font-size: 1px; color: white;">reach</span>the<span style="font-size: 1px; color: white;">second</span>tough<span style="font-size: 1px; color: white;">begg</span>cell wall in<span style="font-size: 1px; color: white;">set</span>plants<span style="font-size: 1px; color: white;">abf</span></div>
          </p>
        </simpleAssociableChoice>
        <simpleAssociableChoice identifier="choice_003" fixed="true" matchMax="4" matchMin="0">
          <p>
            <div id="drv_a836" oncopy="return false;" onpaste="return false;" oncut="return false;" oncontextmenu="return false;" onmousedown="return false;" onselectstart="return false;">side chains </div>
          </p>
        </simpleAssociableChoice>
        <simpleAssociableChoice identifier="choice_004" fixed="true" matchMax="4" matchMin="0">
          <p>
            <div id="drv_3330" oncopy="return false;" onpaste="return false;" oncut="return false;" oncontextmenu="return false;" onmousedown="return false;" onselectstart="return false;">polynucleotides<span style="font-size: 1px; color: white;">pushes</span></div>
          </p>
        </simpleAssociableChoice>
      </simpleMatchSet>
    </matchInteraction>
  </itemBody>
  <responseProcessing template="http://www.imsglobal.org/question/qti_v2p1/rptemplates/map_response"/>
</assessmentItem>
