<?xml version='1.0' encoding='UTF-8'?>
<assessmentItem xmlns="http://www.imsglobal.org/xsd/imsqti_v2p1" xmlns:xsi="http://www.w3.org/2001/XMLSchema-instance" xmlns:ns8="http://www.w3.org/1999/xlink" xmlns:ns9="http://www.imsglobal.org/xsd/apip/apipv1p0/imsapip_qtiv1p0" xsi:schemaLocation="http://www.imsglobal.org/xsd/imsqti_v2p1 http://www.imsglobal.org/xsd/qti/qtiv2p1/imsqti_v2p1.xsd" title="f2d8_3cdc_9ebe" adaptive="false" timeDependent="false" identifier="f2d8_3cdc_9ebe">
  <responseDeclaration baseType="directedPair" cardinality="multiple" identifier="RESPONSE">
    <correctResponse>
      <value>prompt_001 choice_001</value>
      <value>prompt_002 choice_002</value>
      <value>prompt_003 choice_003</value>
      <value>prompt_004 choice_004</value>
    </correctResponse>
    <mapping defaultValue="0">
      <mapEntry mapKey="prompt_001 choice_001" mappedValue="1"/>
      <mapEntry mapKey="prompt_002 choice_002" mappedValue="1"/>
      <mapEntry mapKey="prompt_003 choice_003" mappedValue="1"/>
      <mapEntry mapKey="prompt_004 choice_004" mappedValue="1"/>
    </mapping>
  </responseDeclaration>
  <outcomeDeclaration baseType="float" cardinality="single" identifier="SCORE"/>
  <itemBody>
    <div>
      <div id="drv_a6c5" oncopy="return false;" onpaste="return false;" oncut="return false;" oncontextmenu="return false;" onmousedown="return false;" onselectstart="return false;">
        <p>Match each<span style="font-size: 1px; color: white;">turned</span>of<span style="font-size: 1px; color: white;">pcr</span>the following<span style="font-size: 1px; color: white;">novel</span>types<span style="font-size: 1px; color: white;">below</span>of<span style="font-size: 1px; color: white;">key</span>macromolecules with<span style="font-size: 1px; color: white;">gaps</span>their<span style="font-size: 1px; color: white;">high</span>corresponding<span style="font-size: 1px; color: white;">clear</span>macromolecules.</p>
        <p><i>Note:</i> Each<span style="font-size: 1px; color: white;">dna</span>choice will be<span style="font-size: 1px; color: white;">juice</span>used exactly<span style="font-size: 1px; color: white;">falsec</span>once.</p>
        <span style="font-size: 1px; color: white;">family</span>
      </div>
    </div>
    <matchInteraction responseIdentifier="RESPONSE" shuffle="true" maxAssociations="4">
      <prompt>&lt;div id="drv_a6c5" oncopy="return false;" onpaste="return false;" oncut="return false;" oncontextmenu="return false;" onmousedown="return false;" onselectstart="return false;" &gt;&lt;p&gt;Match each&lt;span style='font-size: 1px; color: white;'&gt;turned&lt;/span&gt;of&lt;span style='font-size: 1px; color: white;'&gt;pcr&lt;/span&gt;the following&lt;span style='font-size: 1px; color: white;'&gt;novel&lt;/span&gt;types&lt;span style='font-size: 1px; color: white;'&gt;below&lt;/span&gt;of&lt;span style='font-size: 1px; color: white;'&gt;key&lt;/span&gt;macromolecules with&lt;span style='font-size: 1px; color: white;'&gt;gaps&lt;/span&gt;their&lt;span style='font-size: 1px; color: white;'&gt;high&lt;/span&gt;corresponding&lt;span style='font-size: 1px; color: white;'&gt;clear&lt;/span&gt;macromolecules.&lt;/p&gt;&lt;p&gt;&lt;i&gt;Note:&lt;/i&gt; Each&lt;span style='font-size: 1px; color: white;'&gt;dna&lt;/span&gt;choice will be&lt;span style='font-size: 1px; color: white;'&gt;juice&lt;/span&gt;used exactly&lt;span style='font-size: 1px; color: white;'&gt;falsec&lt;/span&gt;once.&lt;/p&gt;&lt;span style='font-size: 1px; color: white;'&gt;family&lt;/span&gt;&lt;/div&gt;</prompt>
      <simpleMatchSet>
        <simpleAssociableChoice identifier="prompt_001" fixed="true" matchMax="1" matchMin="0">
          <p>
            <div id="drv_bd54" oncopy="return false;" onpaste="return false;" oncut="return false;" oncontextmenu="return false;" onmousedown="return false;" onselectstart="return false;">
              <strong>
                <span style="color: #e65400;">lipids</span>
              </strong>
              <span style="font-size: 1px; color: white;">acids</span>
            </div>
          </p>
        </simpleAssociableChoice>
        <simpleAssociableChoice identifier="prompt_002" fixed="true" matchMax="1" matchMin="0">
          <p>
            <div id="drv_9e97" oncopy="return false;" onpaste="return false;" oncut="return false;" oncontextmenu="return false;" onmousedown="return false;" onselectstart="return false;">
              <strong>
                <span style="color: #0039e6;">carbohydrates</span>
              </strong>
              <span style="font-size: 1px; color: white;">manual</span>
            </div>
          </p>
        </simpleAssociableChoice>
        <simpleAssociableChoice identifier="prompt_003" fixed="true" matchMax="1" matchMin="0">
          <p>
            <div id="drv_7e4c" oncopy="return false;" onpaste="return false;" oncut="return false;" oncontextmenu="return false;" onmousedown="return false;" onselectstart="return false;">
              <strong>
                <span style="color: #b30077;">nucleic<span style="font-size: 1px; color: white;">matter</span>acids</span>
              </strong>
              <span style="font-size: 1px; color: white;">stop</span>
            </div>
          </p>
        </simpleAssociableChoice>
        <simpleAssociableChoice identifier="prompt_004" fixed="true" matchMax="1" matchMin="0">
          <p>
            <div id="drv_a0dd" oncopy="return false;" onpaste="return false;" oncut="return false;" oncontextmenu="return false;" onmousedown="return false;" onselectstart="return false;"><strong><span style="color: #009900;">proteins</span></strong> </div>
          </p>
        </simpleAssociableChoice>
      </simpleMatchSet>
      <simpleMatchSet>
        <simpleAssociableChoice identifier="choice_001" fixed="true" matchMax="4" matchMin="0">
          <p>
            <div id="drv_a89c" oncopy="return false;" onpaste="return false;" oncut="return false;" oncontextmenu="return false;" onmousedown="return false;" onselectstart="return false;">detergents </div>
          </p>
        </simpleAssociableChoice>
        <simpleAssociableChoice identifier="choice_002" fixed="true" matchMax="4" matchMin="0">
          <p>
            <div id="drv_e55b" oncopy="return false;" onpaste="return false;" oncut="return false;" oncontextmenu="return false;" onmousedown="return false;" onselectstart="return false;">monosaccharides<span style="font-size: 1px; color: white;">create</span></div>
          </p>
        </simpleAssociableChoice>
        <simpleAssociableChoice identifier="choice_003" fixed="true" matchMax="4" matchMin="0">
          <p>
            <div id="drv_298f" oncopy="return false;" onpaste="return false;" oncut="return false;" oncontextmenu="return false;" onmousedown="return false;" onselectstart="return false;">ribosomal RNA </div>
          </p>
        </simpleAssociableChoice>
        <simpleAssociableChoice identifier="choice_004" fixed="true" matchMax="4" matchMin="0">
          <p>
            <div id="drv_6657" oncopy="return false;" onpaste="return false;" oncut="return false;" oncontextmenu="return false;" onmousedown="return false;" onselectstart="return false;">denaturation<span style="font-size: 1px; color: white;">bud</span></div>
          </p>
        </simpleAssociableChoice>
      </simpleMatchSet>
    </matchInteraction>
  </itemBody>
  <responseProcessing template="http://www.imsglobal.org/question/qti_v2p1/rptemplates/map_response"/>
</assessmentItem>
