<?xml version='1.0' encoding='UTF-8'?>
<assessmentItem xmlns="http://www.imsglobal.org/xsd/imsqti_v2p1" xmlns:xsi="http://www.w3.org/2001/XMLSchema-instance" xmlns:ns8="http://www.w3.org/1999/xlink" xmlns:ns9="http://www.imsglobal.org/xsd/apip/apipv1p0/imsapip_qtiv1p0" xsi:schemaLocation="http://www.imsglobal.org/xsd/imsqti_v2p1 http://www.imsglobal.org/xsd/qti/qtiv2p1/imsqti_v2p1.xsd" title="b36a_0702_87ef" adaptive="false" timeDependent="false" identifier="b36a_0702_87ef">
  <responseDeclaration baseType="directedPair" cardinality="multiple" identifier="RESPONSE">
    <correctResponse>
      <value>prompt_001 choice_001</value>
      <value>prompt_002 choice_002</value>
      <value>prompt_003 choice_003</value>
      <value>prompt_004 choice_004</value>
    </correctResponse>
    <mapping defaultValue="0">
      <mapEntry mapKey="prompt_001 choice_001" mappedValue="1"/>
      <mapEntry mapKey="prompt_002 choice_002" mappedValue="1"/>
      <mapEntry mapKey="prompt_003 choice_003" mappedValue="1"/>
      <mapEntry mapKey="prompt_004 choice_004" mappedValue="1"/>
    </mapping>
  </responseDeclaration>
  <outcomeDeclaration baseType="float" cardinality="single" identifier="SCORE"/>
  <itemBody>
    <div>
      <div id="drv_0786" oncopy="return false;" onpaste="return false;" oncut="return false;" oncontextmenu="return false;" onmousedown="return false;" onselectstart="return false;"><p>Match<span style="font-size: 1px; color: white;">takes</span>each of the<span style="font-size: 1px; color: white;">exy</span>following<span style="font-size: 1px; color: white;">crops</span>types of<span style="font-size: 1px; color: white;">called</span>macromolecules<span style="font-size: 1px; color: white;">accept</span>with<span style="font-size: 1px; color: white;">grape</span>their<span style="font-size: 1px; color: white;">per</span>corresponding<span style="font-size: 1px; color: white;">simple</span>macromolecules.</p><p><i>Note:</i> Each<span style="font-size: 1px; color: white;">being</span>choice will<span style="font-size: 1px; color: white;">liquid</span>be used<span style="font-size: 1px; color: white;">basis</span>exactly<span style="font-size: 1px; color: white;">begg</span>once.</p> </div>
    </div>
    <matchInteraction responseIdentifier="RESPONSE" shuffle="true" maxAssociations="4">
      <prompt>&lt;div id="drv_0786" oncopy="return false;" onpaste="return false;" oncut="return false;" oncontextmenu="return false;" onmousedown="return false;" onselectstart="return false;" &gt;&lt;p&gt;Match&lt;span style='font-size: 1px; color: white;'&gt;takes&lt;/span&gt;each of the&lt;span style='font-size: 1px; color: white;'&gt;exy&lt;/span&gt;following&lt;span style='font-size: 1px; color: white;'&gt;crops&lt;/span&gt;types of&lt;span style='font-size: 1px; color: white;'&gt;called&lt;/span&gt;macromolecules&lt;span style='font-size: 1px; color: white;'&gt;accept&lt;/span&gt;with&lt;span style='font-size: 1px; color: white;'&gt;grape&lt;/span&gt;their&lt;span style='font-size: 1px; color: white;'&gt;per&lt;/span&gt;corresponding&lt;span style='font-size: 1px; color: white;'&gt;simple&lt;/span&gt;macromolecules.&lt;/p&gt;&lt;p&gt;&lt;i&gt;Note:&lt;/i&gt; Each&lt;span style='font-size: 1px; color: white;'&gt;being&lt;/span&gt;choice will&lt;span style='font-size: 1px; color: white;'&gt;liquid&lt;/span&gt;be used&lt;span style='font-size: 1px; color: white;'&gt;basis&lt;/span&gt;exactly&lt;span style='font-size: 1px; color: white;'&gt;begg&lt;/span&gt;once.&lt;/p&gt; &lt;/div&gt;</prompt>
      <simpleMatchSet>
        <simpleAssociableChoice identifier="prompt_001" fixed="true" matchMax="1" matchMin="0">
          <p>
            <div id="drv_68a2" oncopy="return false;" onpaste="return false;" oncut="return false;" oncontextmenu="return false;" onmousedown="return false;" onselectstart="return false;"><strong><span style="color: #009900;">proteins</span></strong> </div>
          </p>
        </simpleAssociableChoice>
        <simpleAssociableChoice identifier="prompt_002" fixed="true" matchMax="1" matchMin="0">
          <p>
            <div id="drv_db59" oncopy="return false;" onpaste="return false;" oncut="return false;" oncontextmenu="return false;" onmousedown="return false;" onselectstart="return false;">
              <strong>
                <span style="color: #e65400;">lipids</span>
              </strong>
              <span style="font-size: 1px; color: white;">pestle</span>
            </div>
          </p>
        </simpleAssociableChoice>
        <simpleAssociableChoice identifier="prompt_003" fixed="true" matchMax="1" matchMin="0">
          <p>
            <div id="drv_9ff4" oncopy="return false;" onpaste="return false;" oncut="return false;" oncontextmenu="return false;" onmousedown="return false;" onselectstart="return false;">
              <strong>
                <span style="color: #0039e6;">carbohydrates</span>
              </strong>
              <span style="font-size: 1px; color: white;">probes</span>
            </div>
          </p>
        </simpleAssociableChoice>
        <simpleAssociableChoice identifier="prompt_004" fixed="true" matchMax="1" matchMin="0">
          <p>
            <div id="drv_a019" oncopy="return false;" onpaste="return false;" oncut="return false;" oncontextmenu="return false;" onmousedown="return false;" onselectstart="return false;">
              <strong>
                <span style="color: #b30077;">nucleic<span style="font-size: 1px; color: white;">adapt</span>acids</span>
              </strong>
              <span style="font-size: 1px; color: white;">itself</span>
            </div>
          </p>
        </simpleAssociableChoice>
      </simpleMatchSet>
      <simpleMatchSet>
        <simpleAssociableChoice identifier="choice_001" fixed="true" matchMax="4" matchMin="0">
          <p>
            <div id="drv_295c" oncopy="return false;" onpaste="return false;" oncut="return false;" oncontextmenu="return false;" onmousedown="return false;" onselectstart="return false;">amino<span style="font-size: 1px; color: white;">falsem</span>acid<span style="font-size: 1px; color: white;">salt</span>valine </div>
          </p>
        </simpleAssociableChoice>
        <simpleAssociableChoice identifier="choice_002" fixed="true" matchMax="4" matchMin="0">
          <p>
            <div id="drv_062e" oncopy="return false;" onpaste="return false;" oncut="return false;" oncontextmenu="return false;" onmousedown="return false;" onselectstart="return false;">steroids </div>
          </p>
        </simpleAssociableChoice>
        <simpleAssociableChoice identifier="choice_003" fixed="true" matchMax="4" matchMin="0">
          <p>
            <div id="drv_1f96" oncopy="return false;" onpaste="return false;" oncut="return false;" oncontextmenu="return false;" onmousedown="return false;" onselectstart="return false;">monosaccharides<span style="font-size: 1px; color: white;">world</span></div>
          </p>
        </simpleAssociableChoice>
        <simpleAssociableChoice identifier="choice_004" fixed="true" matchMax="4" matchMin="0">
          <p>
            <div id="drv_fc85" oncopy="return false;" onpaste="return false;" oncut="return false;" oncontextmenu="return false;" onmousedown="return false;" onselectstart="return false;">DNA<span style="font-size: 1px; color: white;">ethane</span></div>
          </p>
        </simpleAssociableChoice>
      </simpleMatchSet>
    </matchInteraction>
  </itemBody>
  <responseProcessing template="http://www.imsglobal.org/question/qti_v2p1/rptemplates/map_response"/>
</assessmentItem>
