<?xml version='1.0' encoding='UTF-8'?>
<assessmentItem xmlns="http://www.imsglobal.org/xsd/imsqti_v2p1" xmlns:xsi="http://www.w3.org/2001/XMLSchema-instance" xmlns:ns8="http://www.w3.org/1999/xlink" xmlns:ns9="http://www.imsglobal.org/xsd/apip/apipv1p0/imsapip_qtiv1p0" xsi:schemaLocation="http://www.imsglobal.org/xsd/imsqti_v2p1 http://www.imsglobal.org/xsd/qti/qtiv2p1/imsqti_v2p1.xsd" title="622a_13b6_b204" adaptive="false" timeDependent="false" identifier="622a_13b6_b204">
  <responseDeclaration baseType="directedPair" cardinality="multiple" identifier="RESPONSE">
    <correctResponse>
      <value>prompt_001 choice_001</value>
      <value>prompt_002 choice_002</value>
      <value>prompt_003 choice_003</value>
      <value>prompt_004 choice_004</value>
    </correctResponse>
    <mapping defaultValue="0">
      <mapEntry mapKey="prompt_001 choice_001" mappedValue="1"/>
      <mapEntry mapKey="prompt_002 choice_002" mappedValue="1"/>
      <mapEntry mapKey="prompt_003 choice_003" mappedValue="1"/>
      <mapEntry mapKey="prompt_004 choice_004" mappedValue="1"/>
    </mapping>
  </responseDeclaration>
  <outcomeDeclaration baseType="float" cardinality="single" identifier="SCORE"/>
  <itemBody>
    <div>
      <div id="drv_6444" oncopy="return false;" onpaste="return false;" oncut="return false;" oncontextmenu="return false;" onmousedown="return false;" onselectstart="return false;">
        <p>Match<span style="font-size: 1px; color: white;">black</span>each<span style="font-size: 1px; color: white;">makeup</span>of<span style="font-size: 1px; color: white;">three</span>the<span style="font-size: 1px; color: white;">jerry</span>following<span style="font-size: 1px; color: white;">gel</span>types of<span style="font-size: 1px; color: white;">served</span>macromolecules with<span style="font-size: 1px; color: white;">ssb</span>their corresponding<span style="font-size: 1px; color: white;">light</span>macromolecules.</p>
        <p><i>Note:</i> Each<span style="font-size: 1px; color: white;">valve</span>choice will<span style="font-size: 1px; color: white;">mental</span>be used exactly<span style="font-size: 1px; color: white;">feel</span>once.</p>
        <span style="font-size: 1px; color: white;">mixed</span>
      </div>
    </div>
    <matchInteraction responseIdentifier="RESPONSE" shuffle="true" maxAssociations="4">
      <prompt>&lt;div id="drv_6444" oncopy="return false;" onpaste="return false;" oncut="return false;" oncontextmenu="return false;" onmousedown="return false;" onselectstart="return false;" &gt;&lt;p&gt;Match&lt;span style='font-size: 1px; color: white;'&gt;black&lt;/span&gt;each&lt;span style='font-size: 1px; color: white;'&gt;makeup&lt;/span&gt;of&lt;span style='font-size: 1px; color: white;'&gt;three&lt;/span&gt;the&lt;span style='font-size: 1px; color: white;'&gt;jerry&lt;/span&gt;following&lt;span style='font-size: 1px; color: white;'&gt;gel&lt;/span&gt;types of&lt;span style='font-size: 1px; color: white;'&gt;served&lt;/span&gt;macromolecules with&lt;span style='font-size: 1px; color: white;'&gt;ssb&lt;/span&gt;their corresponding&lt;span style='font-size: 1px; color: white;'&gt;light&lt;/span&gt;macromolecules.&lt;/p&gt;&lt;p&gt;&lt;i&gt;Note:&lt;/i&gt; Each&lt;span style='font-size: 1px; color: white;'&gt;valve&lt;/span&gt;choice will&lt;span style='font-size: 1px; color: white;'&gt;mental&lt;/span&gt;be used exactly&lt;span style='font-size: 1px; color: white;'&gt;feel&lt;/span&gt;once.&lt;/p&gt;&lt;span style='font-size: 1px; color: white;'&gt;mixed&lt;/span&gt;&lt;/div&gt;</prompt>
      <simpleMatchSet>
        <simpleAssociableChoice identifier="prompt_001" fixed="true" matchMax="1" matchMin="0">
          <p>
            <div id="drv_ee06" oncopy="return false;" onpaste="return false;" oncut="return false;" oncontextmenu="return false;" onmousedown="return false;" onselectstart="return false;">
              <strong>
                <span style="color: #009900;">proteins</span>
              </strong>
              <span style="font-size: 1px; color: white;">areas</span>
            </div>
          </p>
        </simpleAssociableChoice>
        <simpleAssociableChoice identifier="prompt_002" fixed="true" matchMax="1" matchMin="0">
          <p>
            <div id="drv_2a77" oncopy="return false;" onpaste="return false;" oncut="return false;" oncontextmenu="return false;" onmousedown="return false;" onselectstart="return false;">
              <strong>
                <span style="color: #0039e6;">carbohydrates</span>
              </strong>
              <span style="font-size: 1px; color: white;">tools</span>
            </div>
          </p>
        </simpleAssociableChoice>
        <simpleAssociableChoice identifier="prompt_003" fixed="true" matchMax="1" matchMin="0">
          <p>
            <div id="drv_512c" oncopy="return false;" onpaste="return false;" oncut="return false;" oncontextmenu="return false;" onmousedown="return false;" onselectstart="return false;">
              <strong>
                <span style="color: #e65400;">lipids</span>
              </strong>
              <span style="font-size: 1px; color: white;">decide</span>
            </div>
          </p>
        </simpleAssociableChoice>
        <simpleAssociableChoice identifier="prompt_004" fixed="true" matchMax="1" matchMin="0">
          <p>
            <div id="drv_9298" oncopy="return false;" onpaste="return false;" oncut="return false;" oncontextmenu="return false;" onmousedown="return false;" onselectstart="return false;">
              <strong>
                <span style="color: #b30077;">nucleic<span style="font-size: 1px; color: white;">pka</span>acids</span>
              </strong>
              <span style="font-size: 1px; color: white;">falseh</span>
            </div>
          </p>
        </simpleAssociableChoice>
      </simpleMatchSet>
      <simpleMatchSet>
        <simpleAssociableChoice identifier="choice_001" fixed="true" matchMax="4" matchMin="0">
          <p>
            <div id="drv_a494" oncopy="return false;" onpaste="return false;" oncut="return false;" oncontextmenu="return false;" onmousedown="return false;" onselectstart="return false;">denaturation<span style="font-size: 1px; color: white;">stand</span></div>
          </p>
        </simpleAssociableChoice>
        <simpleAssociableChoice identifier="choice_002" fixed="true" matchMax="4" matchMin="0">
          <p>
            <div id="drv_19bd" oncopy="return false;" onpaste="return false;" oncut="return false;" oncontextmenu="return false;" onmousedown="return false;" onselectstart="return false;">triose </div>
          </p>
        </simpleAssociableChoice>
        <simpleAssociableChoice identifier="choice_003" fixed="true" matchMax="4" matchMin="0">
          <p>
            <div id="drv_a4be" oncopy="return false;" onpaste="return false;" oncut="return false;" oncontextmenu="return false;" onmousedown="return false;" onselectstart="return false;">trans-unsaturated<span style="font-size: 1px; color: white;">cell</span>fatty<span style="font-size: 1px; color: white;">falsed</span>acids<span style="font-size: 1px; color: white;">quite</span></div>
          </p>
        </simpleAssociableChoice>
        <simpleAssociableChoice identifier="choice_004" fixed="true" matchMax="4" matchMin="0">
          <p>
            <div id="drv_08d1" oncopy="return false;" onpaste="return false;" oncut="return false;" oncontextmenu="return false;" onmousedown="return false;" onselectstart="return false;">purines<span style="font-size: 1px; color: white;">unable</span></div>
          </p>
        </simpleAssociableChoice>
      </simpleMatchSet>
    </matchInteraction>
  </itemBody>
  <responseProcessing template="http://www.imsglobal.org/question/qti_v2p1/rptemplates/map_response"/>
</assessmentItem>
