<?xml version='1.0' encoding='UTF-8'?>
<assessmentItem xmlns="http://www.imsglobal.org/xsd/imsqti_v2p1" xmlns:xsi="http://www.w3.org/2001/XMLSchema-instance" xmlns:ns8="http://www.w3.org/1999/xlink" xmlns:ns9="http://www.imsglobal.org/xsd/apip/apipv1p0/imsapip_qtiv1p0" xsi:schemaLocation="http://www.imsglobal.org/xsd/imsqti_v2p1 http://www.imsglobal.org/xsd/qti/qtiv2p1/imsqti_v2p1.xsd" title="7463_0dde_6792" adaptive="false" timeDependent="false" identifier="7463_0dde_6792">
  <responseDeclaration baseType="identifier" cardinality="single" identifier="RESPONSE">
    <correctResponse>
      <value>answer_003</value>
    </correctResponse>
  </responseDeclaration>

  <outcomeDeclaration baseType="float" cardinality="single" identifier="SCORE"/>

  <itemBody>
    <div>
      <p>Which one of the following statements is<strong> <span style="color: #ba372a;"><strong>FALSE</strong></span> </strong> regarding <strong><span style="color: #a1005e;">chemical reactions</span></strong>?</p>
    </div>
    <choiceInteraction maxChoices="1" responseIdentifier="RESPONSE" shuffle="true">
      <simpleChoice fixed="true" identifier="answer_1">
        <p><strong> </strong><strong><span style="color: #a1005e;">Chemical reactions</span></strong> always transform one or more <strong><span style="color: #6d108e;">substances</span></strong> into one or more different <strong><span style="color: #6d108e;">substances</span></strong>.  </p>
      </simpleChoice>
      <simpleChoice fixed="true" identifier="answer_2">
        <p><strong> </strong>Salt (NaCl) dissolving in water breaking the ionic bonds between Na<sup>+</sup> and Cl<sup>–</sup> is a physical reaction.  </p>
      </simpleChoice>
      <simpleChoice fixed="true" identifier="answer_3">
        <p><strong> </strong><strong><span style="color: #a1005e;">Chemical reactions</span></strong> only occur when <strong><span style="color: #009e4c;"><strong><span style="color: #009e4c;">energy</span></strong></span></strong> is added.  </p>
      </simpleChoice>
      <simpleChoice fixed="true" identifier="answer_4">
        <p><strong> </strong><strong><span style="color: #a1005e;">Chemical reactions</span></strong> always involve the forming and breaking of chemical bonds  </p>
      </simpleChoice>
      <simpleChoice fixed="true" identifier="answer_5">
        <p><strong> </strong>For <strong><span style="color: #a1005e;">chemical reactions</span></strong> to occur, the chemical identity of the <strong><span style="color: #6d108e;">substances</span></strong> must change.  </p>
      </simpleChoice>
    </choiceInteraction>
  </itemBody>

  <responseProcessing>
    <responseCondition>
      <responseIf>
        <match>
          <variable identifier="RESPONSE"/>
          <correct identifier="RESPONSE"/>
        </match>
      </responseIf>
    </responseCondition>
  </responseProcessing>
</assessmentItem>
