<?xml version='1.0' encoding='UTF-8'?>
<assessmentItem xmlns="http://www.imsglobal.org/xsd/imsqti_v2p1" xmlns:xsi="http://www.w3.org/2001/XMLSchema-instance" xmlns:ns8="http://www.w3.org/1999/xlink" xmlns:ns9="http://www.imsglobal.org/xsd/apip/apipv1p0/imsapip_qtiv1p0" xsi:schemaLocation="http://www.imsglobal.org/xsd/imsqti_v2p1 http://www.imsglobal.org/xsd/qti/qtiv2p1/imsqti_v2p1.xsd" title="7463_39ff_cc44" adaptive="false" timeDependent="false" identifier="7463_39ff_cc44">
  <responseDeclaration baseType="identifier" cardinality="single" identifier="RESPONSE">
    <correctResponse>
      <value>answer_003</value>
    </correctResponse>
  </responseDeclaration>

  <outcomeDeclaration baseType="float" cardinality="single" identifier="SCORE"/>

  <itemBody>
    <div>
      <p>Which one of the following statements is<strong> <span style="color: #ba372a;"><strong>FALSE</strong></span> </strong> regarding <strong><span style="color: #a1005e;">chemical reactions</span></strong>?</p>
    </div>
    <choiceInteraction maxChoices="1" responseIdentifier="RESPONSE" shuffle="true">
      <simpleChoice fixed="true" identifier="answer_1">
        <p><strong> </strong><strong><span style="color: #a1005e;">Chemical reactions</span></strong> are involved in many important processes in biology.  </p>
      </simpleChoice>
      <simpleChoice fixed="true" identifier="answer_2">
        <p><strong> </strong>The rate of a <strong><span style="color: #a1005e;">chemical reactions</span></strong> depend on temperature, pressure, and the presence of catalysts.  </p>
      </simpleChoice>
      <simpleChoice fixed="true" identifier="answer_3">
        <p><strong> </strong>Salt (NaCl) dissolving in water is a chemical reaction since breaking ionic bonds forms in new chemicals.  </p>
      </simpleChoice>
      <simpleChoice fixed="true" identifier="answer_4">
        <p><strong> </strong><strong><span style="color: #a1005e;">Chemical reactions</span></strong> always involve a change in the chemical composition of <strong><span style="color: #6d108e;">substances</span></strong>.  </p>
      </simpleChoice>
      <simpleChoice fixed="true" identifier="answer_5">
        <p><strong> </strong><strong><span style="color: #a1005e;">Chemical reactions</span></strong> always transform one or more <strong><span style="color: #6d108e;">substances</span></strong> into one or more different <strong><span style="color: #6d108e;">substances</span></strong>.  </p>
      </simpleChoice>
    </choiceInteraction>
  </itemBody>

  <responseProcessing>
    <responseCondition>
      <responseIf>
        <match>
          <variable identifier="RESPONSE"/>
          <correct identifier="RESPONSE"/>
        </match>
      </responseIf>
    </responseCondition>
  </responseProcessing>
</assessmentItem>
