<?xml version='1.0' encoding='UTF-8'?>
<assessmentItem xmlns="http://www.imsglobal.org/xsd/imsqti_v2p1" xmlns:xsi="http://www.w3.org/2001/XMLSchema-instance" xmlns:ns8="http://www.w3.org/1999/xlink" xmlns:ns9="http://www.imsglobal.org/xsd/apip/apipv1p0/imsapip_qtiv1p0" xsi:schemaLocation="http://www.imsglobal.org/xsd/imsqti_v2p1 http://www.imsglobal.org/xsd/qti/qtiv2p1/imsqti_v2p1.xsd" title="abb3_2fd2_4d08" adaptive="false" timeDependent="false" identifier="abb3_2fd2_4d08">
  <responseDeclaration baseType="identifier" cardinality="single" identifier="RESPONSE">
    <correctResponse>
      <value>answer_005</value>
    </correctResponse>
  </responseDeclaration>
  <outcomeDeclaration baseType="float" cardinality="single" identifier="SCORE"/>
  <itemBody>
    <div><p>e7a2</p> <p>Which one of the following statements is<strong> <span style="color: #169179;"><strong>TRUE</strong></span> </strong> of <strong><span style="color: #a1005e;">chemical reactions</span></strong>?</p></div>
    <choiceInteraction maxChoices="1" responseIdentifier="RESPONSE" shuffle="true">
      <simpleChoice fixed="true" identifier="answer_1">
        <p>A.<strong> </strong><strong><span style="color: #a1005e;">Chemical reactions</span></strong> are always <strong><span style="color: #ff5e00;">exothermic</span></strong>.  </p>
      </simpleChoice>
      <simpleChoice fixed="true" identifier="answer_2">
        <p>B.<strong> </strong>Sublimation of dry ice into carbon dioxide gas is a <strong><span style="color: #a1005e;">chemical reaction</span>.</strong>  </p>
      </simpleChoice>
      <simpleChoice fixed="true" identifier="answer_3">
        <p>C.<strong> </strong><strong><span style="color: #a1005e;">Chemical reactions</span></strong> always result in a decrease in the number of atoms.  </p>
      </simpleChoice>
      <simpleChoice fixed="true" identifier="answer_4">
        <p>D.<strong> </strong><strong><span style="color: #a1005e;">Chemical reactions</span></strong> always result in a increase in entropy.  </p>
      </simpleChoice>
      <simpleChoice fixed="true" identifier="answer_5">
        <p>E.<strong> </strong>The rate of a <strong><span style="color: #a1005e;">chemical reactions</span></strong> depend on temperature, pressure, and the presence of catalysts.  </p>
      </simpleChoice>
    </choiceInteraction>
  </itemBody>
  <responseProcessing>
    <responseCondition>
      <responseIf>
        <match>
          <variable identifier="RESPONSE"/>
          <correct identifier="RESPONSE"/>
        </match>
      </responseIf>
    </responseCondition>
  </responseProcessing>
</assessmentItem>
