<?xml version='1.0' encoding='UTF-8'?>
<assessmentItem xmlns="http://www.imsglobal.org/xsd/imsqti_v2p1" xmlns:xsi="http://www.w3.org/2001/XMLSchema-instance" xmlns:ns8="http://www.w3.org/1999/xlink" xmlns:ns9="http://www.imsglobal.org/xsd/apip/apipv1p0/imsapip_qtiv1p0" xsi:schemaLocation="http://www.imsglobal.org/xsd/imsqti_v2p1 http://www.imsglobal.org/xsd/qti/qtiv2p1/imsqti_v2p1.xsd" title="e6e1_cc8e_4315" adaptive="false" timeDependent="false" identifier="e6e1_cc8e_4315">
  <responseDeclaration baseType="identifier" cardinality="single" identifier="RESPONSE">
    <correctResponse>
      <value>answer_001</value>
    </correctResponse>
  </responseDeclaration>

  <outcomeDeclaration baseType="float" cardinality="single" identifier="SCORE"/>

  <itemBody>
    <div>
      <p>Which one of the following statements is<strong> <span style="color: #169179;"><strong>TRUE</strong></span> </strong> of <strong><span style="color: #a1005e;">chemical reactions</span></strong>?</p>
    </div>
    <choiceInteraction maxChoices="1" responseIdentifier="RESPONSE" shuffle="true">
      <simpleChoice fixed="true" identifier="answer_1">
        <p><strong> </strong><strong><span style="color: #a1005e;">Chemical reactions</span></strong> always involve a change in the chemical composition of <strong><span style="color: #6d108e;"><strong><span style="color: #6d108e;">substances</span></strong></span></strong>.  </p>
      </simpleChoice>
      <simpleChoice fixed="true" identifier="answer_2">
        <p><strong> </strong>For <strong><span style="color: #a1005e;">chemical reactions</span></strong> to occur, the chemical formula of the <strong><span style="color: #6d108e;">substances</span></strong> must change.  </p>
      </simpleChoice>
      <simpleChoice fixed="true" identifier="answer_3">
        <p><strong> </strong><strong><span style="color: #a1005e;">Chemical reactions</span></strong> only occur when <strong><span style="color: #009e4c;">energy</span></strong> is released.  </p>
      </simpleChoice>
      <simpleChoice fixed="true" identifier="answer_4">
        <p><strong> </strong><strong><span style="color: #a1005e;">Chemical reactions</span></strong> are always <strong><span style="color: #ff5e00;">exothermic</span></strong>.  </p>
      </simpleChoice>
      <simpleChoice fixed="true" identifier="answer_5">
        <p><strong> </strong><strong><span style="color: #a1005e;">Chemical reactions</span></strong> only occur at a specific temperature.  </p>
      </simpleChoice>
    </choiceInteraction>
  </itemBody>

  <responseProcessing>
    <responseCondition>
      <responseIf>
        <match>
          <variable identifier="RESPONSE"/>
          <correct identifier="RESPONSE"/>
        </match>
      </responseIf>
    </responseCondition>
  </responseProcessing>
</assessmentItem>
