<?xml version='1.0' encoding='UTF-8'?>
<assessmentItem xmlns="http://www.imsglobal.org/xsd/imsqti_v2p1" xmlns:xsi="http://www.w3.org/2001/XMLSchema-instance" xmlns:ns8="http://www.w3.org/1999/xlink" xmlns:ns9="http://www.imsglobal.org/xsd/apip/apipv1p0/imsapip_qtiv1p0" xsi:schemaLocation="http://www.imsglobal.org/xsd/imsqti_v2p1 http://www.imsglobal.org/xsd/qti/qtiv2p1/imsqti_v2p1.xsd" title="e6e1_ebc3_0a0e" adaptive="false" timeDependent="false" identifier="e6e1_ebc3_0a0e">
  <responseDeclaration baseType="identifier" cardinality="single" identifier="RESPONSE">
    <correctResponse>
      <value>answer_003</value>
    </correctResponse>
  </responseDeclaration>

  <outcomeDeclaration baseType="float" cardinality="single" identifier="SCORE"/>

  <itemBody>
    <div>
      <p>Which one of the following statements is<strong> <span style="color: #169179;"><strong>TRUE</strong></span> </strong> of <strong><span style="color: #a1005e;">chemical reactions</span></strong>?</p>
    </div>
    <choiceInteraction maxChoices="1" responseIdentifier="RESPONSE" shuffle="true">
      <simpleChoice fixed="true" identifier="answer_1">
        <p><strong> </strong>For <strong><span style="color: #a1005e;">chemical reactions</span></strong> to occur, the chemical formulas of both the reactant and the product cannot be the same.  </p>
      </simpleChoice>
      <simpleChoice fixed="true" identifier="answer_2">
        <p><strong> </strong><strong><span style="color: #a1005e;">Chemical reactions</span></strong> always result in a decrease in the total <strong><span style="color: #009e4c;">energy</span></strong> of the system.  </p>
      </simpleChoice>
      <simpleChoice fixed="true" identifier="answer_3">
        <p><strong> </strong><strong><span style="color: #a1005e;">Chemical reactions</span></strong> are always either <strong><span style="color: #ff5e00;"><strong><span style="color: #ff5e00;">exothermic</span></strong></span></strong> or <strong><span style="color: #0d57a5;"><strong><span style="color: #0d57a5;">endothermic</span></strong></span></strong>.  </p>
      </simpleChoice>
      <simpleChoice fixed="true" identifier="answer_4">
        <p><strong> </strong>Sublimation of dry ice into carbon dioxide gas is a <strong><span style="color: #a1005e;">chemical reaction</span>.</strong>  </p>
      </simpleChoice>
      <simpleChoice fixed="true" identifier="answer_5">
        <p><strong> </strong><strong><span style="color: #a1005e;">Chemical reactions</span></strong> only occur when <strong><span style="color: #009e4c;">energy</span></strong> is added.  </p>
      </simpleChoice>
    </choiceInteraction>
  </itemBody>

  <responseProcessing>
    <responseCondition>
      <responseIf>
        <match>
          <variable identifier="RESPONSE"/>
          <correct identifier="RESPONSE"/>
        </match>
      </responseIf>
    </responseCondition>
  </responseProcessing>
</assessmentItem>
