<?xml version='1.0' encoding='UTF-8'?>
<assessmentItem xmlns="http://www.imsglobal.org/xsd/imsqti_v2p1" xmlns:xsi="http://www.w3.org/2001/XMLSchema-instance" xmlns:ns8="http://www.w3.org/1999/xlink" xmlns:ns9="http://www.imsglobal.org/xsd/apip/apipv1p0/imsapip_qtiv1p0" xsi:schemaLocation="http://www.imsglobal.org/xsd/imsqti_v2p1 http://www.imsglobal.org/xsd/qti/qtiv2p1/imsqti_v2p1.xsd" title="a241_a9e4_1277" adaptive="false" timeDependent="false" identifier="a241_a9e4_1277">
  <responseDeclaration baseType="identifier" cardinality="single" identifier="RESPONSE">
    <correctResponse>
      <value>answer_005</value>
    </correctResponse>
  </responseDeclaration>
  <outcomeDeclaration baseType="float" cardinality="single" identifier="SCORE"/>
  <itemBody>
    <div><p>2d3a</p> <p>Which one of the following statements is<strong> <span style="color: #ba372a;"><strong>FALSE</strong></span> </strong> regarding <strong><span style="color: #a1005e;">chemical reactions</span></strong>?</p></div>
    <choiceInteraction maxChoices="1" responseIdentifier="RESPONSE" shuffle="true">
      <simpleChoice fixed="true" identifier="answer_1">
        <p>A.<strong> </strong>For <strong><span style="color: #a1005e;">chemical reactions</span></strong> to occur, the chemical identity of the <strong><span style="color: #6d108e;">substances</span></strong> must change.  </p>
      </simpleChoice>
      <simpleChoice fixed="true" identifier="answer_2">
        <p>B.<strong> </strong><strong><span style="color: #a1005e;">Chemical reactions</span></strong> play a role in many important biological processes.  </p>
      </simpleChoice>
      <simpleChoice fixed="true" identifier="answer_3">
        <p>C.<strong> </strong>Salt (NaCl) dissolving in water breaking the ionic bonds between Na<sup>+</sup> and Cl<sup>–</sup> is a physical reaction.  </p>
      </simpleChoice>
      <simpleChoice fixed="true" identifier="answer_4">
        <p>D.<strong> </strong><strong><span style="color: #a1005e;">Chemical reactions</span></strong> always transform one or more <strong><span style="color: #6d108e;">substances</span></strong> into one or more different <strong><span style="color: #6d108e;">substances</span></strong>.  </p>
      </simpleChoice>
      <simpleChoice fixed="true" identifier="answer_5">
        <p>E.<strong> </strong><strong><span style="color: #a1005e;">Chemical reactions</span></strong> only occur when <strong><span style="color: #009e4c;"><strong><span style="color: #009e4c;">energy</span></strong></span></strong> is added.  </p>
      </simpleChoice>
    </choiceInteraction>
  </itemBody>
  <responseProcessing>
    <responseCondition>
      <responseIf>
        <match>
          <variable identifier="RESPONSE"/>
          <correct identifier="RESPONSE"/>
        </match>
      </responseIf>
    </responseCondition>
  </responseProcessing>
</assessmentItem>
