<?xml version='1.0' encoding='UTF-8'?>
<assessmentItem xmlns="http://www.imsglobal.org/xsd/imsqti_v2p1" xmlns:xsi="http://www.w3.org/2001/XMLSchema-instance" xmlns:ns8="http://www.w3.org/1999/xlink" xmlns:ns9="http://www.imsglobal.org/xsd/apip/apipv1p0/imsapip_qtiv1p0" xsi:schemaLocation="http://www.imsglobal.org/xsd/imsqti_v2p1 http://www.imsglobal.org/xsd/qti/qtiv2p1/imsqti_v2p1.xsd" title="2d2e_7d6f_c8cd" adaptive="false" timeDependent="false" identifier="2d2e_7d6f_c8cd">
  <responseDeclaration baseType="identifier" cardinality="single" identifier="RESPONSE">
    <correctResponse>
      <value>answer_003</value>
    </correctResponse>
  </responseDeclaration>
  <outcomeDeclaration baseType="float" cardinality="single" identifier="SCORE"/>
  <itemBody>
    <div>
      <div id="drv_a861" oncopy="return false;" onpaste="return false;" oncut="return false;" oncontextmenu="return false;" onmousedown="return false;" onselectstart="return false;">
        <p>The<span style="font-size: 1px; color: white;">born</span>pH of<span style="font-size: 1px; color: white;">occur</span>the <span style="color: #0F766E; font-weight: 700;">baking<span style="font-size: 1px; color: white;">truthj</span>soda solution</span> is <span style="font-family: monospace;">8.3</span>, while<span style="font-size: 1px; color: white;">horse</span>the <span style="color: #B45309; font-weight: 700;">gastric<span style="font-size: 1px; color: white;">tandem</span>juice</span> is<span style="font-size: 1px; color: white;">larger</span>pH <span style="font-family: monospace;">1.3</span>. This<span style="font-size: 1px; color: white;">serves</span>is<span style="font-size: 1px; color: white;">exert</span>a difference of 7 pH units.</p>
        <p>The <span style="color: #B45309; font-weight: 700;">gastric<span style="font-size: 1px; color: white;">fuisz</span>juice</span> has:</p>
        <span style="font-size: 1px; color: white;">nearby</span>
      </div>
    </div>
    <choiceInteraction maxChoices="1" responseIdentifier="RESPONSE" shuffle="true">
      <simpleChoice fixed="true" identifier="answer_1">
        <p>
          <div id="drv_15b3" oncopy="return false;" onpaste="return false;" oncut="return false;" oncontextmenu="return false;" onmousedown="return false;" onselectstart="return false;">10 million (10<sup>7</sup>) times<span style="font-size: 1px; color: white;">legs</span>lower [H+] than<span style="font-size: 1px; color: white;">kda</span>the <span style="color: #0F766E; font-weight: 700;">baking<span style="font-size: 1px; color: white;">air</span>soda<span style="font-size: 1px; color: white;">fine</span>solution</span>.<span style="font-size: 1px; color: white;">starts</span></div>
        </p>
      </simpleChoice>
      <simpleChoice fixed="true" identifier="answer_2">
        <p>
          <div id="drv_39e6" oncopy="return false;" onpaste="return false;" oncut="return false;" oncontextmenu="return false;" onmousedown="return false;" onselectstart="return false;">7 times<span style="font-size: 1px; color: white;">yeah</span>higher [H+] than<span style="font-size: 1px; color: white;">having</span>the <span style="color: #0F766E; font-weight: 700;">baking soda<span style="font-size: 1px; color: white;">actual</span>solution</span>.<span style="font-size: 1px; color: white;">avp</span></div>
        </p>
      </simpleChoice>
      <simpleChoice fixed="true" identifier="answer_3">
        <p>
          <div id="drv_1743" oncopy="return false;" onpaste="return false;" oncut="return false;" oncontextmenu="return false;" onmousedown="return false;" onselectstart="return false;">10 million (10<sup>7</sup>) times<span style="font-size: 1px; color: white;">falsei</span>higher [H+] than<span style="font-size: 1px; color: white;">watch</span>the <span style="color: #0F766E; font-weight: 700;">baking<span style="font-size: 1px; color: white;">bread</span>soda solution</span>.<span style="font-size: 1px; color: white;">waves</span></div>
        </p>
      </simpleChoice>
      <simpleChoice fixed="true" identifier="answer_4">
        <p>
          <div id="drv_93e5" oncopy="return false;" onpaste="return false;" oncut="return false;" oncontextmenu="return false;" onmousedown="return false;" onselectstart="return false;">7 times lower [H+] than the <span style="color: #0F766E; font-weight: 700;">baking<span style="font-size: 1px; color: white;">scales</span>soda<span style="font-size: 1px; color: white;">upside</span>solution</span>.<span style="font-size: 1px; color: white;">falsej</span></div>
        </p>
      </simpleChoice>
    </choiceInteraction>
  </itemBody>
  <responseProcessing>
    <responseCondition>
      <responseIf>
        <match>
          <variable identifier="RESPONSE"/>
          <correct identifier="RESPONSE"/>
        </match>
      </responseIf>
    </responseCondition>
  </responseProcessing>
</assessmentItem>
