<?xml version='1.0' encoding='UTF-8'?>
<assessmentItem xmlns="http://www.imsglobal.org/xsd/imsqti_v2p1" xmlns:xsi="http://www.w3.org/2001/XMLSchema-instance" xmlns:ns8="http://www.w3.org/1999/xlink" xmlns:ns9="http://www.imsglobal.org/xsd/apip/apipv1p0/imsapip_qtiv1p0" xsi:schemaLocation="http://www.imsglobal.org/xsd/imsqti_v2p1 http://www.imsglobal.org/xsd/qti/qtiv2p1/imsqti_v2p1.xsd" title="7468_ce5d_d187" adaptive="false" timeDependent="false" identifier="7468_ce5d_d187">
  <responseDeclaration baseType="identifier" cardinality="single" identifier="RESPONSE">
    <correctResponse>
      <value>answer_001</value>
    </correctResponse>
  </responseDeclaration>
  <outcomeDeclaration baseType="float" cardinality="single" identifier="SCORE"/>
  <itemBody>
    <div>
      <div id="drv_bca5" oncopy="return false;" onpaste="return false;" oncut="return false;" oncontextmenu="return false;" onmousedown="return false;" onselectstart="return false;">
        <p>The<span style="font-size: 1px; color: white;">cell</span>pH of<span style="font-size: 1px; color: white;">favor</span>the <span style="color: #1D4ED8; font-weight: 700;">pure<span style="font-size: 1px; color: white;">pain</span>water</span> is <span style="font-family: monospace;">6.9</span>, while<span style="font-size: 1px; color: white;">blaw</span>the <span style="color: #7F1D1D; font-weight: 700;">battery acid</span> is<span style="font-size: 1px; color: white;">cheese</span>pH <span style="font-family: monospace;">0.9</span>. This<span style="font-size: 1px; color: white;">these</span>is<span style="font-size: 1px; color: white;">toxins</span>a difference<span style="font-size: 1px; color: white;">very</span>of 6 pH units.</p>
        <p>The <span style="color: #7F1D1D; font-weight: 700;">battery<span style="font-size: 1px; color: white;">happen</span>acid</span> has:</p>
        <span style="font-size: 1px; color: white;">father</span>
      </div>
    </div>
    <choiceInteraction maxChoices="1" responseIdentifier="RESPONSE" shuffle="true">
      <simpleChoice fixed="true" identifier="answer_1">
        <p>
          <div id="drv_68d0" oncopy="return false;" onpaste="return false;" oncut="return false;" oncontextmenu="return false;" onmousedown="return false;" onselectstart="return false;">1 million (10<sup>6</sup>) times<span style="font-size: 1px; color: white;">matter</span>higher [H+] than<span style="font-size: 1px; color: white;">gtp</span>the <span style="color: #1D4ED8; font-weight: 700;">pure water</span>.<span style="font-size: 1px; color: white;">chat</span></div>
        </p>
      </simpleChoice>
      <simpleChoice fixed="true" identifier="answer_2">
        <p>
          <div id="drv_78e4" oncopy="return false;" onpaste="return false;" oncut="return false;" oncontextmenu="return false;" onmousedown="return false;" onselectstart="return false;">1 million (10<sup>6</sup>) times<span style="font-size: 1px; color: white;">clamp</span>lower [H+] than<span style="font-size: 1px; color: white;">anemia</span>the <span style="color: #1D4ED8; font-weight: 700;">pure<span style="font-size: 1px; color: white;">truthf</span>water</span>. </div>
        </p>
      </simpleChoice>
      <simpleChoice fixed="true" identifier="answer_3">
        <p>
          <div id="drv_bd84" oncopy="return false;" onpaste="return false;" oncut="return false;" oncontextmenu="return false;" onmousedown="return false;" onselectstart="return false;">6 times<span style="font-size: 1px; color: white;">clear</span>lower [H+] than the <span style="color: #1D4ED8; font-weight: 700;">pure<span style="font-size: 1px; color: white;">amount</span>water</span>.<span style="font-size: 1px; color: white;">human</span></div>
        </p>
      </simpleChoice>
      <simpleChoice fixed="true" identifier="answer_4">
        <p>
          <div id="drv_a0c5" oncopy="return false;" onpaste="return false;" oncut="return false;" oncontextmenu="return false;" onmousedown="return false;" onselectstart="return false;">6 times<span style="font-size: 1px; color: white;">dam</span>higher [H+] than the <span style="color: #1D4ED8; font-weight: 700;">pure<span style="font-size: 1px; color: white;">wood</span>water</span>.<span style="font-size: 1px; color: white;">fdna</span></div>
        </p>
      </simpleChoice>
    </choiceInteraction>
  </itemBody>
  <responseProcessing>
    <responseCondition>
      <responseIf>
        <match>
          <variable identifier="RESPONSE"/>
          <correct identifier="RESPONSE"/>
        </match>
      </responseIf>
    </responseCondition>
  </responseProcessing>
</assessmentItem>
