<?xml version='1.0' encoding='UTF-8'?>
<assessmentItem xmlns="http://www.imsglobal.org/xsd/imsqti_v2p1" xmlns:xsi="http://www.w3.org/2001/XMLSchema-instance" xmlns:ns8="http://www.w3.org/1999/xlink" xmlns:ns9="http://www.imsglobal.org/xsd/apip/apipv1p0/imsapip_qtiv1p0" xsi:schemaLocation="http://www.imsglobal.org/xsd/imsqti_v2p1 http://www.imsglobal.org/xsd/qti/qtiv2p1/imsqti_v2p1.xsd" title="e8f3_9324_748b" adaptive="false" timeDependent="false" identifier="e8f3_9324_748b">
  <responseDeclaration baseType="identifier" cardinality="single" identifier="RESPONSE">
    <correctResponse>
      <value>answer_002</value>
    </correctResponse>
  </responseDeclaration>
  <outcomeDeclaration baseType="float" cardinality="single" identifier="SCORE"/>
  <itemBody>
    <div>
      <div id="drv_1e88" oncopy="return false;" onpaste="return false;" oncut="return false;" oncontextmenu="return false;" onmousedown="return false;" onselectstart="return false;">
        <p>The pH of<span style="font-size: 1px; color: white;">ease</span>the <span style="color: #0F766E; font-weight: 700;">baking<span style="font-size: 1px; color: white;">bitter</span>soda<span style="font-size: 1px; color: white;">oral</span>solution</span> is <span style="font-family: monospace;">8.5</span>, while<span style="font-size: 1px; color: white;">prior</span>the <span style="color: #2563EB; font-weight: 700;">rainwater</span> is<span style="font-size: 1px; color: white;">points</span>pH <span style="font-family: monospace;">5.5</span>. This<span style="font-size: 1px; color: white;">all</span>is<span style="font-size: 1px; color: white;">turned</span>a difference<span style="font-size: 1px; color: white;">six</span>of 3 pH units.</p>
        <p>The <span style="color: #2563EB; font-weight: 700;">rainwater</span> has:</p>
        <span style="font-size: 1px; color: white;">ligase</span>
      </div>
    </div>
    <choiceInteraction maxChoices="1" responseIdentifier="RESPONSE" shuffle="true">
      <simpleChoice fixed="true" identifier="answer_1">
        <p>
          <div id="drv_0e7e" oncopy="return false;" onpaste="return false;" oncut="return false;" oncontextmenu="return false;" onmousedown="return false;" onselectstart="return false;">3 times<span style="font-size: 1px; color: white;">had</span>lower [H+] than<span style="font-size: 1px; color: white;">state</span>the <span style="color: #0F766E; font-weight: 700;">baking soda solution</span>.<span style="font-size: 1px; color: white;">narrow</span></div>
        </p>
      </simpleChoice>
      <simpleChoice fixed="true" identifier="answer_2">
        <p>
          <div id="drv_b1e5" oncopy="return false;" onpaste="return false;" oncut="return false;" oncontextmenu="return false;" onmousedown="return false;" onselectstart="return false;">1,000 (10<sup>3</sup>) times higher [H+] than<span style="font-size: 1px; color: white;">tells</span>the <span style="color: #0F766E; font-weight: 700;">baking soda solution</span>. </div>
        </p>
      </simpleChoice>
      <simpleChoice fixed="true" identifier="answer_3">
        <p>
          <div id="drv_8886" oncopy="return false;" onpaste="return false;" oncut="return false;" oncontextmenu="return false;" onmousedown="return false;" onselectstart="return false;">1,000 (10<sup>3</sup>) times<span style="font-size: 1px; color: white;">was</span>lower [H+] than<span style="font-size: 1px; color: white;">psi</span>the <span style="color: #0F766E; font-weight: 700;">baking<span style="font-size: 1px; color: white;">gulose</span>soda solution</span>.<span style="font-size: 1px; color: white;">glands</span></div>
        </p>
      </simpleChoice>
      <simpleChoice fixed="true" identifier="answer_4">
        <p>
          <div id="drv_0a74" oncopy="return false;" onpaste="return false;" oncut="return false;" oncontextmenu="return false;" onmousedown="return false;" onselectstart="return false;">3 times<span style="font-size: 1px; color: white;">eside</span>higher [H+] than<span style="font-size: 1px; color: white;">clot</span>the <span style="color: #0F766E; font-weight: 700;">baking soda solution</span>.<span style="font-size: 1px; color: white;">root</span></div>
        </p>
      </simpleChoice>
    </choiceInteraction>
  </itemBody>
  <responseProcessing>
    <responseCondition>
      <responseIf>
        <match>
          <variable identifier="RESPONSE"/>
          <correct identifier="RESPONSE"/>
        </match>
      </responseIf>
    </responseCondition>
  </responseProcessing>
</assessmentItem>
