<?xml version='1.0' encoding='UTF-8'?>
<assessmentItem xmlns="http://www.imsglobal.org/xsd/imsqti_v2p1" xmlns:xsi="http://www.w3.org/2001/XMLSchema-instance" xmlns:ns8="http://www.w3.org/1999/xlink" xmlns:ns9="http://www.imsglobal.org/xsd/apip/apipv1p0/imsapip_qtiv1p0" xsi:schemaLocation="http://www.imsglobal.org/xsd/imsqti_v2p1 http://www.imsglobal.org/xsd/qti/qtiv2p1/imsqti_v2p1.xsd" title="7d42_f195_5ecc" adaptive="false" timeDependent="false" identifier="7d42_f195_5ecc">
  <responseDeclaration baseType="identifier" cardinality="single" identifier="RESPONSE">
    <correctResponse>
      <value>answer_004</value>
    </correctResponse>
  </responseDeclaration>
  <outcomeDeclaration baseType="float" cardinality="single" identifier="SCORE"/>
  <itemBody>
    <div>
      <div id="drv_19e0" oncopy="return false;" onpaste="return false;" oncut="return false;" oncontextmenu="return false;" onmousedown="return false;" onselectstart="return false;">
        <p>The pH of the <span style="color: #0EA5E9; font-weight: 700;">seawater</span> is <span style="font-family: monospace;">8.0</span>, while the <span style="color: #B91C1C; font-weight: 700;">tomato<span style="font-size: 1px; color: white;">lookup</span>juice</span> is<span style="font-size: 1px; color: white;">tight</span>pH <span style="font-family: monospace;">4.0</span>. This<span style="font-size: 1px; color: white;">plural</span>is<span style="font-size: 1px; color: white;">named</span>a difference<span style="font-size: 1px; color: white;">sheep</span>of 4 pH units.</p>
        <p>The <span style="color: #B91C1C; font-weight: 700;">tomato<span style="font-size: 1px; color: white;">umami</span>juice</span> has:</p>
        <span style="font-size: 1px; color: white;">scores</span>
      </div>
    </div>
    <choiceInteraction maxChoices="1" responseIdentifier="RESPONSE" shuffle="true">
      <simpleChoice fixed="true" identifier="answer_1">
        <p>
          <div id="drv_ee41" oncopy="return false;" onpaste="return false;" oncut="return false;" oncontextmenu="return false;" onmousedown="return false;" onselectstart="return false;">4 times<span style="font-size: 1px; color: white;">clean</span>higher [H+] than the <span style="color: #0EA5E9; font-weight: 700;">seawater</span>.<span style="font-size: 1px; color: white;">lungs</span></div>
        </p>
      </simpleChoice>
      <simpleChoice fixed="true" identifier="answer_2">
        <p>
          <div id="drv_cd8a" oncopy="return false;" onpaste="return false;" oncut="return false;" oncontextmenu="return false;" onmousedown="return false;" onselectstart="return false;">10,000 (10<sup>4</sup>) times<span style="font-size: 1px; color: white;">neural</span>lower [H+] than<span style="font-size: 1px; color: white;">anion</span>the <span style="color: #0EA5E9; font-weight: 700;">seawater</span>.<span style="font-size: 1px; color: white;">digest</span></div>
        </p>
      </simpleChoice>
      <simpleChoice fixed="true" identifier="answer_3">
        <p>
          <div id="drv_ed94" oncopy="return false;" onpaste="return false;" oncut="return false;" oncontextmenu="return false;" onmousedown="return false;" onselectstart="return false;">4 times lower [H+] than<span style="font-size: 1px; color: white;">wider</span>the <span style="color: #0EA5E9; font-weight: 700;">seawater</span>.<span style="font-size: 1px; color: white;">eggs</span></div>
        </p>
      </simpleChoice>
      <simpleChoice fixed="true" identifier="answer_4">
        <p>
          <div id="drv_a246" oncopy="return false;" onpaste="return false;" oncut="return false;" oncontextmenu="return false;" onmousedown="return false;" onselectstart="return false;">10,000 (10<sup>4</sup>) times<span style="font-size: 1px; color: white;">fuses</span>higher [H+] than<span style="font-size: 1px; color: white;">kayak</span>the <span style="color: #0EA5E9; font-weight: 700;">seawater</span>.<span style="font-size: 1px; color: white;">pnum</span></div>
        </p>
      </simpleChoice>
    </choiceInteraction>
  </itemBody>
  <responseProcessing>
    <responseCondition>
      <responseIf>
        <match>
          <variable identifier="RESPONSE"/>
          <correct identifier="RESPONSE"/>
        </match>
      </responseIf>
    </responseCondition>
  </responseProcessing>
</assessmentItem>
