<?xml version='1.0' encoding='UTF-8'?>
<assessmentItem xmlns="http://www.imsglobal.org/xsd/imsqti_v2p1" xmlns:xsi="http://www.w3.org/2001/XMLSchema-instance" xmlns:ns8="http://www.w3.org/1999/xlink" xmlns:ns9="http://www.imsglobal.org/xsd/apip/apipv1p0/imsapip_qtiv1p0" xsi:schemaLocation="http://www.imsglobal.org/xsd/imsqti_v2p1 http://www.imsglobal.org/xsd/qti/qtiv2p1/imsqti_v2p1.xsd" title="3b3a_16a3_0f8f" adaptive="false" timeDependent="false" identifier="3b3a_16a3_0f8f">
  <responseDeclaration baseType="identifier" cardinality="single" identifier="RESPONSE">
    <correctResponse>
      <value>answer_001</value>
    </correctResponse>
  </responseDeclaration>
  <outcomeDeclaration baseType="float" cardinality="single" identifier="SCORE"/>
  <itemBody>
    <div>
      <div id="drv_579f" oncopy="return false;" onpaste="return false;" oncut="return false;" oncontextmenu="return false;" onmousedown="return false;" onselectstart="return false;">
        <p>The pH of the <span style="color: #C2410C; font-weight: 700;">lemon<span style="font-size: 1px; color: white;">seeds</span>juice</span> is <span style="font-family: monospace;">1.9</span>, while<span style="font-size: 1px; color: white;">duplex</span>the <span style="color: #7F1D1D; font-weight: 700;">battery<span style="font-size: 1px; color: white;">around</span>acid</span> is<span style="font-size: 1px; color: white;">merge</span>pH <span style="font-family: monospace;">0.9</span>. This<span style="font-size: 1px; color: white;">allose</span>is<span style="font-size: 1px; color: white;">green</span>a difference<span style="font-size: 1px; color: white;">reach</span>of 1 pH units.</p>
        <p>The <span style="color: #7F1D1D; font-weight: 700;">battery<span style="font-size: 1px; color: white;">metal</span>acid</span> has:</p>
        <span style="font-size: 1px; color: white;">filial</span>
      </div>
    </div>
    <choiceInteraction maxChoices="1" responseIdentifier="RESPONSE" shuffle="true">
      <simpleChoice fixed="true" identifier="answer_1">
        <p>
          <div id="drv_4783" oncopy="return false;" onpaste="return false;" oncut="return false;" oncontextmenu="return false;" onmousedown="return false;" onselectstart="return false;">10 (10<sup>1</sup>) times<span style="font-size: 1px; color: white;">relief</span>higher [H+] than<span style="font-size: 1px; color: white;">aldose</span>the <span style="color: #C2410C; font-weight: 700;">lemon juice</span>.<span style="font-size: 1px; color: white;">who</span></div>
        </p>
      </simpleChoice>
      <simpleChoice fixed="true" identifier="answer_2">
        <p>
          <div id="drv_d862" oncopy="return false;" onpaste="return false;" oncut="return false;" oncontextmenu="return false;" onmousedown="return false;" onselectstart="return false;">1 times<span style="font-size: 1px; color: white;">add</span>lower [H+] than<span style="font-size: 1px; color: white;">four</span>the <span style="color: #C2410C; font-weight: 700;">lemon<span style="font-size: 1px; color: white;">seals</span>juice</span>. </div>
        </p>
      </simpleChoice>
      <simpleChoice fixed="true" identifier="answer_3">
        <p>
          <div id="drv_9d05" oncopy="return false;" onpaste="return false;" oncut="return false;" oncontextmenu="return false;" onmousedown="return false;" onselectstart="return false;">1 times<span style="font-size: 1px; color: white;">room</span>higher [H+] than<span style="font-size: 1px; color: white;">top</span>the <span style="color: #C2410C; font-weight: 700;">lemon<span style="font-size: 1px; color: white;">seven</span>juice</span>.<span style="font-size: 1px; color: white;">diving</span></div>
        </p>
      </simpleChoice>
      <simpleChoice fixed="true" identifier="answer_4">
        <p>
          <div id="drv_1099" oncopy="return false;" onpaste="return false;" oncut="return false;" oncontextmenu="return false;" onmousedown="return false;" onselectstart="return false;">10 (10<sup>1</sup>) times<span style="font-size: 1px; color: white;">falsej</span>lower [H+] than<span style="font-size: 1px; color: white;">care</span>the <span style="color: #C2410C; font-weight: 700;">lemon<span style="font-size: 1px; color: white;">two</span>juice</span>.<span style="font-size: 1px; color: white;">heavy</span></div>
        </p>
      </simpleChoice>
    </choiceInteraction>
  </itemBody>
  <responseProcessing>
    <responseCondition>
      <responseIf>
        <match>
          <variable identifier="RESPONSE"/>
          <correct identifier="RESPONSE"/>
        </match>
      </responseIf>
    </responseCondition>
  </responseProcessing>
</assessmentItem>
