<?xml version='1.0' encoding='UTF-8'?>
<assessmentItem xmlns="http://www.imsglobal.org/xsd/imsqti_v2p1" xmlns:xsi="http://www.w3.org/2001/XMLSchema-instance" xmlns:ns8="http://www.w3.org/1999/xlink" xmlns:ns9="http://www.imsglobal.org/xsd/apip/apipv1p0/imsapip_qtiv1p0" xsi:schemaLocation="http://www.imsglobal.org/xsd/imsqti_v2p1 http://www.imsglobal.org/xsd/qti/qtiv2p1/imsqti_v2p1.xsd" title="6204_042c_d4b3" adaptive="false" timeDependent="false" identifier="6204_042c_d4b3">
  <responseDeclaration baseType="identifier" cardinality="single" identifier="RESPONSE">
    <correctResponse>
      <value>answer_001</value>
    </correctResponse>
  </responseDeclaration>
  <outcomeDeclaration baseType="float" cardinality="single" identifier="SCORE"/>
  <itemBody>
    <div>
      <div id="drv_f1d5" oncopy="return false;" onpaste="return false;" oncut="return false;" oncontextmenu="return false;" onmousedown="return false;" onselectstart="return false;">
        <p>The<span style="font-size: 1px; color: white;">flower</span>pH of<span style="font-size: 1px; color: white;">take</span>the <span style="color: #6B7280; font-weight: 700;">egg<span style="font-size: 1px; color: white;">rise</span>white</span> is <span style="font-family: monospace;">9.1</span>, while the <span style="color: #0EA5E9; font-weight: 700;">seawater</span> is pH <span style="font-family: monospace;">8.1</span>. This<span style="font-size: 1px; color: white;">mature</span>is a difference<span style="font-size: 1px; color: white;">acetyl</span>of 1 pH units.</p>
        <p>The <span style="color: #0EA5E9; font-weight: 700;">seawater</span> has:</p>
        <span style="font-size: 1px; color: white;">chitin</span>
      </div>
    </div>
    <choiceInteraction maxChoices="1" responseIdentifier="RESPONSE" shuffle="true">
      <simpleChoice fixed="true" identifier="answer_1">
        <p>
          <div id="drv_6eb2" oncopy="return false;" onpaste="return false;" oncut="return false;" oncontextmenu="return false;" onmousedown="return false;" onselectstart="return false;">10 (10<sup>1</sup>) times<span style="font-size: 1px; color: white;">sorts</span>higher [H+] than<span style="font-size: 1px; color: white;">upside</span>the <span style="color: #6B7280; font-weight: 700;">egg<span style="font-size: 1px; color: white;">select</span>white</span>.<span style="font-size: 1px; color: white;">off</span></div>
        </p>
      </simpleChoice>
      <simpleChoice fixed="true" identifier="answer_2">
        <p>
          <div id="drv_359c" oncopy="return false;" onpaste="return false;" oncut="return false;" oncontextmenu="return false;" onmousedown="return false;" onselectstart="return false;">1 times lower [H+] than<span style="font-size: 1px; color: white;">input</span>the <span style="color: #6B7280; font-weight: 700;">egg<span style="font-size: 1px; color: white;">study</span>white</span>.<span style="font-size: 1px; color: white;">brick</span></div>
        </p>
      </simpleChoice>
      <simpleChoice fixed="true" identifier="answer_3">
        <p>
          <div id="drv_7bca" oncopy="return false;" onpaste="return false;" oncut="return false;" oncontextmenu="return false;" onmousedown="return false;" onselectstart="return false;">1 times<span style="font-size: 1px; color: white;">all</span>higher [H+] than<span style="font-size: 1px; color: white;">digest</span>the <span style="color: #6B7280; font-weight: 700;">egg white</span>. </div>
        </p>
      </simpleChoice>
      <simpleChoice fixed="true" identifier="answer_4">
        <p>
          <div id="drv_fe2e" oncopy="return false;" onpaste="return false;" oncut="return false;" oncontextmenu="return false;" onmousedown="return false;" onselectstart="return false;">10 (10<sup>1</sup>) times lower [H+] than<span style="font-size: 1px; color: white;">letter</span>the <span style="color: #6B7280; font-weight: 700;">egg<span style="font-size: 1px; color: white;">cation</span>white</span>.<span style="font-size: 1px; color: white;">will</span></div>
        </p>
      </simpleChoice>
    </choiceInteraction>
  </itemBody>
  <responseProcessing>
    <responseCondition>
      <responseIf>
        <match>
          <variable identifier="RESPONSE"/>
          <correct identifier="RESPONSE"/>
        </match>
      </responseIf>
    </responseCondition>
  </responseProcessing>
</assessmentItem>
