<?xml version='1.0' encoding='UTF-8'?>
<assessmentItem xmlns="http://www.imsglobal.org/xsd/imsqti_v2p1" xmlns:xsi="http://www.w3.org/2001/XMLSchema-instance" xmlns:ns8="http://www.w3.org/1999/xlink" xmlns:ns9="http://www.imsglobal.org/xsd/apip/apipv1p0/imsapip_qtiv1p0" xsi:schemaLocation="http://www.imsglobal.org/xsd/imsqti_v2p1 http://www.imsglobal.org/xsd/qti/qtiv2p1/imsqti_v2p1.xsd" title="12a1_ff67_11bf" adaptive="false" timeDependent="false" identifier="12a1_ff67_11bf">
  <responseDeclaration baseType="identifier" cardinality="single" identifier="RESPONSE">
    <correctResponse>
      <value>answer_003</value>
    </correctResponse>
  </responseDeclaration>

  <outcomeDeclaration baseType="float" cardinality="single" identifier="SCORE"/>

  <itemBody>
    <div>
      <p>The pH of the <span style="color: #1D4ED8; font-weight: 700;">pure water</span> is <span style="font-family: monospace;">6.9</span>, while the <span style="color: #0F766E; font-weight: 700;">saliva</span> is pH <span style="font-family: monospace;">6.9</span>. This is a difference of 0 pH units.</p>
      <p>The <span style="color: #0F766E; font-weight: 700;">saliva</span> has:</p>
    </div>
    <choiceInteraction maxChoices="1" responseIdentifier="RESPONSE" shuffle="true">
      <simpleChoice fixed="true" identifier="answer_1">
        <p>0 times lower [H+] than the <span style="color: #1D4ED8; font-weight: 700;">pure water</span>.</p>
      </simpleChoice>
      <simpleChoice fixed="true" identifier="answer_2">
        <p>10^0 times lower [H+] than the <span style="color: #1D4ED8; font-weight: 700;">pure water</span>.</p>
      </simpleChoice>
      <simpleChoice fixed="true" identifier="answer_3">
        <p>10^0 times higher [H+] than the <span style="color: #1D4ED8; font-weight: 700;">pure water</span>.</p>
      </simpleChoice>
      <simpleChoice fixed="true" identifier="answer_4">
        <p>0 times higher [H+] than the <span style="color: #1D4ED8; font-weight: 700;">pure water</span>.</p>
      </simpleChoice>
    </choiceInteraction>
  </itemBody>

  <responseProcessing>
    <responseCondition>
      <responseIf>
        <match>
          <variable identifier="RESPONSE"/>
          <correct identifier="RESPONSE"/>
        </match>
      </responseIf>
    </responseCondition>
  </responseProcessing>
</assessmentItem>
