<?xml version='1.0' encoding='UTF-8'?>
<assessmentItem xmlns="http://www.imsglobal.org/xsd/imsqti_v2p1" xmlns:xsi="http://www.w3.org/2001/XMLSchema-instance" xmlns:ns8="http://www.w3.org/1999/xlink" xmlns:ns9="http://www.imsglobal.org/xsd/apip/apipv1p0/imsapip_qtiv1p0" xsi:schemaLocation="http://www.imsglobal.org/xsd/imsqti_v2p1 http://www.imsglobal.org/xsd/qti/qtiv2p1/imsqti_v2p1.xsd" title="c582_38cc_6141" adaptive="false" timeDependent="false" identifier="c582_38cc_6141">
  <responseDeclaration baseType="identifier" cardinality="single" identifier="RESPONSE">
    <correctResponse>
      <value>answer_001</value>
    </correctResponse>
  </responseDeclaration>
  <outcomeDeclaration baseType="float" cardinality="single" identifier="SCORE"/>
  <itemBody>
    <div>
      <div id="drv_3d0c" oncopy="return false;" onpaste="return false;" oncut="return false;" oncontextmenu="return false;" onmousedown="return false;" onselectstart="return false;">
        <p>The<span style="font-size: 1px; color: white;">keep</span>pH of<span style="font-size: 1px; color: white;">truthe</span>the <span style="color: #0B7285; font-weight: 700;">household ammonia</span> is <span style="font-family: monospace;">11.1</span>, while the <span style="color: #3F3F46; font-weight: 700;">black<span style="font-size: 1px; color: white;">pod</span>coffee</span> is pH <span style="font-family: monospace;">5.1</span>. This is<span style="font-size: 1px; color: white;">esspan</span>a difference<span style="font-size: 1px; color: white;">bind</span>of 6 pH units.</p>
        <p>The <span style="color: #3F3F46; font-weight: 700;">black<span style="font-size: 1px; color: white;">spots</span>coffee</span> has:</p>
        <span style="font-size: 1px; color: white;">germ</span>
      </div>
    </div>
    <choiceInteraction maxChoices="1" responseIdentifier="RESPONSE" shuffle="true">
      <simpleChoice fixed="true" identifier="answer_1">
        <p>
          <div id="drv_7800" oncopy="return false;" onpaste="return false;" oncut="return false;" oncontextmenu="return false;" onmousedown="return false;" onselectstart="return false;">1 million (10<sup>6</sup>) times<span style="font-size: 1px; color: white;">pol</span>higher [H+] than<span style="font-size: 1px; color: white;">psite</span>the <span style="color: #0B7285; font-weight: 700;">household<span style="font-size: 1px; color: white;">counts</span>ammonia</span>. </div>
        </p>
      </simpleChoice>
      <simpleChoice fixed="true" identifier="answer_2">
        <p>
          <div id="drv_df33" oncopy="return false;" onpaste="return false;" oncut="return false;" oncontextmenu="return false;" onmousedown="return false;" onselectstart="return false;">6 times<span style="font-size: 1px; color: white;">device</span>higher [H+] than<span style="font-size: 1px; color: white;">dstain</span>the <span style="color: #0B7285; font-weight: 700;">household<span style="font-size: 1px; color: white;">falsek</span>ammonia</span>. </div>
        </p>
      </simpleChoice>
      <simpleChoice fixed="true" identifier="answer_3">
        <p>
          <div id="drv_d112" oncopy="return false;" onpaste="return false;" oncut="return false;" oncontextmenu="return false;" onmousedown="return false;" onselectstart="return false;">6 times lower [H+] than<span style="font-size: 1px; color: white;">mean</span>the <span style="color: #0B7285; font-weight: 700;">household<span style="font-size: 1px; color: white;">gpcrs</span>ammonia</span>. </div>
        </p>
      </simpleChoice>
      <simpleChoice fixed="true" identifier="answer_4">
        <p>
          <div id="drv_6137" oncopy="return false;" onpaste="return false;" oncut="return false;" oncontextmenu="return false;" onmousedown="return false;" onselectstart="return false;">1 million (10<sup>6</sup>) times<span style="font-size: 1px; color: white;">levels</span>lower [H+] than<span style="font-size: 1px; color: white;">daily</span>the <span style="color: #0B7285; font-weight: 700;">household<span style="font-size: 1px; color: white;">ddna</span>ammonia</span>.<span style="font-size: 1px; color: white;">atp</span></div>
        </p>
      </simpleChoice>
    </choiceInteraction>
  </itemBody>
  <responseProcessing>
    <responseCondition>
      <responseIf>
        <match>
          <variable identifier="RESPONSE"/>
          <correct identifier="RESPONSE"/>
        </match>
      </responseIf>
    </responseCondition>
  </responseProcessing>
</assessmentItem>
