<?xml version='1.0' encoding='UTF-8'?>
<assessmentItem xmlns="http://www.imsglobal.org/xsd/imsqti_v2p1" xmlns:xsi="http://www.w3.org/2001/XMLSchema-instance" xmlns:ns8="http://www.w3.org/1999/xlink" xmlns:ns9="http://www.imsglobal.org/xsd/apip/apipv1p0/imsapip_qtiv1p0" xsi:schemaLocation="http://www.imsglobal.org/xsd/imsqti_v2p1 http://www.imsglobal.org/xsd/qti/qtiv2p1/imsqti_v2p1.xsd" title="7d72_e728_82ed" adaptive="false" timeDependent="false" identifier="7d72_e728_82ed">
  <responseDeclaration baseType="float" cardinality="single" identifier="RESPONSE">
    <correctResponse>
      <value>360.0</value>
    </correctResponse>
  </responseDeclaration>
  <outcomeDeclaration baseType="float" cardinality="single" identifier="SCORE"/>
  <itemBody>
    <div>
      <table border="1" cellpadding="4" cellspacing="0" style="border-collapse: collapse; margin-top: 6px;">
        <tr>
          <td colspan="2" style="font-weight: bold; background-color: #efefef; text-align: center;">Magnesium sulfate (MgSO<sub>4</sub>)</td>
        </tr>
        <tr>
          <td style="font-weight: bold; background-color: #f7f7f7;">Final volume</td>
          <td>
            <span style="font-family: monospace;">960 μL</span>
          </td>
        </tr>
        <tr>
          <td style="font-weight: bold; background-color: #f7f7f7;">Target concentration</td>
          <td>
            <span style="font-family: monospace;">24%</span>
          </td>
        </tr>
        <tr>
          <td style="font-weight: bold; background-color: #f7f7f7;">Stock concentration</td>
          <td>
            <span style="color: #cc5500;">
              <span style="font-family: monospace;">64%</span>
            </span>
          </td>
        </tr>
        <tr>
          <td style="font-weight: bold; background-color: #f7f7f7;">Molecular weight</td>
          <td>
            <span style="font-family: monospace;">120.37 g/mol</span>
          </td>
        </tr>
        <tr>
          <td style="font-weight: bold; background-color: #f7f7f7;">Aliquot unit</td>
          <td>microliters (μL)</td>
        </tr>
      </table>
      <p>You have an already prepared <span style="color: #cc5500;">stock solution of <span style="font-family: monospace;">64%</span> MgSO<sub>4</sub></span> on the shelf.</p>
      <p>Prepare <strong><span style="font-size: 1.05em;"><span style="font-family: monospace;">960 μL</span> of <span style="font-family: monospace;">24%</span> MgSO<sub>4</sub> solution</span></strong> using the <span style="color: #cc5500;">stock solution</span>.</p>
      <p>What <span style="color: #7a1f7a;">volume of aliquot</span> in microliters (μL) do you add to <span style="color: #005cb3;">distilled water</span> to make the final dilution?</p>
      <p>
        <i>Note: answers need to be within 1% of the correct number to be correct.</i>
      </p>
    </div>
    <p>
      <textEntryInteraction responseIdentifier="RESPONSE"/>
    </p>
  </itemBody>
  <responseProcessing>
    <responseCondition>
      <responseIf>
        <equal toleranceMode="absolute" tolerance="0.9 0.9" includeLowerBound="true" includeUpperBound="true">
          <variable identifier="RESPONSE"/>
          <correct identifier="RESPONSE"/>
        </equal>
        <setOutcomeValue identifier="SCORE">
          <baseValue baseType="float">100</baseValue>
        </setOutcomeValue>
      </responseIf>
      <responseElse>
        <setOutcomeValue identifier="SCORE">
          <baseValue baseType="float">0</baseValue>
        </setOutcomeValue>
      </responseElse>
    </responseCondition>
  </responseProcessing>
</assessmentItem>
