<?xml version='1.0' encoding='UTF-8'?>
<assessmentItem xmlns="http://www.imsglobal.org/xsd/imsqti_v2p1" xmlns:xsi="http://www.w3.org/2001/XMLSchema-instance" xmlns:ns8="http://www.w3.org/1999/xlink" xmlns:ns9="http://www.imsglobal.org/xsd/apip/apipv1p0/imsapip_qtiv1p0" xsi:schemaLocation="http://www.imsglobal.org/xsd/imsqti_v2p1 http://www.imsglobal.org/xsd/qti/qtiv2p1/imsqti_v2p1.xsd" title="e27e_8950_0b99" adaptive="false" timeDependent="false" identifier="e27e_8950_0b99">
  <responseDeclaration baseType="identifier" cardinality="single" identifier="RESPONSE">
    <correctResponse>
      <value>answer_5</value>
    </correctResponse>
  </responseDeclaration>
  <outcomeDeclaration baseType="float" cardinality="single" identifier="SCORE"/>
  <itemBody>
    <div><p>333a</p> <p><u>Michaelis-Menten question.</u> The following question refers to the table (<i>below</i>) of enzyme activity.</p> <table cellpadding="2" cellspacing="2" style="text-align:center; border-collapse: collapse; border: 1px solid black; font-size: 14px;"><colgroup width="160"/> <colgroup width="160"/> <tr style="background-color: lightgray; border-bottom: 2px solid black;"><th align="center" style="padding: 5px; font-size: 10px;">substrate<br/>concentration, <span style="font-size: 14px;">[S]</span></th><th align="center" style="padding: 5px; font-size: 10px;">initial reaction<br/>velocity<br/><span style="font-size: 14px;">V<sub>0</sub></span></th></tr><tr style="background-color: #FFFFDD;"> <td style="border: 1px solid black;" align="right"><span style="font-family: courier, monospace;">0.0001 </span></td> <td style="border: 1px solid black;" align="right"><span style="font-family: courier, monospace;">4.0 </span></td></tr><tr style="background-color: #FFFFFF;"> <td style="border: 1px solid black;" align="right"><span style="font-family: courier, monospace;">0.0002 </span></td> <td style="border: 1px solid black;" align="right"><span style="font-family: courier, monospace;">7.7 </span></td></tr><tr style="background-color: #FFFFDD;"> <td style="border: 1px solid black;" align="right"><span style="font-family: courier, monospace;">0.0005 </span></td> <td style="border: 1px solid black;" align="right"><span style="font-family: courier, monospace;">18.2 </span></td></tr><tr style="background-color: #FFFFFF;"> <td style="border: 1px solid black;" align="right"><span style="font-family: courier, monospace;">0.0010 </span></td> <td style="border: 1px solid black;" align="right"><span style="font-family: courier, monospace;">33.4 </span></td></tr><tr style="background-color: #FFFFDD;"> <td style="border: 1px solid black;" align="right"><span style="font-family: courier, monospace;">0.0020 </span></td> <td style="border: 1px solid black;" align="right"><span style="font-family: courier, monospace;">57.2 </span></td></tr><tr style="background-color: #FFFFFF;"> <td style="border: 1px solid black;" align="right"><span style="font-family: courier, monospace;">0.0050 </span></td> <td style="border: 1px solid black;" align="right"><span style="font-family: courier, monospace;">100.0 </span></td></tr><tr style="background-color: #FFFFDD;"> <td style="border: 1px solid black;" align="right"><span style="font-family: courier, monospace;">0.0100 </span></td> <td style="border: 1px solid black;" align="right"><span style="font-family: courier, monospace;">133.4 </span></td></tr><tr style="background-color: #FFFFFF;"> <td style="border: 1px solid black;" align="right"><span style="font-family: courier, monospace;">0.0200 </span></td> <td style="border: 1px solid black;" align="right"><span style="font-family: courier, monospace;">160.0 </span></td></tr><tr style="background-color: #FFFFDD;"> <td style="border: 1px solid black;" align="right"><span style="font-family: courier, monospace;">0.0500 </span></td> <td style="border: 1px solid black;" align="right"><span style="font-family: courier, monospace;">181.9 </span></td></tr><tr style="background-color: #FFFFFF;"> <td style="border: 1px solid black;" align="right"><span style="font-family: courier, monospace;">0.1000 </span></td> <td style="border: 1px solid black;" align="right"><span style="font-family: courier, monospace;">190.5 </span></td></tr><tr style="background-color: #FFFFDD;"> <td style="border: 1px solid black;" align="right"><span style="font-family: courier, monospace;">1.0000 </span></td> <td style="border: 1px solid black;" align="right"><span style="font-family: courier, monospace;">199.1 </span></td></tr><tr style="background-color: #FFFFFF;"> <td style="border: 1px solid black;" align="right"><span style="font-family: courier, monospace;">10.0000 </span></td> <td style="border: 1px solid black;" align="right"><span style="font-family: courier, monospace;">200.0 </span></td></tr></table><br/><p>Using the table (<i>above</i>), calculate the value for the Michaelis-Menten constant, K<sub>M</sub>.</p></div>
    <choiceInteraction maxChoices="1" responseIdentifier="RESPONSE" shuffle="true">
      <simpleChoice fixed="true" identifier="answer_1">
        <p>A.  K<sub>M</sub> = <span style="font-family: courier, monospace;">0.0001</span>  </p>
      </simpleChoice>
      <simpleChoice fixed="true" identifier="answer_2">
        <p>B.  K<sub>M</sub> = <span style="font-family: courier, monospace;">0.0005</span>  </p>
      </simpleChoice>
      <simpleChoice fixed="true" identifier="answer_3">
        <p>C.  K<sub>M</sub> = <span style="font-family: courier, monospace;">0.0010</span>  </p>
      </simpleChoice>
      <simpleChoice fixed="true" identifier="answer_4">
        <p>D.  K<sub>M</sub> = <span style="font-family: courier, monospace;">0.0020</span>  </p>
      </simpleChoice>
      <simpleChoice fixed="true" identifier="answer_5">
        <p>E.  K<sub>M</sub> = <span style="font-family: courier, monospace;">0.0050</span>  </p>
      </simpleChoice>
    </choiceInteraction>
  </itemBody>
  <responseProcessing>
    <responseCondition>
      <responseIf>
        <match>
          <variable identifier="RESPONSE"/>
          <correct identifier="RESPONSE"/>
        </match>
      </responseIf>
    </responseCondition>
  </responseProcessing>
</assessmentItem>
