<?xml version='1.0' encoding='UTF-8'?>
<questestinterop xmlns="http://www.imsglobal.org/xsd/ims_qtiasiv1p2" xmlns:xsi="http://www.w3.org/2001/XMLSchema-instance" xsi:schemaLocation="http://www.imsglobal.org/xsd/ims_qtiasiv1p2 http://www.imsglobal.org/xsd/ims_qtiasiv1p2p1.xsd">
  <assessment ident="root_assessment" title="chemical_group_pka_forms">
    <section ident="root_section">
      <item ident="multiple_answer_001" title="e56f_3ee7">
        <itemmetadata>
          <qtimetadata>
            <qtimetadatafield>
              <fieldlabel>question_type</fieldlabel>
              <fieldentry>multiple_answers_question</fieldentry>
            </qtimetadatafield>
            <qtimetadatafield>
              <fieldlabel>points_possible</fieldlabel>
              <fieldentry>1.0</fieldentry>
            </qtimetadatafield>
            <qtimetadatafield>
              <fieldlabel>original_answer_ids</fieldlabel>
              <fieldentry>choice_001,choice_002,choice_003,choice_004,choice_005,choice_006,choice_007</fieldentry>
            </qtimetadatafield>
          </qtimetadata>
        </itemmetadata>

        <presentation>
          <material>
            <mattext texttype="text/html">&lt;p&gt;When the pH is more than two (2) pH units &lt;span style='color:#d96500;font-weight:700;'&gt;ABOVE&lt;/span&gt; the pKa of a &lt;span style='color:#c62828;font-weight:700;'&gt;carboxyl group&lt;/span&gt; (e.g., -COOH), what form is the chemical group in?&lt;/p&gt;&lt;p&gt;Select &lt;span style='font-weight:700;'&gt;BOTH&lt;/span&gt; the &lt;span style='color:#2f855a;font-weight:700;'&gt;number of hydrogens&lt;/span&gt; and &lt;span style='color:#6b21a8;font-weight:700;'&gt;its charge&lt;/span&gt;; &lt;span style='font-weight:700;'&gt;check two boxes&lt;/span&gt;.&lt;/p&gt;</mattext>
          </material>
          <response_lid ident="response1" rcardinality="Multiple">
            <render_choice>
              <response_label ident="choice_001">
                <material>
                  <mattext texttype="text/html">&lt;span style='color:#2f855a;font-weight:700;'&gt;no hydrogens (0 H)&lt;/span&gt;</mattext>
                </material>
              </response_label>
              <response_label ident="choice_002">
                <material>
                  <mattext texttype="text/html">&lt;span style='color:#2f855a;font-weight:700;'&gt;one hydrogen (1 H)&lt;/span&gt;</mattext>
                </material>
              </response_label>
              <response_label ident="choice_003">
                <material>
                  <mattext texttype="text/html">&lt;span style='color:#2f855a;font-weight:700;'&gt;two hydrogens (2 H)&lt;/span&gt;</mattext>
                </material>
              </response_label>
              <response_label ident="choice_004">
                <material>
                  <mattext texttype="text/html">&lt;span style='color:#2f855a;font-weight:700;'&gt;three hydrogens (3 H)&lt;/span&gt;</mattext>
                </material>
              </response_label>
              <response_label ident="choice_005">
                <material>
                  <mattext texttype="text/html">&lt;span style='color:#1f5aa6;font-weight:700;'&gt;positive charge (+)&lt;/span&gt;</mattext>
                </material>
              </response_label>
              <response_label ident="choice_006">
                <material>
                  <mattext texttype="text/html">&lt;span style='color:#111111;font-weight:700;'&gt;neutral charge (0)&lt;/span&gt;</mattext>
                </material>
              </response_label>
              <response_label ident="choice_007">
                <material>
                  <mattext texttype="text/html">&lt;span style='color:#c1121f;font-weight:700;'&gt;negative charge (-)&lt;/span&gt;</mattext>
                </material>
              </response_label>
            </render_choice>
          </response_lid>
        </presentation>

        <resprocessing>
          <outcomes>
            <decvar maxvalue="100" minvalue="0" varname="SCORE" vartype="Decimal"/>
          </outcomes>
          <respcondition>
            <conditionvar>
              <and>
                <varequal respident="response1">choice_001</varequal>
                <not>
                  <varequal respident="response1">choice_002</varequal>
                </not>
                <not>
                  <varequal respident="response1">choice_003</varequal>
                </not>
                <not>
                  <varequal respident="response1">choice_004</varequal>
                </not>
                <not>
                  <varequal respident="response1">choice_005</varequal>
                </not>
                <not>
                  <varequal respident="response1">choice_006</varequal>
                </not>
                <varequal respident="response1">choice_007</varequal>
              </and>
            </conditionvar>
            <setvar action="Set" varname="SCORE">100</setvar>
          </respcondition>
        </resprocessing>
      </item>

      <item ident="multiple_answer_002" title="e907_3ee7">
        <itemmetadata>
          <qtimetadata>
            <qtimetadatafield>
              <fieldlabel>question_type</fieldlabel>
              <fieldentry>multiple_answers_question</fieldentry>
            </qtimetadatafield>
            <qtimetadatafield>
              <fieldlabel>points_possible</fieldlabel>
              <fieldentry>1.0</fieldentry>
            </qtimetadatafield>
            <qtimetadatafield>
              <fieldlabel>original_answer_ids</fieldlabel>
              <fieldentry>choice_001,choice_002,choice_003,choice_004,choice_005,choice_006,choice_007</fieldentry>
            </qtimetadatafield>
          </qtimetadata>
        </itemmetadata>

        <presentation>
          <material>
            <mattext texttype="text/html">&lt;p&gt;When the pH is more than two (2) pH units &lt;span style='color:#d96500;font-weight:700;'&gt;ABOVE&lt;/span&gt; the pKa of a &lt;span style='color:#b58900;font-weight:700;'&gt;thiol group&lt;/span&gt; (e.g., -SH), what form is the chemical group in?&lt;/p&gt;&lt;p&gt;Select &lt;span style='font-weight:700;'&gt;BOTH&lt;/span&gt; the &lt;span style='color:#2f855a;font-weight:700;'&gt;number of hydrogens&lt;/span&gt; and &lt;span style='color:#6b21a8;font-weight:700;'&gt;its charge&lt;/span&gt;; &lt;span style='font-weight:700;'&gt;check two boxes&lt;/span&gt;.&lt;/p&gt;</mattext>
          </material>
          <response_lid ident="response1" rcardinality="Multiple">
            <render_choice>
              <response_label ident="choice_001">
                <material>
                  <mattext texttype="text/html">&lt;span style='color:#2f855a;font-weight:700;'&gt;no hydrogens (0 H)&lt;/span&gt;</mattext>
                </material>
              </response_label>
              <response_label ident="choice_002">
                <material>
                  <mattext texttype="text/html">&lt;span style='color:#2f855a;font-weight:700;'&gt;one hydrogen (1 H)&lt;/span&gt;</mattext>
                </material>
              </response_label>
              <response_label ident="choice_003">
                <material>
                  <mattext texttype="text/html">&lt;span style='color:#2f855a;font-weight:700;'&gt;two hydrogens (2 H)&lt;/span&gt;</mattext>
                </material>
              </response_label>
              <response_label ident="choice_004">
                <material>
                  <mattext texttype="text/html">&lt;span style='color:#2f855a;font-weight:700;'&gt;three hydrogens (3 H)&lt;/span&gt;</mattext>
                </material>
              </response_label>
              <response_label ident="choice_005">
                <material>
                  <mattext texttype="text/html">&lt;span style='color:#1f5aa6;font-weight:700;'&gt;positive charge (+)&lt;/span&gt;</mattext>
                </material>
              </response_label>
              <response_label ident="choice_006">
                <material>
                  <mattext texttype="text/html">&lt;span style='color:#111111;font-weight:700;'&gt;neutral charge (0)&lt;/span&gt;</mattext>
                </material>
              </response_label>
              <response_label ident="choice_007">
                <material>
                  <mattext texttype="text/html">&lt;span style='color:#c1121f;font-weight:700;'&gt;negative charge (-)&lt;/span&gt;</mattext>
                </material>
              </response_label>
            </render_choice>
          </response_lid>
        </presentation>

        <resprocessing>
          <outcomes>
            <decvar maxvalue="100" minvalue="0" varname="SCORE" vartype="Decimal"/>
          </outcomes>
          <respcondition>
            <conditionvar>
              <and>
                <varequal respident="response1">choice_001</varequal>
                <not>
                  <varequal respident="response1">choice_002</varequal>
                </not>
                <not>
                  <varequal respident="response1">choice_003</varequal>
                </not>
                <not>
                  <varequal respident="response1">choice_004</varequal>
                </not>
                <not>
                  <varequal respident="response1">choice_005</varequal>
                </not>
                <not>
                  <varequal respident="response1">choice_006</varequal>
                </not>
                <varequal respident="response1">choice_007</varequal>
              </and>
            </conditionvar>
            <setvar action="Set" varname="SCORE">100</setvar>
          </respcondition>
        </resprocessing>
      </item>

      <item ident="multiple_answer_003" title="a005_3ee7">
        <itemmetadata>
          <qtimetadata>
            <qtimetadatafield>
              <fieldlabel>question_type</fieldlabel>
              <fieldentry>multiple_answers_question</fieldentry>
            </qtimetadatafield>
            <qtimetadatafield>
              <fieldlabel>points_possible</fieldlabel>
              <fieldentry>1.0</fieldentry>
            </qtimetadatafield>
            <qtimetadatafield>
              <fieldlabel>original_answer_ids</fieldlabel>
              <fieldentry>choice_001,choice_002,choice_003,choice_004,choice_005,choice_006,choice_007</fieldentry>
            </qtimetadatafield>
          </qtimetadata>
        </itemmetadata>

        <presentation>
          <material>
            <mattext texttype="text/html">&lt;p&gt;When the pH is more than two (2) pH units &lt;span style='color:#1f7a1f;font-weight:700;'&gt;BELOW&lt;/span&gt; the pKa of a &lt;span style='color:#c62828;font-weight:700;'&gt;carboxyl group&lt;/span&gt; (e.g., -COOH), what form is the chemical group in?&lt;/p&gt;&lt;p&gt;Select &lt;span style='font-weight:700;'&gt;BOTH&lt;/span&gt; the &lt;span style='color:#2f855a;font-weight:700;'&gt;number of hydrogens&lt;/span&gt; and &lt;span style='color:#6b21a8;font-weight:700;'&gt;its charge&lt;/span&gt;; &lt;span style='font-weight:700;'&gt;check two boxes&lt;/span&gt;.&lt;/p&gt;</mattext>
          </material>
          <response_lid ident="response1" rcardinality="Multiple">
            <render_choice>
              <response_label ident="choice_001">
                <material>
                  <mattext texttype="text/html">&lt;span style='color:#2f855a;font-weight:700;'&gt;no hydrogens (0 H)&lt;/span&gt;</mattext>
                </material>
              </response_label>
              <response_label ident="choice_002">
                <material>
                  <mattext texttype="text/html">&lt;span style='color:#2f855a;font-weight:700;'&gt;one hydrogen (1 H)&lt;/span&gt;</mattext>
                </material>
              </response_label>
              <response_label ident="choice_003">
                <material>
                  <mattext texttype="text/html">&lt;span style='color:#2f855a;font-weight:700;'&gt;two hydrogens (2 H)&lt;/span&gt;</mattext>
                </material>
              </response_label>
              <response_label ident="choice_004">
                <material>
                  <mattext texttype="text/html">&lt;span style='color:#2f855a;font-weight:700;'&gt;three hydrogens (3 H)&lt;/span&gt;</mattext>
                </material>
              </response_label>
              <response_label ident="choice_005">
                <material>
                  <mattext texttype="text/html">&lt;span style='color:#1f5aa6;font-weight:700;'&gt;positive charge (+)&lt;/span&gt;</mattext>
                </material>
              </response_label>
              <response_label ident="choice_006">
                <material>
                  <mattext texttype="text/html">&lt;span style='color:#111111;font-weight:700;'&gt;neutral charge (0)&lt;/span&gt;</mattext>
                </material>
              </response_label>
              <response_label ident="choice_007">
                <material>
                  <mattext texttype="text/html">&lt;span style='color:#c1121f;font-weight:700;'&gt;negative charge (-)&lt;/span&gt;</mattext>
                </material>
              </response_label>
            </render_choice>
          </response_lid>
        </presentation>

        <resprocessing>
          <outcomes>
            <decvar maxvalue="100" minvalue="0" varname="SCORE" vartype="Decimal"/>
          </outcomes>
          <respcondition>
            <conditionvar>
              <and>
                <not>
                  <varequal respident="response1">choice_001</varequal>
                </not>
                <varequal respident="response1">choice_002</varequal>
                <not>
                  <varequal respident="response1">choice_003</varequal>
                </not>
                <not>
                  <varequal respident="response1">choice_004</varequal>
                </not>
                <not>
                  <varequal respident="response1">choice_005</varequal>
                </not>
                <varequal respident="response1">choice_006</varequal>
                <not>
                  <varequal respident="response1">choice_007</varequal>
                </not>
              </and>
            </conditionvar>
            <setvar action="Set" varname="SCORE">100</setvar>
          </respcondition>
        </resprocessing>
      </item>

      <item ident="multiple_answer_004" title="c331_3ee7">
        <itemmetadata>
          <qtimetadata>
            <qtimetadatafield>
              <fieldlabel>question_type</fieldlabel>
              <fieldentry>multiple_answers_question</fieldentry>
            </qtimetadatafield>
            <qtimetadatafield>
              <fieldlabel>points_possible</fieldlabel>
              <fieldentry>1.0</fieldentry>
            </qtimetadatafield>
            <qtimetadatafield>
              <fieldlabel>original_answer_ids</fieldlabel>
              <fieldentry>choice_001,choice_002,choice_003,choice_004,choice_005,choice_006,choice_007</fieldentry>
            </qtimetadatafield>
          </qtimetadata>
        </itemmetadata>

        <presentation>
          <material>
            <mattext texttype="text/html">&lt;p&gt;When the pH is more than two (2) pH units &lt;span style='color:#1f7a1f;font-weight:700;'&gt;BELOW&lt;/span&gt; the pKa of a &lt;span style='color:#b58900;font-weight:700;'&gt;thiol group&lt;/span&gt; (e.g., -SH), what form is the chemical group in?&lt;/p&gt;&lt;p&gt;Select &lt;span style='font-weight:700;'&gt;BOTH&lt;/span&gt; the &lt;span style='color:#2f855a;font-weight:700;'&gt;number of hydrogens&lt;/span&gt; and &lt;span style='color:#6b21a8;font-weight:700;'&gt;its charge&lt;/span&gt;; &lt;span style='font-weight:700;'&gt;check two boxes&lt;/span&gt;.&lt;/p&gt;</mattext>
          </material>
          <response_lid ident="response1" rcardinality="Multiple">
            <render_choice>
              <response_label ident="choice_001">
                <material>
                  <mattext texttype="text/html">&lt;span style='color:#2f855a;font-weight:700;'&gt;no hydrogens (0 H)&lt;/span&gt;</mattext>
                </material>
              </response_label>
              <response_label ident="choice_002">
                <material>
                  <mattext texttype="text/html">&lt;span style='color:#2f855a;font-weight:700;'&gt;one hydrogen (1 H)&lt;/span&gt;</mattext>
                </material>
              </response_label>
              <response_label ident="choice_003">
                <material>
                  <mattext texttype="text/html">&lt;span style='color:#2f855a;font-weight:700;'&gt;two hydrogens (2 H)&lt;/span&gt;</mattext>
                </material>
              </response_label>
              <response_label ident="choice_004">
                <material>
                  <mattext texttype="text/html">&lt;span style='color:#2f855a;font-weight:700;'&gt;three hydrogens (3 H)&lt;/span&gt;</mattext>
                </material>
              </response_label>
              <response_label ident="choice_005">
                <material>
                  <mattext texttype="text/html">&lt;span style='color:#1f5aa6;font-weight:700;'&gt;positive charge (+)&lt;/span&gt;</mattext>
                </material>
              </response_label>
              <response_label ident="choice_006">
                <material>
                  <mattext texttype="text/html">&lt;span style='color:#111111;font-weight:700;'&gt;neutral charge (0)&lt;/span&gt;</mattext>
                </material>
              </response_label>
              <response_label ident="choice_007">
                <material>
                  <mattext texttype="text/html">&lt;span style='color:#c1121f;font-weight:700;'&gt;negative charge (-)&lt;/span&gt;</mattext>
                </material>
              </response_label>
            </render_choice>
          </response_lid>
        </presentation>

        <resprocessing>
          <outcomes>
            <decvar maxvalue="100" minvalue="0" varname="SCORE" vartype="Decimal"/>
          </outcomes>
          <respcondition>
            <conditionvar>
              <and>
                <not>
                  <varequal respident="response1">choice_001</varequal>
                </not>
                <varequal respident="response1">choice_002</varequal>
                <not>
                  <varequal respident="response1">choice_003</varequal>
                </not>
                <not>
                  <varequal respident="response1">choice_004</varequal>
                </not>
                <not>
                  <varequal respident="response1">choice_005</varequal>
                </not>
                <varequal respident="response1">choice_006</varequal>
                <not>
                  <varequal respident="response1">choice_007</varequal>
                </not>
              </and>
            </conditionvar>
            <setvar action="Set" varname="SCORE">100</setvar>
          </respcondition>
        </resprocessing>
      </item>

      <item ident="multiple_answer_005" title="2241_3ee7">
        <itemmetadata>
          <qtimetadata>
            <qtimetadatafield>
              <fieldlabel>question_type</fieldlabel>
              <fieldentry>multiple_answers_question</fieldentry>
            </qtimetadatafield>
            <qtimetadatafield>
              <fieldlabel>points_possible</fieldlabel>
              <fieldentry>1.0</fieldentry>
            </qtimetadatafield>
            <qtimetadatafield>
              <fieldlabel>original_answer_ids</fieldlabel>
              <fieldentry>choice_001,choice_002,choice_003,choice_004,choice_005,choice_006,choice_007</fieldentry>
            </qtimetadatafield>
          </qtimetadata>
        </itemmetadata>

        <presentation>
          <material>
            <mattext texttype="text/html">&lt;p&gt;When the pH is more than two (2) pH units &lt;span style='color:#1f7a1f;font-weight:700;'&gt;BELOW&lt;/span&gt; the pKa of a &lt;span style='color:#1565c0;font-weight:700;'&gt;amine group&lt;/span&gt; (e.g., -NH&lt;sub&gt;2&lt;/sub&gt;), what form is the chemical group in?&lt;/p&gt;&lt;p&gt;Select &lt;span style='font-weight:700;'&gt;BOTH&lt;/span&gt; the &lt;span style='color:#2f855a;font-weight:700;'&gt;number of hydrogens&lt;/span&gt; and &lt;span style='color:#6b21a8;font-weight:700;'&gt;its charge&lt;/span&gt;; &lt;span style='font-weight:700;'&gt;check two boxes&lt;/span&gt;.&lt;/p&gt;</mattext>
          </material>
          <response_lid ident="response1" rcardinality="Multiple">
            <render_choice>
              <response_label ident="choice_001">
                <material>
                  <mattext texttype="text/html">&lt;span style='color:#2f855a;font-weight:700;'&gt;no hydrogens (0 H)&lt;/span&gt;</mattext>
                </material>
              </response_label>
              <response_label ident="choice_002">
                <material>
                  <mattext texttype="text/html">&lt;span style='color:#2f855a;font-weight:700;'&gt;one hydrogen (1 H)&lt;/span&gt;</mattext>
                </material>
              </response_label>
              <response_label ident="choice_003">
                <material>
                  <mattext texttype="text/html">&lt;span style='color:#2f855a;font-weight:700;'&gt;two hydrogens (2 H)&lt;/span&gt;</mattext>
                </material>
              </response_label>
              <response_label ident="choice_004">
                <material>
                  <mattext texttype="text/html">&lt;span style='color:#2f855a;font-weight:700;'&gt;three hydrogens (3 H)&lt;/span&gt;</mattext>
                </material>
              </response_label>
              <response_label ident="choice_005">
                <material>
                  <mattext texttype="text/html">&lt;span style='color:#1f5aa6;font-weight:700;'&gt;positive charge (+)&lt;/span&gt;</mattext>
                </material>
              </response_label>
              <response_label ident="choice_006">
                <material>
                  <mattext texttype="text/html">&lt;span style='color:#111111;font-weight:700;'&gt;neutral charge (0)&lt;/span&gt;</mattext>
                </material>
              </response_label>
              <response_label ident="choice_007">
                <material>
                  <mattext texttype="text/html">&lt;span style='color:#c1121f;font-weight:700;'&gt;negative charge (-)&lt;/span&gt;</mattext>
                </material>
              </response_label>
            </render_choice>
          </response_lid>
        </presentation>

        <resprocessing>
          <outcomes>
            <decvar maxvalue="100" minvalue="0" varname="SCORE" vartype="Decimal"/>
          </outcomes>
          <respcondition>
            <conditionvar>
              <and>
                <not>
                  <varequal respident="response1">choice_001</varequal>
                </not>
                <not>
                  <varequal respident="response1">choice_002</varequal>
                </not>
                <not>
                  <varequal respident="response1">choice_003</varequal>
                </not>
                <varequal respident="response1">choice_004</varequal>
                <varequal respident="response1">choice_005</varequal>
                <not>
                  <varequal respident="response1">choice_006</varequal>
                </not>
                <not>
                  <varequal respident="response1">choice_007</varequal>
                </not>
              </and>
            </conditionvar>
            <setvar action="Set" varname="SCORE">100</setvar>
          </respcondition>
        </resprocessing>
      </item>

      <item ident="multiple_answer_006" title="5f10_3ee7">
        <itemmetadata>
          <qtimetadata>
            <qtimetadatafield>
              <fieldlabel>question_type</fieldlabel>
              <fieldentry>multiple_answers_question</fieldentry>
            </qtimetadatafield>
            <qtimetadatafield>
              <fieldlabel>points_possible</fieldlabel>
              <fieldentry>1.0</fieldentry>
            </qtimetadatafield>
            <qtimetadatafield>
              <fieldlabel>original_answer_ids</fieldlabel>
              <fieldentry>choice_001,choice_002,choice_003,choice_004,choice_005,choice_006,choice_007</fieldentry>
            </qtimetadatafield>
          </qtimetadata>
        </itemmetadata>

        <presentation>
          <material>
            <mattext texttype="text/html">&lt;p&gt;When the pH is more than two (2) pH units &lt;span style='color:#d96500;font-weight:700;'&gt;ABOVE&lt;/span&gt; the pKa of a &lt;span style='color:#1565c0;font-weight:700;'&gt;amine group&lt;/span&gt; (e.g., -NH&lt;sub&gt;2&lt;/sub&gt;), what form is the chemical group in?&lt;/p&gt;&lt;p&gt;Select &lt;span style='font-weight:700;'&gt;BOTH&lt;/span&gt; the &lt;span style='color:#2f855a;font-weight:700;'&gt;number of hydrogens&lt;/span&gt; and &lt;span style='color:#6b21a8;font-weight:700;'&gt;its charge&lt;/span&gt;; &lt;span style='font-weight:700;'&gt;check two boxes&lt;/span&gt;.&lt;/p&gt;</mattext>
          </material>
          <response_lid ident="response1" rcardinality="Multiple">
            <render_choice>
              <response_label ident="choice_001">
                <material>
                  <mattext texttype="text/html">&lt;span style='color:#2f855a;font-weight:700;'&gt;no hydrogens (0 H)&lt;/span&gt;</mattext>
                </material>
              </response_label>
              <response_label ident="choice_002">
                <material>
                  <mattext texttype="text/html">&lt;span style='color:#2f855a;font-weight:700;'&gt;one hydrogen (1 H)&lt;/span&gt;</mattext>
                </material>
              </response_label>
              <response_label ident="choice_003">
                <material>
                  <mattext texttype="text/html">&lt;span style='color:#2f855a;font-weight:700;'&gt;two hydrogens (2 H)&lt;/span&gt;</mattext>
                </material>
              </response_label>
              <response_label ident="choice_004">
                <material>
                  <mattext texttype="text/html">&lt;span style='color:#2f855a;font-weight:700;'&gt;three hydrogens (3 H)&lt;/span&gt;</mattext>
                </material>
              </response_label>
              <response_label ident="choice_005">
                <material>
                  <mattext texttype="text/html">&lt;span style='color:#1f5aa6;font-weight:700;'&gt;positive charge (+)&lt;/span&gt;</mattext>
                </material>
              </response_label>
              <response_label ident="choice_006">
                <material>
                  <mattext texttype="text/html">&lt;span style='color:#111111;font-weight:700;'&gt;neutral charge (0)&lt;/span&gt;</mattext>
                </material>
              </response_label>
              <response_label ident="choice_007">
                <material>
                  <mattext texttype="text/html">&lt;span style='color:#c1121f;font-weight:700;'&gt;negative charge (-)&lt;/span&gt;</mattext>
                </material>
              </response_label>
            </render_choice>
          </response_lid>
        </presentation>

        <resprocessing>
          <outcomes>
            <decvar maxvalue="100" minvalue="0" varname="SCORE" vartype="Decimal"/>
          </outcomes>
          <respcondition>
            <conditionvar>
              <and>
                <not>
                  <varequal respident="response1">choice_001</varequal>
                </not>
                <not>
                  <varequal respident="response1">choice_002</varequal>
                </not>
                <varequal respident="response1">choice_003</varequal>
                <not>
                  <varequal respident="response1">choice_004</varequal>
                </not>
                <not>
                  <varequal respident="response1">choice_005</varequal>
                </not>
                <varequal respident="response1">choice_006</varequal>
                <not>
                  <varequal respident="response1">choice_007</varequal>
                </not>
              </and>
            </conditionvar>
            <setvar action="Set" varname="SCORE">100</setvar>
          </respcondition>
        </resprocessing>
      </item>
    </section>
  </assessment>
</questestinterop>
