<?xml version='1.0' encoding='UTF-8'?>
<assessmentItem xmlns="http://www.imsglobal.org/xsd/imsqti_v2p1" xmlns:xsi="http://www.w3.org/2001/XMLSchema-instance" xmlns:ns8="http://www.w3.org/1999/xlink" xmlns:ns9="http://www.imsglobal.org/xsd/apip/apipv1p0/imsapip_qtiv1p0" xsi:schemaLocation="http://www.imsglobal.org/xsd/imsqti_v2p1 http://www.imsglobal.org/xsd/qti/qtiv2p1/imsqti_v2p1.xsd" title="e3a5_624b_756b" adaptive="false" timeDependent="false" identifier="e3a5_624b_756b">
  <responseDeclaration baseType="identifier" cardinality="single" identifier="RESPONSE">
    <correctResponse>
      <value>answer_003</value>
    </correctResponse>
  </responseDeclaration>

  <outcomeDeclaration baseType="float" cardinality="single" identifier="SCORE"/>

  <itemBody>
    <div>
      <p>Which one of the following statements is<strong> <span style="color: #169179;"><strong>TRUE</strong></span> </strong> about <strong><span style="color: #bb5d00;"><strong><span style="color: #bb5d00;"><strong><span style="color: #bb5d00;"><strong><span style="color: #bb5d00;"><strong><span style="color: #bb5d00;">thermodynamics</span></strong></span></strong></span></strong></span></strong></span></strong> and <strong><span style="color: #56225d;"><strong><span style="color: #56225d;"><strong><span style="color: #56225d;"><strong><span style="color: #56225d;"><strong><span style="color: #56225d;">kinetics</span></strong></span></strong></span></strong></span></strong></span></strong>?</p>
    </div>
    <choiceInteraction maxChoices="1" responseIdentifier="RESPONSE" shuffle="true">
      <simpleChoice fixed="true" identifier="answer_1">
        <p>The second law of <strong><span style="color: #bb5d00;">thermodynamics</span></strong> states that the <strong><span style="color: #b77b04;">entropy</span></strong> of a closed system always decreases.</p>
      </simpleChoice>
      <simpleChoice fixed="true" identifier="answer_2">
        <p>In general, more disorder means less <strong><span style="color: #b77b04;">entropy</span></strong>.</p>
      </simpleChoice>
      <simpleChoice fixed="true" identifier="answer_3">
        <p>Equilibrium is reached when the rate of the forward and reverse <strong><span style="color: #008a75;"><strong><span style="color: #008a75;">reaction</span></strong></span></strong>s is equal.</p>
      </simpleChoice>
      <simpleChoice fixed="true" identifier="answer_4">
        <p>The rate of a <strong><span style="color: #008a75;">reaction</span></strong> is independent of temperature.</p>
      </simpleChoice>
      <simpleChoice fixed="true" identifier="answer_5">
        <p>Enzymes change the standard Gibbs free energy change (ΔG°′) of a <strong><span style="color: #008a75;">reaction</span></strong>.</p>
      </simpleChoice>
    </choiceInteraction>
  </itemBody>

  <responseProcessing>
    <responseCondition>
      <responseIf>
        <match>
          <variable identifier="RESPONSE"/>
          <correct identifier="RESPONSE"/>
        </match>
      </responseIf>
    </responseCondition>
  </responseProcessing>
</assessmentItem>
