<?xml version='1.0' encoding='UTF-8'?>
<assessmentItem xmlns="http://www.imsglobal.org/xsd/imsqti_v2p1" xmlns:xsi="http://www.w3.org/2001/XMLSchema-instance" xmlns:ns8="http://www.w3.org/1999/xlink" xmlns:ns9="http://www.imsglobal.org/xsd/apip/apipv1p0/imsapip_qtiv1p0" xsi:schemaLocation="http://www.imsglobal.org/xsd/imsqti_v2p1 http://www.imsglobal.org/xsd/qti/qtiv2p1/imsqti_v2p1.xsd" title="beb9_77e5_2f6b" adaptive="false" timeDependent="false" identifier="beb9_77e5_2f6b">
  <responseDeclaration baseType="identifier" cardinality="single" identifier="RESPONSE">
    <correctResponse>
      <value>answer_005</value>
    </correctResponse>
  </responseDeclaration>
  <outcomeDeclaration baseType="float" cardinality="single" identifier="SCORE"/>
  <itemBody>
    <div>
      <div id="drv_59bb" oncopy="return false;" onpaste="return false;" oncut="return false;" oncontextmenu="return false;" onmousedown="return false;" onselectstart="return false;"><script src="https://unpkg.com/@rdkit/rdkit/dist/RDKit_minimal.js"/><h4>peptide_366f</h4><p><canvas id="canvas_4ee5" width="480" height="512"/></p><hr/><script>/* */initRDKitModule().then(function(instance){RDKitModule=instance;console.log("RDKit:"+RDKitModule.version());/* */function/* */getPeptideBonds(mol){let/* */peptide_bond="CC(=O)NC";let/* */qmol=window.RDKitModule.get_qmol(peptide_bond);let/* */matches=JSON.parse(mol.get_substruct_matches(qmol));let/* */aggregatedBonds=[];for(let/* */i=0;i&lt;matches.length;i++){match=matches[i];if(Array.isArray(match["bonds"])){aggregatedBonds.push(match["bonds"].slice(-2)[0]);}}return/* */aggregatedBonds;}let/* */smiles="[NH3+][C@@H](CCCNC(=[NH2+])N)(C(=O)N[C@@H](CC(=O)N)(C(=O)N[C@@H](Cc1ccccc1)(C(=O)[O-])))";let/* */mol=RDKitModule.get_mol(smiles);let/* */mdetails={};mdetails["bonds"]=getPeptideBonds(mol);mdetails["atoms"]=[0];mdetails["highlightColour"]=[0,1,0];mdetails["legend"]="peptide_366f";mdetails["explicitMethyl"]=true;canvas=document.getElementById("canvas_4ee5");mol.draw_to_canvas_with_highlights(canvas,JSON.stringify(mdetails));});/* */</script> <p>A tripeptide<span style="font-size: 1px; color: white;">andor</span>is<span style="font-size: 1px; color: white;">seals</span>made<span style="font-size: 1px; color: white;">rapid</span>up of<span style="font-size: 1px; color: white;">elevel</span>three (3) amino<span style="font-size: 1px; color: white;">dntps</span>acids. The figure<span style="font-size: 1px; color: white;">pushes</span>above<span style="font-size: 1px; color: white;">pest</span>shows<span style="font-size: 1px; color: white;">next</span>one such<span style="font-size: 1px; color: white;">bees</span>tripeptide<span style="font-size: 1px; color: white;">spin</span>with<span style="font-size: 1px; color: white;">happen</span>an<span style="font-size: 1px; color: white;">gfc</span>unknown<span style="font-size: 1px; color: white;">lipid</span>sequence. Your<span style="font-size: 1px; color: white;">strong</span>task is<span style="font-size: 1px; color: white;">sexual</span>to find<span style="font-size: 1px; color: white;">place</span>out<span style="font-size: 1px; color: white;">keep</span>the<span style="font-size: 1px; color: white;">donors</span>three (3) letter<span style="font-size: 1px; color: white;">fields</span>sequence<span style="font-size: 1px; color: white;">able</span>of<span style="font-size: 1px; color: white;">hot</span>this tripeptide.</p> <p>Here is a step-by-step<span style="font-size: 1px; color: white;">loss</span>guide<span style="font-size: 1px; color: white;">will</span>to<span style="font-size: 1px; color: white;">law</span>help<span style="font-size: 1px; color: white;">datp</span>you<span style="font-size: 1px; color: white;">cause</span>answer<span style="font-size: 1px; color: white;">used</span>the question:</p> <ol> <li style="margin-bottom: 20px;">Consult<span style="font-size: 1px; color: white;">avie</span>an amino<span style="font-size: 1px; color: white;">deltah</span>acid<span style="font-size: 1px; color: white;">copy</span>guide for<span style="font-size: 1px; color: white;">famous</span>reference. You<span style="font-size: 1px; color: white;">acetic</span>can<span style="font-size: 1px; color: white;">mucus</span>find a PDF guide<span style="font-size: 1px; color: white;">falsem</span>on Blackboard<span style="font-size: 1px; color: white;">herbs</span>under "Exam and Quiz" in<span style="font-size: 1px; color: white;">joins</span>the "Old Exams" section, with the filename <a href="https://drive.google.com/file/d/1Mgum_TmZ71-XIjb38sStEpzzZLqkQb-W/view?usp=sharing">bchm_exam-help_sheet.pdf</a>, or<span style="font-size: 1px; color: white;">hdpe</span>search online for<span style="font-size: 1px; color: white;">but</span>a visual<span style="font-size: 1px; color: white;">their</span>guide<span style="font-size: 1px; color: white;">anion</span>that shows<span style="font-size: 1px; color: white;">leaven</span>all 20 amino<span style="font-size: 1px; color: white;">there</span>acids<span style="font-size: 1px; color: white;">they</span>with<span style="font-size: 1px; color: white;">begins</span>their<span style="font-size: 1px; color: white;">get</span>single-letter<span style="font-size: 1px; color: white;">page</span>codes.</li> <li style="margin-bottom: 20px;">Identify the<span style="font-size: 1px; color: white;">snp</span>amino-terminal<span style="font-size: 1px; color: white;">carry</span>end, represented as <span style="padding: 2px; color: #0000cc; background-color: #66ff66;">NH<sub>3</sub><sup>+</sup></span> and highlighted<span style="font-size: 1px; color: white;">sam</span>in bright<span style="font-size: 1px; color: white;">stages</span>green. Distinguish<span style="font-size: 1px; color: white;">once</span>between the<span style="font-size: 1px; color: white;">homo</span>general<span style="font-size: 1px; color: white;">high</span>nitrogens in<span style="font-size: 1px; color: white;">dounce</span>amino<span style="font-size: 1px; color: white;">roles</span>acid backbones (denoted as <span style="color:#0000cc">NH</span>) and<span style="font-size: 1px; color: white;">anchor</span>the<span style="font-size: 1px; color: white;">lysis</span>nitrogen<span style="font-size: 1px; color: white;">uracil</span>in<span style="font-size: 1px; color: white;">mrnas</span>amino<span style="font-size: 1px; color: white;">fight</span>acid<span style="font-size: 1px; color: white;">stages</span>side<span style="font-size: 1px; color: white;">via</span>chains.</li> <li style="margin-bottom: 20px;">The<span style="font-size: 1px; color: white;">navy</span>two (2) peptide bonds connecting<span style="font-size: 1px; color: white;">cancer</span>the three (3) amino<span style="font-size: 1px; color: white;">cancer</span>acids are highlighted<span style="font-size: 1px; color: white;">dreba</span>in <span style="background-color: #00FF00; padding: 2px;">bright<span style="font-size: 1px; color: white;">elaw</span>green</span>, making<span style="font-size: 1px; color: white;">bow</span>it easier to<span style="font-size: 1px; color: white;">niacin</span>distinguish<span style="font-size: 1px; color: white;">four</span>the<span style="font-size: 1px; color: white;">its</span>three (3) amino<span style="font-size: 1px; color: white;">mule</span>acids.</li> <li style="margin-bottom: 20px;">Examine the<span style="font-size: 1px; color: white;">garlic</span>side<span style="font-size: 1px; color: white;">each</span>chain<span style="font-size: 1px; color: white;">gene</span>for<span style="font-size: 1px; color: white;">would</span>each<span style="font-size: 1px; color: white;">oxide</span>of the<span style="font-size: 1px; color: white;">alike</span>three (3) amino<span style="font-size: 1px; color: white;">mendel</span>acids to<span style="font-size: 1px; color: white;">event</span>determine<span style="font-size: 1px; color: white;">blaw</span>their<span style="font-size: 1px; color: white;">tmv</span>single-letter<span style="font-size: 1px; color: white;">mgdl</span>amino acid<span style="font-size: 1px; color: white;">sos</span>code.</li> <li style="margin-bottom: 20px;">List<span style="font-size: 1px; color: white;">bpm</span>the<span style="font-size: 1px; color: white;">falsei</span>single-letter<span style="font-size: 1px; color: white;">kind</span>amino acid<span style="font-size: 1px; color: white;">gap</span>codes<span style="font-size: 1px; color: white;">tipoff</span>in<span style="font-size: 1px; color: white;">trna</span>the amino to<span style="font-size: 1px; color: white;">george</span>carboxyl (N→C) direction. This is<span style="font-size: 1px; color: white;">column</span>the<span style="font-size: 1px; color: white;">pka</span>standard<span style="font-size: 1px; color: white;">common</span>method for<span style="font-size: 1px; color: white;">ssu</span>writing peptide<span style="font-size: 1px; color: white;">juice</span>sequences.</li> </ol> <p>Select<span style="font-size: 1px; color: white;">bow</span>the<span style="font-size: 1px; color: white;">hsa</span>correct peptide sequence<span style="font-size: 1px; color: white;">sulfur</span>from<span style="font-size: 1px; color: white;">spot</span>the<span style="font-size: 1px; color: white;">bomb</span>options<span style="font-size: 1px; color: white;">lenses</span>below:</p> <span style="font-size: 1px; color: white;">field</span></div>
    </div>
    <choiceInteraction maxChoices="1" responseIdentifier="RESPONSE" shuffle="true">
      <simpleChoice fixed="true" identifier="answer_1">
        <p>
          <div id="drv_96e5" oncopy="return false;" onpaste="return false;" oncut="return false;" oncontextmenu="return false;" onmousedown="return false;" onselectstart="return false;">DFH </div>
        </p>
      </simpleChoice>
      <simpleChoice fixed="true" identifier="answer_2">
        <p>
          <div id="drv_43c3" oncopy="return false;" onpaste="return false;" oncut="return false;" oncontextmenu="return false;" onmousedown="return false;" onselectstart="return false;">DNA<span style="font-size: 1px; color: white;">none</span></div>
        </p>
      </simpleChoice>
      <simpleChoice fixed="true" identifier="answer_3">
        <p>
          <div id="drv_a372" oncopy="return false;" onpaste="return false;" oncut="return false;" oncontextmenu="return false;" onmousedown="return false;" onselectstart="return false;">FRI </div>
        </p>
      </simpleChoice>
      <simpleChoice fixed="true" identifier="answer_4">
        <p>
          <div id="drv_bcd4" oncopy="return false;" onpaste="return false;" oncut="return false;" oncontextmenu="return false;" onmousedown="return false;" onselectstart="return false;">HNL </div>
        </p>
      </simpleChoice>
      <simpleChoice fixed="true" identifier="answer_5">
        <p>
          <div id="drv_4134" oncopy="return false;" onpaste="return false;" oncut="return false;" oncontextmenu="return false;" onmousedown="return false;" onselectstart="return false;">RNF </div>
        </p>
      </simpleChoice>
    </choiceInteraction>
  </itemBody>
  <responseProcessing>
    <responseCondition>
      <responseIf>
        <match>
          <variable identifier="RESPONSE"/>
          <correct identifier="RESPONSE"/>
        </match>
      </responseIf>
    </responseCondition>
  </responseProcessing>
</assessmentItem>
