<?xml version='1.0' encoding='UTF-8'?>
<assessmentItem xmlns="http://www.imsglobal.org/xsd/imsqti_v2p1" xmlns:xsi="http://www.w3.org/2001/XMLSchema-instance" xmlns:ns8="http://www.w3.org/1999/xlink" xmlns:ns9="http://www.imsglobal.org/xsd/apip/apipv1p0/imsapip_qtiv1p0" xsi:schemaLocation="http://www.imsglobal.org/xsd/imsqti_v2p1 http://www.imsglobal.org/xsd/qti/qtiv2p1/imsqti_v2p1.xsd" title="5a21_c284_4598" adaptive="false" timeDependent="false" identifier="5a21_c284_4598">
  <responseDeclaration baseType="identifier" cardinality="single" identifier="RESPONSE">
    <correctResponse>
      <value>answer_005</value>
    </correctResponse>
  </responseDeclaration>
  <outcomeDeclaration baseType="float" cardinality="single" identifier="SCORE"/>
  <itemBody>
    <div>
      <div id="drv_37f1" oncopy="return false;" onpaste="return false;" oncut="return false;" oncontextmenu="return false;" onmousedown="return false;" onselectstart="return false;"><script src="https://unpkg.com/@rdkit/rdkit/dist/RDKit_minimal.js"/><h4>peptide_6017</h4><p><canvas id="canvas_ea03" width="480" height="512"/></p><hr/><script>/* */initRDKitModule().then(function(instance){RDKitModule=instance;console.log("RDKit:"+RDKitModule.version());/* */function/* */getPeptideBonds(mol){let/* */peptide_bond="CC(=O)NC";let/* */qmol=window.RDKitModule.get_qmol(peptide_bond);let/* */matches=JSON.parse(mol.get_substruct_matches(qmol));let/* */aggregatedBonds=[];for(let/* */i=0;i&lt;matches.length;i++){match=matches[i];if(Array.isArray(match["bonds"])){aggregatedBonds.push(match["bonds"].slice(-2)[0]);}}return/* */aggregatedBonds;}let/* */smiles="[NH3+][C@@H](CC(C)C)(C(=O)N[C@@H](CCCC[NH3+])(C(=O)N[C@@H]([C@H](CC)C)(C(=O)[O-])))";let/* */mol=RDKitModule.get_mol(smiles);let/* */mdetails={};mdetails["bonds"]=getPeptideBonds(mol);mdetails["atoms"]=[0];mdetails["highlightColour"]=[0,1,0];mdetails["legend"]="peptide_6017";mdetails["explicitMethyl"]=true;canvas=document.getElementById("canvas_ea03");mol.draw_to_canvas_with_highlights(canvas,JSON.stringify(mdetails));});/* */</script> <p>A tripeptide<span style="font-size: 1px; color: white;">pol</span>is<span style="font-size: 1px; color: white;">unlike</span>made<span style="font-size: 1px; color: white;">runway</span>up<span style="font-size: 1px; color: white;">distal</span>of three (3) amino acids. The<span style="font-size: 1px; color: white;">fluid</span>figure<span style="font-size: 1px; color: white;">active</span>above<span style="font-size: 1px; color: white;">copies</span>shows<span style="font-size: 1px; color: white;">intron</span>one such tripeptide<span style="font-size: 1px; color: white;">reveal</span>with<span style="font-size: 1px; color: white;">purple</span>an<span style="font-size: 1px; color: white;">marfan</span>unknown<span style="font-size: 1px; color: white;">turn</span>sequence. Your task<span style="font-size: 1px; color: white;">relies</span>is to find<span style="font-size: 1px; color: white;">key</span>out the<span style="font-size: 1px; color: white;">begg</span>three (3) letter<span style="font-size: 1px; color: white;">sample</span>sequence of<span style="font-size: 1px; color: white;">rate</span>this<span style="font-size: 1px; color: white;">half</span>tripeptide.</p> <p>Here is<span style="font-size: 1px; color: white;">cold</span>a step-by-step guide<span style="font-size: 1px; color: white;">pests</span>to<span style="font-size: 1px; color: white;">app</span>help<span style="font-size: 1px; color: white;">keto</span>you answer the<span style="font-size: 1px; color: white;">extra</span>question:</p> <ol> <li style="margin-bottom: 20px;">Consult an<span style="font-size: 1px; color: white;">losa</span>amino<span style="font-size: 1px; color: white;">paired</span>acid<span style="font-size: 1px; color: white;">family</span>guide<span style="font-size: 1px; color: white;">watch</span>for<span style="font-size: 1px; color: white;">car</span>reference. You can<span style="font-size: 1px; color: white;">block</span>find<span style="font-size: 1px; color: white;">hair</span>a PDF guide<span style="font-size: 1px; color: white;">cancer</span>on Blackboard under "Exam<span style="font-size: 1px; color: white;">sense</span>and Quiz" in<span style="font-size: 1px; color: white;">tunnel</span>the "Old Exams" section, with the<span style="font-size: 1px; color: white;">serve</span>filename <a href="https://drive.google.com/file/d/1Mgum_TmZ71-XIjb38sStEpzzZLqkQb-W/view?usp=sharing">bchm_exam-help_sheet.pdf</a>, or<span style="font-size: 1px; color: white;">mostly</span>search<span style="font-size: 1px; color: white;">polya</span>online for a visual<span style="font-size: 1px; color: white;">prior</span>guide<span style="font-size: 1px; color: white;">very</span>that<span style="font-size: 1px; color: white;">soil</span>shows<span style="font-size: 1px; color: white;">aro</span>all 20 amino acids with their<span style="font-size: 1px; color: white;">what</span>single-letter codes.</li> <li style="margin-bottom: 20px;">Identify the amino-terminal<span style="font-size: 1px; color: white;">rupert</span>end, represented as <span style="padding: 2px; color: #0000cc; background-color: #66ff66;">NH<sub>3</sub><sup>+</sup></span> and<span style="font-size: 1px; color: white;">cancer</span>highlighted in<span style="font-size: 1px; color: white;">only</span>bright<span style="font-size: 1px; color: white;">reduce</span>green. Distinguish<span style="font-size: 1px; color: white;">aldose</span>between<span style="font-size: 1px; color: white;">better</span>the general<span style="font-size: 1px; color: white;">known</span>nitrogens<span style="font-size: 1px; color: white;">cell</span>in<span style="font-size: 1px; color: white;">input</span>amino<span style="font-size: 1px; color: white;">reveal</span>acid backbones (denoted<span style="font-size: 1px; color: white;">methyl</span>as <span style="color:#0000cc">NH</span>) and the<span style="font-size: 1px; color: white;">dstain</span>nitrogen in amino<span style="font-size: 1px; color: white;">famous</span>acid side<span style="font-size: 1px; color: white;">mother</span>chains.</li> <li style="margin-bottom: 20px;">The<span style="font-size: 1px; color: white;">mrnas</span>two (2) peptide<span style="font-size: 1px; color: white;">left</span>bonds<span style="font-size: 1px; color: white;">isomer</span>connecting<span style="font-size: 1px; color: white;">bitter</span>the<span style="font-size: 1px; color: white;">step</span>three (3) amino acids<span style="font-size: 1px; color: white;">trnas</span>are highlighted<span style="font-size: 1px; color: white;">expose</span>in <span style="background-color: #00FF00; padding: 2px;">bright<span style="font-size: 1px; color: white;">him</span>green</span>, making it<span style="font-size: 1px; color: white;">depend</span>easier<span style="font-size: 1px; color: white;">off</span>to<span style="font-size: 1px; color: white;">word</span>distinguish<span style="font-size: 1px; color: white;">take</span>the three (3) amino<span style="font-size: 1px; color: white;">grab</span>acids.</li> <li style="margin-bottom: 20px;">Examine the<span style="font-size: 1px; color: white;">avp</span>side<span style="font-size: 1px; color: white;">taking</span>chain for<span style="font-size: 1px; color: white;">toxic</span>each<span style="font-size: 1px; color: white;">losa</span>of<span style="font-size: 1px; color: white;">xdna</span>the<span style="font-size: 1px; color: white;">pnum</span>three (3) amino<span style="font-size: 1px; color: white;">daily</span>acids<span style="font-size: 1px; color: white;">weaker</span>to determine<span style="font-size: 1px; color: white;">pnum</span>their<span style="font-size: 1px; color: white;">river</span>single-letter amino<span style="font-size: 1px; color: white;">xna</span>acid<span style="font-size: 1px; color: white;">stand</span>code.</li> <li style="margin-bottom: 20px;">List<span style="font-size: 1px; color: white;">yaml</span>the<span style="font-size: 1px; color: white;">beads</span>single-letter amino<span style="font-size: 1px; color: white;">spice</span>acid codes<span style="font-size: 1px; color: white;">plants</span>in<span style="font-size: 1px; color: white;">favor</span>the amino to<span style="font-size: 1px; color: white;">jerry</span>carboxyl (N→C) direction. This is<span style="font-size: 1px; color: white;">span</span>the<span style="font-size: 1px; color: white;">sweat</span>standard<span style="font-size: 1px; color: white;">exy</span>method<span style="font-size: 1px; color: white;">front</span>for writing<span style="font-size: 1px; color: white;">boost</span>peptide<span style="font-size: 1px; color: white;">low</span>sequences.</li> </ol> <p>Select<span style="font-size: 1px; color: white;">nadph</span>the<span style="font-size: 1px; color: white;">own</span>correct peptide<span style="font-size: 1px; color: white;">egg</span>sequence from<span style="font-size: 1px; color: white;">tests</span>the<span style="font-size: 1px; color: white;">solid</span>options below:</p> <span style="font-size: 1px; color: white;">bond</span></div>
    </div>
    <choiceInteraction maxChoices="1" responseIdentifier="RESPONSE" shuffle="true">
      <simpleChoice fixed="true" identifier="answer_1">
        <p>
          <div id="drv_d050" oncopy="return false;" onpaste="return false;" oncut="return false;" oncontextmenu="return false;" onmousedown="return false;" onselectstart="return false;">LII<span style="font-size: 1px; color: white;">some</span></div>
        </p>
      </simpleChoice>
      <simpleChoice fixed="true" identifier="answer_2">
        <p>
          <div id="drv_e7b5" oncopy="return false;" onpaste="return false;" oncut="return false;" oncontextmenu="return false;" onmousedown="return false;" onselectstart="return false;">SVI </div>
        </p>
      </simpleChoice>
      <simpleChoice fixed="true" identifier="answer_3">
        <p>
          <div id="drv_bd0c" oncopy="return false;" onpaste="return false;" oncut="return false;" oncontextmenu="return false;" onmousedown="return false;" onselectstart="return false;">SKS<span style="font-size: 1px; color: white;">ligand</span></div>
        </p>
      </simpleChoice>
      <simpleChoice fixed="true" identifier="answer_4">
        <p>
          <div id="drv_4ced" oncopy="return false;" onpaste="return false;" oncut="return false;" oncontextmenu="return false;" onmousedown="return false;" onselectstart="return false;">VKE<span style="font-size: 1px; color: white;">accept</span></div>
        </p>
      </simpleChoice>
      <simpleChoice fixed="true" identifier="answer_5">
        <p>
          <div id="drv_d882" oncopy="return false;" onpaste="return false;" oncut="return false;" oncontextmenu="return false;" onmousedown="return false;" onselectstart="return false;">LKI<span style="font-size: 1px; color: white;">edge</span></div>
        </p>
      </simpleChoice>
    </choiceInteraction>
  </itemBody>
  <responseProcessing>
    <responseCondition>
      <responseIf>
        <match>
          <variable identifier="RESPONSE"/>
          <correct identifier="RESPONSE"/>
        </match>
      </responseIf>
    </responseCondition>
  </responseProcessing>
</assessmentItem>
