<?xml version='1.0' encoding='UTF-8'?>
<assessmentItem xmlns="http://www.imsglobal.org/xsd/imsqti_v2p1" xmlns:xsi="http://www.w3.org/2001/XMLSchema-instance" xmlns:ns8="http://www.w3.org/1999/xlink" xmlns:ns9="http://www.imsglobal.org/xsd/apip/apipv1p0/imsapip_qtiv1p0" xsi:schemaLocation="http://www.imsglobal.org/xsd/imsqti_v2p1 http://www.imsglobal.org/xsd/qti/qtiv2p1/imsqti_v2p1.xsd" title="a7dd_1141_9aa0" adaptive="false" timeDependent="false" identifier="a7dd_1141_9aa0">
  <responseDeclaration baseType="identifier" cardinality="single" identifier="RESPONSE">
    <correctResponse>
      <value>answer_005</value>
    </correctResponse>
  </responseDeclaration>

  <outcomeDeclaration baseType="float" cardinality="single" identifier="SCORE"/>

  <itemBody>
    <div><script src="https://unpkg.com/@rdkit/rdkit/dist/RDKit_minimal.js"/><h4>peptide_cbdf</h4><p><canvas id="canvas_7509" width="480" height="512"/></p><hr/><script>/* */initRDKitModule().then(function(instance){RDKitModule=instance;console.log("RDKit:"+RDKitModule.version());/* */function/* */getPeptideBonds(mol){let/* */peptide_bond="CC(=O)NC";let/* */qmol=window.RDKitModule.get_qmol(peptide_bond);let/* */matches=JSON.parse(mol.get_substruct_matches(qmol));let/* */aggregatedBonds=[];for(let/* */i=0;i&lt;matches.length;i++){match=matches[i];if(Array.isArray(match["bonds"])){aggregatedBonds.push(match["bonds"].slice(-2)[0]);}}return/* */aggregatedBonds;}let/* */smiles="[NH3+][C@@H](CCCC[NH3+])(C(=O)N[C@@H](CC(=O)N)(C(=O)N[C@@H](CC(=O)[O-])(C(=O)[O-])))";let/* */mol=RDKitModule.get_mol(smiles);let/* */mdetails={};mdetails["bonds"]=getPeptideBonds(mol);mdetails["atoms"]=[0];mdetails["highlightColour"]=[0,1,0];mdetails["legend"]="peptide_cbdf";mdetails["explicitMethyl"]=true;canvas=document.getElementById("canvas_7509");mol.draw_to_canvas_with_highlights(canvas,JSON.stringify(mdetails));});/* */</script> <p>A tripeptide is made up of three (3) amino acids. The figure above shows one such tripeptide with an unknown sequence. Your task is to find out the three (3) letter sequence of this tripeptide.</p> <p>Here is a step-by-step guide to help you answer the question:</p> <ol> <li style="margin-bottom: 20px;">Consult an amino acid guide for reference. You can find a PDF guide on Blackboard under "Exam and Quiz" in the "Old Exams" section, with the filename <a href="https://drive.google.com/file/d/1Mgum_TmZ71-XIjb38sStEpzzZLqkQb-W/view?usp=sharing">bchm_exam-help_sheet.pdf</a>, or search online for a visual guide that shows all 20 amino acids with their single-letter codes.</li> <li style="margin-bottom: 20px;">Identify the amino-terminal end, represented as <span style="padding: 2px; color: #0000cc; background-color: #66ff66;">NH<sub>3</sub><sup>+</sup></span> and highlighted in bright green. Distinguish between the general nitrogens in amino acid backbones (denoted as <span style="color:#0000cc">NH</span>) and the nitrogen in amino acid side chains.</li> <li style="margin-bottom: 20px;">The two (2) peptide bonds connecting the three (3) amino acids are highlighted in <span style="background-color: #00FF00; padding: 2px;">bright green</span>, making it easier to distinguish the three (3) amino acids.</li> <li style="margin-bottom: 20px;">Examine the side chain for each of the three (3) amino acids to determine their single-letter amino acid code.</li> <li style="margin-bottom: 20px;">List the single-letter amino acid codes in the amino to carboxyl (N→C) direction. This is the standard method for writing peptide sequences.</li> </ol> <p>Select the correct peptide sequence from the options below:</p></div>
    <choiceInteraction maxChoices="1" responseIdentifier="RESPONSE" shuffle="true">
      <simpleChoice fixed="true" identifier="answer_1">
        <p>DKS</p>
      </simpleChoice>
      <simpleChoice fixed="true" identifier="answer_2">
        <p>PQD</p>
      </simpleChoice>
      <simpleChoice fixed="true" identifier="answer_3">
        <p>DND</p>
      </simpleChoice>
      <simpleChoice fixed="true" identifier="answer_4">
        <p>KTD</p>
      </simpleChoice>
      <simpleChoice fixed="true" identifier="answer_5">
        <p>KND</p>
      </simpleChoice>
    </choiceInteraction>
  </itemBody>

  <responseProcessing>
    <responseCondition>
      <responseIf>
        <match>
          <variable identifier="RESPONSE"/>
          <correct identifier="RESPONSE"/>
        </match>
      </responseIf>
    </responseCondition>
  </responseProcessing>
</assessmentItem>
