<?xml version='1.0' encoding='UTF-8'?>
<assessmentItem xmlns="http://www.imsglobal.org/xsd/imsqti_v2p1" xmlns:xsi="http://www.w3.org/2001/XMLSchema-instance" xmlns:ns8="http://www.w3.org/1999/xlink" xmlns:ns9="http://www.imsglobal.org/xsd/apip/apipv1p0/imsapip_qtiv1p0" xsi:schemaLocation="http://www.imsglobal.org/xsd/imsqti_v2p1 http://www.imsglobal.org/xsd/qti/qtiv2p1/imsqti_v2p1.xsd" title="3d29_7565_e7eb" adaptive="false" timeDependent="false" identifier="3d29_7565_e7eb">
  <responseDeclaration baseType="identifier" cardinality="single" identifier="RESPONSE">
    <correctResponse>
      <value>answer_004</value>
    </correctResponse>
  </responseDeclaration>
  <outcomeDeclaration baseType="float" cardinality="single" identifier="SCORE"/>
  <itemBody>
    <div>
      <div id="drv_28d3" oncopy="return false;" onpaste="return false;" oncut="return false;" oncontextmenu="return false;" onmousedown="return false;" onselectstart="return false;"><script src="https://unpkg.com/@rdkit/rdkit/dist/RDKit_minimal.js"/><h4>peptide_1ce1</h4><p><canvas id="canvas_0101" width="480" height="512"/></p><hr/><script>/* */initRDKitModule().then(function(instance){RDKitModule=instance;console.log("RDKit:"+RDKitModule.version());/* */function/* */getPeptideBonds(mol){let/* */peptide_bond="CC(=O)NC";let/* */qmol=window.RDKitModule.get_qmol(peptide_bond);let/* */matches=JSON.parse(mol.get_substruct_matches(qmol));let/* */aggregatedBonds=[];for(let/* */i=0;i&lt;matches.length;i++){match=matches[i];if(Array.isArray(match["bonds"])){aggregatedBonds.push(match["bonds"].slice(-2)[0]);}}return/* */aggregatedBonds;}let/* */smiles="[NH3+][C@@H](Cc1ccc(O)cc1)(C(=O)N[C@@H](C(C)C)(C(=O)N[C@@H](CS)(C(=O)[O-])))";let/* */mol=RDKitModule.get_mol(smiles);let/* */mdetails={};mdetails["bonds"]=getPeptideBonds(mol);mdetails["atoms"]=[0];mdetails["highlightColour"]=[0,1,0];mdetails["legend"]="peptide_1ce1";mdetails["explicitMethyl"]=true;canvas=document.getElementById("canvas_0101");mol.draw_to_canvas_with_highlights(canvas,JSON.stringify(mdetails));});/* */</script> <p>A tripeptide<span style="font-size: 1px; color: white;">normal</span>is made up<span style="font-size: 1px; color: white;">virus</span>of three (3) amino acids. The<span style="font-size: 1px; color: white;">mass</span>figure<span style="font-size: 1px; color: white;">flower</span>above<span style="font-size: 1px; color: white;">ten</span>shows<span style="font-size: 1px; color: white;">bowel</span>one<span style="font-size: 1px; color: white;">mom</span>such<span style="font-size: 1px; color: white;">xray</span>tripeptide<span style="font-size: 1px; color: white;">unlike</span>with<span style="font-size: 1px; color: white;">six</span>an<span style="font-size: 1px; color: white;">are</span>unknown<span style="font-size: 1px; color: white;">carbon</span>sequence. Your<span style="font-size: 1px; color: white;">about</span>task<span style="font-size: 1px; color: white;">passes</span>is<span style="font-size: 1px; color: white;">cotton</span>to find<span style="font-size: 1px; color: white;">eggs</span>out the three (3) letter<span style="font-size: 1px; color: white;">lulu</span>sequence of<span style="font-size: 1px; color: white;">living</span>this tripeptide.</p> <p>Here is a step-by-step guide<span style="font-size: 1px; color: white;">anion</span>to<span style="font-size: 1px; color: white;">band</span>help<span style="font-size: 1px; color: white;">dtt</span>you<span style="font-size: 1px; color: white;">rarr</span>answer the<span style="font-size: 1px; color: white;">clamp</span>question:</p> <ol> <li style="margin-bottom: 20px;">Consult<span style="font-size: 1px; color: white;">event</span>an amino acid<span style="font-size: 1px; color: white;">you</span>guide<span style="font-size: 1px; color: white;">subset</span>for<span style="font-size: 1px; color: white;">hic</span>reference. You<span style="font-size: 1px; color: white;">memory</span>can<span style="font-size: 1px; color: white;">parent</span>find<span style="font-size: 1px; color: white;">itself</span>a PDF guide on Blackboard<span style="font-size: 1px; color: white;">there</span>under "Exam<span style="font-size: 1px; color: white;">exam</span>and Quiz" in<span style="font-size: 1px; color: white;">become</span>the "Old Exams" section, with the<span style="font-size: 1px; color: white;">event</span>filename <a href="https://drive.google.com/file/d/1Mgum_TmZ71-XIjb38sStEpzzZLqkQb-W/view?usp=sharing">bchm_exam-help_sheet.pdf</a>, or<span style="font-size: 1px; color: white;">runway</span>search<span style="font-size: 1px; color: white;">frame</span>online<span style="font-size: 1px; color: white;">treat</span>for a visual<span style="font-size: 1px; color: white;">plots</span>guide<span style="font-size: 1px; color: white;">bull</span>that shows<span style="font-size: 1px; color: white;">finger</span>all 20 amino<span style="font-size: 1px; color: white;">uses</span>acids<span style="font-size: 1px; color: white;">common</span>with their<span style="font-size: 1px; color: white;">dental</span>single-letter<span style="font-size: 1px; color: white;">fatty</span>codes.</li> <li style="margin-bottom: 20px;">Identify<span style="font-size: 1px; color: white;">string</span>the<span style="font-size: 1px; color: white;">sure</span>amino-terminal end, represented<span style="font-size: 1px; color: white;">gfc</span>as <span style="padding: 2px; color: #0000cc; background-color: #66ff66;">NH<sub>3</sub><sup>+</sup></span> and<span style="font-size: 1px; color: white;">harass</span>highlighted in<span style="font-size: 1px; color: white;">once</span>bright<span style="font-size: 1px; color: white;">become</span>green. Distinguish<span style="font-size: 1px; color: white;">box</span>between<span style="font-size: 1px; color: white;">mated</span>the general nitrogens<span style="font-size: 1px; color: white;">bpm</span>in<span style="font-size: 1px; color: white;">are</span>amino acid backbones (denoted as <span style="color:#0000cc">NH</span>) and the<span style="font-size: 1px; color: white;">health</span>nitrogen in amino<span style="font-size: 1px; color: white;">yogurt</span>acid<span style="font-size: 1px; color: white;">pushes</span>side<span style="font-size: 1px; color: white;">year</span>chains.</li> <li style="margin-bottom: 20px;">The<span style="font-size: 1px; color: white;">within</span>two (2) peptide<span style="font-size: 1px; color: white;">helps</span>bonds<span style="font-size: 1px; color: white;">within</span>connecting the three (3) amino<span style="font-size: 1px; color: white;">own</span>acids<span style="font-size: 1px; color: white;">easier</span>are highlighted<span style="font-size: 1px; color: white;">cycle</span>in <span style="background-color: #00FF00; padding: 2px;">bright<span style="font-size: 1px; color: white;">minor</span>green</span>, making<span style="font-size: 1px; color: white;">falsel</span>it<span style="font-size: 1px; color: white;">nerve</span>easier<span style="font-size: 1px; color: white;">pink</span>to<span style="font-size: 1px; color: white;">glands</span>distinguish the<span style="font-size: 1px; color: white;">joined</span>three (3) amino<span style="font-size: 1px; color: white;">linked</span>acids.</li> <li style="margin-bottom: 20px;">Examine<span style="font-size: 1px; color: white;">runway</span>the side chain<span style="font-size: 1px; color: white;">rotor</span>for<span style="font-size: 1px; color: white;">falls</span>each of<span style="font-size: 1px; color: white;">falsef</span>the<span style="font-size: 1px; color: white;">pulled</span>three (3) amino acids<span style="font-size: 1px; color: white;">cation</span>to determine<span style="font-size: 1px; color: white;">placed</span>their<span style="font-size: 1px; color: white;">link</span>single-letter<span style="font-size: 1px; color: white;">asite</span>amino<span style="font-size: 1px; color: white;">pestle</span>acid<span style="font-size: 1px; color: white;">waste</span>code.</li> <li style="margin-bottom: 20px;">List<span style="font-size: 1px; color: white;">that</span>the single-letter<span style="font-size: 1px; color: white;">stage</span>amino acid<span style="font-size: 1px; color: white;">smart</span>codes<span style="font-size: 1px; color: white;">death</span>in<span style="font-size: 1px; color: white;">bench</span>the amino<span style="font-size: 1px; color: white;">ftest</span>to<span style="font-size: 1px; color: white;">mean</span>carboxyl (N→C) direction. This is<span style="font-size: 1px; color: white;">pump</span>the<span style="font-size: 1px; color: white;">trait</span>standard method<span style="font-size: 1px; color: white;">trace</span>for<span style="font-size: 1px; color: white;">urine</span>writing peptide<span style="font-size: 1px; color: white;">cannot</span>sequences.</li> </ol> <p>Select<span style="font-size: 1px; color: white;">larvae</span>the correct<span style="font-size: 1px; color: white;">ions</span>peptide<span style="font-size: 1px; color: white;">niacin</span>sequence<span style="font-size: 1px; color: white;">stress</span>from<span style="font-size: 1px; color: white;">unable</span>the<span style="font-size: 1px; color: white;">famous</span>options below:</p> <span style="font-size: 1px; color: white;">nail</span></div>
    </div>
    <choiceInteraction maxChoices="1" responseIdentifier="RESPONSE" shuffle="true">
      <simpleChoice fixed="true" identifier="answer_1">
        <p>
          <div id="drv_0361" oncopy="return false;" onpaste="return false;" oncut="return false;" oncontextmenu="return false;" onmousedown="return false;" onselectstart="return false;">YPC </div>
        </p>
      </simpleChoice>
      <simpleChoice fixed="true" identifier="answer_2">
        <p>
          <div id="drv_30ee" oncopy="return false;" onpaste="return false;" oncut="return false;" oncontextmenu="return false;" onmousedown="return false;" onselectstart="return false;">YPM </div>
        </p>
      </simpleChoice>
      <simpleChoice fixed="true" identifier="answer_3">
        <p>
          <div id="drv_252b" oncopy="return false;" onpaste="return false;" oncut="return false;" oncontextmenu="return false;" onmousedown="return false;" onselectstart="return false;">YLC<span style="font-size: 1px; color: white;">cotton</span></div>
        </p>
      </simpleChoice>
      <simpleChoice fixed="true" identifier="answer_4">
        <p>
          <div id="drv_152b" oncopy="return false;" onpaste="return false;" oncut="return false;" oncontextmenu="return false;" onmousedown="return false;" onselectstart="return false;">YVC<span style="font-size: 1px; color: white;">there</span></div>
        </p>
      </simpleChoice>
      <simpleChoice fixed="true" identifier="answer_5">
        <p>
          <div id="drv_059b" oncopy="return false;" onpaste="return false;" oncut="return false;" oncontextmenu="return false;" onmousedown="return false;" onselectstart="return false;">YVP<span style="font-size: 1px; color: white;">olive</span></div>
        </p>
      </simpleChoice>
    </choiceInteraction>
  </itemBody>
  <responseProcessing>
    <responseCondition>
      <responseIf>
        <match>
          <variable identifier="RESPONSE"/>
          <correct identifier="RESPONSE"/>
        </match>
      </responseIf>
    </responseCondition>
  </responseProcessing>
</assessmentItem>
