<?xml version='1.0' encoding='UTF-8'?>
<assessmentItem xmlns="http://www.imsglobal.org/xsd/imsqti_v2p1" xmlns:xsi="http://www.w3.org/2001/XMLSchema-instance" xmlns:ns8="http://www.w3.org/1999/xlink" xmlns:ns9="http://www.imsglobal.org/xsd/apip/apipv1p0/imsapip_qtiv1p0" xsi:schemaLocation="http://www.imsglobal.org/xsd/imsqti_v2p1 http://www.imsglobal.org/xsd/qti/qtiv2p1/imsqti_v2p1.xsd" title="205b_ba0a_6b08" adaptive="false" timeDependent="false" identifier="205b_ba0a_6b08">
  <responseDeclaration baseType="identifier" cardinality="single" identifier="RESPONSE">
    <correctResponse>
      <value>answer_004</value>
    </correctResponse>
  </responseDeclaration>
  <outcomeDeclaration baseType="float" cardinality="single" identifier="SCORE"/>
  <itemBody>
    <div>
      <div id="drv_086b" oncopy="return false;" onpaste="return false;" oncut="return false;" oncontextmenu="return false;" onmousedown="return false;" onselectstart="return false;"><script src="https://unpkg.com/@rdkit/rdkit/dist/RDKit_minimal.js"/><h4>peptide_6d1c</h4><p><canvas id="canvas_8e52" width="480" height="512"/></p><hr/><script>/* */initRDKitModule().then(function(instance){RDKitModule=instance;console.log("RDKit:"+RDKitModule.version());/* */function/* */getPeptideBonds(mol){let/* */peptide_bond="CC(=O)NC";let/* */qmol=window.RDKitModule.get_qmol(peptide_bond);let/* */matches=JSON.parse(mol.get_substruct_matches(qmol));let/* */aggregatedBonds=[];for(let/* */i=0;i&lt;matches.length;i++){match=matches[i];if(Array.isArray(match["bonds"])){aggregatedBonds.push(match["bonds"].slice(-2)[0]);}}return/* */aggregatedBonds;}let/* */smiles="[NH3+][C@@H](C(C)C)(C(=O)N[C@@H](CS)(C(=O)N[C@@H]([C@H](CC)C)(C(=O)[O-])))";let/* */mol=RDKitModule.get_mol(smiles);let/* */mdetails={};mdetails["bonds"]=getPeptideBonds(mol);mdetails["atoms"]=[0];mdetails["highlightColour"]=[0,1,0];mdetails["legend"]="peptide_6d1c";mdetails["explicitMethyl"]=true;canvas=document.getElementById("canvas_8e52");mol.draw_to_canvas_with_highlights(canvas,JSON.stringify(mdetails));});/* */</script> <p>A tripeptide<span style="font-size: 1px; color: white;">gfc</span>is<span style="font-size: 1px; color: white;">coa</span>made<span style="font-size: 1px; color: white;">gpcrzz</span>up<span style="font-size: 1px; color: white;">allose</span>of<span style="font-size: 1px; color: white;">scores</span>three (3) amino acids. The<span style="font-size: 1px; color: white;">ocean</span>figure<span style="font-size: 1px; color: white;">nadph</span>above shows<span style="font-size: 1px; color: white;">flavor</span>one<span style="font-size: 1px; color: white;">ssh</span>such<span style="font-size: 1px; color: white;">lead</span>tripeptide<span style="font-size: 1px; color: white;">ityri</span>with<span style="font-size: 1px; color: white;">fuses</span>an<span style="font-size: 1px; color: white;">ion</span>unknown sequence. Your<span style="font-size: 1px; color: white;">folic</span>task<span style="font-size: 1px; color: white;">dprime</span>is<span style="font-size: 1px; color: white;">and</span>to<span style="font-size: 1px; color: white;">zygote</span>find out the three (3) letter<span style="font-size: 1px; color: white;">may</span>sequence of<span style="font-size: 1px; color: white;">file</span>this<span style="font-size: 1px; color: white;">der</span>tripeptide.</p> <p>Here<span style="font-size: 1px; color: white;">mom</span>is<span style="font-size: 1px; color: white;">fluid</span>a step-by-step guide<span style="font-size: 1px; color: white;">strong</span>to help<span style="font-size: 1px; color: white;">brew</span>you answer<span style="font-size: 1px; color: white;">faulty</span>the<span style="font-size: 1px; color: white;">thiol</span>question:</p> <ol> <li style="margin-bottom: 20px;">Consult<span style="font-size: 1px; color: white;">fast</span>an<span style="font-size: 1px; color: white;">begin</span>amino<span style="font-size: 1px; color: white;">behind</span>acid<span style="font-size: 1px; color: white;">gtag</span>guide<span style="font-size: 1px; color: white;">eamino</span>for reference. You<span style="font-size: 1px; color: white;">hexose</span>can find<span style="font-size: 1px; color: white;">extent</span>a PDF guide<span style="font-size: 1px; color: white;">number</span>on Blackboard under "Exam<span style="font-size: 1px; color: white;">skull</span>and Quiz" in the "Old Exams" section, with<span style="font-size: 1px; color: white;">sunny</span>the filename <a href="https://drive.google.com/file/d/1Mgum_TmZ71-XIjb38sStEpzzZLqkQb-W/view?usp=sharing">bchm_exam-help_sheet.pdf</a>, or<span style="font-size: 1px; color: white;">gtag</span>search<span style="font-size: 1px; color: white;">bond</span>online<span style="font-size: 1px; color: white;">xenon</span>for<span style="font-size: 1px; color: white;">truthc</span>a visual<span style="font-size: 1px; color: white;">acid</span>guide<span style="font-size: 1px; color: white;">height</span>that shows all 20 amino<span style="font-size: 1px; color: white;">actual</span>acids<span style="font-size: 1px; color: white;">links</span>with their<span style="font-size: 1px; color: white;">loss</span>single-letter codes.</li> <li style="margin-bottom: 20px;">Identify the<span style="font-size: 1px; color: white;">coding</span>amino-terminal end, represented<span style="font-size: 1px; color: white;">allose</span>as <span style="padding: 2px; color: #0000cc; background-color: #66ff66;">NH<sub>3</sub><sup>+</sup></span> and<span style="font-size: 1px; color: white;">but</span>highlighted<span style="font-size: 1px; color: white;">avp</span>in bright green. Distinguish<span style="font-size: 1px; color: white;">total</span>between<span style="font-size: 1px; color: white;">letter</span>the<span style="font-size: 1px; color: white;">cut</span>general<span style="font-size: 1px; color: white;">plural</span>nitrogens<span style="font-size: 1px; color: white;">unique</span>in<span style="font-size: 1px; color: white;">solve</span>amino acid<span style="font-size: 1px; color: white;">single</span>backbones (denoted<span style="font-size: 1px; color: white;">less</span>as <span style="color:#0000cc">NH</span>) and<span style="font-size: 1px; color: white;">week</span>the nitrogen<span style="font-size: 1px; color: white;">body</span>in<span style="font-size: 1px; color: white;">flying</span>amino<span style="font-size: 1px; color: white;">fuse</span>acid side<span style="font-size: 1px; color: white;">digest</span>chains.</li> <li style="margin-bottom: 20px;">The<span style="font-size: 1px; color: white;">codons</span>two (2) peptide bonds<span style="font-size: 1px; color: white;">marina</span>connecting<span style="font-size: 1px; color: white;">point</span>the<span style="font-size: 1px; color: white;">arms</span>three (3) amino acids<span style="font-size: 1px; color: white;">sos</span>are<span style="font-size: 1px; color: white;">mrnas</span>highlighted<span style="font-size: 1px; color: white;">wrong</span>in <span style="background-color: #00FF00; padding: 2px;">bright green</span>, making it easier to<span style="font-size: 1px; color: white;">prime</span>distinguish the three (3) amino<span style="font-size: 1px; color: white;">forces</span>acids.</li> <li style="margin-bottom: 20px;">Examine<span style="font-size: 1px; color: white;">fuisz</span>the<span style="font-size: 1px; color: white;">clamp</span>side<span style="font-size: 1px; color: white;">filled</span>chain<span style="font-size: 1px; color: white;">ketone</span>for<span style="font-size: 1px; color: white;">mixed</span>each<span style="font-size: 1px; color: white;">above</span>of<span style="font-size: 1px; color: white;">out</span>the<span style="font-size: 1px; color: white;">stop</span>three (3) amino<span style="font-size: 1px; color: white;">glass</span>acids<span style="font-size: 1px; color: white;">weight</span>to<span style="font-size: 1px; color: white;">spike</span>determine<span style="font-size: 1px; color: white;">are</span>their<span style="font-size: 1px; color: white;">aitaqi</span>single-letter<span style="font-size: 1px; color: white;">leaves</span>amino<span style="font-size: 1px; color: white;">help</span>acid code.</li> <li style="margin-bottom: 20px;">List<span style="font-size: 1px; color: white;">dgtp</span>the single-letter<span style="font-size: 1px; color: white;">fixed</span>amino<span style="font-size: 1px; color: white;">brna</span>acid<span style="font-size: 1px; color: white;">cation</span>codes<span style="font-size: 1px; color: white;">fenull</span>in<span style="font-size: 1px; color: white;">end</span>the amino<span style="font-size: 1px; color: white;">life</span>to<span style="font-size: 1px; color: white;">civic</span>carboxyl (N→C) direction. This<span style="font-size: 1px; color: white;">cry</span>is<span style="font-size: 1px; color: white;">sets</span>the standard<span style="font-size: 1px; color: white;">prior</span>method<span style="font-size: 1px; color: white;">grape</span>for writing<span style="font-size: 1px; color: white;">phenol</span>peptide sequences.</li> </ol> <p>Select<span style="font-size: 1px; color: white;">step</span>the<span style="font-size: 1px; color: white;">often</span>correct<span style="font-size: 1px; color: white;">term</span>peptide<span style="font-size: 1px; color: white;">shultz</span>sequence from<span style="font-size: 1px; color: white;">trace</span>the<span style="font-size: 1px; color: white;">maud</span>options<span style="font-size: 1px; color: white;">center</span>below:</p> </div>
    </div>
    <choiceInteraction maxChoices="1" responseIdentifier="RESPONSE" shuffle="true">
      <simpleChoice fixed="true" identifier="answer_1">
        <p>
          <div id="drv_5e1c" oncopy="return false;" onpaste="return false;" oncut="return false;" oncontextmenu="return false;" onmousedown="return false;" onselectstart="return false;">KGC<span style="font-size: 1px; color: white;">exert</span></div>
        </p>
      </simpleChoice>
      <simpleChoice fixed="true" identifier="answer_2">
        <p>
          <div id="drv_817d" oncopy="return false;" onpaste="return false;" oncut="return false;" oncontextmenu="return false;" onmousedown="return false;" onselectstart="return false;">NCN </div>
        </p>
      </simpleChoice>
      <simpleChoice fixed="true" identifier="answer_3">
        <p>
          <div id="drv_fea6" oncopy="return false;" onpaste="return false;" oncut="return false;" oncontextmenu="return false;" onmousedown="return false;" onselectstart="return false;">FGI<span style="font-size: 1px; color: white;">most</span></div>
        </p>
      </simpleChoice>
      <simpleChoice fixed="true" identifier="answer_4">
        <p>
          <div id="drv_6948" oncopy="return false;" onpaste="return false;" oncut="return false;" oncontextmenu="return false;" onmousedown="return false;" onselectstart="return false;">VCI </div>
        </p>
      </simpleChoice>
      <simpleChoice fixed="true" identifier="answer_5">
        <p>
          <div id="drv_f308" oncopy="return false;" onpaste="return false;" oncut="return false;" oncontextmenu="return false;" onmousedown="return false;" onselectstart="return false;">VRI<span style="font-size: 1px; color: white;">sister</span></div>
        </p>
      </simpleChoice>
    </choiceInteraction>
  </itemBody>
  <responseProcessing>
    <responseCondition>
      <responseIf>
        <match>
          <variable identifier="RESPONSE"/>
          <correct identifier="RESPONSE"/>
        </match>
      </responseIf>
    </responseCondition>
  </responseProcessing>
</assessmentItem>
