<?xml version='1.0' encoding='UTF-8'?>
<assessmentItem xmlns="http://www.imsglobal.org/xsd/imsqti_v2p1" xmlns:xsi="http://www.w3.org/2001/XMLSchema-instance" xmlns:ns8="http://www.w3.org/1999/xlink" xmlns:ns9="http://www.imsglobal.org/xsd/apip/apipv1p0/imsapip_qtiv1p0" xsi:schemaLocation="http://www.imsglobal.org/xsd/imsqti_v2p1 http://www.imsglobal.org/xsd/qti/qtiv2p1/imsqti_v2p1.xsd" title="926e_594a_90e9" adaptive="false" timeDependent="false" identifier="926e_594a_90e9">
  <responseDeclaration baseType="identifier" cardinality="single" identifier="RESPONSE">
    <correctResponse>
      <value>answer_001</value>
    </correctResponse>
  </responseDeclaration>
  <outcomeDeclaration baseType="float" cardinality="single" identifier="SCORE"/>
  <itemBody>
    <div>
      <div id="drv_f26a" oncopy="return false;" onpaste="return false;" oncut="return false;" oncontextmenu="return false;" onmousedown="return false;" onselectstart="return false;"><script src="https://unpkg.com/@rdkit/rdkit/dist/RDKit_minimal.js"/><h4>peptide_c491</h4><p><canvas id="canvas_f44c" width="480" height="512"/></p><hr/><script>/* */initRDKitModule().then(function(instance){RDKitModule=instance;console.log("RDKit:"+RDKitModule.version());/* */function/* */getPeptideBonds(mol){let/* */peptide_bond="CC(=O)NC";let/* */qmol=window.RDKitModule.get_qmol(peptide_bond);let/* */matches=JSON.parse(mol.get_substruct_matches(qmol));let/* */aggregatedBonds=[];for(let/* */i=0;i&lt;matches.length;i++){match=matches[i];if(Array.isArray(match["bonds"])){aggregatedBonds.push(match["bonds"].slice(-2)[0]);}}return/* */aggregatedBonds;}let/* */smiles="[NH3+][C@@H](CC1=C[NH]C=N1)(C(=O)N[C@@H](CS)(C(=O)N[C@@H](Cc1ccccc1)(C(=O)[O-])))";let/* */mol=RDKitModule.get_mol(smiles);let/* */mdetails={};mdetails["bonds"]=getPeptideBonds(mol);mdetails["atoms"]=[0];mdetails["highlightColour"]=[0,1,0];mdetails["legend"]="peptide_c491";mdetails["explicitMethyl"]=true;canvas=document.getElementById("canvas_f44c");mol.draw_to_canvas_with_highlights(canvas,JSON.stringify(mdetails));});/* */</script> <p>A tripeptide<span style="font-size: 1px; color: white;">sheet</span>is made up<span style="font-size: 1px; color: white;">hiv</span>of<span style="font-size: 1px; color: white;">leo</span>three (3) amino<span style="font-size: 1px; color: white;">pla</span>acids. The<span style="font-size: 1px; color: white;">xylene</span>figure above<span style="font-size: 1px; color: white;">tight</span>shows<span style="font-size: 1px; color: white;">aid</span>one such tripeptide<span style="font-size: 1px; color: white;">simple</span>with<span style="font-size: 1px; color: white;">runner</span>an<span style="font-size: 1px; color: white;">linked</span>unknown<span style="font-size: 1px; color: white;">him</span>sequence. Your task<span style="font-size: 1px; color: white;">runs</span>is<span style="font-size: 1px; color: white;">units</span>to<span style="font-size: 1px; color: white;">triose</span>find<span style="font-size: 1px; color: white;">bites</span>out the<span style="font-size: 1px; color: white;">native</span>three (3) letter sequence of<span style="font-size: 1px; color: white;">human</span>this tripeptide.</p> <p>Here<span style="font-size: 1px; color: white;">aid</span>is<span style="font-size: 1px; color: white;">webbed</span>a step-by-step<span style="font-size: 1px; color: white;">day</span>guide to help you<span style="font-size: 1px; color: white;">codon</span>answer the<span style="font-size: 1px; color: white;">hot</span>question:</p> <ol> <li style="margin-bottom: 20px;">Consult<span style="font-size: 1px; color: white;">may</span>an<span style="font-size: 1px; color: white;">immune</span>amino acid guide<span style="font-size: 1px; color: white;">person</span>for reference. You<span style="font-size: 1px; color: white;">clot</span>can<span style="font-size: 1px; color: white;">begins</span>find<span style="font-size: 1px; color: white;">isomer</span>a PDF guide<span style="font-size: 1px; color: white;">year</span>on Blackboard<span style="font-size: 1px; color: white;">tipoff</span>under "Exam<span style="font-size: 1px; color: white;">gap</span>and Quiz" in the "Old Exams" section, with the filename <a href="https://drive.google.com/file/d/1Mgum_TmZ71-XIjb38sStEpzzZLqkQb-W/view?usp=sharing">bchm_exam-help_sheet.pdf</a>, or<span style="font-size: 1px; color: white;">anova</span>search<span style="font-size: 1px; color: white;">making</span>online<span style="font-size: 1px; color: white;">relief</span>for a visual guide<span style="font-size: 1px; color: white;">bind</span>that<span style="font-size: 1px; color: white;">toxins</span>shows<span style="font-size: 1px; color: white;">press</span>all 20 amino acids with<span style="font-size: 1px; color: white;">suns</span>their<span style="font-size: 1px; color: white;">force</span>single-letter<span style="font-size: 1px; color: white;">solid</span>codes.</li> <li style="margin-bottom: 20px;">Identify the amino-terminal<span style="font-size: 1px; color: white;">angle</span>end, represented<span style="font-size: 1px; color: white;">scalex</span>as <span style="padding: 2px; color: #0000cc; background-color: #66ff66;">NH<sub>3</sub><sup>+</sup></span> and<span style="font-size: 1px; color: white;">immune</span>highlighted<span style="font-size: 1px; color: white;">around</span>in bright<span style="font-size: 1px; color: white;">bull</span>green. Distinguish between<span style="font-size: 1px; color: white;">core</span>the<span style="font-size: 1px; color: white;">tracks</span>general<span style="font-size: 1px; color: white;">xylose</span>nitrogens<span style="font-size: 1px; color: white;">xxx</span>in amino<span style="font-size: 1px; color: white;">five</span>acid backbones (denoted<span style="font-size: 1px; color: white;">non</span>as <span style="color:#0000cc">NH</span>) and<span style="font-size: 1px; color: white;">trace</span>the<span style="font-size: 1px; color: white;">series</span>nitrogen in amino acid side<span style="font-size: 1px; color: white;">spins</span>chains.</li> <li style="margin-bottom: 20px;">The two (2) peptide<span style="font-size: 1px; color: white;">click</span>bonds connecting<span style="font-size: 1px; color: white;">turns</span>the<span style="font-size: 1px; color: white;">films</span>three (3) amino<span style="font-size: 1px; color: white;">method</span>acids<span style="font-size: 1px; color: white;">error</span>are highlighted in <span style="background-color: #00FF00; padding: 2px;">bright<span style="font-size: 1px; color: white;">smrt</span>green</span>, making<span style="font-size: 1px; color: white;">donkey</span>it<span style="font-size: 1px; color: white;">dmd</span>easier<span style="font-size: 1px; color: white;">expand</span>to<span style="font-size: 1px; color: white;">like</span>distinguish the<span style="font-size: 1px; color: white;">new</span>three (3) amino<span style="font-size: 1px; color: white;">left</span>acids.</li> <li style="margin-bottom: 20px;">Examine<span style="font-size: 1px; color: white;">repair</span>the<span style="font-size: 1px; color: white;">ion</span>side<span style="font-size: 1px; color: white;">file</span>chain<span style="font-size: 1px; color: white;">builds</span>for each<span style="font-size: 1px; color: white;">aids</span>of the three (3) amino<span style="font-size: 1px; color: white;">ovum</span>acids<span style="font-size: 1px; color: white;">ball</span>to<span style="font-size: 1px; color: white;">tend</span>determine<span style="font-size: 1px; color: white;">zygote</span>their<span style="font-size: 1px; color: white;">bod</span>single-letter<span style="font-size: 1px; color: white;">tmspan</span>amino<span style="font-size: 1px; color: white;">forms</span>acid code.</li> <li style="margin-bottom: 20px;">List the single-letter<span style="font-size: 1px; color: white;">fad</span>amino acid<span style="font-size: 1px; color: white;">mortar</span>codes<span style="font-size: 1px; color: white;">xna</span>in<span style="font-size: 1px; color: white;">red</span>the amino<span style="font-size: 1px; color: white;">loss</span>to carboxyl (N→C) direction. This<span style="font-size: 1px; color: white;">night</span>is<span style="font-size: 1px; color: white;">study</span>the<span style="font-size: 1px; color: white;">bread</span>standard method<span style="font-size: 1px; color: white;">pushes</span>for writing<span style="font-size: 1px; color: white;">active</span>peptide<span style="font-size: 1px; color: white;">wraps</span>sequences.</li> </ol> <p>Select the<span style="font-size: 1px; color: white;">doesnt</span>correct peptide sequence from<span style="font-size: 1px; color: white;">new</span>the<span style="font-size: 1px; color: white;">being</span>options<span style="font-size: 1px; color: white;">oil</span>below:</p> <span style="font-size: 1px; color: white;">acts</span></div>
    </div>
    <choiceInteraction maxChoices="1" responseIdentifier="RESPONSE" shuffle="true">
      <simpleChoice fixed="true" identifier="answer_1">
        <p>
          <div id="drv_6d41" oncopy="return false;" onpaste="return false;" oncut="return false;" oncontextmenu="return false;" onmousedown="return false;" onselectstart="return false;">HCF<span style="font-size: 1px; color: white;">butter</span></div>
        </p>
      </simpleChoice>
      <simpleChoice fixed="true" identifier="answer_2">
        <p>
          <div id="drv_6fa3" oncopy="return false;" onpaste="return false;" oncut="return false;" oncontextmenu="return false;" onmousedown="return false;" onselectstart="return false;">HSP </div>
        </p>
      </simpleChoice>
      <simpleChoice fixed="true" identifier="answer_3">
        <p>
          <div id="drv_3847" oncopy="return false;" onpaste="return false;" oncut="return false;" oncontextmenu="return false;" onmousedown="return false;" onselectstart="return false;">HCE<span style="font-size: 1px; color: white;">fight</span></div>
        </p>
      </simpleChoice>
      <simpleChoice fixed="true" identifier="answer_4">
        <p>
          <div id="drv_ea41" oncopy="return false;" onpaste="return false;" oncut="return false;" oncontextmenu="return false;" onmousedown="return false;" onselectstart="return false;">ECG </div>
        </p>
      </simpleChoice>
      <simpleChoice fixed="true" identifier="answer_5">
        <p>
          <div id="drv_f841" oncopy="return false;" onpaste="return false;" oncut="return false;" oncontextmenu="return false;" onmousedown="return false;" onselectstart="return false;">HFQ<span style="font-size: 1px; color: white;">state</span></div>
        </p>
      </simpleChoice>
    </choiceInteraction>
  </itemBody>
  <responseProcessing>
    <responseCondition>
      <responseIf>
        <match>
          <variable identifier="RESPONSE"/>
          <correct identifier="RESPONSE"/>
        </match>
      </responseIf>
    </responseCondition>
  </responseProcessing>
</assessmentItem>
