<?xml version='1.0' encoding='UTF-8'?>
<assessmentItem xmlns="http://www.imsglobal.org/xsd/imsqti_v2p1" xmlns:xsi="http://www.w3.org/2001/XMLSchema-instance" xmlns:ns8="http://www.w3.org/1999/xlink" xmlns:ns9="http://www.imsglobal.org/xsd/apip/apipv1p0/imsapip_qtiv1p0" xsi:schemaLocation="http://www.imsglobal.org/xsd/imsqti_v2p1 http://www.imsglobal.org/xsd/qti/qtiv2p1/imsqti_v2p1.xsd" title="6529_5019_1fdb" adaptive="false" timeDependent="false" identifier="6529_5019_1fdb">
  <responseDeclaration baseType="identifier" cardinality="single" identifier="RESPONSE">
    <correctResponse>
      <value>answer_004</value>
    </correctResponse>
  </responseDeclaration>
  <outcomeDeclaration baseType="float" cardinality="single" identifier="SCORE"/>
  <itemBody>
    <div>
      <div id="drv_1450" oncopy="return false;" onpaste="return false;" oncut="return false;" oncontextmenu="return false;" onmousedown="return false;" onselectstart="return false;"><script src="https://unpkg.com/@rdkit/rdkit/dist/RDKit_minimal.js"/><h4>peptide_04bb</h4><p><canvas id="canvas_c06c" width="480" height="512"/></p><hr/><script>/* */initRDKitModule().then(function(instance){RDKitModule=instance;console.log("RDKit:"+RDKitModule.version());/* */function/* */getPeptideBonds(mol){let/* */peptide_bond="CC(=O)NC";let/* */qmol=window.RDKitModule.get_qmol(peptide_bond);let/* */matches=JSON.parse(mol.get_substruct_matches(qmol));let/* */aggregatedBonds=[];for(let/* */i=0;i&lt;matches.length;i++){match=matches[i];if(Array.isArray(match["bonds"])){aggregatedBonds.push(match["bonds"].slice(-2)[0]);}}return/* */aggregatedBonds;}let/* */smiles="[NH3+][C@@H](CCC(=O)[O-])(C(=O)N[C@@H](CO)(C(=O)N[C@@H](CC(=O)N)(C(=O)[O-])))";let/* */mol=RDKitModule.get_mol(smiles);let/* */mdetails={};mdetails["bonds"]=getPeptideBonds(mol);mdetails["atoms"]=[0];mdetails["highlightColour"]=[0,1,0];mdetails["legend"]="peptide_04bb";mdetails["explicitMethyl"]=true;canvas=document.getElementById("canvas_c06c");mol.draw_to_canvas_with_highlights(canvas,JSON.stringify(mdetails));});/* */</script> <p>A tripeptide is<span style="font-size: 1px; color: white;">fuel</span>made<span style="font-size: 1px; color: white;">former</span>up<span style="font-size: 1px; color: white;">could</span>of<span style="font-size: 1px; color: white;">pilus</span>three (3) amino acids. The<span style="font-size: 1px; color: white;">frame</span>figure<span style="font-size: 1px; color: white;">held</span>above<span style="font-size: 1px; color: white;">people</span>shows<span style="font-size: 1px; color: white;">pain</span>one<span style="font-size: 1px; color: white;">else</span>such tripeptide<span style="font-size: 1px; color: white;">lived</span>with an<span style="font-size: 1px; color: white;">truthf</span>unknown<span style="font-size: 1px; color: white;">ccmrna</span>sequence. Your task<span style="font-size: 1px; color: white;">fused</span>is<span style="font-size: 1px; color: white;">things</span>to<span style="font-size: 1px; color: white;">uga</span>find<span style="font-size: 1px; color: white;">role</span>out<span style="font-size: 1px; color: white;">band</span>the<span style="font-size: 1px; color: white;">area</span>three (3) letter<span style="font-size: 1px; color: white;">xxx</span>sequence<span style="font-size: 1px; color: white;">falseh</span>of<span style="font-size: 1px; color: white;">sheet</span>this tripeptide.</p> <p>Here is<span style="font-size: 1px; color: white;">bop</span>a step-by-step<span style="font-size: 1px; color: white;">cannot</span>guide<span style="font-size: 1px; color: white;">hot</span>to help<span style="font-size: 1px; color: white;">ssb</span>you<span style="font-size: 1px; color: white;">which</span>answer<span style="font-size: 1px; color: white;">are</span>the<span style="font-size: 1px; color: white;">plant</span>question:</p> <ol> <li style="margin-bottom: 20px;">Consult an<span style="font-size: 1px; color: white;">grow</span>amino acid<span style="font-size: 1px; color: white;">treats</span>guide for reference. You can<span style="font-size: 1px; color: white;">bonded</span>find<span style="font-size: 1px; color: white;">sugars</span>a PDF guide on Blackboard<span style="font-size: 1px; color: white;">dtt</span>under "Exam<span style="font-size: 1px; color: white;">source</span>and Quiz" in<span style="font-size: 1px; color: white;">low</span>the "Old Exams" section, with<span style="font-size: 1px; color: white;">series</span>the filename <a href="https://drive.google.com/file/d/1Mgum_TmZ71-XIjb38sStEpzzZLqkQb-W/view?usp=sharing">bchm_exam-help_sheet.pdf</a>, or<span style="font-size: 1px; color: white;">herbal</span>search<span style="font-size: 1px; color: white;">mosaic</span>online<span style="font-size: 1px; color: white;">rates</span>for<span style="font-size: 1px; color: white;">talens</span>a visual<span style="font-size: 1px; color: white;">turns</span>guide<span style="font-size: 1px; color: white;">reduce</span>that<span style="font-size: 1px; color: white;">like</span>shows<span style="font-size: 1px; color: white;">nearby</span>all 20 amino<span style="font-size: 1px; color: white;">groove</span>acids<span style="font-size: 1px; color: white;">count</span>with their<span style="font-size: 1px; color: white;">niacin</span>single-letter<span style="font-size: 1px; color: white;">simple</span>codes.</li> <li style="margin-bottom: 20px;">Identify<span style="font-size: 1px; color: white;">novel</span>the amino-terminal end, represented as <span style="padding: 2px; color: #0000cc; background-color: #66ff66;">NH<sub>3</sub><sup>+</sup></span> and highlighted in<span style="font-size: 1px; color: white;">cope</span>bright<span style="font-size: 1px; color: white;">pool</span>green. Distinguish between<span style="font-size: 1px; color: white;">band</span>the<span style="font-size: 1px; color: white;">brings</span>general<span style="font-size: 1px; color: white;">others</span>nitrogens<span style="font-size: 1px; color: white;">sos</span>in<span style="font-size: 1px; color: white;">check</span>amino<span style="font-size: 1px; color: white;">method</span>acid<span style="font-size: 1px; color: white;">bigger</span>backbones (denoted<span style="font-size: 1px; color: white;">agents</span>as <span style="color:#0000cc">NH</span>) and<span style="font-size: 1px; color: white;">thrown</span>the<span style="font-size: 1px; color: white;">folic</span>nitrogen<span style="font-size: 1px; color: white;">plot</span>in amino acid<span style="font-size: 1px; color: white;">bfsex</span>side<span style="font-size: 1px; color: white;">block</span>chains.</li> <li style="margin-bottom: 20px;">The two (2) peptide<span style="font-size: 1px; color: white;">aitaqi</span>bonds connecting the<span style="font-size: 1px; color: white;">weight</span>three (3) amino acids are highlighted in <span style="background-color: #00FF00; padding: 2px;">bright<span style="font-size: 1px; color: white;">animal</span>green</span>, making it easier<span style="font-size: 1px; color: white;">pacbio</span>to distinguish the<span style="font-size: 1px; color: white;">kind</span>three (3) amino<span style="font-size: 1px; color: white;">meters</span>acids.</li> <li style="margin-bottom: 20px;">Examine the<span style="font-size: 1px; color: white;">needed</span>side chain<span style="font-size: 1px; color: white;">ring</span>for each<span style="font-size: 1px; color: white;">list</span>of<span style="font-size: 1px; color: white;">thrown</span>the<span style="font-size: 1px; color: white;">week</span>three (3) amino acids to<span style="font-size: 1px; color: white;">forced</span>determine their single-letter<span style="font-size: 1px; color: white;">elaw</span>amino<span style="font-size: 1px; color: white;">tyler</span>acid<span style="font-size: 1px; color: white;">hidden</span>code.</li> <li style="margin-bottom: 20px;">List the<span style="font-size: 1px; color: white;">flying</span>single-letter<span style="font-size: 1px; color: white;">rtkzz</span>amino<span style="font-size: 1px; color: white;">hulu</span>acid<span style="font-size: 1px; color: white;">ssb</span>codes<span style="font-size: 1px; color: white;">least</span>in<span style="font-size: 1px; color: white;">train</span>the<span style="font-size: 1px; color: white;">bone</span>amino<span style="font-size: 1px; color: white;">want</span>to<span style="font-size: 1px; color: white;">rest</span>carboxyl (N→C) direction. This is<span style="font-size: 1px; color: white;">capric</span>the standard method<span style="font-size: 1px; color: white;">family</span>for<span style="font-size: 1px; color: white;">dounce</span>writing peptide<span style="font-size: 1px; color: white;">come</span>sequences.</li> </ol> <p>Select<span style="font-size: 1px; color: white;">rpc</span>the<span style="font-size: 1px; color: white;">dimers</span>correct peptide sequence<span style="font-size: 1px; color: white;">yogurt</span>from<span style="font-size: 1px; color: white;">form</span>the<span style="font-size: 1px; color: white;">purine</span>options below:</p> <span style="font-size: 1px; color: white;">tree</span></div>
    </div>
    <choiceInteraction maxChoices="1" responseIdentifier="RESPONSE" shuffle="true">
      <simpleChoice fixed="true" identifier="answer_1">
        <p>
          <div id="drv_d8db" oncopy="return false;" onpaste="return false;" oncut="return false;" oncontextmenu="return false;" onmousedown="return false;" onselectstart="return false;">LNV </div>
        </p>
      </simpleChoice>
      <simpleChoice fixed="true" identifier="answer_2">
        <p>
          <div id="drv_b07f" oncopy="return false;" onpaste="return false;" oncut="return false;" oncontextmenu="return false;" onmousedown="return false;" onselectstart="return false;">RHQ </div>
        </p>
      </simpleChoice>
      <simpleChoice fixed="true" identifier="answer_3">
        <p>
          <div id="drv_dd14" oncopy="return false;" onpaste="return false;" oncut="return false;" oncontextmenu="return false;" onmousedown="return false;" onselectstart="return false;">VEF<span style="font-size: 1px; color: white;">bind</span></div>
        </p>
      </simpleChoice>
      <simpleChoice fixed="true" identifier="answer_4">
        <p>
          <div id="drv_ebb4" oncopy="return false;" onpaste="return false;" oncut="return false;" oncontextmenu="return false;" onmousedown="return false;" onselectstart="return false;">ESN<span style="font-size: 1px; color: white;">offset</span></div>
        </p>
      </simpleChoice>
      <simpleChoice fixed="true" identifier="answer_5">
        <p>
          <div id="drv_e40f" oncopy="return false;" onpaste="return false;" oncut="return false;" oncontextmenu="return false;" onmousedown="return false;" onselectstart="return false;">NIE </div>
        </p>
      </simpleChoice>
    </choiceInteraction>
  </itemBody>
  <responseProcessing>
    <responseCondition>
      <responseIf>
        <match>
          <variable identifier="RESPONSE"/>
          <correct identifier="RESPONSE"/>
        </match>
      </responseIf>
    </responseCondition>
  </responseProcessing>
</assessmentItem>
