<?xml version='1.0' encoding='UTF-8'?>
<assessmentItem xmlns="http://www.imsglobal.org/xsd/imsqti_v2p1" xmlns:xsi="http://www.w3.org/2001/XMLSchema-instance" xmlns:ns8="http://www.w3.org/1999/xlink" xmlns:ns9="http://www.imsglobal.org/xsd/apip/apipv1p0/imsapip_qtiv1p0" xsi:schemaLocation="http://www.imsglobal.org/xsd/imsqti_v2p1 http://www.imsglobal.org/xsd/qti/qtiv2p1/imsqti_v2p1.xsd" title="9b9d_ae69_e69d" adaptive="false" timeDependent="false" identifier="9b9d_ae69_e69d">
  <responseDeclaration baseType="identifier" cardinality="single" identifier="RESPONSE">
    <correctResponse>
      <value>answer_004</value>
    </correctResponse>
  </responseDeclaration>
  <outcomeDeclaration baseType="float" cardinality="single" identifier="SCORE"/>
  <itemBody>
    <div>
      <div id="drv_420f" oncopy="return false;" onpaste="return false;" oncut="return false;" oncontextmenu="return false;" onmousedown="return false;" onselectstart="return false;"><script src="https://unpkg.com/@rdkit/rdkit/dist/RDKit_minimal.js"/><h4>peptide_8dc1</h4><p><canvas id="canvas_856c" width="480" height="512"/></p><hr/><script>/* */initRDKitModule().then(function(instance){RDKitModule=instance;console.log("RDKit:"+RDKitModule.version());/* */function/* */getPeptideBonds(mol){let/* */peptide_bond="CC(=O)NC";let/* */qmol=window.RDKitModule.get_qmol(peptide_bond);let/* */matches=JSON.parse(mol.get_substruct_matches(qmol));let/* */aggregatedBonds=[];for(let/* */i=0;i&lt;matches.length;i++){match=matches[i];if(Array.isArray(match["bonds"])){aggregatedBonds.push(match["bonds"].slice(-2)[0]);}}return/* */aggregatedBonds;}let/* */smiles="[NH3+][C@@H](CCCC[NH3+])(C(=O)N[C@@H](CCCNC(=[NH2+])N)(C(=O)N[C@@H](CC(=O)[O-])(C(=O)[O-])))";let/* */mol=RDKitModule.get_mol(smiles);let/* */mdetails={};mdetails["bonds"]=getPeptideBonds(mol);mdetails["atoms"]=[0];mdetails["highlightColour"]=[0,1,0];mdetails["legend"]="peptide_8dc1";mdetails["explicitMethyl"]=true;canvas=document.getElementById("canvas_856c");mol.draw_to_canvas_with_highlights(canvas,JSON.stringify(mdetails));});/* */</script> <p>A tripeptide<span style="font-size: 1px; color: white;">stain</span>is<span style="font-size: 1px; color: white;">mother</span>made up<span style="font-size: 1px; color: white;">plan</span>of<span style="font-size: 1px; color: white;">kelvin</span>three (3) amino<span style="font-size: 1px; color: white;">taking</span>acids. The<span style="font-size: 1px; color: white;">solve</span>figure<span style="font-size: 1px; color: white;">clean</span>above<span style="font-size: 1px; color: white;">sam</span>shows<span style="font-size: 1px; color: white;">topic</span>one<span style="font-size: 1px; color: white;">weaker</span>such<span style="font-size: 1px; color: white;">the</span>tripeptide<span style="font-size: 1px; color: white;">data</span>with<span style="font-size: 1px; color: white;">joint</span>an<span style="font-size: 1px; color: white;">dayto</span>unknown sequence. Your<span style="font-size: 1px; color: white;">prior</span>task is to<span style="font-size: 1px; color: white;">papaya</span>find<span style="font-size: 1px; color: white;">such</span>out<span style="font-size: 1px; color: white;">aids</span>the<span style="font-size: 1px; color: white;">bred</span>three (3) letter<span style="font-size: 1px; color: white;">having</span>sequence of<span style="font-size: 1px; color: white;">ndash</span>this tripeptide.</p> <p>Here<span style="font-size: 1px; color: white;">bform</span>is a step-by-step guide to<span style="font-size: 1px; color: white;">happen</span>help<span style="font-size: 1px; color: white;">effect</span>you<span style="font-size: 1px; color: white;">pnum</span>answer the<span style="font-size: 1px; color: white;">points</span>question:</p> <ol> <li style="margin-bottom: 20px;">Consult an<span style="font-size: 1px; color: white;">coding</span>amino acid guide<span style="font-size: 1px; color: white;">gibbs</span>for<span style="font-size: 1px; color: white;">meters</span>reference. You<span style="font-size: 1px; color: white;">shear</span>can<span style="font-size: 1px; color: white;">ring</span>find<span style="font-size: 1px; color: white;">study</span>a PDF guide on Blackboard<span style="font-size: 1px; color: white;">repel</span>under "Exam<span style="font-size: 1px; color: white;">allose</span>and Quiz" in<span style="font-size: 1px; color: white;">bulb</span>the "Old Exams" section, with<span style="font-size: 1px; color: white;">alike</span>the filename <a href="https://drive.google.com/file/d/1Mgum_TmZ71-XIjb38sStEpzzZLqkQb-W/view?usp=sharing">bchm_exam-help_sheet.pdf</a>, or<span style="font-size: 1px; color: white;">major</span>search<span style="font-size: 1px; color: white;">round</span>online<span style="font-size: 1px; color: white;">falls</span>for a visual guide<span style="font-size: 1px; color: white;">mask</span>that<span style="font-size: 1px; color: white;">rich</span>shows<span style="font-size: 1px; color: white;">zygote</span>all 20 amino<span style="font-size: 1px; color: white;">xxx</span>acids<span style="font-size: 1px; color: white;">niagra</span>with<span style="font-size: 1px; color: white;">thread</span>their<span style="font-size: 1px; color: white;">noon</span>single-letter codes.</li> <li style="margin-bottom: 20px;">Identify<span style="font-size: 1px; color: white;">roto</span>the<span style="font-size: 1px; color: white;">umami</span>amino-terminal<span style="font-size: 1px; color: white;">solid</span>end, represented<span style="font-size: 1px; color: white;">health</span>as <span style="padding: 2px; color: #0000cc; background-color: #66ff66;">NH<sub>3</sub><sup>+</sup></span> and<span style="font-size: 1px; color: white;">round</span>highlighted in<span style="font-size: 1px; color: white;">acetyl</span>bright<span style="font-size: 1px; color: white;">xylene</span>green. Distinguish between the<span style="font-size: 1px; color: white;">anemia</span>general<span style="font-size: 1px; color: white;">hammer</span>nitrogens<span style="font-size: 1px; color: white;">level</span>in<span style="font-size: 1px; color: white;">tears</span>amino acid backbones (denoted<span style="font-size: 1px; color: white;">abi</span>as <span style="color:#0000cc">NH</span>) and<span style="font-size: 1px; color: white;">van</span>the<span style="font-size: 1px; color: white;">mobile</span>nitrogen<span style="font-size: 1px; color: white;">front</span>in<span style="font-size: 1px; color: white;">will</span>amino<span style="font-size: 1px; color: white;">brick</span>acid<span style="font-size: 1px; color: white;">then</span>side chains.</li> <li style="margin-bottom: 20px;">The two (2) peptide<span style="font-size: 1px; color: white;">those</span>bonds<span style="font-size: 1px; color: white;">exon</span>connecting<span style="font-size: 1px; color: white;">deside</span>the<span style="font-size: 1px; color: white;">single</span>three (3) amino<span style="font-size: 1px; color: white;">glands</span>acids are<span style="font-size: 1px; color: white;">resin</span>highlighted<span style="font-size: 1px; color: white;">which</span>in <span style="background-color: #00FF00; padding: 2px;">bright green</span>, making<span style="font-size: 1px; color: white;">plant</span>it<span style="font-size: 1px; color: white;">aitaqi</span>easier<span style="font-size: 1px; color: white;">combat</span>to<span style="font-size: 1px; color: white;">pod</span>distinguish the three (3) amino<span style="font-size: 1px; color: white;">sam</span>acids.</li> <li style="margin-bottom: 20px;">Examine<span style="font-size: 1px; color: white;">dreba</span>the side chain for<span style="font-size: 1px; color: white;">egel</span>each<span style="font-size: 1px; color: white;">curry</span>of<span style="font-size: 1px; color: white;">noon</span>the<span style="font-size: 1px; color: white;">access</span>three (3) amino<span style="font-size: 1px; color: white;">needle</span>acids to<span style="font-size: 1px; color: white;">doesnt</span>determine their<span style="font-size: 1px; color: white;">serine</span>single-letter<span style="font-size: 1px; color: white;">served</span>amino acid<span style="font-size: 1px; color: white;">rnasip</span>code.</li> <li style="margin-bottom: 20px;">List<span style="font-size: 1px; color: white;">dttp</span>the single-letter<span style="font-size: 1px; color: white;">occurs</span>amino<span style="font-size: 1px; color: white;">blood</span>acid<span style="font-size: 1px; color: white;">derive</span>codes in<span style="font-size: 1px; color: white;">sure</span>the amino to<span style="font-size: 1px; color: white;">tmv</span>carboxyl (N→C) direction. This<span style="font-size: 1px; color: white;">direct</span>is the<span style="font-size: 1px; color: white;">tiny</span>standard method<span style="font-size: 1px; color: white;">reject</span>for<span style="font-size: 1px; color: white;">opens</span>writing<span style="font-size: 1px; color: white;">well</span>peptide sequences.</li> </ol> <p>Select<span style="font-size: 1px; color: white;">round</span>the<span style="font-size: 1px; color: white;">xdna</span>correct<span style="font-size: 1px; color: white;">mortar</span>peptide<span style="font-size: 1px; color: white;">relys</span>sequence<span style="font-size: 1px; color: white;">board</span>from<span style="font-size: 1px; color: white;">atp</span>the<span style="font-size: 1px; color: white;">wood</span>options<span style="font-size: 1px; color: white;">coo</span>below:</p> <span style="font-size: 1px; color: white;">length</span></div>
    </div>
    <choiceInteraction maxChoices="1" responseIdentifier="RESPONSE" shuffle="true">
      <simpleChoice fixed="true" identifier="answer_1">
        <p>
          <div id="drv_9bf9" oncopy="return false;" onpaste="return false;" oncut="return false;" oncontextmenu="return false;" onmousedown="return false;" onselectstart="return false;">KMR<span style="font-size: 1px; color: white;">six</span></div>
        </p>
      </simpleChoice>
      <simpleChoice fixed="true" identifier="answer_2">
        <p>
          <div id="drv_7d2e" oncopy="return false;" onpaste="return false;" oncut="return false;" oncontextmenu="return false;" onmousedown="return false;" onselectstart="return false;">PRD<span style="font-size: 1px; color: white;">papaya</span></div>
        </p>
      </simpleChoice>
      <simpleChoice fixed="true" identifier="answer_3">
        <p>
          <div id="drv_6022" oncopy="return false;" onpaste="return false;" oncut="return false;" oncontextmenu="return false;" onmousedown="return false;" onselectstart="return false;">KFP </div>
        </p>
      </simpleChoice>
      <simpleChoice fixed="true" identifier="answer_4">
        <p>
          <div id="drv_5bbc" oncopy="return false;" onpaste="return false;" oncut="return false;" oncontextmenu="return false;" onmousedown="return false;" onselectstart="return false;">KRD </div>
        </p>
      </simpleChoice>
      <simpleChoice fixed="true" identifier="answer_5">
        <p>
          <div id="drv_d3fe" oncopy="return false;" onpaste="return false;" oncut="return false;" oncontextmenu="return false;" onmousedown="return false;" onselectstart="return false;">KRM<span style="font-size: 1px; color: white;">brings</span></div>
        </p>
      </simpleChoice>
    </choiceInteraction>
  </itemBody>
  <responseProcessing>
    <responseCondition>
      <responseIf>
        <match>
          <variable identifier="RESPONSE"/>
          <correct identifier="RESPONSE"/>
        </match>
      </responseIf>
    </responseCondition>
  </responseProcessing>
</assessmentItem>
