<?xml version='1.0' encoding='UTF-8'?>
<assessmentItem xmlns="http://www.imsglobal.org/xsd/imsqti_v2p1" xmlns:xsi="http://www.w3.org/2001/XMLSchema-instance" xmlns:ns8="http://www.w3.org/1999/xlink" xmlns:ns9="http://www.imsglobal.org/xsd/apip/apipv1p0/imsapip_qtiv1p0" xsi:schemaLocation="http://www.imsglobal.org/xsd/imsqti_v2p1 http://www.imsglobal.org/xsd/qti/qtiv2p1/imsqti_v2p1.xsd" title="52e0_71ad_78e9" adaptive="false" timeDependent="false" identifier="52e0_71ad_78e9">
  <responseDeclaration baseType="identifier" cardinality="single" identifier="RESPONSE">
    <correctResponse>
      <value>answer_004</value>
    </correctResponse>
  </responseDeclaration>
  <outcomeDeclaration baseType="float" cardinality="single" identifier="SCORE"/>
  <itemBody>
    <div>
      <div id="drv_b318" oncopy="return false;" onpaste="return false;" oncut="return false;" oncontextmenu="return false;" onmousedown="return false;" onselectstart="return false;"><script src="https://unpkg.com/@rdkit/rdkit/dist/RDKit_minimal.js"/><h4>peptide_0354</h4><p><canvas id="canvas_aebd" width="480" height="512"/></p><hr/><script>/* */initRDKitModule().then(function(instance){RDKitModule=instance;console.log("RDKit:"+RDKitModule.version());/* */function/* */getPeptideBonds(mol){let/* */peptide_bond="CC(=O)NC";let/* */qmol=window.RDKitModule.get_qmol(peptide_bond);let/* */matches=JSON.parse(mol.get_substruct_matches(qmol));let/* */aggregatedBonds=[];for(let/* */i=0;i&lt;matches.length;i++){match=matches[i];if(Array.isArray(match["bonds"])){aggregatedBonds.push(match["bonds"].slice(-2)[0]);}}return/* */aggregatedBonds;}let/* */smiles="[NH3+][C@@H](Cc1ccccc1)(C(=O)N[C@@H](C(C)C)(C(=O)N[C@@H](CC(=O)[O-])(C(=O)[O-])))";let/* */mol=RDKitModule.get_mol(smiles);let/* */mdetails={};mdetails["bonds"]=getPeptideBonds(mol);mdetails["atoms"]=[0];mdetails["highlightColour"]=[0,1,0];mdetails["legend"]="peptide_0354";mdetails["explicitMethyl"]=true;canvas=document.getElementById("canvas_aebd");mol.draw_to_canvas_with_highlights(canvas,JSON.stringify(mdetails));});/* */</script> <p>A tripeptide<span style="font-size: 1px; color: white;">used</span>is<span style="font-size: 1px; color: white;">train</span>made<span style="font-size: 1px; color: white;">heme</span>up of<span style="font-size: 1px; color: white;">dimer</span>three (3) amino<span style="font-size: 1px; color: white;">heme</span>acids. The<span style="font-size: 1px; color: white;">angle</span>figure<span style="font-size: 1px; color: white;">acid</span>above shows<span style="font-size: 1px; color: white;">adopt</span>one such tripeptide<span style="font-size: 1px; color: white;">john</span>with an<span style="font-size: 1px; color: white;">rates</span>unknown<span style="font-size: 1px; color: white;">both</span>sequence. Your<span style="font-size: 1px; color: white;">speed</span>task<span style="font-size: 1px; color: white;">soil</span>is<span style="font-size: 1px; color: white;">risk</span>to find<span style="font-size: 1px; color: white;">ssb</span>out<span style="font-size: 1px; color: white;">insert</span>the<span style="font-size: 1px; color: white;">black</span>three (3) letter<span style="font-size: 1px; color: white;">herpes</span>sequence<span style="font-size: 1px; color: white;">area</span>of this<span style="font-size: 1px; color: white;">ketose</span>tripeptide.</p> <p>Here is a step-by-step<span style="font-size: 1px; color: white;">mirror</span>guide<span style="font-size: 1px; color: white;">epsp</span>to<span style="font-size: 1px; color: white;">tenure</span>help you<span style="font-size: 1px; color: white;">doesnt</span>answer the<span style="font-size: 1px; color: white;">packed</span>question:</p> <ol> <li style="margin-bottom: 20px;">Consult<span style="font-size: 1px; color: white;">dob</span>an<span style="font-size: 1px; color: white;">always</span>amino<span style="font-size: 1px; color: white;">indigo</span>acid<span style="font-size: 1px; color: white;">list</span>guide for<span style="font-size: 1px; color: white;">linear</span>reference. You<span style="font-size: 1px; color: white;">matter</span>can<span style="font-size: 1px; color: white;">treat</span>find<span style="font-size: 1px; color: white;">his</span>a PDF guide<span style="font-size: 1px; color: white;">cca</span>on Blackboard under "Exam<span style="font-size: 1px; color: white;">oxygen</span>and Quiz" in<span style="font-size: 1px; color: white;">copied</span>the "Old Exams" section, with<span style="font-size: 1px; color: white;">wide</span>the filename <a href="https://drive.google.com/file/d/1Mgum_TmZ71-XIjb38sStEpzzZLqkQb-W/view?usp=sharing">bchm_exam-help_sheet.pdf</a>, or<span style="font-size: 1px; color: white;">serve</span>search<span style="font-size: 1px; color: white;">cirtic</span>online for a visual<span style="font-size: 1px; color: white;">bafree</span>guide that<span style="font-size: 1px; color: white;">raised</span>shows<span style="font-size: 1px; color: white;">ndash</span>all 20 amino<span style="font-size: 1px; color: white;">spot</span>acids<span style="font-size: 1px; color: white;">aldose</span>with<span style="font-size: 1px; color: white;">apply</span>their single-letter codes.</li> <li style="margin-bottom: 20px;">Identify<span style="font-size: 1px; color: white;">navy</span>the<span style="font-size: 1px; color: white;">viral</span>amino-terminal<span style="font-size: 1px; color: white;">four</span>end, represented as <span style="padding: 2px; color: #0000cc; background-color: #66ff66;">NH<sub>3</sub><sup>+</sup></span> and<span style="font-size: 1px; color: white;">purine</span>highlighted<span style="font-size: 1px; color: white;">action</span>in bright green. Distinguish<span style="font-size: 1px; color: white;">iii</span>between<span style="font-size: 1px; color: white;">asking</span>the<span style="font-size: 1px; color: white;">tell</span>general nitrogens<span style="font-size: 1px; color: white;">linked</span>in<span style="font-size: 1px; color: white;">flavor</span>amino<span style="font-size: 1px; color: white;">ddgtp</span>acid<span style="font-size: 1px; color: white;">mrna</span>backbones (denoted as <span style="color:#0000cc">NH</span>) and<span style="font-size: 1px; color: white;">uag</span>the<span style="font-size: 1px; color: white;">stress</span>nitrogen<span style="font-size: 1px; color: white;">was</span>in<span style="font-size: 1px; color: white;">xylose</span>amino<span style="font-size: 1px; color: white;">lac</span>acid<span style="font-size: 1px; color: white;">method</span>side<span style="font-size: 1px; color: white;">making</span>chains.</li> <li style="margin-bottom: 20px;">The<span style="font-size: 1px; color: white;">reveal</span>two (2) peptide<span style="font-size: 1px; color: white;">every</span>bonds<span style="font-size: 1px; color: white;">sodium</span>connecting<span style="font-size: 1px; color: white;">that</span>the<span style="font-size: 1px; color: white;">give</span>three (3) amino<span style="font-size: 1px; color: white;">falseb</span>acids<span style="font-size: 1px; color: white;">wall</span>are highlighted<span style="font-size: 1px; color: white;">plural</span>in <span style="background-color: #00FF00; padding: 2px;">bright green</span>, making<span style="font-size: 1px; color: white;">active</span>it<span style="font-size: 1px; color: white;">car</span>easier<span style="font-size: 1px; color: white;">organs</span>to distinguish<span style="font-size: 1px; color: white;">polar</span>the<span style="font-size: 1px; color: white;">triple</span>three (3) amino acids.</li> <li style="margin-bottom: 20px;">Examine the<span style="font-size: 1px; color: white;">dop</span>side chain<span style="font-size: 1px; color: white;">pink</span>for<span style="font-size: 1px; color: white;">easier</span>each<span style="font-size: 1px; color: white;">none</span>of<span style="font-size: 1px; color: white;">brew</span>the<span style="font-size: 1px; color: white;">help</span>three (3) amino<span style="font-size: 1px; color: white;">others</span>acids<span style="font-size: 1px; color: white;">lines</span>to<span style="font-size: 1px; color: white;">differ</span>determine their single-letter<span style="font-size: 1px; color: white;">lysine</span>amino<span style="font-size: 1px; color: white;">sum</span>acid<span style="font-size: 1px; color: white;">snp</span>code.</li> <li style="margin-bottom: 20px;">List<span style="font-size: 1px; color: white;">tipoff</span>the<span style="font-size: 1px; color: white;">yeast</span>single-letter<span style="font-size: 1px; color: white;">dounce</span>amino<span style="font-size: 1px; color: white;">input</span>acid codes in<span style="font-size: 1px; color: white;">marina</span>the<span style="font-size: 1px; color: white;">goes</span>amino<span style="font-size: 1px; color: white;">idose</span>to<span style="font-size: 1px; color: white;">evolve</span>carboxyl (N→C) direction. This is<span style="font-size: 1px; color: white;">rest</span>the standard method for<span style="font-size: 1px; color: white;">omega</span>writing peptide sequences.</li> </ol> <p>Select the<span style="font-size: 1px; color: white;">roto</span>correct peptide sequence<span style="font-size: 1px; color: white;">salt</span>from<span style="font-size: 1px; color: white;">falsee</span>the<span style="font-size: 1px; color: white;">upon</span>options below:</p> <span style="font-size: 1px; color: white;">redox</span></div>
    </div>
    <choiceInteraction maxChoices="1" responseIdentifier="RESPONSE" shuffle="true">
      <simpleChoice fixed="true" identifier="answer_1">
        <p>
          <div id="drv_cfe6" oncopy="return false;" onpaste="return false;" oncut="return false;" oncontextmenu="return false;" onmousedown="return false;" onselectstart="return false;">SVM<span style="font-size: 1px; color: white;">door</span></div>
        </p>
      </simpleChoice>
      <simpleChoice fixed="true" identifier="answer_2">
        <p>
          <div id="drv_a8b1" oncopy="return false;" onpaste="return false;" oncut="return false;" oncontextmenu="return false;" onmousedown="return false;" onselectstart="return false;">FVM<span style="font-size: 1px; color: white;">avoid</span></div>
        </p>
      </simpleChoice>
      <simpleChoice fixed="true" identifier="answer_3">
        <p>
          <div id="drv_af40" oncopy="return false;" onpaste="return false;" oncut="return false;" oncontextmenu="return false;" onmousedown="return false;" onselectstart="return false;">MFE<span style="font-size: 1px; color: white;">umami</span></div>
        </p>
      </simpleChoice>
      <simpleChoice fixed="true" identifier="answer_4">
        <p>
          <div id="drv_ce2e" oncopy="return false;" onpaste="return false;" oncut="return false;" oncontextmenu="return false;" onmousedown="return false;" onselectstart="return false;">FVD<span style="font-size: 1px; color: white;">field</span></div>
        </p>
      </simpleChoice>
      <simpleChoice fixed="true" identifier="answer_5">
        <p>
          <div id="drv_9dc1" oncopy="return false;" onpaste="return false;" oncut="return false;" oncontextmenu="return false;" onmousedown="return false;" onselectstart="return false;">GVW<span style="font-size: 1px; color: white;">tmv</span></div>
        </p>
      </simpleChoice>
    </choiceInteraction>
  </itemBody>
  <responseProcessing>
    <responseCondition>
      <responseIf>
        <match>
          <variable identifier="RESPONSE"/>
          <correct identifier="RESPONSE"/>
        </match>
      </responseIf>
    </responseCondition>
  </responseProcessing>
</assessmentItem>
