<?xml version='1.0' encoding='UTF-8'?>
<assessmentItem xmlns="http://www.imsglobal.org/xsd/imsqti_v2p1" xmlns:xsi="http://www.w3.org/2001/XMLSchema-instance" xmlns:ns8="http://www.w3.org/1999/xlink" xmlns:ns9="http://www.imsglobal.org/xsd/apip/apipv1p0/imsapip_qtiv1p0" xsi:schemaLocation="http://www.imsglobal.org/xsd/imsqti_v2p1 http://www.imsglobal.org/xsd/qti/qtiv2p1/imsqti_v2p1.xsd" title="74d6_ad8a_2637" adaptive="false" timeDependent="false" identifier="74d6_ad8a_2637">
  <responseDeclaration baseType="identifier" cardinality="single" identifier="RESPONSE">
    <correctResponse>
      <value>answer_003</value>
    </correctResponse>
  </responseDeclaration>
  <outcomeDeclaration baseType="float" cardinality="single" identifier="SCORE"/>
  <itemBody>
    <div>
      <div id="drv_33bd" oncopy="return false;" onpaste="return false;" oncut="return false;" oncontextmenu="return false;" onmousedown="return false;" onselectstart="return false;"><script src="https://unpkg.com/@rdkit/rdkit/dist/RDKit_minimal.js"/><h4>peptide_1089</h4><p><canvas id="canvas_99a7" width="480" height="512"/></p><hr/><script>/* */initRDKitModule().then(function(instance){RDKitModule=instance;console.log("RDKit:"+RDKitModule.version());/* */function/* */getPeptideBonds(mol){let/* */peptide_bond="CC(=O)NC";let/* */qmol=window.RDKitModule.get_qmol(peptide_bond);let/* */matches=JSON.parse(mol.get_substruct_matches(qmol));let/* */aggregatedBonds=[];for(let/* */i=0;i&lt;matches.length;i++){match=matches[i];if(Array.isArray(match["bonds"])){aggregatedBonds.push(match["bonds"].slice(-2)[0]);}}return/* */aggregatedBonds;}let/* */smiles="[NH3+][C@@H](CS)(C(=O)N[C@@H](CC(=O)N)(C(=O)N[C@@H](CCCNC(=[NH2+])N)(C(=O)[O-])))";let/* */mol=RDKitModule.get_mol(smiles);let/* */mdetails={};mdetails["bonds"]=getPeptideBonds(mol);mdetails["atoms"]=[0];mdetails["highlightColour"]=[0,1,0];mdetails["legend"]="peptide_1089";mdetails["explicitMethyl"]=true;canvas=document.getElementById("canvas_99a7");mol.draw_to_canvas_with_highlights(canvas,JSON.stringify(mdetails));});/* */</script> <p>A tripeptide<span style="font-size: 1px; color: white;">term</span>is<span style="font-size: 1px; color: white;">ddna</span>made up<span style="font-size: 1px; color: white;">hybrid</span>of<span style="font-size: 1px; color: white;">films</span>three (3) amino<span style="font-size: 1px; color: white;">blocks</span>acids. The<span style="font-size: 1px; color: white;">water</span>figure<span style="font-size: 1px; color: white;">saliva</span>above shows one<span style="font-size: 1px; color: white;">within</span>such tripeptide with<span style="font-size: 1px; color: white;">fixed</span>an unknown<span style="font-size: 1px; color: white;">dhea</span>sequence. Your task<span style="font-size: 1px; color: white;">caused</span>is<span style="font-size: 1px; color: white;">family</span>to<span style="font-size: 1px; color: white;">serve</span>find<span style="font-size: 1px; color: white;">median</span>out<span style="font-size: 1px; color: white;">althyp</span>the<span style="font-size: 1px; color: white;">tend</span>three (3) letter<span style="font-size: 1px; color: white;">neck</span>sequence of<span style="font-size: 1px; color: white;">truthk</span>this<span style="font-size: 1px; color: white;">yeast</span>tripeptide.</p> <p>Here<span style="font-size: 1px; color: white;">hic</span>is a step-by-step<span style="font-size: 1px; color: white;">crybt</span>guide<span style="font-size: 1px; color: white;">depend</span>to<span style="font-size: 1px; color: white;">works</span>help<span style="font-size: 1px; color: white;">alike</span>you<span style="font-size: 1px; color: white;">slight</span>answer<span style="font-size: 1px; color: white;">group</span>the<span style="font-size: 1px; color: white;">factor</span>question:</p> <ol> <li style="margin-bottom: 20px;">Consult<span style="font-size: 1px; color: white;">erna</span>an<span style="font-size: 1px; color: white;">roles</span>amino<span style="font-size: 1px; color: white;">bafree</span>acid guide<span style="font-size: 1px; color: white;">door</span>for reference. You<span style="font-size: 1px; color: white;">fast</span>can find<span style="font-size: 1px; color: white;">his</span>a PDF guide<span style="font-size: 1px; color: white;">menten</span>on Blackboard<span style="font-size: 1px; color: white;">juice</span>under "Exam<span style="font-size: 1px; color: white;">ones</span>and Quiz" in the "Old Exams" section, with the<span style="font-size: 1px; color: white;">would</span>filename <a href="https://drive.google.com/file/d/1Mgum_TmZ71-XIjb38sStEpzzZLqkQb-W/view?usp=sharing">bchm_exam-help_sheet.pdf</a>, or<span style="font-size: 1px; color: white;">region</span>search online<span style="font-size: 1px; color: white;">lenses</span>for<span style="font-size: 1px; color: white;">table</span>a visual guide<span style="font-size: 1px; color: white;">nadh</span>that<span style="font-size: 1px; color: white;">growth</span>shows<span style="font-size: 1px; color: white;">locus</span>all 20 amino<span style="font-size: 1px; color: white;">series</span>acids<span style="font-size: 1px; color: white;">itaqi</span>with<span style="font-size: 1px; color: white;">mated</span>their single-letter<span style="font-size: 1px; color: white;">iron</span>codes.</li> <li style="margin-bottom: 20px;">Identify<span style="font-size: 1px; color: white;">dogma</span>the<span style="font-size: 1px; color: white;">xylene</span>amino-terminal<span style="font-size: 1px; color: white;">table</span>end, represented as <span style="padding: 2px; color: #0000cc; background-color: #66ff66;">NH<sub>3</sub><sup>+</sup></span> and highlighted in<span style="font-size: 1px; color: white;">dough</span>bright<span style="font-size: 1px; color: white;">xylo</span>green. Distinguish<span style="font-size: 1px; color: white;">deltah</span>between the<span style="font-size: 1px; color: white;">grow</span>general<span style="font-size: 1px; color: white;">lab</span>nitrogens<span style="font-size: 1px; color: white;">fmn</span>in<span style="font-size: 1px; color: white;">eamino</span>amino<span style="font-size: 1px; color: white;">gamete</span>acid<span style="font-size: 1px; color: white;">chains</span>backbones (denoted<span style="font-size: 1px; color: white;">sam</span>as <span style="color:#0000cc">NH</span>) and<span style="font-size: 1px; color: white;">falsej</span>the<span style="font-size: 1px; color: white;">former</span>nitrogen in amino<span style="font-size: 1px; color: white;">rather</span>acid<span style="font-size: 1px; color: white;">eyes</span>side chains.</li> <li style="margin-bottom: 20px;">The two (2) peptide<span style="font-size: 1px; color: white;">pest</span>bonds<span style="font-size: 1px; color: white;">line</span>connecting the three (3) amino<span style="font-size: 1px; color: white;">across</span>acids<span style="font-size: 1px; color: white;">bfsex</span>are<span style="font-size: 1px; color: white;">cation</span>highlighted in <span style="background-color: #00FF00; padding: 2px;">bright<span style="font-size: 1px; color: white;">phase</span>green</span>, making<span style="font-size: 1px; color: white;">solve</span>it<span style="font-size: 1px; color: white;">links</span>easier<span style="font-size: 1px; color: white;">strain</span>to<span style="font-size: 1px; color: white;">bred</span>distinguish<span style="font-size: 1px; color: white;">purify</span>the three (3) amino<span style="font-size: 1px; color: white;">cancer</span>acids.</li> <li style="margin-bottom: 20px;">Examine<span style="font-size: 1px; color: white;">amide</span>the<span style="font-size: 1px; color: white;">sleep</span>side<span style="font-size: 1px; color: white;">gut</span>chain<span style="font-size: 1px; color: white;">favor</span>for<span style="font-size: 1px; color: white;">signal</span>each of<span style="font-size: 1px; color: white;">pol</span>the<span style="font-size: 1px; color: white;">truthe</span>three (3) amino acids<span style="font-size: 1px; color: white;">normal</span>to<span style="font-size: 1px; color: white;">region</span>determine<span style="font-size: 1px; color: white;">dfirst</span>their<span style="font-size: 1px; color: white;">male</span>single-letter<span style="font-size: 1px; color: white;">amine</span>amino<span style="font-size: 1px; color: white;">known</span>acid<span style="font-size: 1px; color: white;">tracks</span>code.</li> <li style="margin-bottom: 20px;">List<span style="font-size: 1px; color: white;">expose</span>the single-letter<span style="font-size: 1px; color: white;">file</span>amino<span style="font-size: 1px; color: white;">solve</span>acid<span style="font-size: 1px; color: white;">cri</span>codes<span style="font-size: 1px; color: white;">coli</span>in<span style="font-size: 1px; color: white;">adult</span>the<span style="font-size: 1px; color: white;">tracks</span>amino<span style="font-size: 1px; color: white;">degc</span>to<span style="font-size: 1px; color: white;">still</span>carboxyl (N→C) direction. This<span style="font-size: 1px; color: white;">truth</span>is the<span style="font-size: 1px; color: white;">every</span>standard<span style="font-size: 1px; color: white;">midway</span>method<span style="font-size: 1px; color: white;">food</span>for<span style="font-size: 1px; color: white;">break</span>writing peptide sequences.</li> </ol> <p>Select<span style="font-size: 1px; color: white;">bud</span>the<span style="font-size: 1px; color: white;">gulose</span>correct<span style="font-size: 1px; color: white;">leak</span>peptide sequence<span style="font-size: 1px; color: white;">bow</span>from<span style="font-size: 1px; color: white;">savory</span>the<span style="font-size: 1px; color: white;">check</span>options<span style="font-size: 1px; color: white;">idose</span>below:</p> <span style="font-size: 1px; color: white;">cold</span></div>
    </div>
    <choiceInteraction maxChoices="1" responseIdentifier="RESPONSE" shuffle="true">
      <simpleChoice fixed="true" identifier="answer_1">
        <p>
          <div id="drv_57c1" oncopy="return false;" onpaste="return false;" oncut="return false;" oncontextmenu="return false;" onmousedown="return false;" onselectstart="return false;">GNK<span style="font-size: 1px; color: white;">manual</span></div>
        </p>
      </simpleChoice>
      <simpleChoice fixed="true" identifier="answer_2">
        <p>
          <div id="drv_c112" oncopy="return false;" onpaste="return false;" oncut="return false;" oncontextmenu="return false;" onmousedown="return false;" onselectstart="return false;">CTR<span style="font-size: 1px; color: white;">gets</span></div>
        </p>
      </simpleChoice>
      <simpleChoice fixed="true" identifier="answer_3">
        <p>
          <div id="drv_72bc" oncopy="return false;" onpaste="return false;" oncut="return false;" oncontextmenu="return false;" onmousedown="return false;" onselectstart="return false;">CNR<span style="font-size: 1px; color: white;">cry</span></div>
        </p>
      </simpleChoice>
      <simpleChoice fixed="true" identifier="answer_4">
        <p>
          <div id="drv_329c" oncopy="return false;" onpaste="return false;" oncut="return false;" oncontextmenu="return false;" onmousedown="return false;" onselectstart="return false;">CLR </div>
        </p>
      </simpleChoice>
      <simpleChoice fixed="true" identifier="answer_5">
        <p>
          <div id="drv_0423" oncopy="return false;" onpaste="return false;" oncut="return false;" oncontextmenu="return false;" onmousedown="return false;" onselectstart="return false;">CIP<span style="font-size: 1px; color: white;">spinal</span></div>
        </p>
      </simpleChoice>
    </choiceInteraction>
  </itemBody>
  <responseProcessing>
    <responseCondition>
      <responseIf>
        <match>
          <variable identifier="RESPONSE"/>
          <correct identifier="RESPONSE"/>
        </match>
      </responseIf>
    </responseCondition>
  </responseProcessing>
</assessmentItem>
