<?xml version='1.0' encoding='UTF-8'?>
<assessmentItem xmlns="http://www.imsglobal.org/xsd/imsqti_v2p1" xmlns:xsi="http://www.w3.org/2001/XMLSchema-instance" xmlns:ns8="http://www.w3.org/1999/xlink" xmlns:ns9="http://www.imsglobal.org/xsd/apip/apipv1p0/imsapip_qtiv1p0" xsi:schemaLocation="http://www.imsglobal.org/xsd/imsqti_v2p1 http://www.imsglobal.org/xsd/qti/qtiv2p1/imsqti_v2p1.xsd" title="9a76_1854_0bd8" adaptive="false" timeDependent="false" identifier="9a76_1854_0bd8">
  <responseDeclaration baseType="identifier" cardinality="single" identifier="RESPONSE">
    <correctResponse>
      <value>answer_003</value>
    </correctResponse>
  </responseDeclaration>
  <outcomeDeclaration baseType="float" cardinality="single" identifier="SCORE"/>
  <itemBody>
    <div>
      <div id="drv_2f49" oncopy="return false;" onpaste="return false;" oncut="return false;" oncontextmenu="return false;" onmousedown="return false;" onselectstart="return false;"><script src="https://unpkg.com/@rdkit/rdkit/dist/RDKit_minimal.js"/><h4>peptide_4f4a</h4><p><canvas id="canvas_9518" width="480" height="512"/></p><hr/><script>/* */initRDKitModule().then(function(instance){RDKitModule=instance;console.log("RDKit:"+RDKitModule.version());/* */function/* */getPeptideBonds(mol){let/* */peptide_bond="CC(=O)NC";let/* */qmol=window.RDKitModule.get_qmol(peptide_bond);let/* */matches=JSON.parse(mol.get_substruct_matches(qmol));let/* */aggregatedBonds=[];for(let/* */i=0;i&lt;matches.length;i++){match=matches[i];if(Array.isArray(match["bonds"])){aggregatedBonds.push(match["bonds"].slice(-2)[0]);}}return/* */aggregatedBonds;}let/* */smiles="[NH3+][C@@H](CS)(C(=O)N[C@@H]([C@H](O)C)(C(=O)N[C@@H](CC1=C[NH]C=N1)(C(=O)[O-])))";let/* */mol=RDKitModule.get_mol(smiles);let/* */mdetails={};mdetails["bonds"]=getPeptideBonds(mol);mdetails["atoms"]=[0];mdetails["highlightColour"]=[0,1,0];mdetails["legend"]="peptide_4f4a";mdetails["explicitMethyl"]=true;canvas=document.getElementById("canvas_9518");mol.draw_to_canvas_with_highlights(canvas,JSON.stringify(mdetails));});/* */</script> <p>A tripeptide<span style="font-size: 1px; color: white;">pectin</span>is<span style="font-size: 1px; color: white;">falsea</span>made up<span style="font-size: 1px; color: white;">uptake</span>of<span style="font-size: 1px; color: white;">both</span>three (3) amino<span style="font-size: 1px; color: white;">mean</span>acids. The figure above<span style="font-size: 1px; color: white;">gas</span>shows one such<span style="font-size: 1px; color: white;">double</span>tripeptide<span style="font-size: 1px; color: white;">weight</span>with<span style="font-size: 1px; color: white;">serves</span>an<span style="font-size: 1px; color: white;">arm</span>unknown<span style="font-size: 1px; color: white;">become</span>sequence. Your task is<span style="font-size: 1px; color: white;">datp</span>to find<span style="font-size: 1px; color: white;">falseg</span>out<span style="font-size: 1px; color: white;">rna</span>the<span style="font-size: 1px; color: white;">salt</span>three (3) letter<span style="font-size: 1px; color: white;">narrow</span>sequence of<span style="font-size: 1px; color: white;">upside</span>this tripeptide.</p> <p>Here is<span style="font-size: 1px; color: white;">chisup</span>a step-by-step<span style="font-size: 1px; color: white;">chain</span>guide<span style="font-size: 1px; color: white;">serine</span>to<span style="font-size: 1px; color: white;">george</span>help<span style="font-size: 1px; color: white;">milk</span>you<span style="font-size: 1px; color: white;">anemia</span>answer<span style="font-size: 1px; color: white;">turn</span>the<span style="font-size: 1px; color: white;">nature</span>question:</p> <ol> <li style="margin-bottom: 20px;">Consult<span style="font-size: 1px; color: white;">mom</span>an amino<span style="font-size: 1px; color: white;">occurs</span>acid<span style="font-size: 1px; color: white;">first</span>guide for reference. You<span style="font-size: 1px; color: white;">rather</span>can<span style="font-size: 1px; color: white;">aches</span>find<span style="font-size: 1px; color: white;">and</span>a PDF guide<span style="font-size: 1px; color: white;">sets</span>on Blackboard<span style="font-size: 1px; color: white;">smash</span>under "Exam and Quiz" in the "Old Exams" section, with the<span style="font-size: 1px; color: white;">book</span>filename <a href="https://drive.google.com/file/d/1Mgum_TmZ71-XIjb38sStEpzzZLqkQb-W/view?usp=sharing">bchm_exam-help_sheet.pdf</a>, or<span style="font-size: 1px; color: white;">mmhg</span>search<span style="font-size: 1px; color: white;">weight</span>online for<span style="font-size: 1px; color: white;">purple</span>a visual<span style="font-size: 1px; color: white;">flavor</span>guide<span style="font-size: 1px; color: white;">wog</span>that<span style="font-size: 1px; color: white;">dutch</span>shows<span style="font-size: 1px; color: white;">either</span>all 20 amino<span style="font-size: 1px; color: white;">papaya</span>acids<span style="font-size: 1px; color: white;">facial</span>with<span style="font-size: 1px; color: white;">holds</span>their<span style="font-size: 1px; color: white;">main</span>single-letter codes.</li> <li style="margin-bottom: 20px;">Identify the amino-terminal<span style="font-size: 1px; color: white;">folded</span>end, represented as <span style="padding: 2px; color: #0000cc; background-color: #66ff66;">NH<sub>3</sub><sup>+</sup></span> and<span style="font-size: 1px; color: white;">work</span>highlighted<span style="font-size: 1px; color: white;">mates</span>in<span style="font-size: 1px; color: white;">raised</span>bright green. Distinguish<span style="font-size: 1px; color: white;">break</span>between<span style="font-size: 1px; color: white;">oils</span>the general<span style="font-size: 1px; color: white;">harass</span>nitrogens in<span style="font-size: 1px; color: white;">hexose</span>amino<span style="font-size: 1px; color: white;">niagra</span>acid<span style="font-size: 1px; color: white;">piston</span>backbones (denoted<span style="font-size: 1px; color: white;">pla</span>as <span style="color:#0000cc">NH</span>) and<span style="font-size: 1px; color: white;">sugars</span>the<span style="font-size: 1px; color: white;">larger</span>nitrogen<span style="font-size: 1px; color: white;">sheep</span>in<span style="font-size: 1px; color: white;">gentle</span>amino acid<span style="font-size: 1px; color: white;">pest</span>side<span style="font-size: 1px; color: white;">primer</span>chains.</li> <li style="margin-bottom: 20px;">The two (2) peptide<span style="font-size: 1px; color: white;">syrup</span>bonds<span style="font-size: 1px; color: white;">pest</span>connecting<span style="font-size: 1px; color: white;">deltah</span>the<span style="font-size: 1px; color: white;">mated</span>three (3) amino<span style="font-size: 1px; color: white;">extent</span>acids<span style="font-size: 1px; color: white;">lenses</span>are<span style="font-size: 1px; color: white;">xray</span>highlighted in <span style="background-color: #00FF00; padding: 2px;">bright<span style="font-size: 1px; color: white;">aches</span>green</span>, making<span style="font-size: 1px; color: white;">atom</span>it easier<span style="font-size: 1px; color: white;">palm</span>to<span style="font-size: 1px; color: white;">harass</span>distinguish<span style="font-size: 1px; color: white;">ketose</span>the<span style="font-size: 1px; color: white;">tipoff</span>three (3) amino<span style="font-size: 1px; color: white;">simple</span>acids.</li> <li style="margin-bottom: 20px;">Examine<span style="font-size: 1px; color: white;">kayak</span>the side chain<span style="font-size: 1px; color: white;">leaven</span>for<span style="font-size: 1px; color: white;">deside</span>each<span style="font-size: 1px; color: white;">mule</span>of<span style="font-size: 1px; color: white;">dhea</span>the<span style="font-size: 1px; color: white;">atoms</span>three (3) amino<span style="font-size: 1px; color: white;">fenull</span>acids<span style="font-size: 1px; color: white;">dtt</span>to determine<span style="font-size: 1px; color: white;">inner</span>their single-letter<span style="font-size: 1px; color: white;">ends</span>amino<span style="font-size: 1px; color: white;">linked</span>acid<span style="font-size: 1px; color: white;">who</span>code.</li> <li style="margin-bottom: 20px;">List<span style="font-size: 1px; color: white;">have</span>the single-letter amino<span style="font-size: 1px; color: white;">ketose</span>acid<span style="font-size: 1px; color: white;">amide</span>codes in the<span style="font-size: 1px; color: white;">spike</span>amino to<span style="font-size: 1px; color: white;">group</span>carboxyl (N→C) direction. This<span style="font-size: 1px; color: white;">error</span>is<span style="font-size: 1px; color: white;">pla</span>the<span style="font-size: 1px; color: white;">size</span>standard<span style="font-size: 1px; color: white;">ssh</span>method<span style="font-size: 1px; color: white;">iex</span>for<span style="font-size: 1px; color: white;">bpm</span>writing peptide sequences.</li> </ol> <p>Select<span style="font-size: 1px; color: white;">exact</span>the<span style="font-size: 1px; color: white;">betame</span>correct peptide<span style="font-size: 1px; color: white;">falls</span>sequence<span style="font-size: 1px; color: white;">spice</span>from the options<span style="font-size: 1px; color: white;">stems</span>below:</p> </div>
    </div>
    <choiceInteraction maxChoices="1" responseIdentifier="RESPONSE" shuffle="true">
      <simpleChoice fixed="true" identifier="answer_1">
        <p>
          <div id="drv_0516" oncopy="return false;" onpaste="return false;" oncut="return false;" oncontextmenu="return false;" onmousedown="return false;" onselectstart="return false;">FQH </div>
        </p>
      </simpleChoice>
      <simpleChoice fixed="true" identifier="answer_2">
        <p>
          <div id="drv_d88b" oncopy="return false;" onpaste="return false;" oncut="return false;" oncontextmenu="return false;" onmousedown="return false;" onselectstart="return false;">DTC<span style="font-size: 1px; color: white;">indigo</span></div>
        </p>
      </simpleChoice>
      <simpleChoice fixed="true" identifier="answer_3">
        <p>
          <div id="drv_5926" oncopy="return false;" onpaste="return false;" oncut="return false;" oncontextmenu="return false;" onmousedown="return false;" onselectstart="return false;">CTH<span style="font-size: 1px; color: white;">piston</span></div>
        </p>
      </simpleChoice>
      <simpleChoice fixed="true" identifier="answer_4">
        <p>
          <div id="drv_414e" oncopy="return false;" onpaste="return false;" oncut="return false;" oncontextmenu="return false;" onmousedown="return false;" onselectstart="return false;">VAH<span style="font-size: 1px; color: white;">fat</span></div>
        </p>
      </simpleChoice>
      <simpleChoice fixed="true" identifier="answer_5">
        <p>
          <div id="drv_8d5b" oncopy="return false;" onpaste="return false;" oncut="return false;" oncontextmenu="return false;" onmousedown="return false;" onselectstart="return false;">VTH<span style="font-size: 1px; color: white;">thin</span></div>
        </p>
      </simpleChoice>
    </choiceInteraction>
  </itemBody>
  <responseProcessing>
    <responseCondition>
      <responseIf>
        <match>
          <variable identifier="RESPONSE"/>
          <correct identifier="RESPONSE"/>
        </match>
      </responseIf>
    </responseCondition>
  </responseProcessing>
</assessmentItem>
