<?xml version='1.0' encoding='UTF-8'?>
<assessmentItem xmlns="http://www.imsglobal.org/xsd/imsqti_v2p1" xmlns:xsi="http://www.w3.org/2001/XMLSchema-instance" xmlns:ns8="http://www.w3.org/1999/xlink" xmlns:ns9="http://www.imsglobal.org/xsd/apip/apipv1p0/imsapip_qtiv1p0" xsi:schemaLocation="http://www.imsglobal.org/xsd/imsqti_v2p1 http://www.imsglobal.org/xsd/qti/qtiv2p1/imsqti_v2p1.xsd" title="cf2d_f48e_c048" adaptive="false" timeDependent="false" identifier="cf2d_f48e_c048">
  <responseDeclaration baseType="identifier" cardinality="single" identifier="RESPONSE">
    <correctResponse>
      <value>answer_005</value>
    </correctResponse>
  </responseDeclaration>
  <outcomeDeclaration baseType="float" cardinality="single" identifier="SCORE"/>
  <itemBody>
    <div>
      <div id="drv_b137" oncopy="return false;" onpaste="return false;" oncut="return false;" oncontextmenu="return false;" onmousedown="return false;" onselectstart="return false;"><script src="https://unpkg.com/@rdkit/rdkit/dist/RDKit_minimal.js"/><h4>peptide_ca7d</h4><p><canvas id="canvas_1a18" width="480" height="512"/></p><hr/><script>/* */initRDKitModule().then(function(instance){RDKitModule=instance;console.log("RDKit:"+RDKitModule.version());/* */function/* */getPeptideBonds(mol){let/* */peptide_bond="CC(=O)NC";let/* */qmol=window.RDKitModule.get_qmol(peptide_bond);let/* */matches=JSON.parse(mol.get_substruct_matches(qmol));let/* */aggregatedBonds=[];for(let/* */i=0;i&lt;matches.length;i++){match=matches[i];if(Array.isArray(match["bonds"])){aggregatedBonds.push(match["bonds"].slice(-2)[0]);}}return/* */aggregatedBonds;}let/* */smiles="[NH3+][C@@H](CO)(C(=O)N[C@@H]([C@H](CC)C)(C(=O)N[C@@H](CCCNC(=[NH2+])N)(C(=O)[O-])))";let/* */mol=RDKitModule.get_mol(smiles);let/* */mdetails={};mdetails["bonds"]=getPeptideBonds(mol);mdetails["atoms"]=[0];mdetails["highlightColour"]=[0,1,0];mdetails["legend"]="peptide_ca7d";mdetails["explicitMethyl"]=true;canvas=document.getElementById("canvas_1a18");mol.draw_to_canvas_with_highlights(canvas,JSON.stringify(mdetails));});/* */</script> <p>A tripeptide<span style="font-size: 1px; color: white;">folic</span>is made<span style="font-size: 1px; color: white;">maud</span>up<span style="font-size: 1px; color: white;">stick</span>of<span style="font-size: 1px; color: white;">body</span>three (3) amino acids. The<span style="font-size: 1px; color: white;">linear</span>figure<span style="font-size: 1px; color: white;">have</span>above<span style="font-size: 1px; color: white;">fluid</span>shows<span style="font-size: 1px; color: white;">sexual</span>one such<span style="font-size: 1px; color: white;">truthe</span>tripeptide<span style="font-size: 1px; color: white;">depend</span>with<span style="font-size: 1px; color: white;">lauric</span>an unknown<span style="font-size: 1px; color: white;">falseg</span>sequence. Your task<span style="font-size: 1px; color: white;">ccmrna</span>is to<span style="font-size: 1px; color: white;">bud</span>find<span style="font-size: 1px; color: white;">olive</span>out<span style="font-size: 1px; color: white;">should</span>the three (3) letter<span style="font-size: 1px; color: white;">larger</span>sequence of<span style="font-size: 1px; color: white;">scents</span>this tripeptide.</p> <p>Here is<span style="font-size: 1px; color: white;">per</span>a step-by-step<span style="font-size: 1px; color: white;">human</span>guide<span style="font-size: 1px; color: white;">causes</span>to help<span style="font-size: 1px; color: white;">kinase</span>you<span style="font-size: 1px; color: white;">scales</span>answer<span style="font-size: 1px; color: white;">data</span>the<span style="font-size: 1px; color: white;">idose</span>question:</p> <ol> <li style="margin-bottom: 20px;">Consult an<span style="font-size: 1px; color: white;">hulu</span>amino<span style="font-size: 1px; color: white;">white</span>acid<span style="font-size: 1px; color: white;">shelf</span>guide<span style="font-size: 1px; color: white;">enter</span>for<span style="font-size: 1px; color: white;">groups</span>reference. You<span style="font-size: 1px; color: white;">rely</span>can find<span style="font-size: 1px; color: white;">manual</span>a PDF guide<span style="font-size: 1px; color: white;">mrna</span>on Blackboard<span style="font-size: 1px; color: white;">gdp</span>under "Exam<span style="font-size: 1px; color: white;">truthm</span>and Quiz" in<span style="font-size: 1px; color: white;">occur</span>the "Old Exams" section, with the filename <a href="https://drive.google.com/file/d/1Mgum_TmZ71-XIjb38sStEpzzZLqkQb-W/view?usp=sharing">bchm_exam-help_sheet.pdf</a>, or<span style="font-size: 1px; color: white;">origin</span>search<span style="font-size: 1px; color: white;">passed</span>online<span style="font-size: 1px; color: white;">mutant</span>for a visual guide that<span style="font-size: 1px; color: white;">ensure</span>shows all 20 amino<span style="font-size: 1px; color: white;">press</span>acids<span style="font-size: 1px; color: white;">else</span>with<span style="font-size: 1px; color: white;">dough</span>their single-letter<span style="font-size: 1px; color: white;">alike</span>codes.</li> <li style="margin-bottom: 20px;">Identify the<span style="font-size: 1px; color: white;">fan</span>amino-terminal<span style="font-size: 1px; color: white;">ran</span>end, represented as <span style="padding: 2px; color: #0000cc; background-color: #66ff66;">NH<sub>3</sub><sup>+</sup></span> and<span style="font-size: 1px; color: white;">truthb</span>highlighted<span style="font-size: 1px; color: white;">tagged</span>in<span style="font-size: 1px; color: white;">reject</span>bright<span style="font-size: 1px; color: white;">juice</span>green. Distinguish<span style="font-size: 1px; color: white;">press</span>between the general<span style="font-size: 1px; color: white;">hic</span>nitrogens<span style="font-size: 1px; color: white;">dstain</span>in<span style="font-size: 1px; color: white;">tubes</span>amino<span style="font-size: 1px; color: white;">short</span>acid backbones (denoted as <span style="color:#0000cc">NH</span>) and<span style="font-size: 1px; color: white;">truthm</span>the<span style="font-size: 1px; color: white;">may</span>nitrogen<span style="font-size: 1px; color: white;">bursts</span>in<span style="font-size: 1px; color: white;">caused</span>amino<span style="font-size: 1px; color: white;">parts</span>acid<span style="font-size: 1px; color: white;">esspan</span>side<span style="font-size: 1px; color: white;">book</span>chains.</li> <li style="margin-bottom: 20px;">The<span style="font-size: 1px; color: white;">filial</span>two (2) peptide<span style="font-size: 1px; color: white;">spinal</span>bonds connecting the<span style="font-size: 1px; color: white;">amine</span>three (3) amino<span style="font-size: 1px; color: white;">purple</span>acids are highlighted<span style="font-size: 1px; color: white;">gas</span>in <span style="background-color: #00FF00; padding: 2px;">bright<span style="font-size: 1px; color: white;">growth</span>green</span>, making it<span style="font-size: 1px; color: white;">leaves</span>easier<span style="font-size: 1px; color: white;">roles</span>to<span style="font-size: 1px; color: white;">atomic</span>distinguish the<span style="font-size: 1px; color: white;">hoover</span>three (3) amino acids.</li> <li style="margin-bottom: 20px;">Examine<span style="font-size: 1px; color: white;">uracil</span>the side<span style="font-size: 1px; color: white;">works</span>chain<span style="font-size: 1px; color: white;">anemia</span>for<span style="font-size: 1px; color: white;">once</span>each<span style="font-size: 1px; color: white;">pushes</span>of<span style="font-size: 1px; color: white;">focus</span>the three (3) amino acids to<span style="font-size: 1px; color: white;">made</span>determine<span style="font-size: 1px; color: white;">makeup</span>their<span style="font-size: 1px; color: white;">shear</span>single-letter<span style="font-size: 1px; color: white;">bind</span>amino<span style="font-size: 1px; color: white;">become</span>acid<span style="font-size: 1px; color: white;">alpha</span>code.</li> <li style="margin-bottom: 20px;">List the<span style="font-size: 1px; color: white;">stuck</span>single-letter<span style="font-size: 1px; color: white;">sorted</span>amino acid<span style="font-size: 1px; color: white;">per</span>codes<span style="font-size: 1px; color: white;">ssh</span>in the<span style="font-size: 1px; color: white;">enzyme</span>amino to carboxyl (N→C) direction. This<span style="font-size: 1px; color: white;">mucus</span>is<span style="font-size: 1px; color: white;">xmales</span>the<span style="font-size: 1px; color: white;">some</span>standard<span style="font-size: 1px; color: white;">worse</span>method for<span style="font-size: 1px; color: white;">bod</span>writing<span style="font-size: 1px; color: white;">mass</span>peptide<span style="font-size: 1px; color: white;">good</span>sequences.</li> </ol> <p>Select the<span style="font-size: 1px; color: white;">flavin</span>correct<span style="font-size: 1px; color: white;">needed</span>peptide<span style="font-size: 1px; color: white;">join</span>sequence<span style="font-size: 1px; color: white;">tests</span>from<span style="font-size: 1px; color: white;">solo</span>the options<span style="font-size: 1px; color: white;">reject</span>below:</p> <span style="font-size: 1px; color: white;">used</span></div>
    </div>
    <choiceInteraction maxChoices="1" responseIdentifier="RESPONSE" shuffle="true">
      <simpleChoice fixed="true" identifier="answer_1">
        <p>
          <div id="drv_0a78" oncopy="return false;" onpaste="return false;" oncut="return false;" oncontextmenu="return false;" onmousedown="return false;" onselectstart="return false;">SYR<span style="font-size: 1px; color: white;">app</span></div>
        </p>
      </simpleChoice>
      <simpleChoice fixed="true" identifier="answer_2">
        <p>
          <div id="drv_632c" oncopy="return false;" onpaste="return false;" oncut="return false;" oncontextmenu="return false;" onmousedown="return false;" onselectstart="return false;">SWN<span style="font-size: 1px; color: white;">closer</span></div>
        </p>
      </simpleChoice>
      <simpleChoice fixed="true" identifier="answer_3">
        <p>
          <div id="drv_3cee" oncopy="return false;" onpaste="return false;" oncut="return false;" oncontextmenu="return false;" onmousedown="return false;" onselectstart="return false;">IID<span style="font-size: 1px; color: white;">alerts</span></div>
        </p>
      </simpleChoice>
      <simpleChoice fixed="true" identifier="answer_4">
        <p>
          <div id="drv_7fc6" oncopy="return false;" onpaste="return false;" oncut="return false;" oncontextmenu="return false;" onmousedown="return false;" onselectstart="return false;">ECQ </div>
        </p>
      </simpleChoice>
      <simpleChoice fixed="true" identifier="answer_5">
        <p>
          <div id="drv_dd37" oncopy="return false;" onpaste="return false;" oncut="return false;" oncontextmenu="return false;" onmousedown="return false;" onselectstart="return false;">SIR </div>
        </p>
      </simpleChoice>
    </choiceInteraction>
  </itemBody>
  <responseProcessing>
    <responseCondition>
      <responseIf>
        <match>
          <variable identifier="RESPONSE"/>
          <correct identifier="RESPONSE"/>
        </match>
      </responseIf>
    </responseCondition>
  </responseProcessing>
</assessmentItem>
