<?xml version='1.0' encoding='UTF-8'?>
<assessmentItem xmlns="http://www.imsglobal.org/xsd/imsqti_v2p1" xmlns:xsi="http://www.w3.org/2001/XMLSchema-instance" xmlns:ns8="http://www.w3.org/1999/xlink" xmlns:ns9="http://www.imsglobal.org/xsd/apip/apipv1p0/imsapip_qtiv1p0" xsi:schemaLocation="http://www.imsglobal.org/xsd/imsqti_v2p1 http://www.imsglobal.org/xsd/qti/qtiv2p1/imsqti_v2p1.xsd" title="cb38_6531_3937" adaptive="false" timeDependent="false" identifier="cb38_6531_3937">
  <responseDeclaration baseType="identifier" cardinality="single" identifier="RESPONSE">
    <correctResponse>
      <value>answer_002</value>
    </correctResponse>
  </responseDeclaration>

  <outcomeDeclaration baseType="float" cardinality="single" identifier="SCORE"/>

  <itemBody>
    <div>
      <p>Which one of the following statements is<strong> <span style="color: #ba372a;"><strong>FALSE</strong></span> </strong> of <strong><span style="color: #bb5d00;"><strong><span style="color: #bb5d00;"><strong><span style="color: #bb5d00;"><strong><span style="color: #bb5d00;"><strong><span style="color: #bb5d00;"><strong><span style="color: #bb5d00;">thermodynamics</span></strong></span></strong></span></strong></span></strong></span></strong></span></strong> and <strong><span style="color: #56225d;"><strong><span style="color: #56225d;"><strong><span style="color: #56225d;"><strong><span style="color: #56225d;"><strong><span style="color: #56225d;"><strong><span style="color: #56225d;">kinetics</span></strong></span></strong></span></strong></span></strong></span></strong></span></strong>?</p>
    </div>
    <choiceInteraction maxChoices="1" responseIdentifier="RESPONSE" shuffle="true">
      <simpleChoice fixed="true" identifier="answer_1">
        <p>Hydrolysis <strong><span style="color: #008a75;">reaction</span></strong>s often lead to an increase in the <strong><span style="color: #b77b04;">entropy</span></strong> of the products.</p>
      </simpleChoice>
      <simpleChoice fixed="true" identifier="answer_2">
        <p>Enzymes change the Gibbs free energy (ΔG) of the <strong><span style="color: #008a75;"><strong><span style="color: #008a75;">reaction</span></strong></span></strong>.</p>
      </simpleChoice>
      <simpleChoice fixed="true" identifier="answer_3">
        <p>Enzymes lower the activation energy, which affects the <strong><span style="color: #008a75;">reaction</span></strong> <strong><span style="color: #56225d;">kinetics</span></strong>.</p>
      </simpleChoice>
      <simpleChoice fixed="true" identifier="answer_4">
        <p>A <strong><span style="color: #008a75;">reaction</span></strong> is spontaneous if the standard change in free energy (ΔG°′) is negative.</p>
      </simpleChoice>
      <simpleChoice fixed="true" identifier="answer_5">
        <p>The change in Gibbs free energy (ΔG) of a <strong><span style="color: #008a75;">reaction</span></strong> is related to the <strong><span style="color: #0078a3;">enthalpy</span></strong> and <strong><span style="color: #b77b04;">entropy</span></strong> changes of the <strong><span style="color: #008a75;">reaction</span></strong>.</p>
      </simpleChoice>
    </choiceInteraction>
  </itemBody>

  <responseProcessing>
    <responseCondition>
      <responseIf>
        <match>
          <variable identifier="RESPONSE"/>
          <correct identifier="RESPONSE"/>
        </match>
      </responseIf>
    </responseCondition>
  </responseProcessing>
</assessmentItem>
