<?xml version='1.0' encoding='UTF-8'?>
<assessmentItem xmlns="http://www.imsglobal.org/xsd/imsqti_v2p1" xmlns:xsi="http://www.w3.org/2001/XMLSchema-instance" xmlns:ns8="http://www.w3.org/1999/xlink" xmlns:ns9="http://www.imsglobal.org/xsd/apip/apipv1p0/imsapip_qtiv1p0" xsi:schemaLocation="http://www.imsglobal.org/xsd/imsqti_v2p1 http://www.imsglobal.org/xsd/qti/qtiv2p1/imsqti_v2p1.xsd" title="09eb_bd7f_c138" adaptive="false" timeDependent="false" identifier="09eb_bd7f_c138">
  <responseDeclaration baseType="identifier" cardinality="single" identifier="RESPONSE">
    <correctResponse>
      <value>answer_001</value>
    </correctResponse>
  </responseDeclaration>

  <outcomeDeclaration baseType="float" cardinality="single" identifier="SCORE"/>

  <itemBody>
    <div>
      <p>Which one of the following statements is<strong> <span style="color: #ba372a;"><strong>FALSE</strong></span> </strong> of <strong><span style="color: #bb5d00;"><strong><span style="color: #bb5d00;"><strong><span style="color: #bb5d00;"><strong><span style="color: #bb5d00;"><strong><span style="color: #bb5d00;"><strong><span style="color: #bb5d00;"><strong><span style="color: #bb5d00;"><strong><span style="color: #bb5d00;"><strong><span style="color: #bb5d00;"><strong><span style="color: #bb5d00;">thermodynamics</span></strong></span></strong></span></strong></span></strong></span></strong></span></strong></span></strong></span></strong></span></strong></span></strong> and <strong><span style="color: #56225d;"><strong><span style="color: #56225d;"><strong><span style="color: #56225d;"><strong><span style="color: #56225d;"><strong><span style="color: #56225d;"><strong><span style="color: #56225d;"><strong><span style="color: #56225d;"><strong><span style="color: #56225d;"><strong><span style="color: #56225d;"><strong><span style="color: #56225d;">kinetics</span></strong></span></strong></span></strong></span></strong></span></strong></span></strong></span></strong></span></strong></span></strong></span></strong>?</p>
    </div>
    <choiceInteraction maxChoices="1" responseIdentifier="RESPONSE" shuffle="true">
      <simpleChoice fixed="true" identifier="answer_1">
        <p>The second law of <strong><span style="color: #bb5d00;"><strong><span style="color: #bb5d00;">thermodynamics</span></strong></span></strong> is the conservation of energy.</p>
      </simpleChoice>
      <simpleChoice fixed="true" identifier="answer_2">
        <p>Thermodynamics is determined by the combination of <strong><span style="color: #0078a3;">enthalpy</span></strong> and <strong><span style="color: #b77b04;">entropy</span></strong> of a <strong><span style="color: #008a75;">reaction</span></strong>.</p>
      </simpleChoice>
      <simpleChoice fixed="true" identifier="answer_3">
        <p>A <strong><span style="color: #008a75;">reaction</span></strong> is spontaneous if the standard change in free energy (ΔG°′) is negative.</p>
      </simpleChoice>
      <simpleChoice fixed="true" identifier="answer_4">
        <p>Kinetics describes the rate at which a <strong><span style="color: #008a75;">reaction</span></strong> approaches <strong><span style="color: #478d1b;">equilibrium</span></strong>.</p>
      </simpleChoice>
      <simpleChoice fixed="true" identifier="answer_5">
        <p>In general, an increase in disorder or randomness corresponds to an increase in <strong><span style="color: #b77b04;">entropy</span></strong>.</p>
      </simpleChoice>
    </choiceInteraction>
  </itemBody>

  <responseProcessing>
    <responseCondition>
      <responseIf>
        <match>
          <variable identifier="RESPONSE"/>
          <correct identifier="RESPONSE"/>
        </match>
      </responseIf>
    </responseCondition>
  </responseProcessing>
</assessmentItem>
