<?xml version='1.0' encoding='UTF-8'?>
<assessmentItem xmlns="http://www.imsglobal.org/xsd/imsqti_v2p1" xmlns:xsi="http://www.w3.org/2001/XMLSchema-instance" xmlns:ns8="http://www.w3.org/1999/xlink" xmlns:ns9="http://www.imsglobal.org/xsd/apip/apipv1p0/imsapip_qtiv1p0" xsi:schemaLocation="http://www.imsglobal.org/xsd/imsqti_v2p1 http://www.imsglobal.org/xsd/qti/qtiv2p1/imsqti_v2p1.xsd" title="0b01_c52f_8938" adaptive="false" timeDependent="false" identifier="0b01_c52f_8938">
  <responseDeclaration baseType="identifier" cardinality="single" identifier="RESPONSE">
    <correctResponse>
      <value>answer_004</value>
    </correctResponse>
  </responseDeclaration>
  <outcomeDeclaration baseType="float" cardinality="single" identifier="SCORE"/>
  <itemBody>
    <div><p>3076</p> <p>A series of enzymes catalyze the reactions in the following metabolic pathway:</p><table border="0" style="border-collapse: collapse;"><tr><td colspan="2"/><td style="font-size: 75%; text-align:center; vertical-align: bottom;" colspan="3">enzyme 1</td><td/><td style="font-size: 75%; text-align:center; vertical-align: bottom;" colspan="3">enzyme 2</td><td/><td style="font-size: 75%; text-align:center; vertical-align: bottom;" colspan="3">enzyme 3</td><td/><td style="font-size: 75%; text-align:center; vertical-align: bottom;" colspan="3">enzyme 4</td><td/><td/></tr><tr><td style="font-size: 150%; text-align:center;" colspan="3"><strong><span style="color: #0a9bf5">P</span></strong></td><td style="text-align:center; vertical-align:top;"> ⟶ </td><td style="font-size: 150%; text-align:center;" colspan="3"><strong><span style="color: #0039e6">Q</span></strong></td><td style="text-align:center; vertical-align:top;"> ⟶ </td><td style="font-size: 150%; text-align:center;" colspan="3"><strong><span style="color: #004d99">R</span></strong></td><td style="text-align:center; vertical-align:top;"> ⟶ </td><td style="font-size: 150%; text-align:center;" colspan="3"><strong><span style="color: #7b12a1">S</span></strong></td><td style="text-align:center; vertical-align:top;"> ⟶ </td><td style="font-size: 150%; text-align:center;" colspan="3"><strong><span style="color: #b30077">T</span></strong></td></tr><tr><td><span style="font-size: 1px; color: white;"> </span></td><td><span style="font-size: 1px; color: white;"> </span></td><td><span style="font-size: 1px; color: white;"> </span></td><td><span style="font-size: 1px; color: white;"> </span></td><td><span style="font-size: 1px; color: white;"> </span></td><td><span style="font-size: 1px; color: white;"> </span></td><td><span style="font-size: 1px; color: white;"> </span></td><td><span style="font-size: 1px; color: white;"> </span></td><td><span style="font-size: 1px; color: white;"> </span></td><td><span style="font-size: 1px; color: white;"> </span></td><td><span style="font-size: 1px; color: white;"> </span></td><td><span style="font-size: 1px; color: white;"> </span></td><td><span style="font-size: 1px; color: white;"> </span></td><td><span style="font-size: 1px; color: white;"> </span></td><td><span style="font-size: 1px; color: white;"> </span></td><td><span style="font-size: 1px; color: white;"> </span></td><td><span style="font-size: 1px; color: white;"> </span></td><td><span style="font-size: 1px; color: white;"> </span></td><td><span style="font-size: 1px; color: white;"> </span></td></tr></table><p>Understanding the type of enzyme inhibition or activation is crucial for developing effective drugs and understanding metabolic regulation.</p><strong>enzyme 1</strong> converts substrate <strong><span style="color: #0a9bf5">P</span></strong> into product <strong><span style="color: #0039e6">Q</span></strong>. <p>The end product <strong><span style="color: #b30077">T</span></strong> of this pathway binds to <strong>enzyme 1</strong>at a location far away from its active site.</p><p>This binding <strong><span style="color: seagreen">increases</span></strong>  the activity of the enzyme.</p><p>Determine the type of enzyme inhibition or activation described:</p></div>
    <choiceInteraction maxChoices="1" responseIdentifier="RESPONSE" shuffle="true">
      <simpleChoice fixed="true" identifier="answer_1">
        <p>A.  non-competitive inhibitor  </p>
      </simpleChoice>
      <simpleChoice fixed="true" identifier="answer_2">
        <p>B.  un-competitive inhibitor  </p>
      </simpleChoice>
      <simpleChoice fixed="true" identifier="answer_3">
        <p>C.  enzyme suppressor  </p>
      </simpleChoice>
      <simpleChoice fixed="true" identifier="answer_4">
        <p>D.  enzyme activator  </p>
      </simpleChoice>
      <simpleChoice fixed="true" identifier="answer_5">
        <p>E.  competitive inhibitor  </p>
      </simpleChoice>
    </choiceInteraction>
  </itemBody>
  <responseProcessing>
    <responseCondition>
      <responseIf>
        <match>
          <variable identifier="RESPONSE"/>
          <correct identifier="RESPONSE"/>
        </match>
      </responseIf>
    </responseCondition>
  </responseProcessing>
</assessmentItem>
