<?xml version='1.0' encoding='UTF-8'?>
<assessmentItem xmlns="http://www.imsglobal.org/xsd/imsqti_v2p1" xmlns:xsi="http://www.w3.org/2001/XMLSchema-instance" xmlns:ns8="http://www.w3.org/1999/xlink" xmlns:ns9="http://www.imsglobal.org/xsd/apip/apipv1p0/imsapip_qtiv1p0" xsi:schemaLocation="http://www.imsglobal.org/xsd/imsqti_v2p1 http://www.imsglobal.org/xsd/qti/qtiv2p1/imsqti_v2p1.xsd" title="3d91_1fdb_e913" adaptive="false" timeDependent="false" identifier="3d91_1fdb_e913">
  <responseDeclaration baseType="identifier" cardinality="single" identifier="RESPONSE">
    <correctResponse>
      <value>answer_005</value>
    </correctResponse>
  </responseDeclaration>
  <outcomeDeclaration baseType="float" cardinality="single" identifier="SCORE"/>
  <itemBody>
    <div><p>b080_ff2c</p> <p>α-L-tagatose⟶L-tagatose</p> <table border="0" cellpadding="0" cellspacing="0" style="border: solid white 0px; border-collapse: collapse; border: 0px solid white;"><tbody><tr><td style="border: solid white 0px;"/><td colspan="3" style="border: solid white 0px; text-align: left; vertical-align:bottom; "><span style="color: #0052cc;">H</span></td><td style="border: solid white 0px; text-align: center; vertical-align:bottom; "><span style="color: darkred; font-size: large;"> O </span></td><td style="border: solid white 0px;"/><td style="border: solid white 0px;"/><td style="border: solid white 0px;"/><td style="border: solid white 0px; text-align: left; vertical-align:bottom; "><span style="color: #995c00;">OH</span></td></tr><tr><td rowspan="2" style="border: solid white 0px; border-right: 1px solid black;"/><td style="border: solid white 0px;"/><td colspan="2" style="border: solid white 0px; text-align: center;">⟋</td><td style="border: solid white 0px;"/><td colspan="2" style="border: solid white 0px; text-align: center;">⟍</td><td style="border: solid white 0px;"/><td rowspan="2" style="border: solid white 0px; border-left: 1px solid black;"/></tr><tr><td style="border: solid white 0px;">⟋</td><td style="border: solid white 0px;"/><td colspan="3" style="border: solid white 0px; text-align: center;"><span style="color: silver"><strong>.</strong></span></td><td style="border: solid white 0px;"/><td style="border: solid white 0px;">⟍</td></tr><tr><td style="border: solid white 0px; border-right: 1px solid black;"/><td style="border: solid white 0px;"><strong>\</strong></td><td style="border: solid white 0px;"/><td style="border: solid white 0px;"><span style="color: #995c00;">OH</span></td><td style="border: solid white 0px;"/><td style="border: solid white 0px; text-align: right;"><span style="color: #995c00;">HO</span></td><td style="border: solid white 0px;"/><td style="border: solid white 0px;"><strong>/</strong></td><td style="border: solid white 0px; border-left: 1px solid black;"/></tr><tr><td style="border: solid white 0px; border-right: 1px solid black;"/><td style="border: solid white 0px;"/><td style="border: solid white 0px; text-align: center;"><span style="font-size: large;"><strong>\</strong></span></td><td style="border: solid white 0px; border-bottom: 6px solid black; border-left: 1px solid black;"/><td style="border: solid white 0px; border-bottom: 6px solid black;"/><td style="border: solid white 0px; border-bottom: 6px solid black; border-right: 1px solid black;"/><td style="border: solid white 0px; text-align: center;"><span style="font-size: large;"><strong>/</strong></span></td><td style="border: solid white 0px;"/><td style="border: solid white 0px; border-left: 1px solid black;"/></tr><tr><td rowspan="2" style="border: solid white 0px; text-align: right; vertical-align: top;"><span style="color: #8f246b;">CH<sub>2</sub>OH</span></td><td style="border: solid white 0px;"/><td style="border: solid white 0px;"/><td style="border: solid white 0px; border-left: 1px solid black;"/><td style="border: solid white 0px;"/><td style="border: solid white 0px; border-right: 1px solid black;"/><td style="border: solid white 0px;"/><td style="border: solid white 0px;"/><td rowspan="2" style="border: solid white 0px; text-align: left; vertical-align: top;"><span style="color: #8f246b;">CH<sub>2</sub>OH</span></td></tr><tr><td style="border: solid white 0px;"/><td style="border: solid white 0px;"/><td style="border: solid white 0px;"><span style="color: #0052cc;">H</span></td><td style="border: solid white 0px;"/><td style="border: solid white 0px; text-align: right;"><span style="color: #0052cc;">H</span></td><td style="border: solid white 0px;"/><td style="border: solid white 0px;"/></tr></tbody></table>Above is a Haworth projection of the monosaccharide α-L-tagatose. Which one of the following Fischer projections is of the monosaccharide <b>L-tagatose</b>?</div>
    <choiceInteraction maxChoices="1" responseIdentifier="RESPONSE" shuffle="true">
      <simpleChoice fixed="true" identifier="answer_1">
        <p>A. <table border="0" style="border-collapse: collapse; border: white solid 0px;"><tbody><tr> <td style="border: solid white 0px;"/> <td style="border: solid white 0px;"/> <td colspan="4" style="border: solid white 0px; text-align: left;"><span style="color: #8f246b;">CH<sub>2</sub>OH</span></td></tr><tr> <td style="border: solid white 0px; border-right: solid black 1px;" colspan="3"/> <td style="border: solid white 0px; border-left: solid black 1px;" colspan="3"> <span style="font-size: medium;">==</span>O<span style="font-size: x-large;"> </span></td></tr><tr> <td rowspan="2" style="border: solid white 0px; text-align: right;"><span style="color: #995c00;">HO</span></td> <td style="border: solid white 0px; border-bottom: solid black 1px;"/> <td style="border: solid white 0px; border-right: solid black 1px; border-bottom: solid black 1px;"/> <td style="border: solid white 0px; border-left: solid black 1px; border-bottom: solid black 1px;"/> <td style="border: solid white 0px; border-bottom: solid black 1px;"/> <td rowspan="2" style="border: solid white 0px; text-align: left;"><span style="color: #0052cc;">H</span></td></tr><tr> <td style="border: solid white 0px; border-top: solid black 1px;"/> <td style="border: solid white 0px; border-right: solid black 1px; border-top: solid black 1px;"/> <td style="border: solid white 0px; border-left: solid black 1px; border-top: solid black 1px;"/> <td style="border: solid white 0px; border-top: solid black 1px;"/></tr><tr> <td rowspan="2" style="border: solid white 0px; text-align: right;"><span style="color: #0052cc;">H</span></td> <td style="border: solid white 0px; border-bottom: solid black 1px;"/> <td style="border: solid white 0px; border-right: solid black 1px; border-bottom: solid black 1px;"/> <td style="border: solid white 0px; border-left: solid black 1px; border-bottom: solid black 1px;"/> <td style="border: solid white 0px; border-bottom: solid black 1px;"/> <td rowspan="2" style="border: solid white 0px; text-align: left;"><span style="color: #995c00;">OH</span></td></tr><tr> <td style="border: solid white 0px; border-top: solid black 1px;"/> <td style="border: solid white 0px; border-right: solid black 1px; border-top: solid black 1px;"/> <td style="border: solid white 0px; border-left: solid black 1px; border-top: solid black 1px;"/> <td style="border: solid white 0px; border-top: solid black 1px;"/></tr><tr> <td rowspan="2" style="border: solid white 0px; text-align: right;"><span style="color: #995c00;">HO</span></td> <td style="border: solid white 0px; border-bottom: solid black 1px;"/> <td style="border: solid white 0px; border-right: solid black 1px; border-bottom: solid black 1px;"/> <td style="border: solid white 0px; border-left: solid black 1px; border-bottom: solid black 1px;"/> <td style="border: solid white 0px; border-bottom: solid black 1px;"/> <td rowspan="2" style="border: solid white 0px; text-align: left;"><span style="color: #0052cc;">H</span></td></tr><tr> <td style="border: solid white 0px; border-top: solid black 1px;"/> <td style="border: solid white 0px; border-right: solid black 1px; border-top: solid black 1px;"/> <td style="border: solid white 0px; border-left: solid black 1px; border-top: solid black 1px;"/> <td style="border: solid white 0px; border-top: solid black 1px;"/></tr><tr> <td style="border: solid white 0px;"/> <td style="border: solid white 0px;"/> <td colspan="4" style="border: solid white 0px; text-align: left;"><span style="color: #8f246b;">CH<sub>2</sub>OH</span></td></tr></tbody></table></p>
      </simpleChoice>
      <simpleChoice fixed="true" identifier="answer_2">
        <p>B. <table border="0" style="border-collapse: collapse; border: white solid 0px;"><tbody><tr> <td style="border: solid white 0px;"/> <td style="border: solid white 0px;"/> <td colspan="4" style="border: solid white 0px; text-align: left;"><span style="color: #8f246b;">CH<sub>2</sub>OH</span></td></tr><tr> <td style="border: solid white 0px; border-right: solid black 1px;" colspan="3"/> <td style="border: solid white 0px; border-left: solid black 1px;" colspan="3"> <span style="font-size: medium;">==</span>O<span style="font-size: x-large;"> </span></td></tr><tr> <td rowspan="2" style="border: solid white 0px; text-align: right;"><span style="color: #0052cc;">H</span></td> <td style="border: solid white 0px; border-bottom: solid black 1px;"/> <td style="border: solid white 0px; border-right: solid black 1px; border-bottom: solid black 1px;"/> <td style="border: solid white 0px; border-left: solid black 1px; border-bottom: solid black 1px;"/> <td style="border: solid white 0px; border-bottom: solid black 1px;"/> <td rowspan="2" style="border: solid white 0px; text-align: left;"><span style="color: #995c00;">OH</span></td></tr><tr> <td style="border: solid white 0px; border-top: solid black 1px;"/> <td style="border: solid white 0px; border-right: solid black 1px; border-top: solid black 1px;"/> <td style="border: solid white 0px; border-left: solid black 1px; border-top: solid black 1px;"/> <td style="border: solid white 0px; border-top: solid black 1px;"/></tr><tr> <td rowspan="2" style="border: solid white 0px; text-align: right;"><span style="color: #995c00;">HO</span></td> <td style="border: solid white 0px; border-bottom: solid black 1px;"/> <td style="border: solid white 0px; border-right: solid black 1px; border-bottom: solid black 1px;"/> <td style="border: solid white 0px; border-left: solid black 1px; border-bottom: solid black 1px;"/> <td style="border: solid white 0px; border-bottom: solid black 1px;"/> <td rowspan="2" style="border: solid white 0px; text-align: left;"><span style="color: #0052cc;">H</span></td></tr><tr> <td style="border: solid white 0px; border-top: solid black 1px;"/> <td style="border: solid white 0px; border-right: solid black 1px; border-top: solid black 1px;"/> <td style="border: solid white 0px; border-left: solid black 1px; border-top: solid black 1px;"/> <td style="border: solid white 0px; border-top: solid black 1px;"/></tr><tr> <td rowspan="2" style="border: solid white 0px; text-align: right;"><span style="color: #995c00;">HO</span></td> <td style="border: solid white 0px; border-bottom: solid black 1px;"/> <td style="border: solid white 0px; border-right: solid black 1px; border-bottom: solid black 1px;"/> <td style="border: solid white 0px; border-left: solid black 1px; border-bottom: solid black 1px;"/> <td style="border: solid white 0px; border-bottom: solid black 1px;"/> <td rowspan="2" style="border: solid white 0px; text-align: left;"><span style="color: #0052cc;">H</span></td></tr><tr> <td style="border: solid white 0px; border-top: solid black 1px;"/> <td style="border: solid white 0px; border-right: solid black 1px; border-top: solid black 1px;"/> <td style="border: solid white 0px; border-left: solid black 1px; border-top: solid black 1px;"/> <td style="border: solid white 0px; border-top: solid black 1px;"/></tr><tr> <td style="border: solid white 0px;"/> <td style="border: solid white 0px;"/> <td colspan="4" style="border: solid white 0px; text-align: left;"><span style="color: #8f246b;">CH<sub>2</sub>OH</span></td></tr></tbody></table></p>
      </simpleChoice>
      <simpleChoice fixed="true" identifier="answer_3">
        <p>C. <table border="0" style="border-collapse: collapse; border: white solid 0px;"><tbody><tr> <td style="border: solid white 0px;"/> <td style="border: solid white 0px;"/> <td colspan="4" style="border: solid white 0px; text-align: left;"><span style="color: #8f246b;">CH<sub>2</sub>OH</span></td></tr><tr> <td style="border: solid white 0px; border-right: solid black 1px;" colspan="3"/> <td style="border: solid white 0px; border-left: solid black 1px;" colspan="3"> <span style="font-size: medium;">==</span>O<span style="font-size: x-large;"> </span></td></tr><tr> <td rowspan="2" style="border: solid white 0px; text-align: right;"><span style="color: #995c00;">HO</span></td> <td style="border: solid white 0px; border-bottom: solid black 1px;"/> <td style="border: solid white 0px; border-right: solid black 1px; border-bottom: solid black 1px;"/> <td style="border: solid white 0px; border-left: solid black 1px; border-bottom: solid black 1px;"/> <td style="border: solid white 0px; border-bottom: solid black 1px;"/> <td rowspan="2" style="border: solid white 0px; text-align: left;"><span style="color: #0052cc;">H</span></td></tr><tr> <td style="border: solid white 0px; border-top: solid black 1px;"/> <td style="border: solid white 0px; border-right: solid black 1px; border-top: solid black 1px;"/> <td style="border: solid white 0px; border-left: solid black 1px; border-top: solid black 1px;"/> <td style="border: solid white 0px; border-top: solid black 1px;"/></tr><tr> <td rowspan="2" style="border: solid white 0px; text-align: right;"><span style="color: #995c00;">HO</span></td> <td style="border: solid white 0px; border-bottom: solid black 1px;"/> <td style="border: solid white 0px; border-right: solid black 1px; border-bottom: solid black 1px;"/> <td style="border: solid white 0px; border-left: solid black 1px; border-bottom: solid black 1px;"/> <td style="border: solid white 0px; border-bottom: solid black 1px;"/> <td rowspan="2" style="border: solid white 0px; text-align: left;"><span style="color: #0052cc;">H</span></td></tr><tr> <td style="border: solid white 0px; border-top: solid black 1px;"/> <td style="border: solid white 0px; border-right: solid black 1px; border-top: solid black 1px;"/> <td style="border: solid white 0px; border-left: solid black 1px; border-top: solid black 1px;"/> <td style="border: solid white 0px; border-top: solid black 1px;"/></tr><tr> <td rowspan="2" style="border: solid white 0px; text-align: right;"><span style="color: #0052cc;">H</span></td> <td style="border: solid white 0px; border-bottom: solid black 1px;"/> <td style="border: solid white 0px; border-right: solid black 1px; border-bottom: solid black 1px;"/> <td style="border: solid white 0px; border-left: solid black 1px; border-bottom: solid black 1px;"/> <td style="border: solid white 0px; border-bottom: solid black 1px;"/> <td rowspan="2" style="border: solid white 0px; text-align: left;"><span style="color: #995c00;">OH</span></td></tr><tr> <td style="border: solid white 0px; border-top: solid black 1px;"/> <td style="border: solid white 0px; border-right: solid black 1px; border-top: solid black 1px;"/> <td style="border: solid white 0px; border-left: solid black 1px; border-top: solid black 1px;"/> <td style="border: solid white 0px; border-top: solid black 1px;"/></tr><tr> <td style="border: solid white 0px;"/> <td style="border: solid white 0px;"/> <td colspan="4" style="border: solid white 0px; text-align: left;"><span style="color: #8f246b;">CH<sub>2</sub>OH</span></td></tr></tbody></table></p>
      </simpleChoice>
      <simpleChoice fixed="true" identifier="answer_4">
        <p>D. <table border="0" style="border-collapse: collapse; border: white solid 0px;"><tbody><tr> <td style="border: solid white 0px;"/> <td style="border: solid white 0px;"/> <td colspan="4" style="border: solid white 0px; text-align: left;"><span style="color: #8f246b;">CH<sub>2</sub>OH</span></td></tr><tr> <td style="border: solid white 0px; border-right: solid black 1px;" colspan="3"/> <td style="border: solid white 0px; border-left: solid black 1px;" colspan="3"> <span style="font-size: medium;">==</span>O<span style="font-size: x-large;"> </span></td></tr><tr> <td rowspan="2" style="border: solid white 0px; text-align: right;"><span style="color: #0052cc;">H</span></td> <td style="border: solid white 0px; border-bottom: solid black 1px;"/> <td style="border: solid white 0px; border-right: solid black 1px; border-bottom: solid black 1px;"/> <td style="border: solid white 0px; border-left: solid black 1px; border-bottom: solid black 1px;"/> <td style="border: solid white 0px; border-bottom: solid black 1px;"/> <td rowspan="2" style="border: solid white 0px; text-align: left;"><span style="color: #995c00;">OH</span></td></tr><tr> <td style="border: solid white 0px; border-top: solid black 1px;"/> <td style="border: solid white 0px; border-right: solid black 1px; border-top: solid black 1px;"/> <td style="border: solid white 0px; border-left: solid black 1px; border-top: solid black 1px;"/> <td style="border: solid white 0px; border-top: solid black 1px;"/></tr><tr> <td rowspan="2" style="border: solid white 0px; text-align: right;"><span style="color: #0052cc;">H</span></td> <td style="border: solid white 0px; border-bottom: solid black 1px;"/> <td style="border: solid white 0px; border-right: solid black 1px; border-bottom: solid black 1px;"/> <td style="border: solid white 0px; border-left: solid black 1px; border-bottom: solid black 1px;"/> <td style="border: solid white 0px; border-bottom: solid black 1px;"/> <td rowspan="2" style="border: solid white 0px; text-align: left;"><span style="color: #995c00;">OH</span></td></tr><tr> <td style="border: solid white 0px; border-top: solid black 1px;"/> <td style="border: solid white 0px; border-right: solid black 1px; border-top: solid black 1px;"/> <td style="border: solid white 0px; border-left: solid black 1px; border-top: solid black 1px;"/> <td style="border: solid white 0px; border-top: solid black 1px;"/></tr><tr> <td rowspan="2" style="border: solid white 0px; text-align: right;"><span style="color: #0052cc;">H</span></td> <td style="border: solid white 0px; border-bottom: solid black 1px;"/> <td style="border: solid white 0px; border-right: solid black 1px; border-bottom: solid black 1px;"/> <td style="border: solid white 0px; border-left: solid black 1px; border-bottom: solid black 1px;"/> <td style="border: solid white 0px; border-bottom: solid black 1px;"/> <td rowspan="2" style="border: solid white 0px; text-align: left;"><span style="color: #995c00;">OH</span></td></tr><tr> <td style="border: solid white 0px; border-top: solid black 1px;"/> <td style="border: solid white 0px; border-right: solid black 1px; border-top: solid black 1px;"/> <td style="border: solid white 0px; border-left: solid black 1px; border-top: solid black 1px;"/> <td style="border: solid white 0px; border-top: solid black 1px;"/></tr><tr> <td style="border: solid white 0px;"/> <td style="border: solid white 0px;"/> <td colspan="4" style="border: solid white 0px; text-align: left;"><span style="color: #8f246b;">CH<sub>2</sub>OH</span></td></tr></tbody></table></p>
      </simpleChoice>
      <simpleChoice fixed="true" identifier="answer_5">
        <p>E. <table border="0" style="border-collapse: collapse; border: white solid 0px;"><tbody><tr> <td style="border: solid white 0px;"/> <td style="border: solid white 0px;"/> <td colspan="4" style="border: solid white 0px; text-align: left;"><span style="color: #8f246b;">CH<sub>2</sub>OH</span></td></tr><tr> <td style="border: solid white 0px; border-right: solid black 1px;" colspan="3"/> <td style="border: solid white 0px; border-left: solid black 1px;" colspan="3"> <span style="font-size: medium;">==</span>O<span style="font-size: x-large;"> </span></td></tr><tr> <td rowspan="2" style="border: solid white 0px; text-align: right;"><span style="color: #995c00;">HO</span></td> <td style="border: solid white 0px; border-bottom: solid black 1px;"/> <td style="border: solid white 0px; border-right: solid black 1px; border-bottom: solid black 1px;"/> <td style="border: solid white 0px; border-left: solid black 1px; border-bottom: solid black 1px;"/> <td style="border: solid white 0px; border-bottom: solid black 1px;"/> <td rowspan="2" style="border: solid white 0px; text-align: left;"><span style="color: #0052cc;">H</span></td></tr><tr> <td style="border: solid white 0px; border-top: solid black 1px;"/> <td style="border: solid white 0px; border-right: solid black 1px; border-top: solid black 1px;"/> <td style="border: solid white 0px; border-left: solid black 1px; border-top: solid black 1px;"/> <td style="border: solid white 0px; border-top: solid black 1px;"/></tr><tr> <td rowspan="2" style="border: solid white 0px; text-align: right;"><span style="color: #995c00;">HO</span></td> <td style="border: solid white 0px; border-bottom: solid black 1px;"/> <td style="border: solid white 0px; border-right: solid black 1px; border-bottom: solid black 1px;"/> <td style="border: solid white 0px; border-left: solid black 1px; border-bottom: solid black 1px;"/> <td style="border: solid white 0px; border-bottom: solid black 1px;"/> <td rowspan="2" style="border: solid white 0px; text-align: left;"><span style="color: #0052cc;">H</span></td></tr><tr> <td style="border: solid white 0px; border-top: solid black 1px;"/> <td style="border: solid white 0px; border-right: solid black 1px; border-top: solid black 1px;"/> <td style="border: solid white 0px; border-left: solid black 1px; border-top: solid black 1px;"/> <td style="border: solid white 0px; border-top: solid black 1px;"/></tr><tr> <td rowspan="2" style="border: solid white 0px; text-align: right;"><span style="color: #995c00;">HO</span></td> <td style="border: solid white 0px; border-bottom: solid black 1px;"/> <td style="border: solid white 0px; border-right: solid black 1px; border-bottom: solid black 1px;"/> <td style="border: solid white 0px; border-left: solid black 1px; border-bottom: solid black 1px;"/> <td style="border: solid white 0px; border-bottom: solid black 1px;"/> <td rowspan="2" style="border: solid white 0px; text-align: left;"><span style="color: #0052cc;">H</span></td></tr><tr> <td style="border: solid white 0px; border-top: solid black 1px;"/> <td style="border: solid white 0px; border-right: solid black 1px; border-top: solid black 1px;"/> <td style="border: solid white 0px; border-left: solid black 1px; border-top: solid black 1px;"/> <td style="border: solid white 0px; border-top: solid black 1px;"/></tr><tr> <td style="border: solid white 0px;"/> <td style="border: solid white 0px;"/> <td colspan="4" style="border: solid white 0px; text-align: left;"><span style="color: #8f246b;">CH<sub>2</sub>OH</span></td></tr></tbody></table></p>
      </simpleChoice>
    </choiceInteraction>
  </itemBody>
  <responseProcessing>
    <responseCondition>
      <responseIf>
        <match>
          <variable identifier="RESPONSE"/>
          <correct identifier="RESPONSE"/>
        </match>
      </responseIf>
    </responseCondition>
  </responseProcessing>
</assessmentItem>
