<?xml version='1.0' encoding='UTF-8'?>
<assessmentItem xmlns="http://www.imsglobal.org/xsd/imsqti_v2p1" xmlns:xsi="http://www.w3.org/2001/XMLSchema-instance" xmlns:ns8="http://www.w3.org/1999/xlink" xmlns:ns9="http://www.imsglobal.org/xsd/apip/apipv1p0/imsapip_qtiv1p0" xsi:schemaLocation="http://www.imsglobal.org/xsd/imsqti_v2p1 http://www.imsglobal.org/xsd/qti/qtiv2p1/imsqti_v2p1.xsd" title="1ebc_9f2c_fc7b" adaptive="false" timeDependent="false" identifier="1ebc_9f2c_fc7b">
  <responseDeclaration baseType="identifier" cardinality="single" identifier="RESPONSE">
    <correctResponse>
      <value>answer_002</value>
    </correctResponse>
  </responseDeclaration>
  <outcomeDeclaration baseType="float" cardinality="single" identifier="SCORE"/>
  <itemBody>
    <div>
      <div id="drv_33b3" oncopy="return false;" onpaste="return false;" oncut="return false;" oncontextmenu="return false;" onmousedown="return false;" onselectstart="return false;"><p><strong>Citric<span style="font-size: 1px; color: white;">beetle</span>acid</strong> and<span style="font-size: 1px; color: white;">linked</span>its<span style="font-size: 1px; color: white;">beads</span>conjugate<span style="font-size: 1px; color: white;">whose</span>base, citrate, is<span style="font-size: 1px; color: white;">bitter</span>an intermediate<span style="font-size: 1px; color: white;">input</span>in<span style="font-size: 1px; color: white;">brain</span>the<span style="font-size: 1px; color: white;">erika</span>citric acid<span style="font-size: 1px; color: white;">known</span>cycle.</p> <p>Citric<span style="font-size: 1px; color: white;">model</span>acid is triprotic with<span style="font-size: 1px; color: white;">tree</span>pK<sub>a</sub> values of <strong>3.13</strong>, <strong>4.76</strong>, and <strong>6.39</strong>.</p> <p>Citric acid<span style="font-size: 1px; color: white;">pvalue</span>has<span style="font-size: 1px; color: white;">epspan</span>four<span style="font-size: 1px; color: white;">hiv</span>possible<span style="font-size: 1px; color: white;">others</span>protonation states in<span style="font-size: 1px; color: white;">faulty</span>the<span style="font-size: 1px; color: white;">mrnas</span>choices<span style="font-size: 1px; color: white;">waals</span>below.</p> <p>Which<span style="font-size: 1px; color: white;">blades</span>one<span style="font-size: 1px; color: white;">opens</span>of the<span style="font-size: 1px; color: white;">suns</span>following<span style="font-size: 1px; color: white;">coat</span>protonation states is the most<span style="font-size: 1px; color: white;">back</span>abundant at <strong>pH 5.5</strong>?</p> <span style="font-size: 1px; color: white;">dgtp</span></div>
    </div>
    <choiceInteraction maxChoices="1" responseIdentifier="RESPONSE" shuffle="true">
      <simpleChoice fixed="true" identifier="answer_1">
        <p>
          <div id="drv_c957" oncopy="return false;" onpaste="return false;" oncut="return false;" oncontextmenu="return false;" onmousedown="return false;" onselectstart="return false;">
            <span style="color: #8B0000">HOC<sub>3</sub>H<sub>4</sub>(COO)<sub>3</sub><sup>3-</sup></span>
            <span style="font-size: 1px; color: white;">treats</span>
          </div>
        </p>
      </simpleChoice>
      <simpleChoice fixed="true" identifier="answer_2">
        <p>
          <div id="drv_3e2e" oncopy="return false;" onpaste="return false;" oncut="return false;" oncontextmenu="return false;" onmousedown="return false;" onselectstart="return false;">
            <span style="color: #602020">HOC<sub>3</sub>H<sub>4</sub>(COOH)(COO)<sub>2</sub><sup>2-</sup></span>
            <span style="font-size: 1px; color: white;">when</span>
          </div>
        </p>
      </simpleChoice>
      <simpleChoice fixed="true" identifier="answer_3">
        <p>
          <div id="drv_5dbe" oncopy="return false;" onpaste="return false;" oncut="return false;" oncontextmenu="return false;" onmousedown="return false;" onselectstart="return false;">
            <span style="color: #202060">HOC<sub>3</sub>H<sub>4</sub>(COOH)<sub>2</sub>(COO)<sup>-</sup></span>
            <span style="font-size: 1px; color: white;">born</span>
          </div>
        </p>
      </simpleChoice>
      <simpleChoice fixed="true" identifier="answer_4">
        <p>
          <div id="drv_ece5" oncopy="return false;" onpaste="return false;" oncut="return false;" oncontextmenu="return false;" onmousedown="return false;" onselectstart="return false;"><span style="color: #00008B">HOC<sub>3</sub>H<sub>4</sub>(COOH)<sub>3</sub></span> </div>
        </p>
      </simpleChoice>
    </choiceInteraction>
  </itemBody>
  <responseProcessing>
    <responseCondition>
      <responseIf>
        <match>
          <variable identifier="RESPONSE"/>
          <correct identifier="RESPONSE"/>
        </match>
      </responseIf>
    </responseCondition>
  </responseProcessing>
</assessmentItem>
