<?xml version='1.0' encoding='UTF-8'?>
<assessmentItem xmlns="http://www.imsglobal.org/xsd/imsqti_v2p1" xmlns:xsi="http://www.w3.org/2001/XMLSchema-instance" xmlns:ns8="http://www.w3.org/1999/xlink" xmlns:ns9="http://www.imsglobal.org/xsd/apip/apipv1p0/imsapip_qtiv1p0" xsi:schemaLocation="http://www.imsglobal.org/xsd/imsqti_v2p1 http://www.imsglobal.org/xsd/qti/qtiv2p1/imsqti_v2p1.xsd" title="5802_a9a5_0d96" adaptive="false" timeDependent="false" identifier="5802_a9a5_0d96">
  <responseDeclaration baseType="identifier" cardinality="single" identifier="RESPONSE">
    <correctResponse>
      <value>answer_003</value>
    </correctResponse>
  </responseDeclaration>
  <outcomeDeclaration baseType="float" cardinality="single" identifier="SCORE"/>
  <itemBody>
    <div>
      <div id="drv_907c" oncopy="return false;" onpaste="return false;" oncut="return false;" oncontextmenu="return false;" onmousedown="return false;" onselectstart="return false;"><p><strong>Arsenic<span style="font-size: 1px; color: white;">sued</span>acid</strong> and<span style="font-size: 1px; color: white;">alter</span>its<span style="font-size: 1px; color: white;">fusion</span>conjugate<span style="font-size: 1px; color: white;">these</span>base, arsenate, is extremely<span style="font-size: 1px; color: white;">mutant</span>toxic, corrosive, and<span style="font-size: 1px; color: white;">every</span>carcinogenic; it<span style="font-size: 1px; color: white;">truthd</span>serves as<span style="font-size: 1px; color: white;">patau</span>a precursor to a variety<span style="font-size: 1px; color: white;">prime</span>of<span style="font-size: 1px; color: white;">line</span>pesticides.</p> <p>Arsenic<span style="font-size: 1px; color: white;">pcr</span>acid is<span style="font-size: 1px; color: white;">host</span>triprotic with<span style="font-size: 1px; color: white;">host</span>pK<sub>a</sub> values<span style="font-size: 1px; color: white;">drift</span>of <strong>2.19</strong>, <strong>6.94</strong>, and <strong>11.50</strong>.</p> <p>Arsenic<span style="font-size: 1px; color: white;">methyl</span>acid has<span style="font-size: 1px; color: white;">marrow</span>four possible protonation states in<span style="font-size: 1px; color: white;">pump</span>the<span style="font-size: 1px; color: white;">coli</span>choices<span style="font-size: 1px; color: white;">falsea</span>below.</p> <p>Which one<span style="font-size: 1px; color: white;">final</span>of the following protonation states is the most abundant at <strong>pH 10.5</strong>?</p> <span style="font-size: 1px; color: white;">gmp</span></div>
    </div>
    <choiceInteraction maxChoices="1" responseIdentifier="RESPONSE" shuffle="true">
      <simpleChoice fixed="true" identifier="answer_1">
        <p>
          <div id="drv_ffe8" oncopy="return false;" onpaste="return false;" oncut="return false;" oncontextmenu="return false;" onmousedown="return false;" onselectstart="return false;"><span style="color: #00008B">H<sub>3</sub>AsO<sub>4</sub></span> </div>
        </p>
      </simpleChoice>
      <simpleChoice fixed="true" identifier="answer_2">
        <p>
          <div id="drv_49da" oncopy="return false;" onpaste="return false;" oncut="return false;" oncontextmenu="return false;" onmousedown="return false;" onselectstart="return false;">
            <span style="color: #202060">H<sub>2</sub>AsO<sub>4</sub><sup>-</sup></span>
            <span style="font-size: 1px; color: white;">brings</span>
          </div>
        </p>
      </simpleChoice>
      <simpleChoice fixed="true" identifier="answer_3">
        <p>
          <div id="drv_61fd" oncopy="return false;" onpaste="return false;" oncut="return false;" oncontextmenu="return false;" onmousedown="return false;" onselectstart="return false;">
            <span style="color: #602020">HAsO<sub>4</sub><sup>2-</sup></span>
            <span style="font-size: 1px; color: white;">enzyme</span>
          </div>
        </p>
      </simpleChoice>
      <simpleChoice fixed="true" identifier="answer_4">
        <p>
          <div id="drv_4020" oncopy="return false;" onpaste="return false;" oncut="return false;" oncontextmenu="return false;" onmousedown="return false;" onselectstart="return false;">
            <span style="color: #8B0000">AsO<sub>4</sub><sup>3-</sup></span>
            <span style="font-size: 1px; color: white;">severe</span>
          </div>
        </p>
      </simpleChoice>
    </choiceInteraction>
  </itemBody>
  <responseProcessing>
    <responseCondition>
      <responseIf>
        <match>
          <variable identifier="RESPONSE"/>
          <correct identifier="RESPONSE"/>
        </match>
      </responseIf>
    </responseCondition>
  </responseProcessing>
</assessmentItem>
