<?xml version='1.0' encoding='UTF-8'?>
<assessmentItem xmlns="http://www.imsglobal.org/xsd/imsqti_v2p1" xmlns:xsi="http://www.w3.org/2001/XMLSchema-instance" xmlns:ns8="http://www.w3.org/1999/xlink" xmlns:ns9="http://www.imsglobal.org/xsd/apip/apipv1p0/imsapip_qtiv1p0" xsi:schemaLocation="http://www.imsglobal.org/xsd/imsqti_v2p1 http://www.imsglobal.org/xsd/qti/qtiv2p1/imsqti_v2p1.xsd" title="1e92_c89c_1d0c" adaptive="false" timeDependent="false" identifier="1e92_c89c_1d0c">
  <responseDeclaration baseType="identifier" cardinality="single" identifier="RESPONSE">
    <correctResponse>
      <value>answer_002</value>
    </correctResponse>
  </responseDeclaration>
  <outcomeDeclaration baseType="float" cardinality="single" identifier="SCORE"/>
  <itemBody>
    <div>
      <div id="drv_af21" oncopy="return false;" onpaste="return false;" oncut="return false;" oncontextmenu="return false;" onmousedown="return false;" onselectstart="return false;"><p><strong>Phosphoric<span style="font-size: 1px; color: white;">ecm</span>acid</strong> and its<span style="font-size: 1px; color: white;">such</span>conjugate base, phosphate, is<span style="font-size: 1px; color: white;">adding</span>abbreviated P<sub>i</sub> and<span style="font-size: 1px; color: white;">leaven</span>is formed<span style="font-size: 1px; color: white;">points</span>by<span style="font-size: 1px; color: white;">longer</span>cells<span style="font-size: 1px; color: white;">open</span>from the<span style="font-size: 1px; color: white;">elevel</span>hydrolysis<span style="font-size: 1px; color: white;">called</span>of ATP into ADP.</p> <p>Phosphoric<span style="font-size: 1px; color: white;">beans</span>acid<span style="font-size: 1px; color: white;">mother</span>is triprotic with<span style="font-size: 1px; color: white;">coli</span>pK<sub>a</sub> values<span style="font-size: 1px; color: white;">virus</span>of <strong>2.16</strong>, <strong>7.21</strong>, and <strong>12.32</strong>.</p> <p>Phosphoric<span style="font-size: 1px; color: white;">other</span>acid<span style="font-size: 1px; color: white;">based</span>has<span style="font-size: 1px; color: white;">lowest</span>four<span style="font-size: 1px; color: white;">parts</span>possible<span style="font-size: 1px; color: white;">top</span>protonation<span style="font-size: 1px; color: white;">about</span>states in<span style="font-size: 1px; color: white;">bpm</span>the<span style="font-size: 1px; color: white;">daily</span>choices<span style="font-size: 1px; color: white;">severe</span>below.</p> <p>Which<span style="font-size: 1px; color: white;">cystic</span>one<span style="font-size: 1px; color: white;">nature</span>of the following<span style="font-size: 1px; color: white;">beer</span>protonation<span style="font-size: 1px; color: white;">bonds</span>states is<span style="font-size: 1px; color: white;">waals</span>the most abundant<span style="font-size: 1px; color: white;">take</span>at <strong>pH 6.5</strong>?</p> </div>
    </div>
    <choiceInteraction maxChoices="1" responseIdentifier="RESPONSE" shuffle="true">
      <simpleChoice fixed="true" identifier="answer_1">
        <p>
          <div id="drv_b019" oncopy="return false;" onpaste="return false;" oncut="return false;" oncontextmenu="return false;" onmousedown="return false;" onselectstart="return false;">
            <span style="color: #00008B">H<sub>3</sub>PO<sub>4</sub></span>
            <span style="font-size: 1px; color: white;">watch</span>
          </div>
        </p>
      </simpleChoice>
      <simpleChoice fixed="true" identifier="answer_2">
        <p>
          <div id="drv_49b5" oncopy="return false;" onpaste="return false;" oncut="return false;" oncontextmenu="return false;" onmousedown="return false;" onselectstart="return false;"><span style="color: #202060">H<sub>2</sub>PO<sub>4</sub><sup>-</sup></span> </div>
        </p>
      </simpleChoice>
      <simpleChoice fixed="true" identifier="answer_3">
        <p>
          <div id="drv_a641" oncopy="return false;" onpaste="return false;" oncut="return false;" oncontextmenu="return false;" onmousedown="return false;" onselectstart="return false;">
            <span style="color: #602020">HPO<sub>4</sub><sup>2-</sup></span>
            <span style="font-size: 1px; color: white;">cycle</span>
          </div>
        </p>
      </simpleChoice>
      <simpleChoice fixed="true" identifier="answer_4">
        <p>
          <div id="drv_90da" oncopy="return false;" onpaste="return false;" oncut="return false;" oncontextmenu="return false;" onmousedown="return false;" onselectstart="return false;">
            <span style="color: #8B0000">PO<sub>4</sub><sup>3-</sup></span>
            <span style="font-size: 1px; color: white;">mental</span>
          </div>
        </p>
      </simpleChoice>
    </choiceInteraction>
  </itemBody>
  <responseProcessing>
    <responseCondition>
      <responseIf>
        <match>
          <variable identifier="RESPONSE"/>
          <correct identifier="RESPONSE"/>
        </match>
      </responseIf>
    </responseCondition>
  </responseProcessing>
</assessmentItem>
