<?xml version='1.0' encoding='UTF-8'?>
<assessmentItem xmlns="http://www.imsglobal.org/xsd/imsqti_v2p1" xmlns:xsi="http://www.w3.org/2001/XMLSchema-instance" xmlns:ns8="http://www.w3.org/1999/xlink" xmlns:ns9="http://www.imsglobal.org/xsd/apip/apipv1p0/imsapip_qtiv1p0" xsi:schemaLocation="http://www.imsglobal.org/xsd/imsqti_v2p1 http://www.imsglobal.org/xsd/qti/qtiv2p1/imsqti_v2p1.xsd" title="78d1_6c21_20b6" adaptive="false" timeDependent="false" identifier="78d1_6c21_20b6">
  <responseDeclaration baseType="identifier" cardinality="single" identifier="RESPONSE">
    <correctResponse>
      <value>answer_004</value>
    </correctResponse>
  </responseDeclaration>
  <outcomeDeclaration baseType="float" cardinality="single" identifier="SCORE"/>
  <itemBody>
    <div>
      <div id="drv_8cdf" oncopy="return false;" onpaste="return false;" oncut="return false;" oncontextmenu="return false;" onmousedown="return false;" onselectstart="return false;"><p><strong>Citric<span style="font-size: 1px; color: white;">names</span>acid</strong> and<span style="font-size: 1px; color: white;">cooh</span>its conjugate<span style="font-size: 1px; color: white;">help</span>base, citrate, is<span style="font-size: 1px; color: white;">larger</span>an<span style="font-size: 1px; color: white;">common</span>intermediate in<span style="font-size: 1px; color: white;">string</span>the citric<span style="font-size: 1px; color: white;">odor</span>acid<span style="font-size: 1px; color: white;">five</span>cycle.</p> <p>Citric<span style="font-size: 1px; color: white;">flavin</span>acid<span style="font-size: 1px; color: white;">humans</span>is<span style="font-size: 1px; color: white;">shelf</span>triprotic<span style="font-size: 1px; color: white;">flower</span>with<span style="font-size: 1px; color: white;">dop</span>pK<sub>a</sub> values<span style="font-size: 1px; color: white;">mental</span>of <strong>3.13</strong>, <strong>4.76</strong>, and <strong>6.39</strong>.</p> <p>Citric acid<span style="font-size: 1px; color: white;">exert</span>has<span style="font-size: 1px; color: white;">tube</span>four<span style="font-size: 1px; color: white;">lipids</span>possible protonation<span style="font-size: 1px; color: white;">add</span>states<span style="font-size: 1px; color: white;">hulu</span>in<span style="font-size: 1px; color: white;">rich</span>the<span style="font-size: 1px; color: white;">plp</span>choices<span style="font-size: 1px; color: white;">birds</span>below.</p> <p>Which<span style="font-size: 1px; color: white;">below</span>one<span style="font-size: 1px; color: white;">fused</span>of<span style="font-size: 1px; color: white;">long</span>the<span style="font-size: 1px; color: white;">adp</span>following<span style="font-size: 1px; color: white;">dense</span>protonation states<span style="font-size: 1px; color: white;">simple</span>is<span style="font-size: 1px; color: white;">skin</span>the<span style="font-size: 1px; color: white;">resin</span>most<span style="font-size: 1px; color: white;">rise</span>abundant<span style="font-size: 1px; color: white;">copper</span>at <strong>pH 8.0</strong>?</p> </div>
    </div>
    <choiceInteraction maxChoices="1" responseIdentifier="RESPONSE" shuffle="true">
      <simpleChoice fixed="true" identifier="answer_1">
        <p>
          <div id="drv_4120" oncopy="return false;" onpaste="return false;" oncut="return false;" oncontextmenu="return false;" onmousedown="return false;" onselectstart="return false;">
            <span style="color: #00008B">HOC<sub>3</sub>H<sub>4</sub>(COOH)<sub>3</sub></span>
            <span style="font-size: 1px; color: white;">eyes</span>
          </div>
        </p>
      </simpleChoice>
      <simpleChoice fixed="true" identifier="answer_2">
        <p>
          <div id="drv_9d1c" oncopy="return false;" onpaste="return false;" oncut="return false;" oncontextmenu="return false;" onmousedown="return false;" onselectstart="return false;">
            <span style="color: #202060">HOC<sub>3</sub>H<sub>4</sub>(COOH)<sub>2</sub>(COO)<sup>-</sup></span>
            <span style="font-size: 1px; color: white;">ensure</span>
          </div>
        </p>
      </simpleChoice>
      <simpleChoice fixed="true" identifier="answer_3">
        <p>
          <div id="drv_68b7" oncopy="return false;" onpaste="return false;" oncut="return false;" oncontextmenu="return false;" onmousedown="return false;" onselectstart="return false;">
            <span style="color: #602020">HOC<sub>3</sub>H<sub>4</sub>(COOH)(COO)<sub>2</sub><sup>2-</sup></span>
            <span style="font-size: 1px; color: white;">three</span>
          </div>
        </p>
      </simpleChoice>
      <simpleChoice fixed="true" identifier="answer_4">
        <p>
          <div id="drv_db4f" oncopy="return false;" onpaste="return false;" oncut="return false;" oncontextmenu="return false;" onmousedown="return false;" onselectstart="return false;">
            <span style="color: #8B0000">HOC<sub>3</sub>H<sub>4</sub>(COO)<sub>3</sub><sup>3-</sup></span>
            <span style="font-size: 1px; color: white;">waals</span>
          </div>
        </p>
      </simpleChoice>
    </choiceInteraction>
  </itemBody>
  <responseProcessing>
    <responseCondition>
      <responseIf>
        <match>
          <variable identifier="RESPONSE"/>
          <correct identifier="RESPONSE"/>
        </match>
      </responseIf>
    </responseCondition>
  </responseProcessing>
</assessmentItem>
