<?xml version='1.0' encoding='UTF-8'?>
<assessmentItem xmlns="http://www.imsglobal.org/xsd/imsqti_v2p1" xmlns:xsi="http://www.w3.org/2001/XMLSchema-instance" xmlns:ns8="http://www.w3.org/1999/xlink" xmlns:ns9="http://www.imsglobal.org/xsd/apip/apipv1p0/imsapip_qtiv1p0" xsi:schemaLocation="http://www.imsglobal.org/xsd/imsqti_v2p1 http://www.imsglobal.org/xsd/qti/qtiv2p1/imsqti_v2p1.xsd" title="7d83_91c0_18fe" adaptive="false" timeDependent="false" identifier="7d83_91c0_18fe">
  <responseDeclaration baseType="identifier" cardinality="single" identifier="RESPONSE">
    <correctResponse>
      <value>answer_004</value>
    </correctResponse>
  </responseDeclaration>
  <outcomeDeclaration baseType="float" cardinality="single" identifier="SCORE"/>
  <itemBody>
    <div>
      <div id="drv_05fc" oncopy="return false;" onpaste="return false;" oncut="return false;" oncontextmenu="return false;" onmousedown="return false;" onselectstart="return false;"><p><strong>Citric<span style="font-size: 1px; color: white;">amount</span>acid</strong> and its<span style="font-size: 1px; color: white;">ionic</span>conjugate<span style="font-size: 1px; color: white;">highly</span>base, citrate, is<span style="font-size: 1px; color: white;">head</span>an<span style="font-size: 1px; color: white;">pop</span>intermediate in<span style="font-size: 1px; color: white;">sugars</span>the<span style="font-size: 1px; color: white;">erika</span>citric<span style="font-size: 1px; color: white;">metal</span>acid<span style="font-size: 1px; color: white;">joint</span>cycle.</p> <p>Citric<span style="font-size: 1px; color: white;">sos</span>acid<span style="font-size: 1px; color: white;">avie</span>is<span style="font-size: 1px; color: white;">falsel</span>triprotic<span style="font-size: 1px; color: white;">real</span>with<span style="font-size: 1px; color: white;">tubes</span>pK<sub>a</sub> values<span style="font-size: 1px; color: white;">rrna</span>of <strong>3.13</strong>, <strong>4.76</strong>, and <strong>6.39</strong>.</p> <p>Citric acid<span style="font-size: 1px; color: white;">nail</span>has four<span style="font-size: 1px; color: white;">polar</span>possible protonation states<span style="font-size: 1px; color: white;">syrup</span>in<span style="font-size: 1px; color: white;">radar</span>the<span style="font-size: 1px; color: white;">light</span>choices<span style="font-size: 1px; color: white;">even</span>below.</p> <p>Which<span style="font-size: 1px; color: white;">loci</span>one<span style="font-size: 1px; color: white;">name</span>of<span style="font-size: 1px; color: white;">ssb</span>the<span style="font-size: 1px; color: white;">passes</span>following<span style="font-size: 1px; color: white;">dmd</span>protonation<span style="font-size: 1px; color: white;">epspan</span>states is the<span style="font-size: 1px; color: white;">brew</span>most<span style="font-size: 1px; color: white;">lungs</span>abundant at <strong>pH 7.0</strong>?</p> </div>
    </div>
    <choiceInteraction maxChoices="1" responseIdentifier="RESPONSE" shuffle="true">
      <simpleChoice fixed="true" identifier="answer_1">
        <p>
          <div id="drv_e31f" oncopy="return false;" onpaste="return false;" oncut="return false;" oncontextmenu="return false;" onmousedown="return false;" onselectstart="return false;">
            <span style="color: #00008B">HOC<sub>3</sub>H<sub>4</sub>(COOH)<sub>3</sub></span>
            <span style="font-size: 1px; color: white;">alerts</span>
          </div>
        </p>
      </simpleChoice>
      <simpleChoice fixed="true" identifier="answer_2">
        <p>
          <div id="drv_42de" oncopy="return false;" onpaste="return false;" oncut="return false;" oncontextmenu="return false;" onmousedown="return false;" onselectstart="return false;">
            <span style="color: #202060">HOC<sub>3</sub>H<sub>4</sub>(COOH)<sub>2</sub>(COO)<sup>-</sup></span>
            <span style="font-size: 1px; color: white;">quite</span>
          </div>
        </p>
      </simpleChoice>
      <simpleChoice fixed="true" identifier="answer_3">
        <p>
          <div id="drv_1a64" oncopy="return false;" onpaste="return false;" oncut="return false;" oncontextmenu="return false;" onmousedown="return false;" onselectstart="return false;"><span style="color: #602020">HOC<sub>3</sub>H<sub>4</sub>(COOH)(COO)<sub>2</sub><sup>2-</sup></span> </div>
        </p>
      </simpleChoice>
      <simpleChoice fixed="true" identifier="answer_4">
        <p>
          <div id="drv_e4c9" oncopy="return false;" onpaste="return false;" oncut="return false;" oncontextmenu="return false;" onmousedown="return false;" onselectstart="return false;"><span style="color: #8B0000">HOC<sub>3</sub>H<sub>4</sub>(COO)<sub>3</sub><sup>3-</sup></span> </div>
        </p>
      </simpleChoice>
    </choiceInteraction>
  </itemBody>
  <responseProcessing>
    <responseCondition>
      <responseIf>
        <match>
          <variable identifier="RESPONSE"/>
          <correct identifier="RESPONSE"/>
        </match>
      </responseIf>
    </responseCondition>
  </responseProcessing>
</assessmentItem>
