<?xml version='1.0' encoding='UTF-8'?>
<assessmentItem xmlns="http://www.imsglobal.org/xsd/imsqti_v2p1" xmlns:xsi="http://www.w3.org/2001/XMLSchema-instance" xmlns:ns8="http://www.w3.org/1999/xlink" xmlns:ns9="http://www.imsglobal.org/xsd/apip/apipv1p0/imsapip_qtiv1p0" xsi:schemaLocation="http://www.imsglobal.org/xsd/imsqti_v2p1 http://www.imsglobal.org/xsd/qti/qtiv2p1/imsqti_v2p1.xsd" title="0aff_64b1_e132" adaptive="false" timeDependent="false" identifier="0aff_64b1_e132">
  <responseDeclaration baseType="identifier" cardinality="single" identifier="RESPONSE">
    <correctResponse>
      <value>answer_002</value>
    </correctResponse>
  </responseDeclaration>
  <outcomeDeclaration baseType="float" cardinality="single" identifier="SCORE"/>
  <itemBody>
    <div>
      <div id="drv_5905" oncopy="return false;" onpaste="return false;" oncut="return false;" oncontextmenu="return false;" onmousedown="return false;" onselectstart="return false;"><p><strong>Arsenic<span style="font-size: 1px; color: white;">phases</span>acid</strong> and<span style="font-size: 1px; color: white;">target</span>its<span style="font-size: 1px; color: white;">inner</span>conjugate<span style="font-size: 1px; color: white;">chisup</span>base, arsenate, is<span style="font-size: 1px; color: white;">code</span>extremely<span style="font-size: 1px; color: white;">muscle</span>toxic, corrosive, and carcinogenic; it<span style="font-size: 1px; color: white;">remedy</span>serves as<span style="font-size: 1px; color: white;">matrix</span>a precursor to<span style="font-size: 1px; color: white;">modern</span>a variety<span style="font-size: 1px; color: white;">bfsex</span>of<span style="font-size: 1px; color: white;">forkbr</span>pesticides.</p> <p>Arsenic<span style="font-size: 1px; color: white;">fine</span>acid<span style="font-size: 1px; color: white;">adapt</span>is<span style="font-size: 1px; color: white;">allele</span>triprotic<span style="font-size: 1px; color: white;">wagr</span>with<span style="font-size: 1px; color: white;">shelf</span>pK<sub>a</sub> values<span style="font-size: 1px; color: white;">length</span>of <strong>2.19</strong>, <strong>6.94</strong>, and <strong>11.50</strong>.</p> <p>Arsenic acid has<span style="font-size: 1px; color: white;">else</span>four<span style="font-size: 1px; color: white;">fad</span>possible protonation<span style="font-size: 1px; color: white;">bottom</span>states in the<span style="font-size: 1px; color: white;">crops</span>choices<span style="font-size: 1px; color: white;">points</span>below.</p> <p>Which<span style="font-size: 1px; color: white;">duplex</span>one of<span style="font-size: 1px; color: white;">carry</span>the following protonation<span style="font-size: 1px; color: white;">keto</span>states<span style="font-size: 1px; color: white;">third</span>is<span style="font-size: 1px; color: white;">theory</span>the<span style="font-size: 1px; color: white;">yellow</span>most abundant<span style="font-size: 1px; color: white;">after</span>at <strong>pH 7.5</strong>?</p> <span style="font-size: 1px; color: white;">adapt</span></div>
    </div>
    <choiceInteraction maxChoices="1" responseIdentifier="RESPONSE" shuffle="true">
      <simpleChoice fixed="true" identifier="answer_1">
        <p>
          <div id="drv_f26d" oncopy="return false;" onpaste="return false;" oncut="return false;" oncontextmenu="return false;" onmousedown="return false;" onselectstart="return false;">
            <span style="color: #8B0000">AsO<sub>4</sub><sup>3-</sup></span>
            <span style="font-size: 1px; color: white;">where</span>
          </div>
        </p>
      </simpleChoice>
      <simpleChoice fixed="true" identifier="answer_2">
        <p>
          <div id="drv_9869" oncopy="return false;" onpaste="return false;" oncut="return false;" oncontextmenu="return false;" onmousedown="return false;" onselectstart="return false;">
            <span style="color: #602020">HAsO<sub>4</sub><sup>2-</sup></span>
            <span style="font-size: 1px; color: white;">juice</span>
          </div>
        </p>
      </simpleChoice>
      <simpleChoice fixed="true" identifier="answer_3">
        <p>
          <div id="drv_5215" oncopy="return false;" onpaste="return false;" oncut="return false;" oncontextmenu="return false;" onmousedown="return false;" onselectstart="return false;">
            <span style="color: #202060">H<sub>2</sub>AsO<sub>4</sub><sup>-</sup></span>
            <span style="font-size: 1px; color: white;">analog</span>
          </div>
        </p>
      </simpleChoice>
      <simpleChoice fixed="true" identifier="answer_4">
        <p>
          <div id="drv_0ac6" oncopy="return false;" onpaste="return false;" oncut="return false;" oncontextmenu="return false;" onmousedown="return false;" onselectstart="return false;">
            <span style="color: #00008B">H<sub>3</sub>AsO<sub>4</sub></span>
            <span style="font-size: 1px; color: white;">lived</span>
          </div>
        </p>
      </simpleChoice>
    </choiceInteraction>
  </itemBody>
  <responseProcessing>
    <responseCondition>
      <responseIf>
        <match>
          <variable identifier="RESPONSE"/>
          <correct identifier="RESPONSE"/>
        </match>
      </responseIf>
    </responseCondition>
  </responseProcessing>
</assessmentItem>
