<?xml version='1.0' encoding='UTF-8'?>
<assessmentItem xmlns="http://www.imsglobal.org/xsd/imsqti_v2p1" xmlns:xsi="http://www.w3.org/2001/XMLSchema-instance" xmlns:ns8="http://www.w3.org/1999/xlink" xmlns:ns9="http://www.imsglobal.org/xsd/apip/apipv1p0/imsapip_qtiv1p0" xsi:schemaLocation="http://www.imsglobal.org/xsd/imsqti_v2p1 http://www.imsglobal.org/xsd/qti/qtiv2p1/imsqti_v2p1.xsd" title="5c4e_842a_7127" adaptive="false" timeDependent="false" identifier="5c4e_842a_7127">
  <responseDeclaration baseType="identifier" cardinality="single" identifier="RESPONSE">
    <correctResponse>
      <value>answer_004</value>
    </correctResponse>
  </responseDeclaration>
  <outcomeDeclaration baseType="float" cardinality="single" identifier="SCORE"/>
  <itemBody>
    <div>
      <div id="drv_4f7f" oncopy="return false;" onpaste="return false;" oncut="return false;" oncontextmenu="return false;" onmousedown="return false;" onselectstart="return false;"><p><strong>Citric<span style="font-size: 1px; color: white;">stress</span>acid</strong> and<span style="font-size: 1px; color: white;">caries</span>its<span style="font-size: 1px; color: white;">ends</span>conjugate<span style="font-size: 1px; color: white;">aid</span>base, citrate, is<span style="font-size: 1px; color: white;">falseb</span>an<span style="font-size: 1px; color: white;">umami</span>intermediate<span style="font-size: 1px; color: white;">cca</span>in<span style="font-size: 1px; color: white;">caused</span>the<span style="font-size: 1px; color: white;">this</span>citric acid<span style="font-size: 1px; color: white;">skier</span>cycle.</p> <p>Citric<span style="font-size: 1px; color: white;">native</span>acid<span style="font-size: 1px; color: white;">level</span>is<span style="font-size: 1px; color: white;">acspan</span>triprotic<span style="font-size: 1px; color: white;">used</span>with<span style="font-size: 1px; color: white;">host</span>pK<sub>a</sub> values<span style="font-size: 1px; color: white;">fluid</span>of <strong>3.13</strong>, <strong>4.76</strong>, and <strong>6.39</strong>.</p> <p>Citric acid<span style="font-size: 1px; color: white;">basic</span>has four<span style="font-size: 1px; color: white;">lungs</span>possible<span style="font-size: 1px; color: white;">pcr</span>protonation<span style="font-size: 1px; color: white;">fdna</span>states<span style="font-size: 1px; color: white;">type</span>in<span style="font-size: 1px; color: white;">often</span>the<span style="font-size: 1px; color: white;">happen</span>choices<span style="font-size: 1px; color: white;">less</span>below.</p> <p>Which<span style="font-size: 1px; color: white;">sip</span>one<span style="font-size: 1px; color: white;">gtp</span>of<span style="font-size: 1px; color: white;">xeno</span>the<span style="font-size: 1px; color: white;">cities</span>following<span style="font-size: 1px; color: white;">aitaqi</span>protonation<span style="font-size: 1px; color: white;">plot</span>states<span style="font-size: 1px; color: white;">obtain</span>is<span style="font-size: 1px; color: white;">enter</span>the<span style="font-size: 1px; color: white;">hill</span>most abundant<span style="font-size: 1px; color: white;">runway</span>at <strong>pH 2.5</strong>?</p> <span style="font-size: 1px; color: white;">exert</span></div>
    </div>
    <choiceInteraction maxChoices="1" responseIdentifier="RESPONSE" shuffle="true">
      <simpleChoice fixed="true" identifier="answer_1">
        <p>
          <div id="drv_4830" oncopy="return false;" onpaste="return false;" oncut="return false;" oncontextmenu="return false;" onmousedown="return false;" onselectstart="return false;">
            <span style="color: #8B0000">HOC<sub>3</sub>H<sub>4</sub>(COO)<sub>3</sub><sup>3-</sup></span>
            <span style="font-size: 1px; color: white;">scalex</span>
          </div>
        </p>
      </simpleChoice>
      <simpleChoice fixed="true" identifier="answer_2">
        <p>
          <div id="drv_0dc9" oncopy="return false;" onpaste="return false;" oncut="return false;" oncontextmenu="return false;" onmousedown="return false;" onselectstart="return false;"><span style="color: #602020">HOC<sub>3</sub>H<sub>4</sub>(COOH)(COO)<sub>2</sub><sup>2-</sup></span> </div>
        </p>
      </simpleChoice>
      <simpleChoice fixed="true" identifier="answer_3">
        <p>
          <div id="drv_2925" oncopy="return false;" onpaste="return false;" oncut="return false;" oncontextmenu="return false;" onmousedown="return false;" onselectstart="return false;">
            <span style="color: #202060">HOC<sub>3</sub>H<sub>4</sub>(COOH)<sub>2</sub>(COO)<sup>-</sup></span>
            <span style="font-size: 1px; color: white;">mature</span>
          </div>
        </p>
      </simpleChoice>
      <simpleChoice fixed="true" identifier="answer_4">
        <p>
          <div id="drv_be60" oncopy="return false;" onpaste="return false;" oncut="return false;" oncontextmenu="return false;" onmousedown="return false;" onselectstart="return false;"><span style="color: #00008B">HOC<sub>3</sub>H<sub>4</sub>(COOH)<sub>3</sub></span> </div>
        </p>
      </simpleChoice>
    </choiceInteraction>
  </itemBody>
  <responseProcessing>
    <responseCondition>
      <responseIf>
        <match>
          <variable identifier="RESPONSE"/>
          <correct identifier="RESPONSE"/>
        </match>
      </responseIf>
    </responseCondition>
  </responseProcessing>
</assessmentItem>
