<?xml version='1.0' encoding='UTF-8'?>
<assessmentItem xmlns="http://www.imsglobal.org/xsd/imsqti_v2p1" xmlns:xsi="http://www.w3.org/2001/XMLSchema-instance" xmlns:ns8="http://www.w3.org/1999/xlink" xmlns:ns9="http://www.imsglobal.org/xsd/apip/apipv1p0/imsapip_qtiv1p0" xsi:schemaLocation="http://www.imsglobal.org/xsd/imsqti_v2p1 http://www.imsglobal.org/xsd/qti/qtiv2p1/imsqti_v2p1.xsd" title="fa0e_ee0e_993c" adaptive="false" timeDependent="false" identifier="fa0e_ee0e_993c">
  <responseDeclaration baseType="identifier" cardinality="single" identifier="RESPONSE">
    <correctResponse>
      <value>answer_001</value>
    </correctResponse>
  </responseDeclaration>
  <outcomeDeclaration baseType="float" cardinality="single" identifier="SCORE"/>
  <itemBody>
    <div>
      <div id="drv_e284" oncopy="return false;" onpaste="return false;" oncut="return false;" oncontextmenu="return false;" onmousedown="return false;" onselectstart="return false;"><p><strong>Phosphoric<span style="font-size: 1px; color: white;">are</span>acid</strong> and<span style="font-size: 1px; color: white;">sds</span>its conjugate<span style="font-size: 1px; color: white;">bites</span>base, phosphate, is<span style="font-size: 1px; color: white;">mask</span>abbreviated P<sub>i</sub> and<span style="font-size: 1px; color: white;">tandem</span>is<span style="font-size: 1px; color: white;">olive</span>formed by<span style="font-size: 1px; color: white;">double</span>cells from<span style="font-size: 1px; color: white;">eggs</span>the<span style="font-size: 1px; color: white;">domain</span>hydrolysis<span style="font-size: 1px; color: white;">fit</span>of ATP into ADP.</p> <p>Phosphoric<span style="font-size: 1px; color: white;">stereo</span>acid is triprotic with<span style="font-size: 1px; color: white;">there</span>pK<sub>a</sub> values<span style="font-size: 1px; color: white;">apart</span>of <strong>2.16</strong>, <strong>7.21</strong>, and <strong>12.32</strong>.</p> <p>Phosphoric<span style="font-size: 1px; color: white;">nacl</span>acid has<span style="font-size: 1px; color: white;">bfsex</span>four possible<span style="font-size: 1px; color: white;">corn</span>protonation<span style="font-size: 1px; color: white;">digest</span>states in<span style="font-size: 1px; color: white;">liquid</span>the<span style="font-size: 1px; color: white;">points</span>choices below.</p> <p>Which one<span style="font-size: 1px; color: white;">ease</span>of the following protonation<span style="font-size: 1px; color: white;">height</span>states<span style="font-size: 1px; color: white;">room</span>is<span style="font-size: 1px; color: white;">dop</span>the most abundant at <strong>pH 1.0</strong>?</p> </div>
    </div>
    <choiceInteraction maxChoices="1" responseIdentifier="RESPONSE" shuffle="true">
      <simpleChoice fixed="true" identifier="answer_1">
        <p>
          <div id="drv_8ec3" oncopy="return false;" onpaste="return false;" oncut="return false;" oncontextmenu="return false;" onmousedown="return false;" onselectstart="return false;">
            <span style="color: #00008B">H<sub>3</sub>PO<sub>4</sub></span>
            <span style="font-size: 1px; color: white;">from</span>
          </div>
        </p>
      </simpleChoice>
      <simpleChoice fixed="true" identifier="answer_2">
        <p>
          <div id="drv_31a6" oncopy="return false;" onpaste="return false;" oncut="return false;" oncontextmenu="return false;" onmousedown="return false;" onselectstart="return false;">
            <span style="color: #202060">H<sub>2</sub>PO<sub>4</sub><sup>-</sup></span>
            <span style="font-size: 1px; color: white;">rtkzz</span>
          </div>
        </p>
      </simpleChoice>
      <simpleChoice fixed="true" identifier="answer_3">
        <p>
          <div id="drv_e5f7" oncopy="return false;" onpaste="return false;" oncut="return false;" oncontextmenu="return false;" onmousedown="return false;" onselectstart="return false;">
            <span style="color: #602020">HPO<sub>4</sub><sup>2-</sup></span>
            <span style="font-size: 1px; color: white;">rarr</span>
          </div>
        </p>
      </simpleChoice>
      <simpleChoice fixed="true" identifier="answer_4">
        <p>
          <div id="drv_c3db" oncopy="return false;" onpaste="return false;" oncut="return false;" oncontextmenu="return false;" onmousedown="return false;" onselectstart="return false;"><span style="color: #8B0000">PO<sub>4</sub><sup>3-</sup></span> </div>
        </p>
      </simpleChoice>
    </choiceInteraction>
  </itemBody>
  <responseProcessing>
    <responseCondition>
      <responseIf>
        <match>
          <variable identifier="RESPONSE"/>
          <correct identifier="RESPONSE"/>
        </match>
      </responseIf>
    </responseCondition>
  </responseProcessing>
</assessmentItem>
