<?xml version='1.0' encoding='UTF-8'?>
<assessmentItem xmlns="http://www.imsglobal.org/xsd/imsqti_v2p1" xmlns:xsi="http://www.w3.org/2001/XMLSchema-instance" xmlns:ns8="http://www.w3.org/1999/xlink" xmlns:ns9="http://www.imsglobal.org/xsd/apip/apipv1p0/imsapip_qtiv1p0" xsi:schemaLocation="http://www.imsglobal.org/xsd/imsqti_v2p1 http://www.imsglobal.org/xsd/qti/qtiv2p1/imsqti_v2p1.xsd" title="871b_387f_c2f9" adaptive="false" timeDependent="false" identifier="871b_387f_c2f9">
  <responseDeclaration baseType="identifier" cardinality="single" identifier="RESPONSE">
    <correctResponse>
      <value>answer_004</value>
    </correctResponse>
  </responseDeclaration>
  <outcomeDeclaration baseType="float" cardinality="single" identifier="SCORE"/>
  <itemBody>
    <div>
      <div id="drv_900b" oncopy="return false;" onpaste="return false;" oncut="return false;" oncontextmenu="return false;" onmousedown="return false;" onselectstart="return false;"><p><strong>Citric<span style="font-size: 1px; color: white;">nail</span>acid</strong> and<span style="font-size: 1px; color: white;">scales</span>its<span style="font-size: 1px; color: white;">batp</span>conjugate<span style="font-size: 1px; color: white;">living</span>base, citrate, is an intermediate in<span style="font-size: 1px; color: white;">hydrid</span>the<span style="font-size: 1px; color: white;">gamete</span>citric<span style="font-size: 1px; color: white;">barrel</span>acid<span style="font-size: 1px; color: white;">resin</span>cycle.</p> <p>Citric<span style="font-size: 1px; color: white;">patent</span>acid<span style="font-size: 1px; color: white;">drift</span>is<span style="font-size: 1px; color: white;">tiny</span>triprotic<span style="font-size: 1px; color: white;">extra</span>with pK<sub>a</sub> values<span style="font-size: 1px; color: white;">column</span>of <strong>3.13</strong>, <strong>4.76</strong>, and <strong>6.39</strong>.</p> <p>Citric<span style="font-size: 1px; color: white;">uses</span>acid<span style="font-size: 1px; color: white;">abf</span>has<span style="font-size: 1px; color: white;">health</span>four possible<span style="font-size: 1px; color: white;">begg</span>protonation<span style="font-size: 1px; color: white;">brna</span>states<span style="font-size: 1px; color: white;">packed</span>in<span style="font-size: 1px; color: white;">varies</span>the choices<span style="font-size: 1px; color: white;">remedy</span>below.</p> <p>Which one of the<span style="font-size: 1px; color: white;">brdu</span>following<span style="font-size: 1px; color: white;">linear</span>protonation states<span style="font-size: 1px; color: white;">pushed</span>is the<span style="font-size: 1px; color: white;">filial</span>most abundant at <strong>pH 2.0</strong>?</p> </div>
    </div>
    <choiceInteraction maxChoices="1" responseIdentifier="RESPONSE" shuffle="true">
      <simpleChoice fixed="true" identifier="answer_1">
        <p>
          <div id="drv_e5cd" oncopy="return false;" onpaste="return false;" oncut="return false;" oncontextmenu="return false;" onmousedown="return false;" onselectstart="return false;">
            <span style="color: #8B0000">HOC<sub>3</sub>H<sub>4</sub>(COO)<sub>3</sub><sup>3-</sup></span>
            <span style="font-size: 1px; color: white;">ethane</span>
          </div>
        </p>
      </simpleChoice>
      <simpleChoice fixed="true" identifier="answer_2">
        <p>
          <div id="drv_f074" oncopy="return false;" onpaste="return false;" oncut="return false;" oncontextmenu="return false;" onmousedown="return false;" onselectstart="return false;">
            <span style="color: #602020">HOC<sub>3</sub>H<sub>4</sub>(COOH)(COO)<sub>2</sub><sup>2-</sup></span>
            <span style="font-size: 1px; color: white;">while</span>
          </div>
        </p>
      </simpleChoice>
      <simpleChoice fixed="true" identifier="answer_3">
        <p>
          <div id="drv_c0ef" oncopy="return false;" onpaste="return false;" oncut="return false;" oncontextmenu="return false;" onmousedown="return false;" onselectstart="return false;">
            <span style="color: #202060">HOC<sub>3</sub>H<sub>4</sub>(COOH)<sub>2</sub>(COO)<sup>-</sup></span>
            <span style="font-size: 1px; color: white;">seal</span>
          </div>
        </p>
      </simpleChoice>
      <simpleChoice fixed="true" identifier="answer_4">
        <p>
          <div id="drv_023d" oncopy="return false;" onpaste="return false;" oncut="return false;" oncontextmenu="return false;" onmousedown="return false;" onselectstart="return false;">
            <span style="color: #00008B">HOC<sub>3</sub>H<sub>4</sub>(COOH)<sub>3</sub></span>
            <span style="font-size: 1px; color: white;">begg</span>
          </div>
        </p>
      </simpleChoice>
    </choiceInteraction>
  </itemBody>
  <responseProcessing>
    <responseCondition>
      <responseIf>
        <match>
          <variable identifier="RESPONSE"/>
          <correct identifier="RESPONSE"/>
        </match>
      </responseIf>
    </responseCondition>
  </responseProcessing>
</assessmentItem>
