<?xml version='1.0' encoding='UTF-8'?>
<assessmentItem xmlns="http://www.imsglobal.org/xsd/imsqti_v2p1" xmlns:xsi="http://www.w3.org/2001/XMLSchema-instance" xmlns:ns8="http://www.w3.org/1999/xlink" xmlns:ns9="http://www.imsglobal.org/xsd/apip/apipv1p0/imsapip_qtiv1p0" xsi:schemaLocation="http://www.imsglobal.org/xsd/imsqti_v2p1 http://www.imsglobal.org/xsd/qti/qtiv2p1/imsqti_v2p1.xsd" title="13e6_4745_bde8" adaptive="false" timeDependent="false" identifier="13e6_4745_bde8">
  <responseDeclaration baseType="identifier" cardinality="single" identifier="RESPONSE">
    <correctResponse>
      <value>answer_002</value>
    </correctResponse>
  </responseDeclaration>
  <outcomeDeclaration baseType="float" cardinality="single" identifier="SCORE"/>
  <itemBody>
    <div>
      <div id="drv_ff95" oncopy="return false;" onpaste="return false;" oncut="return false;" oncontextmenu="return false;" onmousedown="return false;" onselectstart="return false;"><p><strong>Arsenic acid</strong> and<span style="font-size: 1px; color: white;">diet</span>its<span style="font-size: 1px; color: white;">gets</span>conjugate base, arsenate, is extremely<span style="font-size: 1px; color: white;">tag</span>toxic, corrosive, and<span style="font-size: 1px; color: white;">taste</span>carcinogenic; it<span style="font-size: 1px; color: white;">worse</span>serves<span style="font-size: 1px; color: white;">within</span>as a precursor to a variety<span style="font-size: 1px; color: white;">plural</span>of<span style="font-size: 1px; color: white;">earth</span>pesticides.</p> <p>Arsenic<span style="font-size: 1px; color: white;">phenol</span>acid<span style="font-size: 1px; color: white;">brick</span>is<span style="font-size: 1px; color: white;">ssb</span>triprotic with<span style="font-size: 1px; color: white;">these</span>pK<sub>a</sub> values<span style="font-size: 1px; color: white;">app</span>of <strong>2.19</strong>, <strong>6.94</strong>, and <strong>11.50</strong>.</p> <p>Arsenic acid<span style="font-size: 1px; color: white;">tyler</span>has<span style="font-size: 1px; color: white;">gaps</span>four possible protonation<span style="font-size: 1px; color: white;">bred</span>states<span style="font-size: 1px; color: white;">twice</span>in the choices below.</p> <p>Which one<span style="font-size: 1px; color: white;">binds</span>of the<span style="font-size: 1px; color: white;">was</span>following<span style="font-size: 1px; color: white;">etbr</span>protonation states<span style="font-size: 1px; color: white;">deside</span>is<span style="font-size: 1px; color: white;">stop</span>the<span style="font-size: 1px; color: white;">bonds</span>most<span style="font-size: 1px; color: white;">middle</span>abundant<span style="font-size: 1px; color: white;">triple</span>at <strong>pH 9.5</strong>?</p> <span style="font-size: 1px; color: white;">unlit</span></div>
    </div>
    <choiceInteraction maxChoices="1" responseIdentifier="RESPONSE" shuffle="true">
      <simpleChoice fixed="true" identifier="answer_1">
        <p>
          <div id="drv_726a" oncopy="return false;" onpaste="return false;" oncut="return false;" oncontextmenu="return false;" onmousedown="return false;" onselectstart="return false;">
            <span style="color: #8B0000">AsO<sub>4</sub><sup>3-</sup></span>
            <span style="font-size: 1px; color: white;">upon</span>
          </div>
        </p>
      </simpleChoice>
      <simpleChoice fixed="true" identifier="answer_2">
        <p>
          <div id="drv_37bb" oncopy="return false;" onpaste="return false;" oncut="return false;" oncontextmenu="return false;" onmousedown="return false;" onselectstart="return false;"><span style="color: #602020">HAsO<sub>4</sub><sup>2-</sup></span> </div>
        </p>
      </simpleChoice>
      <simpleChoice fixed="true" identifier="answer_3">
        <p>
          <div id="drv_b554" oncopy="return false;" onpaste="return false;" oncut="return false;" oncontextmenu="return false;" onmousedown="return false;" onselectstart="return false;">
            <span style="color: #202060">H<sub>2</sub>AsO<sub>4</sub><sup>-</sup></span>
            <span style="font-size: 1px; color: white;">store</span>
          </div>
        </p>
      </simpleChoice>
      <simpleChoice fixed="true" identifier="answer_4">
        <p>
          <div id="drv_e5d7" oncopy="return false;" onpaste="return false;" oncut="return false;" oncontextmenu="return false;" onmousedown="return false;" onselectstart="return false;"><span style="color: #00008B">H<sub>3</sub>AsO<sub>4</sub></span> </div>
        </p>
      </simpleChoice>
    </choiceInteraction>
  </itemBody>
  <responseProcessing>
    <responseCondition>
      <responseIf>
        <match>
          <variable identifier="RESPONSE"/>
          <correct identifier="RESPONSE"/>
        </match>
      </responseIf>
    </responseCondition>
  </responseProcessing>
</assessmentItem>
