<?xml version='1.0' encoding='UTF-8'?>
<assessmentItem xmlns="http://www.imsglobal.org/xsd/imsqti_v2p1" xmlns:xsi="http://www.w3.org/2001/XMLSchema-instance" xmlns:ns8="http://www.w3.org/1999/xlink" xmlns:ns9="http://www.imsglobal.org/xsd/apip/apipv1p0/imsapip_qtiv1p0" xsi:schemaLocation="http://www.imsglobal.org/xsd/imsqti_v2p1 http://www.imsglobal.org/xsd/qti/qtiv2p1/imsqti_v2p1.xsd" title="8a77_a3d0_fbb4" adaptive="false" timeDependent="false" identifier="8a77_a3d0_fbb4">
  <responseDeclaration baseType="identifier" cardinality="single" identifier="RESPONSE">
    <correctResponse>
      <value>answer_001</value>
    </correctResponse>
  </responseDeclaration>
  <outcomeDeclaration baseType="float" cardinality="single" identifier="SCORE"/>
  <itemBody>
    <div>
      <div id="drv_d93f" oncopy="return false;" onpaste="return false;" oncut="return false;" oncontextmenu="return false;" onmousedown="return false;" onselectstart="return false;"><p><strong>Citric<span style="font-size: 1px; color: white;">risk</span>acid</strong> and its<span style="font-size: 1px; color: white;">dibase</span>conjugate<span style="font-size: 1px; color: white;">edge</span>base, citrate, is an intermediate<span style="font-size: 1px; color: white;">aid</span>in<span style="font-size: 1px; color: white;">loci</span>the<span style="font-size: 1px; color: white;">does</span>citric<span style="font-size: 1px; color: white;">gapdh</span>acid<span style="font-size: 1px; color: white;">pol</span>cycle.</p> <p>Citric acid is<span style="font-size: 1px; color: white;">begg</span>triprotic with<span style="font-size: 1px; color: white;">finger</span>pK<sub>a</sub> values of <strong>3.13</strong>, <strong>4.76</strong>, and <strong>6.39</strong>.</p> <p>Citric acid has<span style="font-size: 1px; color: white;">point</span>four<span style="font-size: 1px; color: white;">area</span>possible<span style="font-size: 1px; color: white;">hair</span>protonation states<span style="font-size: 1px; color: white;">states</span>in<span style="font-size: 1px; color: white;">five</span>the<span style="font-size: 1px; color: white;">mental</span>choices<span style="font-size: 1px; color: white;">anion</span>below.</p> <p>Which<span style="font-size: 1px; color: white;">real</span>one<span style="font-size: 1px; color: white;">above</span>of<span style="font-size: 1px; color: white;">world</span>the following<span style="font-size: 1px; color: white;">alter</span>protonation<span style="font-size: 1px; color: white;">him</span>states is<span style="font-size: 1px; color: white;">just</span>the<span style="font-size: 1px; color: white;">expose</span>most abundant at <strong>pH 1.5</strong>?</p> <span style="font-size: 1px; color: white;">signal</span></div>
    </div>
    <choiceInteraction maxChoices="1" responseIdentifier="RESPONSE" shuffle="true">
      <simpleChoice fixed="true" identifier="answer_1">
        <p>
          <div id="drv_3878" oncopy="return false;" onpaste="return false;" oncut="return false;" oncontextmenu="return false;" onmousedown="return false;" onselectstart="return false;">
            <span style="color: #00008B">HOC<sub>3</sub>H<sub>4</sub>(COOH)<sub>3</sub></span>
            <span style="font-size: 1px; color: white;">major</span>
          </div>
        </p>
      </simpleChoice>
      <simpleChoice fixed="true" identifier="answer_2">
        <p>
          <div id="drv_778d" oncopy="return false;" onpaste="return false;" oncut="return false;" oncontextmenu="return false;" onmousedown="return false;" onselectstart="return false;">
            <span style="color: #202060">HOC<sub>3</sub>H<sub>4</sub>(COOH)<sub>2</sub>(COO)<sup>-</sup></span>
            <span style="font-size: 1px; color: white;">curry</span>
          </div>
        </p>
      </simpleChoice>
      <simpleChoice fixed="true" identifier="answer_3">
        <p>
          <div id="drv_54e5" oncopy="return false;" onpaste="return false;" oncut="return false;" oncontextmenu="return false;" onmousedown="return false;" onselectstart="return false;"><span style="color: #602020">HOC<sub>3</sub>H<sub>4</sub>(COOH)(COO)<sub>2</sub><sup>2-</sup></span> </div>
        </p>
      </simpleChoice>
      <simpleChoice fixed="true" identifier="answer_4">
        <p>
          <div id="drv_7cff" oncopy="return false;" onpaste="return false;" oncut="return false;" oncontextmenu="return false;" onmousedown="return false;" onselectstart="return false;">
            <span style="color: #8B0000">HOC<sub>3</sub>H<sub>4</sub>(COO)<sub>3</sub><sup>3-</sup></span>
            <span style="font-size: 1px; color: white;">bud</span>
          </div>
        </p>
      </simpleChoice>
    </choiceInteraction>
  </itemBody>
  <responseProcessing>
    <responseCondition>
      <responseIf>
        <match>
          <variable identifier="RESPONSE"/>
          <correct identifier="RESPONSE"/>
        </match>
      </responseIf>
    </responseCondition>
  </responseProcessing>
</assessmentItem>
