<?xml version='1.0' encoding='UTF-8'?>
<assessmentItem xmlns="http://www.imsglobal.org/xsd/imsqti_v2p1" xmlns:xsi="http://www.w3.org/2001/XMLSchema-instance" xmlns:ns8="http://www.w3.org/1999/xlink" xmlns:ns9="http://www.imsglobal.org/xsd/apip/apipv1p0/imsapip_qtiv1p0" xsi:schemaLocation="http://www.imsglobal.org/xsd/imsqti_v2p1 http://www.imsglobal.org/xsd/qti/qtiv2p1/imsqti_v2p1.xsd" title="8a05_314c_f0af" adaptive="false" timeDependent="false" identifier="8a05_314c_f0af">
  <responseDeclaration baseType="identifier" cardinality="single" identifier="RESPONSE">
    <correctResponse>
      <value>answer_003</value>
    </correctResponse>
  </responseDeclaration>
  <outcomeDeclaration baseType="float" cardinality="single" identifier="SCORE"/>
  <itemBody>
    <div>
      <div id="drv_d555" oncopy="return false;" onpaste="return false;" oncut="return false;" oncontextmenu="return false;" onmousedown="return false;" onselectstart="return false;"><p><strong>Phosphoric<span style="font-size: 1px; color: white;">fuses</span>acid</strong> and its<span style="font-size: 1px; color: white;">mule</span>conjugate<span style="font-size: 1px; color: white;">modern</span>base, phosphate, is<span style="font-size: 1px; color: white;">rest</span>abbreviated P<sub>i</sub> and<span style="font-size: 1px; color: white;">wax</span>is<span style="font-size: 1px; color: white;">falseb</span>formed<span style="font-size: 1px; color: white;">dgtp</span>by<span style="font-size: 1px; color: white;">enter</span>cells<span style="font-size: 1px; color: white;">exam</span>from<span style="font-size: 1px; color: white;">truthf</span>the<span style="font-size: 1px; color: white;">amine</span>hydrolysis of ATP into ADP.</p> <p>Phosphoric<span style="font-size: 1px; color: white;">oils</span>acid<span style="font-size: 1px; color: white;">probes</span>is<span style="font-size: 1px; color: white;">flight</span>triprotic with<span style="font-size: 1px; color: white;">bonds</span>pK<sub>a</sub> values of <strong>2.16</strong>, <strong>7.21</strong>, and <strong>12.32</strong>.</p> <p>Phosphoric acid<span style="font-size: 1px; color: white;">exy</span>has<span style="font-size: 1px; color: white;">ceo</span>four<span style="font-size: 1px; color: white;">legs</span>possible<span style="font-size: 1px; color: white;">unlit</span>protonation<span style="font-size: 1px; color: white;">truthh</span>states<span style="font-size: 1px; color: white;">greek</span>in<span style="font-size: 1px; color: white;">host</span>the<span style="font-size: 1px; color: white;">owner</span>choices below.</p> <p>Which one of<span style="font-size: 1px; color: white;">hdpe</span>the following<span style="font-size: 1px; color: white;">focus</span>protonation states<span style="font-size: 1px; color: white;">falsel</span>is<span style="font-size: 1px; color: white;">redder</span>the<span style="font-size: 1px; color: white;">burst</span>most<span style="font-size: 1px; color: white;">exists</span>abundant at <strong>pH 8.5</strong>?</p> </div>
    </div>
    <choiceInteraction maxChoices="1" responseIdentifier="RESPONSE" shuffle="true">
      <simpleChoice fixed="true" identifier="answer_1">
        <p>
          <div id="drv_1b0a" oncopy="return false;" onpaste="return false;" oncut="return false;" oncontextmenu="return false;" onmousedown="return false;" onselectstart="return false;">
            <span style="color: #00008B">H<sub>3</sub>PO<sub>4</sub></span>
            <span style="font-size: 1px; color: white;">own</span>
          </div>
        </p>
      </simpleChoice>
      <simpleChoice fixed="true" identifier="answer_2">
        <p>
          <div id="drv_2d0d" oncopy="return false;" onpaste="return false;" oncut="return false;" oncontextmenu="return false;" onmousedown="return false;" onselectstart="return false;">
            <span style="color: #202060">H<sub>2</sub>PO<sub>4</sub><sup>-</sup></span>
            <span style="font-size: 1px; color: white;">gas</span>
          </div>
        </p>
      </simpleChoice>
      <simpleChoice fixed="true" identifier="answer_3">
        <p>
          <div id="drv_b923" oncopy="return false;" onpaste="return false;" oncut="return false;" oncontextmenu="return false;" onmousedown="return false;" onselectstart="return false;">
            <span style="color: #602020">HPO<sub>4</sub><sup>2-</sup></span>
            <span style="font-size: 1px; color: white;">actin</span>
          </div>
        </p>
      </simpleChoice>
      <simpleChoice fixed="true" identifier="answer_4">
        <p>
          <div id="drv_91b3" oncopy="return false;" onpaste="return false;" oncut="return false;" oncontextmenu="return false;" onmousedown="return false;" onselectstart="return false;"><span style="color: #8B0000">PO<sub>4</sub><sup>3-</sup></span> </div>
        </p>
      </simpleChoice>
    </choiceInteraction>
  </itemBody>
  <responseProcessing>
    <responseCondition>
      <responseIf>
        <match>
          <variable identifier="RESPONSE"/>
          <correct identifier="RESPONSE"/>
        </match>
      </responseIf>
    </responseCondition>
  </responseProcessing>
</assessmentItem>
