<?xml version='1.0' encoding='UTF-8'?>
<assessmentItem xmlns="http://www.imsglobal.org/xsd/imsqti_v2p1" xmlns:xsi="http://www.w3.org/2001/XMLSchema-instance" xmlns:ns8="http://www.w3.org/1999/xlink" xmlns:ns9="http://www.imsglobal.org/xsd/apip/apipv1p0/imsapip_qtiv1p0" xsi:schemaLocation="http://www.imsglobal.org/xsd/imsqti_v2p1 http://www.imsglobal.org/xsd/qti/qtiv2p1/imsqti_v2p1.xsd" title="2192_7094_4fef" adaptive="false" timeDependent="false" identifier="2192_7094_4fef">
  <responseDeclaration baseType="identifier" cardinality="single" identifier="RESPONSE">
    <correctResponse>
      <value>answer_003</value>
    </correctResponse>
  </responseDeclaration>
  <outcomeDeclaration baseType="float" cardinality="single" identifier="SCORE"/>
  <itemBody>
    <div>
      <div id="drv_2b5f" oncopy="return false;" onpaste="return false;" oncut="return false;" oncontextmenu="return false;" onmousedown="return false;" onselectstart="return false;"><p><strong>Arsenic<span style="font-size: 1px; color: white;">angles</span>acid</strong> and<span style="font-size: 1px; color: white;">impact</span>its<span style="font-size: 1px; color: white;">exy</span>conjugate<span style="font-size: 1px; color: white;">area</span>base, arsenate, is<span style="font-size: 1px; color: white;">strain</span>extremely<span style="font-size: 1px; color: white;">ceo</span>toxic, corrosive, and carcinogenic; it serves<span style="font-size: 1px; color: white;">films</span>as<span style="font-size: 1px; color: white;">like</span>a precursor<span style="font-size: 1px; color: white;">coo</span>to<span style="font-size: 1px; color: white;">fiber</span>a variety<span style="font-size: 1px; color: white;">keys</span>of<span style="font-size: 1px; color: white;">tipoff</span>pesticides.</p> <p>Arsenic acid<span style="font-size: 1px; color: white;">ratio</span>is<span style="font-size: 1px; color: white;">signal</span>triprotic<span style="font-size: 1px; color: white;">region</span>with<span style="font-size: 1px; color: white;">events</span>pK<sub>a</sub> values of <strong>2.19</strong>, <strong>6.94</strong>, and <strong>11.50</strong>.</p> <p>Arsenic acid<span style="font-size: 1px; color: white;">table</span>has<span style="font-size: 1px; color: white;">glands</span>four<span style="font-size: 1px; color: white;">counts</span>possible protonation<span style="font-size: 1px; color: white;">unused</span>states<span style="font-size: 1px; color: white;">bred</span>in the<span style="font-size: 1px; color: white;">fatty</span>choices<span style="font-size: 1px; color: white;">scents</span>below.</p> <p>Which<span style="font-size: 1px; color: white;">mrna</span>one<span style="font-size: 1px; color: white;">polar</span>of<span style="font-size: 1px; color: white;">whales</span>the<span style="font-size: 1px; color: white;">mgml</span>following<span style="font-size: 1px; color: white;">xna</span>protonation states<span style="font-size: 1px; color: white;">pair</span>is<span style="font-size: 1px; color: white;">bottom</span>the<span style="font-size: 1px; color: white;">hand</span>most<span style="font-size: 1px; color: white;">get</span>abundant at <strong>pH 3.5</strong>?</p> <span style="font-size: 1px; color: white;">sodium</span></div>
    </div>
    <choiceInteraction maxChoices="1" responseIdentifier="RESPONSE" shuffle="true">
      <simpleChoice fixed="true" identifier="answer_1">
        <p>
          <div id="drv_ef27" oncopy="return false;" onpaste="return false;" oncut="return false;" oncontextmenu="return false;" onmousedown="return false;" onselectstart="return false;">
            <span style="color: #8B0000">AsO<sub>4</sub><sup>3-</sup></span>
            <span style="font-size: 1px; color: white;">yield</span>
          </div>
        </p>
      </simpleChoice>
      <simpleChoice fixed="true" identifier="answer_2">
        <p>
          <div id="drv_05cb" oncopy="return false;" onpaste="return false;" oncut="return false;" oncontextmenu="return false;" onmousedown="return false;" onselectstart="return false;"><span style="color: #602020">HAsO<sub>4</sub><sup>2-</sup></span> </div>
        </p>
      </simpleChoice>
      <simpleChoice fixed="true" identifier="answer_3">
        <p>
          <div id="drv_c2e4" oncopy="return false;" onpaste="return false;" oncut="return false;" oncontextmenu="return false;" onmousedown="return false;" onselectstart="return false;"><span style="color: #202060">H<sub>2</sub>AsO<sub>4</sub><sup>-</sup></span> </div>
        </p>
      </simpleChoice>
      <simpleChoice fixed="true" identifier="answer_4">
        <p>
          <div id="drv_8626" oncopy="return false;" onpaste="return false;" oncut="return false;" oncontextmenu="return false;" onmousedown="return false;" onselectstart="return false;">
            <span style="color: #00008B">H<sub>3</sub>AsO<sub>4</sub></span>
            <span style="font-size: 1px; color: white;">pla</span>
          </div>
        </p>
      </simpleChoice>
    </choiceInteraction>
  </itemBody>
  <responseProcessing>
    <responseCondition>
      <responseIf>
        <match>
          <variable identifier="RESPONSE"/>
          <correct identifier="RESPONSE"/>
        </match>
      </responseIf>
    </responseCondition>
  </responseProcessing>
</assessmentItem>
