<?xml version='1.0' encoding='UTF-8'?>
<assessmentItem xmlns="http://www.imsglobal.org/xsd/imsqti_v2p1" xmlns:xsi="http://www.w3.org/2001/XMLSchema-instance" xmlns:ns8="http://www.w3.org/1999/xlink" xmlns:ns9="http://www.imsglobal.org/xsd/apip/apipv1p0/imsapip_qtiv1p0" xsi:schemaLocation="http://www.imsglobal.org/xsd/imsqti_v2p1 http://www.imsglobal.org/xsd/qti/qtiv2p1/imsqti_v2p1.xsd" title="7b65_7b3a_9681" adaptive="false" timeDependent="false" identifier="7b65_7b3a_9681">
  <responseDeclaration baseType="identifier" cardinality="single" identifier="RESPONSE">
    <correctResponse>
      <value>answer_001</value>
    </correctResponse>
  </responseDeclaration>
  <outcomeDeclaration baseType="float" cardinality="single" identifier="SCORE"/>
  <itemBody>
    <div>
      <div id="drv_3173" oncopy="return false;" onpaste="return false;" oncut="return false;" oncontextmenu="return false;" onmousedown="return false;" onselectstart="return false;"><p><strong>Phosphoric<span style="font-size: 1px; color: white;">iispan</span>acid</strong> and its<span style="font-size: 1px; color: white;">how</span>conjugate<span style="font-size: 1px; color: white;">chance</span>base, phosphate, is abbreviated P<sub>i</sub> and<span style="font-size: 1px; color: white;">capric</span>is<span style="font-size: 1px; color: white;">lysine</span>formed<span style="font-size: 1px; color: white;">region</span>by<span style="font-size: 1px; color: white;">extra</span>cells from<span style="font-size: 1px; color: white;">likely</span>the<span style="font-size: 1px; color: white;">bfd</span>hydrolysis of ATP into ADP.</p> <p>Phosphoric<span style="font-size: 1px; color: white;">their</span>acid<span style="font-size: 1px; color: white;">corn</span>is triprotic<span style="font-size: 1px; color: white;">equal</span>with pK<sub>a</sub> values of <strong>2.16</strong>, <strong>7.21</strong>, and <strong>12.32</strong>.</p> <p>Phosphoric<span style="font-size: 1px; color: white;">tagged</span>acid<span style="font-size: 1px; color: white;">turner</span>has four<span style="font-size: 1px; color: white;">purine</span>possible protonation<span style="font-size: 1px; color: white;">tail</span>states in<span style="font-size: 1px; color: white;">see</span>the<span style="font-size: 1px; color: white;">juice</span>choices<span style="font-size: 1px; color: white;">wider</span>below.</p> <p>Which<span style="font-size: 1px; color: white;">acetyl</span>one<span style="font-size: 1px; color: white;">baboth</span>of<span style="font-size: 1px; color: white;">bod</span>the<span style="font-size: 1px; color: white;">pod</span>following<span style="font-size: 1px; color: white;">kinds</span>protonation<span style="font-size: 1px; color: white;">hubert</span>states is the most abundant at <strong>pH 1.0</strong>?</p> <span style="font-size: 1px; color: white;">yeast</span></div>
    </div>
    <choiceInteraction maxChoices="1" responseIdentifier="RESPONSE" shuffle="true">
      <simpleChoice fixed="true" identifier="answer_1">
        <p>
          <div id="drv_5827" oncopy="return false;" onpaste="return false;" oncut="return false;" oncontextmenu="return false;" onmousedown="return false;" onselectstart="return false;">
            <span style="color: #00008B">H<sub>3</sub>PO<sub>4</sub></span>
            <span style="font-size: 1px; color: white;">baboth</span>
          </div>
        </p>
      </simpleChoice>
      <simpleChoice fixed="true" identifier="answer_2">
        <p>
          <div id="drv_3af9" oncopy="return false;" onpaste="return false;" oncut="return false;" oncontextmenu="return false;" onmousedown="return false;" onselectstart="return false;"><span style="color: #202060">H<sub>2</sub>PO<sub>4</sub><sup>-</sup></span> </div>
        </p>
      </simpleChoice>
      <simpleChoice fixed="true" identifier="answer_3">
        <p>
          <div id="drv_f594" oncopy="return false;" onpaste="return false;" oncut="return false;" oncontextmenu="return false;" onmousedown="return false;" onselectstart="return false;">
            <span style="color: #602020">HPO<sub>4</sub><sup>2-</sup></span>
            <span style="font-size: 1px; color: white;">see</span>
          </div>
        </p>
      </simpleChoice>
      <simpleChoice fixed="true" identifier="answer_4">
        <p>
          <div id="drv_15e6" oncopy="return false;" onpaste="return false;" oncut="return false;" oncontextmenu="return false;" onmousedown="return false;" onselectstart="return false;"><span style="color: #8B0000">PO<sub>4</sub><sup>3-</sup></span> </div>
        </p>
      </simpleChoice>
    </choiceInteraction>
  </itemBody>
  <responseProcessing>
    <responseCondition>
      <responseIf>
        <match>
          <variable identifier="RESPONSE"/>
          <correct identifier="RESPONSE"/>
        </match>
      </responseIf>
    </responseCondition>
  </responseProcessing>
</assessmentItem>
