<?xml version='1.0' encoding='UTF-8'?>
<assessmentItem xmlns="http://www.imsglobal.org/xsd/imsqti_v2p1" xmlns:xsi="http://www.w3.org/2001/XMLSchema-instance" xmlns:ns8="http://www.w3.org/1999/xlink" xmlns:ns9="http://www.imsglobal.org/xsd/apip/apipv1p0/imsapip_qtiv1p0" xsi:schemaLocation="http://www.imsglobal.org/xsd/imsqti_v2p1 http://www.imsglobal.org/xsd/qti/qtiv2p1/imsqti_v2p1.xsd" title="d160_7c8e_8792" adaptive="false" timeDependent="false" identifier="d160_7c8e_8792">
  <responseDeclaration baseType="identifier" cardinality="single" identifier="RESPONSE">
    <correctResponse>
      <value>answer_003</value>
    </correctResponse>
  </responseDeclaration>
  <outcomeDeclaration baseType="float" cardinality="single" identifier="SCORE"/>
  <itemBody>
    <div>
      <div id="drv_faf7" oncopy="return false;" onpaste="return false;" oncut="return false;" oncontextmenu="return false;" onmousedown="return false;" onselectstart="return false;">
        <p>
          <b>Calculate<span style="font-size: 1px; color: white;">heart</span>the pH of the buffer<span style="font-size: 1px; color: white;">genes</span>solution.</b>
        </p>
        <p>The<span style="font-size: 1px; color: white;">true</span>solution<span style="font-size: 1px; color: white;">dof</span>contains <span style="font-family: monospace;">476.0 mM</span> of <strong>butyric<span style="font-size: 1px; color: white;">vdw</span>acid</strong> and <span style="font-family: monospace;">434.0 mM</span> of <strong>sodium butyrate</strong>.</p>
        <p>(pK<sub>a</sub> of<span style="font-size: 1px; color: white;">balm</span>butyric<span style="font-size: 1px; color: white;">check</span>acid = <span style="font-family: monospace;">4.82</span>)</p>
        <p>Henderson-Hasselbalch<span style="font-size: 1px; color: white;">cancer</span>equation:</p>
        <p>
          <math xmlns="http://www.w3.org/1998/Math/MathML">
            <mi>pH</mi>
            <mo> </mo>
            <mo>=</mo>
            <mo> </mo>
            <msub>
              <mi>pK</mi>
              <mi>a</mi>
            </msub>
            <mo> </mo>
            <mo>+</mo>
            <mo> </mo>
            <msub>
              <mo>log</mo>
              <mn>10</mn>
            </msub>
            <mfenced>
              <mfrac>
                <mrow>
                  <mo stretchy="true">[</mo>
                  <mi>Base</mi>
                  <mo stretchy="true">]</mo>
                </mrow>
                <mrow>
                  <mo stretchy="true">[</mo>
                  <mi>Acid</mi>
                  <mo stretchy="true">]</mo>
                </mrow>
              </mfrac>
            </mfenced>
          </math>
        </p>
        <span style="font-size: 1px; color: white;">blaw</span>
      </div>
    </div>
    <choiceInteraction maxChoices="1" responseIdentifier="RESPONSE" shuffle="true">
      <simpleChoice fixed="true" identifier="answer_1">
        <p>
          <div id="drv_86a9" oncopy="return false;" onpaste="return false;" oncut="return false;" oncontextmenu="return false;" onmousedown="return false;" onselectstart="return false;">
            <span style="font-family: monospace;">4.98</span>
            <span style="font-size: 1px; color: white;">about</span>
          </div>
        </p>
      </simpleChoice>
      <simpleChoice fixed="true" identifier="answer_2">
        <p>
          <div id="drv_f9f3" oncopy="return false;" onpaste="return false;" oncut="return false;" oncontextmenu="return false;" onmousedown="return false;" onselectstart="return false;">
            <span style="font-family: monospace;">5.78</span>
            <span style="font-size: 1px; color: white;">stop</span>
          </div>
        </p>
      </simpleChoice>
      <simpleChoice fixed="true" identifier="answer_3">
        <p>
          <div id="drv_6e9e" oncopy="return false;" onpaste="return false;" oncut="return false;" oncontextmenu="return false;" onmousedown="return false;" onselectstart="return false;">
            <span style="font-family: monospace;">4.78</span>
            <span style="font-size: 1px; color: white;">time</span>
          </div>
        </p>
      </simpleChoice>
      <simpleChoice fixed="true" identifier="answer_4">
        <p>
          <div id="drv_ed18" oncopy="return false;" onpaste="return false;" oncut="return false;" oncontextmenu="return false;" onmousedown="return false;" onselectstart="return false;">
            <span style="font-family: monospace;">4.58</span>
            <span style="font-size: 1px; color: white;">mix</span>
          </div>
        </p>
      </simpleChoice>
    </choiceInteraction>
  </itemBody>
  <responseProcessing>
    <responseCondition>
      <responseIf>
        <match>
          <variable identifier="RESPONSE"/>
          <correct identifier="RESPONSE"/>
        </match>
      </responseIf>
    </responseCondition>
  </responseProcessing>
</assessmentItem>
