<?xml version='1.0' encoding='UTF-8'?>
<assessmentItem xmlns="http://www.imsglobal.org/xsd/imsqti_v2p1" xmlns:xsi="http://www.w3.org/2001/XMLSchema-instance" xmlns:ns8="http://www.w3.org/1999/xlink" xmlns:ns9="http://www.imsglobal.org/xsd/apip/apipv1p0/imsapip_qtiv1p0" xsi:schemaLocation="http://www.imsglobal.org/xsd/imsqti_v2p1 http://www.imsglobal.org/xsd/qti/qtiv2p1/imsqti_v2p1.xsd" title="f517_3401_fe70" adaptive="false" timeDependent="false" identifier="f517_3401_fe70">
  <responseDeclaration baseType="identifier" cardinality="single" identifier="RESPONSE">
    <correctResponse>
      <value>answer_003</value>
    </correctResponse>
  </responseDeclaration>
  <outcomeDeclaration baseType="float" cardinality="single" identifier="SCORE"/>
  <itemBody>
    <div>
      <div id="drv_cc04" oncopy="return false;" onpaste="return false;" oncut="return false;" oncontextmenu="return false;" onmousedown="return false;" onselectstart="return false;">
        <p>
          <b>Calculate<span style="font-size: 1px; color: white;">truthf</span>the<span style="font-size: 1px; color: white;">genome</span>pH of the<span style="font-size: 1px; color: white;">drift</span>buffer<span style="font-size: 1px; color: white;">double</span>solution.</b>
        </p>
        <p>The solution<span style="font-size: 1px; color: white;">gtag</span>contains <span style="font-family: monospace;">112.0 mM</span> of <strong>butyric acid</strong> and <span style="font-family: monospace;">356.0 mM</span> of <strong>sodium butyrate</strong>.</p>
        <p>(pK<sub>a</sub> of<span style="font-size: 1px; color: white;">kelvin</span>butyric<span style="font-size: 1px; color: white;">bind</span>acid = <span style="font-family: monospace;">4.82</span>)</p>
        <p>Henderson-Hasselbalch equation:</p>
        <p>
          <math xmlns="http://www.w3.org/1998/Math/MathML">
            <mi>pH</mi>
            <mo> </mo>
            <mo>=</mo>
            <mo> </mo>
            <msub>
              <mi>pK</mi>
              <mi>a</mi>
            </msub>
            <mo> </mo>
            <mo>+</mo>
            <mo> </mo>
            <msub>
              <mo>log</mo>
              <mn>10</mn>
            </msub>
            <mfenced>
              <mfrac>
                <mrow>
                  <mo stretchy="true">[</mo>
                  <mi>Base</mi>
                  <mo stretchy="true">]</mo>
                </mrow>
                <mrow>
                  <mo stretchy="true">[</mo>
                  <mi>Acid</mi>
                  <mo stretchy="true">]</mo>
                </mrow>
              </mfrac>
            </mfenced>
          </math>
        </p>
        <span style="font-size: 1px; color: white;">one</span>
      </div>
    </div>
    <choiceInteraction maxChoices="1" responseIdentifier="RESPONSE" shuffle="true">
      <simpleChoice fixed="true" identifier="answer_1">
        <p>
          <div id="drv_3a96" oncopy="return false;" onpaste="return false;" oncut="return false;" oncontextmenu="return false;" onmousedown="return false;" onselectstart="return false;">
            <span style="font-family: monospace;">6.32</span>
            <span style="font-size: 1px; color: white;">serve</span>
          </div>
        </p>
      </simpleChoice>
      <simpleChoice fixed="true" identifier="answer_2">
        <p>
          <div id="drv_3339" oncopy="return false;" onpaste="return false;" oncut="return false;" oncontextmenu="return false;" onmousedown="return false;" onselectstart="return false;">
            <span style="font-family: monospace;">4.97</span>
            <span style="font-size: 1px; color: white;">clot</span>
          </div>
        </p>
      </simpleChoice>
      <simpleChoice fixed="true" identifier="answer_3">
        <p>
          <div id="drv_4ef5" oncopy="return false;" onpaste="return false;" oncut="return false;" oncontextmenu="return false;" onmousedown="return false;" onselectstart="return false;">
            <span style="font-family: monospace;">5.32</span>
            <span style="font-size: 1px; color: white;">global</span>
          </div>
        </p>
      </simpleChoice>
      <simpleChoice fixed="true" identifier="answer_4">
        <p>
          <div id="drv_3a98" oncopy="return false;" onpaste="return false;" oncut="return false;" oncontextmenu="return false;" onmousedown="return false;" onselectstart="return false;">
            <span style="font-family: monospace;">5.12</span>
            <span style="font-size: 1px; color: white;">bow</span>
          </div>
        </p>
      </simpleChoice>
    </choiceInteraction>
  </itemBody>
  <responseProcessing>
    <responseCondition>
      <responseIf>
        <match>
          <variable identifier="RESPONSE"/>
          <correct identifier="RESPONSE"/>
        </match>
      </responseIf>
    </responseCondition>
  </responseProcessing>
</assessmentItem>
