<?xml version='1.0' encoding='UTF-8'?>
<assessmentItem xmlns="http://www.imsglobal.org/xsd/imsqti_v2p1" xmlns:xsi="http://www.w3.org/2001/XMLSchema-instance" xmlns:ns8="http://www.w3.org/1999/xlink" xmlns:ns9="http://www.imsglobal.org/xsd/apip/apipv1p0/imsapip_qtiv1p0" xsi:schemaLocation="http://www.imsglobal.org/xsd/imsqti_v2p1 http://www.imsglobal.org/xsd/qti/qtiv2p1/imsqti_v2p1.xsd" title="3330_3faf_7a1e" adaptive="false" timeDependent="false" identifier="3330_3faf_7a1e">
  <responseDeclaration baseType="identifier" cardinality="single" identifier="RESPONSE">
    <correctResponse>
      <value>answer_002</value>
    </correctResponse>
  </responseDeclaration>
  <outcomeDeclaration baseType="float" cardinality="single" identifier="SCORE"/>
  <itemBody>
    <div>
      <div id="drv_1198" oncopy="return false;" onpaste="return false;" oncut="return false;" oncontextmenu="return false;" onmousedown="return false;" onselectstart="return false;"><p><b>Calculate<span style="font-size: 1px; color: white;">runway</span>the<span style="font-size: 1px; color: white;">head</span>pH of the<span style="font-size: 1px; color: white;">eamino</span>buffer solution.</b></p><p>The<span style="font-size: 1px; color: white;">brew</span>solution<span style="font-size: 1px; color: white;">purple</span>contains <span style="font-family: monospace;">89.0 mM</span> of <strong>sulfuric<span style="font-size: 1px; color: white;">device</span>acid</strong> and <span style="font-family: monospace;">430.0 mM</span> of <strong>sodium<span style="font-size: 1px; color: white;">points</span>sulfate</strong>.</p><p>(pK<sub>a</sub> of<span style="font-size: 1px; color: white;">fuel</span>sulfuric<span style="font-size: 1px; color: white;">leaven</span>acid = <span style="font-family: monospace;">1.99</span>)</p><p>Henderson-Hasselbalch<span style="font-size: 1px; color: white;">cirtic</span>equation:</p><p><math xmlns="http://www.w3.org/1998/Math/MathML"><mi>pH</mi><mo> </mo><mo>=</mo><mo> </mo><msub><mi>pK</mi><mi>a</mi></msub><mo> </mo><mo>+</mo><mo> </mo><msub><mo>log</mo><mn>10</mn></msub><mfenced><mfrac><mrow><mo stretchy="true">[</mo><mi>Base</mi><mo stretchy="true">]</mo></mrow><mrow><mo stretchy="true">[</mo><mi>Acid</mi><mo stretchy="true">]</mo></mrow></mfrac></mfenced></math></p> </div>
    </div>
    <choiceInteraction maxChoices="1" responseIdentifier="RESPONSE" shuffle="true">
      <simpleChoice fixed="true" identifier="answer_1">
        <p>
          <div id="drv_456a" oncopy="return false;" onpaste="return false;" oncut="return false;" oncontextmenu="return false;" onmousedown="return false;" onselectstart="return false;"><span style="font-family: monospace;">3.27</span> </div>
        </p>
      </simpleChoice>
      <simpleChoice fixed="true" identifier="answer_2">
        <p>
          <div id="drv_cd83" oncopy="return false;" onpaste="return false;" oncut="return false;" oncontextmenu="return false;" onmousedown="return false;" onselectstart="return false;"><span style="font-family: monospace;">2.67</span> </div>
        </p>
      </simpleChoice>
      <simpleChoice fixed="true" identifier="answer_3">
        <p>
          <div id="drv_f5e3" oncopy="return false;" onpaste="return false;" oncut="return false;" oncontextmenu="return false;" onmousedown="return false;" onselectstart="return false;"><span style="font-family: monospace;">2.07</span> </div>
        </p>
      </simpleChoice>
      <simpleChoice fixed="true" identifier="answer_4">
        <p>
          <div id="drv_7141" oncopy="return false;" onpaste="return false;" oncut="return false;" oncontextmenu="return false;" onmousedown="return false;" onselectstart="return false;">
            <span style="font-family: monospace;">3.02</span>
            <span style="font-size: 1px; color: white;">truth</span>
          </div>
        </p>
      </simpleChoice>
    </choiceInteraction>
  </itemBody>
  <responseProcessing>
    <responseCondition>
      <responseIf>
        <match>
          <variable identifier="RESPONSE"/>
          <correct identifier="RESPONSE"/>
        </match>
      </responseIf>
    </responseCondition>
  </responseProcessing>
</assessmentItem>
