<?xml version='1.0' encoding='UTF-8'?>
<assessmentItem xmlns="http://www.imsglobal.org/xsd/imsqti_v2p1" xmlns:xsi="http://www.w3.org/2001/XMLSchema-instance" xmlns:ns8="http://www.w3.org/1999/xlink" xmlns:ns9="http://www.imsglobal.org/xsd/apip/apipv1p0/imsapip_qtiv1p0" xsi:schemaLocation="http://www.imsglobal.org/xsd/imsqti_v2p1 http://www.imsglobal.org/xsd/qti/qtiv2p1/imsqti_v2p1.xsd" title="284e_c3ad_1431" adaptive="false" timeDependent="false" identifier="284e_c3ad_1431">
  <responseDeclaration baseType="identifier" cardinality="single" identifier="RESPONSE">
    <correctResponse>
      <value>answer_004</value>
    </correctResponse>
  </responseDeclaration>
  <outcomeDeclaration baseType="float" cardinality="single" identifier="SCORE"/>
  <itemBody>
    <div>
      <div id="drv_8fd6" oncopy="return false;" onpaste="return false;" oncut="return false;" oncontextmenu="return false;" onmousedown="return false;" onselectstart="return false;">
        <p>
          <b>Calculate the<span style="font-size: 1px; color: white;">non</span>pH of<span style="font-size: 1px; color: white;">four</span>the buffer<span style="font-size: 1px; color: white;">exons</span>solution.</b>
        </p>
        <p>The solution contains <span style="font-family: monospace;">48.3 mM</span> of <strong>ammonia</strong> and <span style="font-family: monospace;">52.2 mM</span> of <strong>ammonium<span style="font-size: 1px; color: white;">behind</span>chloride</strong>.</p>
        <p>(pK<sub>b</sub> of<span style="font-size: 1px; color: white;">sheet</span>ammonia = <span style="font-family: monospace;">4.76</span>)</p>
        <p>Hint: pK<sub>a</sub> + pK<sub>b</sub> = 14.00 for<span style="font-size: 1px; color: white;">source</span>a conjugate acid-base<span style="font-size: 1px; color: white;">acid</span>pair.</p>
        <p>Henderson-Hasselbalch<span style="font-size: 1px; color: white;">skull</span>form:</p>
        <p>
          <math xmlns="http://www.w3.org/1998/Math/MathML">
            <mi>pH</mi>
            <mo> </mo>
            <mo>=</mo>
            <mo> </mo>
            <msub>
              <mi>pK</mi>
              <mi>a</mi>
            </msub>
            <mo> </mo>
            <mo>+</mo>
            <mo> </mo>
            <msub>
              <mo>log</mo>
              <mn>10</mn>
            </msub>
            <mfenced>
              <mfrac>
                <mrow>
                  <mo stretchy="true">[</mo>
                  <mi>Base</mi>
                  <mo stretchy="true">]</mo>
                </mrow>
                <mrow>
                  <mo stretchy="true">[</mo>
                  <mi>Acid</mi>
                  <mo stretchy="true">]</mo>
                </mrow>
              </mfrac>
            </mfenced>
          </math>
        </p>
        <span style="font-size: 1px; color: white;">mali</span>
      </div>
    </div>
    <choiceInteraction maxChoices="1" responseIdentifier="RESPONSE" shuffle="true">
      <simpleChoice fixed="true" identifier="answer_1">
        <p>
          <div id="drv_1bc6" oncopy="return false;" onpaste="return false;" oncut="return false;" oncontextmenu="return false;" onmousedown="return false;" onselectstart="return false;"><span style="font-family: monospace;">9.41</span> </div>
        </p>
      </simpleChoice>
      <simpleChoice fixed="true" identifier="answer_2">
        <p>
          <div id="drv_8ed0" oncopy="return false;" onpaste="return false;" oncut="return false;" oncontextmenu="return false;" onmousedown="return false;" onselectstart="return false;">
            <span style="font-family: monospace;">9.81</span>
            <span style="font-size: 1px; color: white;">cope</span>
          </div>
        </p>
      </simpleChoice>
      <simpleChoice fixed="true" identifier="answer_3">
        <p>
          <div id="drv_3fe7" oncopy="return false;" onpaste="return false;" oncut="return false;" oncontextmenu="return false;" onmousedown="return false;" onselectstart="return false;">
            <span style="font-family: monospace;">8.21</span>
            <span style="font-size: 1px; color: white;">reveal</span>
          </div>
        </p>
      </simpleChoice>
      <simpleChoice fixed="true" identifier="answer_4">
        <p>
          <div id="drv_0479" oncopy="return false;" onpaste="return false;" oncut="return false;" oncontextmenu="return false;" onmousedown="return false;" onselectstart="return false;">
            <span style="font-family: monospace;">9.21</span>
            <span style="font-size: 1px; color: white;">adopt</span>
          </div>
        </p>
      </simpleChoice>
    </choiceInteraction>
  </itemBody>
  <responseProcessing>
    <responseCondition>
      <responseIf>
        <match>
          <variable identifier="RESPONSE"/>
          <correct identifier="RESPONSE"/>
        </match>
      </responseIf>
    </responseCondition>
  </responseProcessing>
</assessmentItem>
