<?xml version='1.0' encoding='UTF-8'?>
<assessmentItem xmlns="http://www.imsglobal.org/xsd/imsqti_v2p1" xmlns:xsi="http://www.w3.org/2001/XMLSchema-instance" xmlns:ns8="http://www.w3.org/1999/xlink" xmlns:ns9="http://www.imsglobal.org/xsd/apip/apipv1p0/imsapip_qtiv1p0" xsi:schemaLocation="http://www.imsglobal.org/xsd/imsqti_v2p1 http://www.imsglobal.org/xsd/qti/qtiv2p1/imsqti_v2p1.xsd" title="78cd_b64e_cab8" adaptive="false" timeDependent="false" identifier="78cd_b64e_cab8">
  <responseDeclaration baseType="identifier" cardinality="single" identifier="RESPONSE">
    <correctResponse>
      <value>answer_004</value>
    </correctResponse>
  </responseDeclaration>
  <outcomeDeclaration baseType="float" cardinality="single" identifier="SCORE"/>
  <itemBody>
    <div>
      <div id="drv_11b4" oncopy="return false;" onpaste="return false;" oncut="return false;" oncontextmenu="return false;" onmousedown="return false;" onselectstart="return false;">
        <p>
          <b>Use<span style="font-size: 1px; color: white;">run</span>the Henderson-Hasselbalch<span style="font-size: 1px; color: white;">care</span>equation to<span style="font-size: 1px; color: white;">zinc</span>calculate<span style="font-size: 1px; color: white;">types</span>the<span style="font-size: 1px; color: white;">fan</span>pH.</b>
        </p>
        <p>A solution<span style="font-size: 1px; color: white;">color</span>contains <span style="font-family: monospace;">7.8 g</span> of <strong>HC<sub>2</sub>H<sub>3</sub>O<sub>2</sub></strong> and <span style="font-family: monospace;">11.5 g</span> of <strong>NaC<sub>2</sub>H<sub>3</sub>O<sub>2</sub></strong> in <span style="font-family: monospace;">165.8 mL</span> of<span style="font-size: 1px; color: white;">falseg</span>solution.</p>
        <p>(pK<sub>a</sub> of acetic<span style="font-size: 1px; color: white;">hexose</span>acid = <span style="font-family: monospace;">4.76</span>)</p>
        <p>Molar masses: HC<sub>2</sub>H<sub>3</sub>O<sub>2</sub> = 60.05 g/mol; NaC<sub>2</sub>H<sub>3</sub>O<sub>2</sub> = 82.03 g/mol.</p>
        <p>Henderson-Hasselbalch<span style="font-size: 1px; color: white;">phi</span>equation:</p>
        <p>
          <math xmlns="http://www.w3.org/1998/Math/MathML">
            <mi>pH</mi>
            <mo> </mo>
            <mo>=</mo>
            <mo> </mo>
            <msub>
              <mi>pK</mi>
              <mi>a</mi>
            </msub>
            <mo> </mo>
            <mo>+</mo>
            <mo> </mo>
            <msub>
              <mo>log</mo>
              <mn>10</mn>
            </msub>
            <mfenced>
              <mfrac>
                <mrow>
                  <mo stretchy="true">[</mo>
                  <mi>Base</mi>
                  <mo stretchy="true">]</mo>
                </mrow>
                <mrow>
                  <mo stretchy="true">[</mo>
                  <mi>Acid</mi>
                  <mo stretchy="true">]</mo>
                </mrow>
              </mfrac>
            </mfenced>
          </math>
        </p>
        <span style="font-size: 1px; color: white;">shape</span>
      </div>
    </div>
    <choiceInteraction maxChoices="1" responseIdentifier="RESPONSE" shuffle="true">
      <simpleChoice fixed="true" identifier="answer_1">
        <p>
          <div id="drv_11ee" oncopy="return false;" onpaste="return false;" oncut="return false;" oncontextmenu="return false;" onmousedown="return false;" onselectstart="return false;">
            <span style="font-family: monospace;">3.79</span>
            <span style="font-size: 1px; color: white;">juice</span>
          </div>
        </p>
      </simpleChoice>
      <simpleChoice fixed="true" identifier="answer_2">
        <p>
          <div id="drv_4fc4" oncopy="return false;" onpaste="return false;" oncut="return false;" oncontextmenu="return false;" onmousedown="return false;" onselectstart="return false;">
            <span style="font-family: monospace;">5.79</span>
            <span style="font-size: 1px; color: white;">tough</span>
          </div>
        </p>
      </simpleChoice>
      <simpleChoice fixed="true" identifier="answer_3">
        <p>
          <div id="drv_e173" oncopy="return false;" onpaste="return false;" oncut="return false;" oncontextmenu="return false;" onmousedown="return false;" onselectstart="return false;">
            <span style="font-family: monospace;">4.44</span>
            <span style="font-size: 1px; color: white;">range</span>
          </div>
        </p>
      </simpleChoice>
      <simpleChoice fixed="true" identifier="answer_4">
        <p>
          <div id="drv_c010" oncopy="return false;" onpaste="return false;" oncut="return false;" oncontextmenu="return false;" onmousedown="return false;" onselectstart="return false;">
            <span style="font-family: monospace;">4.79</span>
            <span style="font-size: 1px; color: white;">born</span>
          </div>
        </p>
      </simpleChoice>
    </choiceInteraction>
  </itemBody>
  <responseProcessing>
    <responseCondition>
      <responseIf>
        <match>
          <variable identifier="RESPONSE"/>
          <correct identifier="RESPONSE"/>
        </match>
      </responseIf>
    </responseCondition>
  </responseProcessing>
</assessmentItem>
