<?xml version='1.0' encoding='UTF-8'?>
<assessmentItem xmlns="http://www.imsglobal.org/xsd/imsqti_v2p1" xmlns:xsi="http://www.w3.org/2001/XMLSchema-instance" xmlns:ns8="http://www.w3.org/1999/xlink" xmlns:ns9="http://www.imsglobal.org/xsd/apip/apipv1p0/imsapip_qtiv1p0" xsi:schemaLocation="http://www.imsglobal.org/xsd/imsqti_v2p1 http://www.imsglobal.org/xsd/qti/qtiv2p1/imsqti_v2p1.xsd" title="a622_833e_282a" adaptive="false" timeDependent="false" identifier="a622_833e_282a">
  <responseDeclaration baseType="identifier" cardinality="single" identifier="RESPONSE">
    <correctResponse>
      <value>answer_001</value>
    </correctResponse>
  </responseDeclaration>
  <outcomeDeclaration baseType="float" cardinality="single" identifier="SCORE"/>
  <itemBody>
    <div>
      <div id="drv_5616" oncopy="return false;" onpaste="return false;" oncut="return false;" oncontextmenu="return false;" onmousedown="return false;" onselectstart="return false;"><p><b>Calculate<span style="font-size: 1px; color: white;">things</span>the<span style="font-size: 1px; color: white;">salty</span>pH of<span style="font-size: 1px; color: white;">truthl</span>the<span style="font-size: 1px; color: white;">fad</span>buffer<span style="font-size: 1px; color: white;">such</span>solution.</b></p><p>The<span style="font-size: 1px; color: white;">father</span>solution contains <span style="font-family: monospace;">130.0 mM</span> of <strong>glycolic<span style="font-size: 1px; color: white;">adp</span>acid</strong> and <span style="font-family: monospace;">196.0 mM</span> of <strong>sodium<span style="font-size: 1px; color: white;">turner</span>glycolate</strong>.</p><p>(pK<sub>a</sub> of glycolic<span style="font-size: 1px; color: white;">bulb</span>acid = <span style="font-family: monospace;">3.83</span>)</p><p>Henderson-Hasselbalch equation:</p><p><math xmlns="http://www.w3.org/1998/Math/MathML"><mi>pH</mi><mo> </mo><mo>=</mo><mo> </mo><msub><mi>pK</mi><mi>a</mi></msub><mo> </mo><mo>+</mo><mo> </mo><msub><mo>log</mo><mn>10</mn></msub><mfenced><mfrac><mrow><mo stretchy="true">[</mo><mi>Base</mi><mo stretchy="true">]</mo></mrow><mrow><mo stretchy="true">[</mo><mi>Acid</mi><mo stretchy="true">]</mo></mrow></mfrac></mfenced></math></p> </div>
    </div>
    <choiceInteraction maxChoices="1" responseIdentifier="RESPONSE" shuffle="true">
      <simpleChoice fixed="true" identifier="answer_1">
        <p>
          <div id="drv_a186" oncopy="return false;" onpaste="return false;" oncut="return false;" oncontextmenu="return false;" onmousedown="return false;" onselectstart="return false;">
            <span style="font-family: monospace;">4.01</span>
            <span style="font-size: 1px; color: white;">serum</span>
          </div>
        </p>
      </simpleChoice>
      <simpleChoice fixed="true" identifier="answer_2">
        <p>
          <div id="drv_d1c9" oncopy="return false;" onpaste="return false;" oncut="return false;" oncontextmenu="return false;" onmousedown="return false;" onselectstart="return false;">
            <span style="font-family: monospace;">3.81</span>
            <span style="font-size: 1px; color: white;">input</span>
          </div>
        </p>
      </simpleChoice>
      <simpleChoice fixed="true" identifier="answer_3">
        <p>
          <div id="drv_cd55" oncopy="return false;" onpaste="return false;" oncut="return false;" oncontextmenu="return false;" onmousedown="return false;" onselectstart="return false;"><span style="font-family: monospace;">3.41</span> </div>
        </p>
      </simpleChoice>
      <simpleChoice fixed="true" identifier="answer_4">
        <p>
          <div id="drv_8682" oncopy="return false;" onpaste="return false;" oncut="return false;" oncontextmenu="return false;" onmousedown="return false;" onselectstart="return false;">
            <span style="font-family: monospace;">4.36</span>
            <span style="font-size: 1px; color: white;">length</span>
          </div>
        </p>
      </simpleChoice>
    </choiceInteraction>
  </itemBody>
  <responseProcessing>
    <responseCondition>
      <responseIf>
        <match>
          <variable identifier="RESPONSE"/>
          <correct identifier="RESPONSE"/>
        </match>
      </responseIf>
    </responseCondition>
  </responseProcessing>
</assessmentItem>
