<?xml version='1.0' encoding='UTF-8'?>
<assessmentItem xmlns="http://www.imsglobal.org/xsd/imsqti_v2p1" xmlns:xsi="http://www.w3.org/2001/XMLSchema-instance" xmlns:ns8="http://www.w3.org/1999/xlink" xmlns:ns9="http://www.imsglobal.org/xsd/apip/apipv1p0/imsapip_qtiv1p0" xsi:schemaLocation="http://www.imsglobal.org/xsd/imsqti_v2p1 http://www.imsglobal.org/xsd/qti/qtiv2p1/imsqti_v2p1.xsd" title="720c_d6a7_7a87" adaptive="false" timeDependent="false" identifier="720c_d6a7_7a87">
  <responseDeclaration baseType="identifier" cardinality="single" identifier="RESPONSE">
    <correctResponse>
      <value>answer_001</value>
    </correctResponse>
  </responseDeclaration>
  <outcomeDeclaration baseType="float" cardinality="single" identifier="SCORE"/>
  <itemBody>
    <div>
      <h4>Based on their molecular formula, which one of the following compounds is most likely hydrophobic?</h4>
    </div>
    <choiceInteraction maxChoices="1" responseIdentifier="RESPONSE" shuffle="true">
      <simpleChoice fixed="true" identifier="answer_1">
        <p>benzene, C<sub>6</sub>H<sub>6</sub></p>
      </simpleChoice>
      <simpleChoice fixed="true" identifier="answer_2">
        <p>acetate, C<sub>2</sub>H<sub>3</sub>O<sub>2</sub></p>
      </simpleChoice>
      <simpleChoice fixed="true" identifier="answer_3">
        <p>glucose, C<sub>6</sub>H<sub>12</sub>O<sub>6</sub></p>
      </simpleChoice>
      <simpleChoice fixed="true" identifier="answer_4">
        <p>sodium chloride, NaCl</p>
      </simpleChoice>
      <simpleChoice fixed="true" identifier="answer_5">
        <p>methanol, CH<sub>3</sub>OH</p>
      </simpleChoice>
    </choiceInteraction>
  </itemBody>
  <responseProcessing>
    <responseCondition>
      <responseIf>
        <match>
          <variable identifier="RESPONSE"/>
          <correct identifier="RESPONSE"/>
        </match>
      </responseIf>
    </responseCondition>
  </responseProcessing>
</assessmentItem>
