<?xml version='1.0' encoding='UTF-8'?>
<assessmentItem xmlns="http://www.imsglobal.org/xsd/imsqti_v2p1" xmlns:xsi="http://www.w3.org/2001/XMLSchema-instance" xmlns:ns8="http://www.w3.org/1999/xlink" xmlns:ns9="http://www.imsglobal.org/xsd/apip/apipv1p0/imsapip_qtiv1p0" xsi:schemaLocation="http://www.imsglobal.org/xsd/imsqti_v2p1 http://www.imsglobal.org/xsd/qti/qtiv2p1/imsqti_v2p1.xsd" title="81cb_4a52_0e95" adaptive="false" timeDependent="false" identifier="81cb_4a52_0e95">
  <responseDeclaration baseType="identifier" cardinality="single" identifier="RESPONSE">
    <correctResponse>
      <value>answer_1</value>
    </correctResponse>
  </responseDeclaration>
  <outcomeDeclaration baseType="float" cardinality="single" identifier="SCORE"/>
  <itemBody>
    <div><p>bf5a</p> <p>Which one of the following <strong><span style="color: #e65400;">cell</span> </strong>disruption techniques correspond to the description <span style="font-size: 1em;"><strong>'Small glass particles are placed into a blender and act like bullets smashing the <strong><span style="color: #e60000;">cells</span></strong>.'</strong></span>.</p></div>
    <choiceInteraction maxChoices="1" responseIdentifier="RESPONSE" shuffle="true">
      <simpleChoice fixed="true" identifier="answer_1">
        <p>A.  <span style="font-family: sans-serif; letter-spacing: 1px;"><strong><span style="color: #b3b300;">Bead-beating</span></strong></span>  </p>
      </simpleChoice>
      <simpleChoice fixed="true" identifier="answer_2">
        <p>B.  <span style="font-family: sans-serif; letter-spacing: 1px;"><strong><span style="color: #009900;">Freeze-thaw</span></strong></span>  </p>
      </simpleChoice>
      <simpleChoice fixed="true" identifier="answer_3">
        <p>C.  <span style="font-family: sans-serif; letter-spacing: 1px;"><strong><span style="color: #004d99;">Microfluidizer</span></strong></span>  </p>
      </simpleChoice>
      <simpleChoice fixed="true" identifier="answer_4">
        <p>D.  <span style="font-family: sans-serif; letter-spacing: 1px;"><strong><span style="color: #00b38f;">Mortar &amp; Pestle</span></strong></span>  </p>
      </simpleChoice>
    </choiceInteraction>
  </itemBody>
  <responseProcessing>
    <responseCondition>
      <responseIf>
        <match>
          <variable identifier="RESPONSE"/>
          <correct identifier="RESPONSE"/>
        </match>
      </responseIf>
    </responseCondition>
  </responseProcessing>
</assessmentItem>
