<?xml version='1.0' encoding='UTF-8'?>
<assessmentItem xmlns="http://www.imsglobal.org/xsd/imsqti_v2p1" xmlns:xsi="http://www.w3.org/2001/XMLSchema-instance" xmlns:ns8="http://www.w3.org/1999/xlink" xmlns:ns9="http://www.imsglobal.org/xsd/apip/apipv1p0/imsapip_qtiv1p0" xsi:schemaLocation="http://www.imsglobal.org/xsd/imsqti_v2p1 http://www.imsglobal.org/xsd/qti/qtiv2p1/imsqti_v2p1.xsd" title="5e24_c35f_48cd" adaptive="false" timeDependent="false" identifier="5e24_c35f_48cd">
  <responseDeclaration baseType="identifier" cardinality="single" identifier="RESPONSE">
    <correctResponse>
      <value>answer_002</value>
    </correctResponse>
  </responseDeclaration>
  <outcomeDeclaration baseType="float" cardinality="single" identifier="SCORE"/>
  <itemBody>
    <div>
      <div id="drv_8581" oncopy="return false;" onpaste="return false;" oncut="return false;" oncontextmenu="return false;" onmousedown="return false;" onselectstart="return false;">
        <p>Which one of<span style="font-size: 1px; color: white;">cry</span>the<span style="font-size: 1px; color: white;">indigo</span>following<span style="font-size: 1px; color: white;">male</span>types of chemical<span style="font-size: 1px; color: white;">bench</span>bonds<span style="font-size: 1px; color: white;">buffer</span>correspond<span style="font-size: 1px; color: white;">prior</span>to<span style="font-size: 1px; color: white;">hired</span>the<span style="font-size: 1px; color: white;">reach</span>example <span style="font-size: 1em;"><strong>'Mg<sup>2+</sup> • 2× Cl<sup>-</sup> (magnesium<span style="font-size: 1px; color: white;">need</span>chloride)'</strong></span>.</p>
        <span style="font-size: 1px; color: white;">donors</span>
      </div>
    </div>
    <choiceInteraction maxChoices="1" responseIdentifier="RESPONSE" shuffle="true">
      <simpleChoice fixed="true" identifier="answer_1">
        <p>
          <div id="drv_c8b3" oncopy="return false;" onpaste="return false;" oncut="return false;" oncontextmenu="return false;" onmousedown="return false;" onselectstart="return false;">
            <strong>
              <span style="color: #e60000;">hydrogen<span style="font-size: 1px; color: white;">als</span>bond</span>
            </strong>
            <span style="font-size: 1px; color: white;">copies</span>
          </div>
        </p>
      </simpleChoice>
      <simpleChoice fixed="true" identifier="answer_2">
        <p>
          <div id="drv_a2f6" oncopy="return false;" onpaste="return false;" oncut="return false;" oncontextmenu="return false;" onmousedown="return false;" onselectstart="return false;">
            <strong>
              <span style="color: #009900;">ionic<span style="font-size: 1px; color: white;">been</span>bond</span>
            </strong>
            <span style="font-size: 1px; color: white;">speeds</span>
          </div>
        </p>
      </simpleChoice>
      <simpleChoice fixed="true" identifier="answer_3">
        <p>
          <div id="drv_546e" oncopy="return false;" onpaste="return false;" oncut="return false;" oncontextmenu="return false;" onmousedown="return false;" onselectstart="return false;"><strong><span style="color: #b3b300;">non-polar covalent bond</span></strong> </div>
        </p>
      </simpleChoice>
      <simpleChoice fixed="true" identifier="answer_4">
        <p>
          <div id="drv_6fce" oncopy="return false;" onpaste="return false;" oncut="return false;" oncontextmenu="return false;" onmousedown="return false;" onselectstart="return false;"><strong><span style="color: #00b3b3;">polar<span style="font-size: 1px; color: white;">sizes</span>covalent bond</span></strong> </div>
        </p>
      </simpleChoice>
    </choiceInteraction>
  </itemBody>
  <responseProcessing>
    <responseCondition>
      <responseIf>
        <match>
          <variable identifier="RESPONSE"/>
          <correct identifier="RESPONSE"/>
        </match>
      </responseIf>
    </responseCondition>
  </responseProcessing>
</assessmentItem>
