<?xml version='1.0' encoding='UTF-8'?>
<assessmentItem xmlns="http://www.imsglobal.org/xsd/imsqti_v2p1" xmlns:xsi="http://www.w3.org/2001/XMLSchema-instance" xmlns:ns8="http://www.w3.org/1999/xlink" xmlns:ns9="http://www.imsglobal.org/xsd/apip/apipv1p0/imsapip_qtiv1p0" xsi:schemaLocation="http://www.imsglobal.org/xsd/imsqti_v2p1 http://www.imsglobal.org/xsd/qti/qtiv2p1/imsqti_v2p1.xsd" title="fecf_f180_0797" adaptive="false" timeDependent="false" identifier="fecf_f180_0797">
  <responseDeclaration baseType="identifier" cardinality="single" identifier="RESPONSE">
    <correctResponse>
      <value>answer_001</value>
    </correctResponse>
  </responseDeclaration>
  <outcomeDeclaration baseType="float" cardinality="single" identifier="SCORE"/>
  <itemBody>
    <div>
      <div id="drv_e00d" oncopy="return false;" onpaste="return false;" oncut="return false;" oncontextmenu="return false;" onmousedown="return false;" onselectstart="return false;">
        <p>Which one<span style="font-size: 1px; color: white;">speed</span>of<span style="font-size: 1px; color: white;">sheet</span>the<span style="font-size: 1px; color: white;">fungus</span>following<span style="font-size: 1px; color: white;">worse</span>types<span style="font-size: 1px; color: white;">faulty</span>of<span style="font-size: 1px; color: white;">copper</span>chemical<span style="font-size: 1px; color: white;">root</span>bonds<span style="font-size: 1px; color: white;">shapes</span>correspond<span style="font-size: 1px; color: white;">blend</span>to the<span style="font-size: 1px; color: white;">bbonly</span>example <span style="font-size: 1em;"><strong>'N-H ···· O (bond<span style="font-size: 1px; color: white;">nearby</span>represented<span style="font-size: 1px; color: white;">acid</span>by the<span style="font-size: 1px; color: white;">grab</span>dots)'</strong></span>.</p>
        <span style="font-size: 1px; color: white;">truthc</span>
      </div>
    </div>
    <choiceInteraction maxChoices="1" responseIdentifier="RESPONSE" shuffle="true">
      <simpleChoice fixed="true" identifier="answer_1">
        <p>
          <div id="drv_3e4c" oncopy="return false;" onpaste="return false;" oncut="return false;" oncontextmenu="return false;" onmousedown="return false;" onselectstart="return false;">
            <strong>
              <span style="color: #e60000;">hydrogen<span style="font-size: 1px; color: white;">aid</span>bond</span>
            </strong>
            <span style="font-size: 1px; color: white;">pcr</span>
          </div>
        </p>
      </simpleChoice>
      <simpleChoice fixed="true" identifier="answer_2">
        <p>
          <div id="drv_a056" oncopy="return false;" onpaste="return false;" oncut="return false;" oncontextmenu="return false;" onmousedown="return false;" onselectstart="return false;">
            <strong>
              <span style="color: #009900;">ionic<span style="font-size: 1px; color: white;">gpcrs</span>bond</span>
            </strong>
            <span style="font-size: 1px; color: white;">lauric</span>
          </div>
        </p>
      </simpleChoice>
      <simpleChoice fixed="true" identifier="answer_3">
        <p>
          <div id="drv_3600" oncopy="return false;" onpaste="return false;" oncut="return false;" oncontextmenu="return false;" onmousedown="return false;" onselectstart="return false;"><strong><span style="color: #b3b300;">non-polar<span style="font-size: 1px; color: white;">hair</span>covalent bond</span></strong> </div>
        </p>
      </simpleChoice>
      <simpleChoice fixed="true" identifier="answer_4">
        <p>
          <div id="drv_4cf1" oncopy="return false;" onpaste="return false;" oncut="return false;" oncontextmenu="return false;" onmousedown="return false;" onselectstart="return false;"><strong><span style="color: #00b3b3;">polar covalent bond</span></strong> </div>
        </p>
      </simpleChoice>
    </choiceInteraction>
  </itemBody>
  <responseProcessing>
    <responseCondition>
      <responseIf>
        <match>
          <variable identifier="RESPONSE"/>
          <correct identifier="RESPONSE"/>
        </match>
      </responseIf>
    </responseCondition>
  </responseProcessing>
</assessmentItem>
