<?xml version='1.0' encoding='UTF-8'?>
<assessmentItem xmlns="http://www.imsglobal.org/xsd/imsqti_v2p1" xmlns:xsi="http://www.w3.org/2001/XMLSchema-instance" xmlns:ns8="http://www.w3.org/1999/xlink" xmlns:ns9="http://www.imsglobal.org/xsd/apip/apipv1p0/imsapip_qtiv1p0" xsi:schemaLocation="http://www.imsglobal.org/xsd/imsqti_v2p1 http://www.imsglobal.org/xsd/qti/qtiv2p1/imsqti_v2p1.xsd" title="da2a_a4c5_c3c6" adaptive="false" timeDependent="false" identifier="da2a_a4c5_c3c6">
  <responseDeclaration baseType="identifier" cardinality="single" identifier="RESPONSE">
    <correctResponse>
      <value>answer_003</value>
    </correctResponse>
  </responseDeclaration>
  <outcomeDeclaration baseType="float" cardinality="single" identifier="SCORE"/>
  <itemBody>
    <div>
      <div id="drv_4c28" oncopy="return false;" onpaste="return false;" oncut="return false;" oncontextmenu="return false;" onmousedown="return false;" onselectstart="return false;">
        <p>Which<span style="font-size: 1px; color: white;">cope</span>one<span style="font-size: 1px; color: white;">ecm</span>of<span style="font-size: 1px; color: white;">loss</span>the<span style="font-size: 1px; color: white;">exy</span>following<span style="font-size: 1px; color: white;">prior</span>types<span style="font-size: 1px; color: white;">bad</span>of<span style="font-size: 1px; color: white;">mortar</span>chemical<span style="font-size: 1px; color: white;">flying</span>bonds<span style="font-size: 1px; color: white;">tagged</span>correspond<span style="font-size: 1px; color: white;">wagr</span>to the<span style="font-size: 1px; color: white;">dodo</span>example <span style="font-size: 1em;"><strong>'C = C (in<span style="font-size: 1px; color: white;">dense</span>ethylene, C<sub>2</sub>H<sub>4</sub>)'</strong></span>.</p>
        <span style="font-size: 1px; color: white;">ligate</span>
      </div>
    </div>
    <choiceInteraction maxChoices="1" responseIdentifier="RESPONSE" shuffle="true">
      <simpleChoice fixed="true" identifier="answer_1">
        <p>
          <div id="drv_2ea4" oncopy="return false;" onpaste="return false;" oncut="return false;" oncontextmenu="return false;" onmousedown="return false;" onselectstart="return false;">
            <strong>
              <span style="color: #e60000;">hydrogen<span style="font-size: 1px; color: white;">avoid</span>bond</span>
            </strong>
            <span style="font-size: 1px; color: white;">mrna</span>
          </div>
        </p>
      </simpleChoice>
      <simpleChoice fixed="true" identifier="answer_2">
        <p>
          <div id="drv_f201" oncopy="return false;" onpaste="return false;" oncut="return false;" oncontextmenu="return false;" onmousedown="return false;" onselectstart="return false;"><strong><span style="color: #009900;">ionic bond</span></strong> </div>
        </p>
      </simpleChoice>
      <simpleChoice fixed="true" identifier="answer_3">
        <p>
          <div id="drv_ac04" oncopy="return false;" onpaste="return false;" oncut="return false;" oncontextmenu="return false;" onmousedown="return false;" onselectstart="return false;">
            <strong>
              <span style="color: #b3b300;">non-polar<span style="font-size: 1px; color: white;">urine</span>covalent<span style="font-size: 1px; color: white;">etest</span>bond</span>
            </strong>
            <span style="font-size: 1px; color: white;">savory</span>
          </div>
        </p>
      </simpleChoice>
      <simpleChoice fixed="true" identifier="answer_4">
        <p>
          <div id="drv_b0a7" oncopy="return false;" onpaste="return false;" oncut="return false;" oncontextmenu="return false;" onmousedown="return false;" onselectstart="return false;"><strong><span style="color: #00b3b3;">polar covalent bond</span></strong> </div>
        </p>
      </simpleChoice>
    </choiceInteraction>
  </itemBody>
  <responseProcessing>
    <responseCondition>
      <responseIf>
        <match>
          <variable identifier="RESPONSE"/>
          <correct identifier="RESPONSE"/>
        </match>
      </responseIf>
    </responseCondition>
  </responseProcessing>
</assessmentItem>
