<?xml version='1.0' encoding='UTF-8'?>
<assessmentItem xmlns="http://www.imsglobal.org/xsd/imsqti_v2p1" xmlns:xsi="http://www.w3.org/2001/XMLSchema-instance" xmlns:ns8="http://www.w3.org/1999/xlink" xmlns:ns9="http://www.imsglobal.org/xsd/apip/apipv1p0/imsapip_qtiv1p0" xsi:schemaLocation="http://www.imsglobal.org/xsd/imsqti_v2p1 http://www.imsglobal.org/xsd/qti/qtiv2p1/imsqti_v2p1.xsd" title="04ad_746e_632c" adaptive="false" timeDependent="false" identifier="04ad_746e_632c">
  <responseDeclaration baseType="identifier" cardinality="single" identifier="RESPONSE">
    <correctResponse>
      <value>answer_001</value>
    </correctResponse>
  </responseDeclaration>
  <outcomeDeclaration baseType="float" cardinality="single" identifier="SCORE"/>
  <itemBody>
    <div>
      <div id="drv_e801" oncopy="return false;" onpaste="return false;" oncut="return false;" oncontextmenu="return false;" onmousedown="return false;" onselectstart="return false;"><p>Which one<span style="font-size: 1px; color: white;">study</span>of<span style="font-size: 1px; color: white;">unite</span>the<span style="font-size: 1px; color: white;">starch</span>following<span style="font-size: 1px; color: white;">bonded</span>types<span style="font-size: 1px; color: white;">eyes</span>of<span style="font-size: 1px; color: white;">adp</span>chemical<span style="font-size: 1px; color: white;">water</span>bonds<span style="font-size: 1px; color: white;">batp</span>correspond to<span style="font-size: 1px; color: white;">spinal</span>the<span style="font-size: 1px; color: white;">exy</span>example <span style="font-size: 1em;"><strong>'O-H ···· O (bond<span style="font-size: 1px; color: white;">feel</span>represented<span style="font-size: 1px; color: white;">ligand</span>by<span style="font-size: 1px; color: white;">wide</span>the<span style="font-size: 1px; color: white;">leo</span>dots)'</strong></span>.</p> </div>
    </div>
    <choiceInteraction maxChoices="1" responseIdentifier="RESPONSE" shuffle="true">
      <simpleChoice fixed="true" identifier="answer_1">
        <p>
          <div id="drv_b779" oncopy="return false;" onpaste="return false;" oncut="return false;" oncontextmenu="return false;" onmousedown="return false;" onselectstart="return false;">
            <strong>
              <span style="color: #e60000;">hydrogen<span style="font-size: 1px; color: white;">muscle</span>bond</span>
            </strong>
            <span style="font-size: 1px; color: white;">bind</span>
          </div>
        </p>
      </simpleChoice>
      <simpleChoice fixed="true" identifier="answer_2">
        <p>
          <div id="drv_81e6" oncopy="return false;" onpaste="return false;" oncut="return false;" oncontextmenu="return false;" onmousedown="return false;" onselectstart="return false;">
            <strong>
              <span style="color: #009900;">ionic<span style="font-size: 1px; color: white;">neck</span>bond</span>
            </strong>
            <span style="font-size: 1px; color: white;">locus</span>
          </div>
        </p>
      </simpleChoice>
      <simpleChoice fixed="true" identifier="answer_3">
        <p>
          <div id="drv_19d3" oncopy="return false;" onpaste="return false;" oncut="return false;" oncontextmenu="return false;" onmousedown="return false;" onselectstart="return false;">
            <strong>
              <span style="color: #b3b300;">non-polar<span style="font-size: 1px; color: white;">clean</span>covalent<span style="font-size: 1px; color: white;">appear</span>bond</span>
            </strong>
            <span style="font-size: 1px; color: white;">come</span>
          </div>
        </p>
      </simpleChoice>
      <simpleChoice fixed="true" identifier="answer_4">
        <p>
          <div id="drv_4fed" oncopy="return false;" onpaste="return false;" oncut="return false;" oncontextmenu="return false;" onmousedown="return false;" onselectstart="return false;">
            <strong>
              <span style="color: #00b3b3;">polar<span style="font-size: 1px; color: white;">thin</span>covalent bond</span>
            </strong>
            <span style="font-size: 1px; color: white;">stiff</span>
          </div>
        </p>
      </simpleChoice>
    </choiceInteraction>
  </itemBody>
  <responseProcessing>
    <responseCondition>
      <responseIf>
        <match>
          <variable identifier="RESPONSE"/>
          <correct identifier="RESPONSE"/>
        </match>
      </responseIf>
    </responseCondition>
  </responseProcessing>
</assessmentItem>
