<?xml version='1.0' encoding='UTF-8'?>
<assessmentItem xmlns="http://www.imsglobal.org/xsd/imsqti_v2p1" xmlns:xsi="http://www.w3.org/2001/XMLSchema-instance" xmlns:ns8="http://www.w3.org/1999/xlink" xmlns:ns9="http://www.imsglobal.org/xsd/apip/apipv1p0/imsapip_qtiv1p0" xsi:schemaLocation="http://www.imsglobal.org/xsd/imsqti_v2p1 http://www.imsglobal.org/xsd/qti/qtiv2p1/imsqti_v2p1.xsd" title="2b38_2113_a74d" adaptive="false" timeDependent="false" identifier="2b38_2113_a74d">
  <responseDeclaration baseType="identifier" cardinality="single" identifier="RESPONSE">
    <correctResponse>
      <value>answer_003</value>
    </correctResponse>
  </responseDeclaration>
  <outcomeDeclaration baseType="float" cardinality="single" identifier="SCORE"/>
  <itemBody>
    <div>
      <div id="drv_5fcb" oncopy="return false;" onpaste="return false;" oncut="return false;" oncontextmenu="return false;" onmousedown="return false;" onselectstart="return false;">
        <p>Which one<span style="font-size: 1px; color: white;">navy</span>of<span style="font-size: 1px; color: white;">xylose</span>the<span style="font-size: 1px; color: white;">truthc</span>following<span style="font-size: 1px; color: white;">finger</span>types<span style="font-size: 1px; color: white;">pcr</span>of<span style="font-size: 1px; color: white;">most</span>chemical bonds<span style="font-size: 1px; color: white;">sugars</span>correspond to<span style="font-size: 1px; color: white;">able</span>the<span style="font-size: 1px; color: white;">falsee</span>example <span style="font-size: 1em;"><strong>'C - C (in ethane, C<sub>2</sub>H<sub>6</sub>)'</strong></span>.</p>
        <span style="font-size: 1px; color: white;">deltah</span>
      </div>
    </div>
    <choiceInteraction maxChoices="1" responseIdentifier="RESPONSE" shuffle="true">
      <simpleChoice fixed="true" identifier="answer_1">
        <p>
          <div id="drv_2375" oncopy="return false;" onpaste="return false;" oncut="return false;" oncontextmenu="return false;" onmousedown="return false;" onselectstart="return false;"><strong><span style="color: #e60000;">hydrogen<span style="font-size: 1px; color: white;">cope</span>bond</span></strong> </div>
        </p>
      </simpleChoice>
      <simpleChoice fixed="true" identifier="answer_2">
        <p>
          <div id="drv_cad1" oncopy="return false;" onpaste="return false;" oncut="return false;" oncontextmenu="return false;" onmousedown="return false;" onselectstart="return false;">
            <strong>
              <span style="color: #009900;">ionic<span style="font-size: 1px; color: white;">bad</span>bond</span>
            </strong>
            <span style="font-size: 1px; color: white;">safe</span>
          </div>
        </p>
      </simpleChoice>
      <simpleChoice fixed="true" identifier="answer_3">
        <p>
          <div id="drv_11c7" oncopy="return false;" onpaste="return false;" oncut="return false;" oncontextmenu="return false;" onmousedown="return false;" onselectstart="return false;">
            <strong>
              <span style="color: #b3b300;">non-polar covalent<span style="font-size: 1px; color: white;">single</span>bond</span>
            </strong>
            <span style="font-size: 1px; color: white;">face</span>
          </div>
        </p>
      </simpleChoice>
      <simpleChoice fixed="true" identifier="answer_4">
        <p>
          <div id="drv_98e8" oncopy="return false;" onpaste="return false;" oncut="return false;" oncontextmenu="return false;" onmousedown="return false;" onselectstart="return false;">
            <strong>
              <span style="color: #00b3b3;">polar<span style="font-size: 1px; color: white;">twice</span>covalent bond</span>
            </strong>
            <span style="font-size: 1px; color: white;">rows</span>
          </div>
        </p>
      </simpleChoice>
    </choiceInteraction>
  </itemBody>
  <responseProcessing>
    <responseCondition>
      <responseIf>
        <match>
          <variable identifier="RESPONSE"/>
          <correct identifier="RESPONSE"/>
        </match>
      </responseIf>
    </responseCondition>
  </responseProcessing>
</assessmentItem>
