<?xml version='1.0' encoding='UTF-8'?>
<assessmentItem xmlns="http://www.imsglobal.org/xsd/imsqti_v2p1" xmlns:xsi="http://www.w3.org/2001/XMLSchema-instance" xmlns:ns8="http://www.w3.org/1999/xlink" xmlns:ns9="http://www.imsglobal.org/xsd/apip/apipv1p0/imsapip_qtiv1p0" xsi:schemaLocation="http://www.imsglobal.org/xsd/imsqti_v2p1 http://www.imsglobal.org/xsd/qti/qtiv2p1/imsqti_v2p1.xsd" title="03e4_d160_e4ad" adaptive="false" timeDependent="false" identifier="03e4_d160_e4ad">
  <responseDeclaration baseType="identifier" cardinality="single" identifier="RESPONSE">
    <correctResponse>
      <value>answer_001</value>
    </correctResponse>
  </responseDeclaration>
  <outcomeDeclaration baseType="float" cardinality="single" identifier="SCORE"/>
  <itemBody>
    <div>
      <div id="drv_6ded" oncopy="return false;" onpaste="return false;" oncut="return false;" oncontextmenu="return false;" onmousedown="return false;" onselectstart="return false;">
        <p>Which<span style="font-size: 1px; color: white;">phage</span>one of the<span style="font-size: 1px; color: white;">xyloid</span>following types<span style="font-size: 1px; color: white;">poker</span>of<span style="font-size: 1px; color: white;">equiv</span>chemical<span style="font-size: 1px; color: white;">elevel</span>bonds<span style="font-size: 1px; color: white;">world</span>correspond<span style="font-size: 1px; color: white;">shows</span>to<span style="font-size: 1px; color: white;">evolve</span>the<span style="font-size: 1px; color: white;">aids</span>example <span style="font-size: 1em;"><strong>'O-H ···· O (bond<span style="font-size: 1px; color: white;">should</span>represented by<span style="font-size: 1px; color: white;">seal</span>the<span style="font-size: 1px; color: white;">bridge</span>dots)'</strong></span>.</p>
        <span style="font-size: 1px; color: white;">animal</span>
      </div>
    </div>
    <choiceInteraction maxChoices="1" responseIdentifier="RESPONSE" shuffle="true">
      <simpleChoice fixed="true" identifier="answer_1">
        <p>
          <div id="drv_00db" oncopy="return false;" onpaste="return false;" oncut="return false;" oncontextmenu="return false;" onmousedown="return false;" onselectstart="return false;">
            <strong>
              <span style="color: #e60000;">hydrogen<span style="font-size: 1px; color: white;">faulty</span>bond</span>
            </strong>
            <span style="font-size: 1px; color: white;">page</span>
          </div>
        </p>
      </simpleChoice>
      <simpleChoice fixed="true" identifier="answer_2">
        <p>
          <div id="drv_0802" oncopy="return false;" onpaste="return false;" oncut="return false;" oncontextmenu="return false;" onmousedown="return false;" onselectstart="return false;"><strong><span style="color: #009900;">ionic bond</span></strong> </div>
        </p>
      </simpleChoice>
      <simpleChoice fixed="true" identifier="answer_3">
        <p>
          <div id="drv_6bca" oncopy="return false;" onpaste="return false;" oncut="return false;" oncontextmenu="return false;" onmousedown="return false;" onselectstart="return false;">
            <strong>
              <span style="color: #b3b300;">non-polar<span style="font-size: 1px; color: white;">below</span>covalent<span style="font-size: 1px; color: white;">milk</span>bond</span>
            </strong>
            <span style="font-size: 1px; color: white;">longer</span>
          </div>
        </p>
      </simpleChoice>
      <simpleChoice fixed="true" identifier="answer_4">
        <p>
          <div id="drv_1cf3" oncopy="return false;" onpaste="return false;" oncut="return false;" oncontextmenu="return false;" onmousedown="return false;" onselectstart="return false;">
            <strong>
              <span style="color: #00b3b3;">polar<span style="font-size: 1px; color: white;">actin</span>covalent bond</span>
            </strong>
            <span style="font-size: 1px; color: white;">salt</span>
          </div>
        </p>
      </simpleChoice>
    </choiceInteraction>
  </itemBody>
  <responseProcessing>
    <responseCondition>
      <responseIf>
        <match>
          <variable identifier="RESPONSE"/>
          <correct identifier="RESPONSE"/>
        </match>
      </responseIf>
    </responseCondition>
  </responseProcessing>
</assessmentItem>
