<?xml version='1.0' encoding='UTF-8'?>
<assessmentItem xmlns="http://www.imsglobal.org/xsd/imsqti_v2p1" xmlns:xsi="http://www.w3.org/2001/XMLSchema-instance" xmlns:ns8="http://www.w3.org/1999/xlink" xmlns:ns9="http://www.imsglobal.org/xsd/apip/apipv1p0/imsapip_qtiv1p0" xsi:schemaLocation="http://www.imsglobal.org/xsd/imsqti_v2p1 http://www.imsglobal.org/xsd/qti/qtiv2p1/imsqti_v2p1.xsd" title="0c0a_2f6b_00c1" adaptive="false" timeDependent="false" identifier="0c0a_2f6b_00c1">
  <responseDeclaration baseType="identifier" cardinality="single" identifier="RESPONSE">
    <correctResponse>
      <value>answer_004</value>
    </correctResponse>
  </responseDeclaration>
  <outcomeDeclaration baseType="float" cardinality="single" identifier="SCORE"/>
  <itemBody>
    <div>
      <div id="drv_a7de" oncopy="return false;" onpaste="return false;" oncut="return false;" oncontextmenu="return false;" onmousedown="return false;" onselectstart="return false;">
        <p>Dilution<span style="font-size: 1px; color: white;">mask</span>factors<span style="font-size: 1px; color: white;">falseh</span>are<span style="font-size: 1px; color: white;">same</span>used in biology<span style="font-size: 1px; color: white;">causes</span>labs<span style="font-size: 1px; color: white;">day</span>to make<span style="font-size: 1px; color: white;">drugs</span>solutions at precise<span style="font-size: 1px; color: white;">fibers</span>concentrations, ensure<span style="font-size: 1px; color: white;">doesnt</span>consistency<span style="font-size: 1px; color: white;">though</span>across experiments, and preserve<span style="font-size: 1px; color: white;">gene</span>valuable<span style="font-size: 1px; color: white;">form</span>samples<span style="font-size: 1px; color: white;">both</span>while<span style="font-size: 1px; color: white;">mean</span>still<span style="font-size: 1px; color: white;">adopt</span>meeting<span style="font-size: 1px; color: white;">chi</span>volume<span style="font-size: 1px; color: white;">rapid</span>requirements. For<span style="font-size: 1px; color: white;">sugar</span>example, if<span style="font-size: 1px; color: white;">lime</span>a student<span style="font-size: 1px; color: white;">broken</span>needs 400 mL of<span style="font-size: 1px; color: white;">cold</span>a working<span style="font-size: 1px; color: white;">these</span>solution, it<span style="font-size: 1px; color: white;">raised</span>is<span style="font-size: 1px; color: white;">store</span>much<span style="font-size: 1px; color: white;">kda</span>easier<span style="font-size: 1px; color: white;">mass</span>to<span style="font-size: 1px; color: white;">makeup</span>measure<span style="font-size: 1px; color: white;">lawyer</span>a small<span style="font-size: 1px; color: white;">innate</span>aliquot from<span style="font-size: 1px; color: white;">within</span>a concentrated stock and add<span style="font-size: 1px; color: white;">end</span>water to<span style="font-size: 1px; color: white;">called</span>reach the<span style="font-size: 1px; color: white;">coo</span>final<span style="font-size: 1px; color: white;">betame</span>volume<span style="font-size: 1px; color: white;">taq</span>than<span style="font-size: 1px; color: white;">domain</span>to prepare<span style="font-size: 1px; color: white;">more</span>the<span style="font-size: 1px; color: white;">via</span>solution from<span style="font-size: 1px; color: white;">bead</span>scratch<span style="font-size: 1px; color: white;">yaml</span>each time.</p>
        <p>You<span style="font-size: 1px; color: white;">when</span>are preparing<span style="font-size: 1px; color: white;">enough</span>a new<span style="font-size: 1px; color: white;">pest</span>solution with a dilution factor of <span style="font-size: 1.05em;"><span style="color: #228b22;"><span style="font-family: monospace;">DF=15</span></span></span>.</p>
        <p>How much liquid do<span style="font-size: 1px; color: white;">falsej</span>you add<span style="font-size: 1px; color: white;">tracks</span>to make<span style="font-size: 1px; color: white;">phase</span>a total<span style="font-size: 1px; color: white;">lookup</span>of <span style="font-size: 1.05em;"><span style="font-family: monospace;">63.0 mL</span></span>?</p>
        <span style="font-size: 1px; color: white;">apart</span>
      </div>
    </div>
    <choiceInteraction maxChoices="1" responseIdentifier="RESPONSE" shuffle="true">
      <simpleChoice fixed="true" identifier="answer_1">
        <p>
          <div id="drv_bc47" oncopy="return false;" onpaste="return false;" oncut="return false;" oncontextmenu="return false;" onmousedown="return false;" onselectstart="return false;"><span style="color: #cc5500;"><span style="font-family: monospace;">63.0 mL</span> stock<span style="font-size: 1px; color: white;">xdna</span>solution (aliquot)</span><br/>  <span style="color: #005cb3;"><span style="font-family: monospace;">4.2 mL</span> distilled<span style="font-size: 1px; color: white;">size</span>water (diluent)</span> </div>
        </p>
      </simpleChoice>
      <simpleChoice fixed="true" identifier="answer_2">
        <p>
          <div id="drv_be79" oncopy="return false;" onpaste="return false;" oncut="return false;" oncontextmenu="return false;" onmousedown="return false;" onselectstart="return false;"><span style="color: #cc5500;"><span style="font-family: monospace;">63.0 mL</span> stock<span style="font-size: 1px; color: white;">virus</span>solution (aliquot)</span><br/>  <span style="color: #005cb3;"><span style="font-family: monospace;">58.8 mL</span> distilled<span style="font-size: 1px; color: white;">colii</span>water (diluent)</span><span style="font-size: 1px; color: white;">merge</span></div>
        </p>
      </simpleChoice>
      <simpleChoice fixed="true" identifier="answer_3">
        <p>
          <div id="drv_fc12" oncopy="return false;" onpaste="return false;" oncut="return false;" oncontextmenu="return false;" onmousedown="return false;" onselectstart="return false;"><span style="color: #cc5500;"><span style="font-family: monospace;">54.6 mL</span> stock<span style="font-size: 1px; color: white;">and</span>solution (aliquot)</span><br/>  <span style="color: #005cb3;"><span style="font-family: monospace;">8.4 mL</span> distilled<span style="font-size: 1px; color: white;">fluid</span>water (diluent)</span> </div>
        </p>
      </simpleChoice>
      <simpleChoice fixed="true" identifier="answer_4">
        <p>
          <div id="drv_9c67" oncopy="return false;" onpaste="return false;" oncut="return false;" oncontextmenu="return false;" onmousedown="return false;" onselectstart="return false;"><span style="color: #cc5500;"><span style="font-family: monospace;">4.2 mL</span> stock<span style="font-size: 1px; color: white;">kill</span>solution (aliquot)</span><br/>  <span style="color: #005cb3;"><span style="font-family: monospace;">58.8 mL</span> distilled<span style="font-size: 1px; color: white;">cross</span>water (diluent)</span><span style="font-size: 1px; color: white;">lysis</span></div>
        </p>
      </simpleChoice>
      <simpleChoice fixed="true" identifier="answer_5">
        <p>
          <div id="drv_e2cc" oncopy="return false;" onpaste="return false;" oncut="return false;" oncontextmenu="return false;" onmousedown="return false;" onselectstart="return false;"><span style="color: #cc5500;"><span style="font-family: monospace;">58.8 mL</span> stock solution (aliquot)</span><br/>  <span style="color: #005cb3;"><span style="font-family: monospace;">4.2 mL</span> distilled<span style="font-size: 1px; color: white;">anova</span>water (diluent)</span><span style="font-size: 1px; color: white;">baboth</span></div>
        </p>
      </simpleChoice>
    </choiceInteraction>
  </itemBody>
  <responseProcessing>
    <responseCondition>
      <responseIf>
        <match>
          <variable identifier="RESPONSE"/>
          <correct identifier="RESPONSE"/>
        </match>
      </responseIf>
    </responseCondition>
  </responseProcessing>
</assessmentItem>
