<?xml version='1.0' encoding='UTF-8'?>
<assessmentItem xmlns="http://www.imsglobal.org/xsd/imsqti_v2p1" xmlns:xsi="http://www.w3.org/2001/XMLSchema-instance" xmlns:ns8="http://www.w3.org/1999/xlink" xmlns:ns9="http://www.imsglobal.org/xsd/apip/apipv1p0/imsapip_qtiv1p0" xsi:schemaLocation="http://www.imsglobal.org/xsd/imsqti_v2p1 http://www.imsglobal.org/xsd/qti/qtiv2p1/imsqti_v2p1.xsd" title="6a95_77da_0bf6" adaptive="false" timeDependent="false" identifier="6a95_77da_0bf6">
  <responseDeclaration baseType="identifier" cardinality="single" identifier="RESPONSE">
    <correctResponse>
      <value>answer_005</value>
    </correctResponse>
  </responseDeclaration>
  <outcomeDeclaration baseType="float" cardinality="single" identifier="SCORE"/>
  <itemBody>
    <div>
      <div id="drv_54ef" oncopy="return false;" onpaste="return false;" oncut="return false;" oncontextmenu="return false;" onmousedown="return false;" onselectstart="return false;"><p>Dilution<span style="font-size: 1px; color: white;">pink</span>factors are used<span style="font-size: 1px; color: white;">over</span>in biology<span style="font-size: 1px; color: white;">one</span>labs<span style="font-size: 1px; color: white;">falsee</span>to make solutions at precise concentrations, ensure<span style="font-size: 1px; color: white;">toxins</span>consistency across<span style="font-size: 1px; color: white;">eion</span>experiments, and<span style="font-size: 1px; color: white;">still</span>preserve<span style="font-size: 1px; color: white;">false</span>valuable<span style="font-size: 1px; color: white;">cheese</span>samples<span style="font-size: 1px; color: white;">stereo</span>while<span style="font-size: 1px; color: white;">bxo</span>still meeting<span style="font-size: 1px; color: white;">basis</span>volume requirements. For<span style="font-size: 1px; color: white;">solve</span>example, if<span style="font-size: 1px; color: white;">should</span>a student<span style="font-size: 1px; color: white;">lauric</span>needs 400 mL of<span style="font-size: 1px; color: white;">cancer</span>a working<span style="font-size: 1px; color: white;">stats</span>solution, it is much<span style="font-size: 1px; color: white;">passed</span>easier<span style="font-size: 1px; color: white;">dodo</span>to<span style="font-size: 1px; color: white;">genome</span>measure<span style="font-size: 1px; color: white;">groups</span>a small<span style="font-size: 1px; color: white;">gaps</span>aliquot<span style="font-size: 1px; color: white;">krebs</span>from<span style="font-size: 1px; color: white;">adopts</span>a concentrated stock and add water<span style="font-size: 1px; color: white;">mosaic</span>to reach the final<span style="font-size: 1px; color: white;">roche</span>volume than to<span style="font-size: 1px; color: white;">rhythm</span>prepare the<span style="font-size: 1px; color: white;">harass</span>solution from<span style="font-size: 1px; color: white;">truthe</span>scratch<span style="font-size: 1px; color: white;">skull</span>each<span style="font-size: 1px; color: white;">duplex</span>time.</p><p>You<span style="font-size: 1px; color: white;">eyes</span>are preparing<span style="font-size: 1px; color: white;">falsef</span>a new solution<span style="font-size: 1px; color: white;">falsed</span>with a dilution<span style="font-size: 1px; color: white;">step</span>factor<span style="font-size: 1px; color: white;">uses</span>of <span style="font-size: 1.05em;"><span style="color: #228b22;"><span style="font-family: monospace;">DF=15</span></span></span>.</p><p>How<span style="font-size: 1px; color: white;">due</span>much liquid<span style="font-size: 1px; color: white;">combat</span>do<span style="font-size: 1px; color: white;">hammer</span>you<span style="font-size: 1px; color: white;">gentle</span>add<span style="font-size: 1px; color: white;">list</span>to make<span style="font-size: 1px; color: white;">clamp</span>a total<span style="font-size: 1px; color: white;">diving</span>of <span style="font-size: 1.05em;"><span style="font-family: monospace;">102.0 mL</span></span>?</p> </div>
    </div>
    <choiceInteraction maxChoices="1" responseIdentifier="RESPONSE" shuffle="true">
      <simpleChoice fixed="true" identifier="answer_1">
        <p>
          <div id="drv_51b1" oncopy="return false;" onpaste="return false;" oncut="return false;" oncontextmenu="return false;" onmousedown="return false;" onselectstart="return false;"><span style="color: #cc5500;"><span style="font-family: monospace;">95.2 mL</span> stock<span style="font-size: 1px; color: white;">runs</span>solution (aliquot)</span><br/>  <span style="color: #005cb3;"><span style="font-family: monospace;">6.8 mL</span> distilled<span style="font-size: 1px; color: white;">chief</span>water (diluent)</span><span style="font-size: 1px; color: white;">exon</span></div>
        </p>
      </simpleChoice>
      <simpleChoice fixed="true" identifier="answer_2">
        <p>
          <div id="drv_23e4" oncopy="return false;" onpaste="return false;" oncut="return false;" oncontextmenu="return false;" onmousedown="return false;" onselectstart="return false;"><span style="color: #cc5500;"><span style="font-family: monospace;">102.0 mL</span> stock<span style="font-size: 1px; color: white;">shapes</span>solution (aliquot)</span><br/>  <span style="color: #005cb3;"><span style="font-family: monospace;">95.2 mL</span> distilled water (diluent)</span><span style="font-size: 1px; color: white;">below</span></div>
        </p>
      </simpleChoice>
      <simpleChoice fixed="true" identifier="answer_3">
        <p>
          <div id="drv_0b69" oncopy="return false;" onpaste="return false;" oncut="return false;" oncontextmenu="return false;" onmousedown="return false;" onselectstart="return false;"><span style="color: #cc5500;"><span style="font-family: monospace;">95.2 mL</span> stock<span style="font-size: 1px; color: white;">access</span>solution (aliquot)</span><br/>  <span style="color: #005cb3;"><span style="font-family: monospace;">102.0 mL</span> distilled<span style="font-size: 1px; color: white;">been</span>water (diluent)</span><span style="font-size: 1px; color: white;">plant</span></div>
        </p>
      </simpleChoice>
      <simpleChoice fixed="true" identifier="answer_4">
        <p>
          <div id="drv_d389" oncopy="return false;" onpaste="return false;" oncut="return false;" oncontextmenu="return false;" onmousedown="return false;" onselectstart="return false;"><span style="color: #cc5500;"><span style="font-family: monospace;">102.0 mL</span> stock<span style="font-size: 1px; color: white;">patent</span>solution (aliquot)</span><br/>  <span style="color: #005cb3;"><span style="font-family: monospace;">6.8 mL</span> distilled<span style="font-size: 1px; color: white;">bgel</span>water (diluent)</span> </div>
        </p>
      </simpleChoice>
      <simpleChoice fixed="true" identifier="answer_5">
        <p>
          <div id="drv_6157" oncopy="return false;" onpaste="return false;" oncut="return false;" oncontextmenu="return false;" onmousedown="return false;" onselectstart="return false;"><span style="color: #cc5500;"><span style="font-family: monospace;">6.8 mL</span> stock<span style="font-size: 1px; color: white;">david</span>solution (aliquot)</span><br/>  <span style="color: #005cb3;"><span style="font-family: monospace;">95.2 mL</span> distilled<span style="font-size: 1px; color: white;">face</span>water (diluent)</span><span style="font-size: 1px; color: white;">asking</span></div>
        </p>
      </simpleChoice>
    </choiceInteraction>
  </itemBody>
  <responseProcessing>
    <responseCondition>
      <responseIf>
        <match>
          <variable identifier="RESPONSE"/>
          <correct identifier="RESPONSE"/>
        </match>
      </responseIf>
    </responseCondition>
  </responseProcessing>
</assessmentItem>
