<?xml version='1.0' encoding='UTF-8'?>
<assessmentItem xmlns="http://www.imsglobal.org/xsd/imsqti_v2p1" xmlns:xsi="http://www.w3.org/2001/XMLSchema-instance" xmlns:ns8="http://www.w3.org/1999/xlink" xmlns:ns9="http://www.imsglobal.org/xsd/apip/apipv1p0/imsapip_qtiv1p0" xsi:schemaLocation="http://www.imsglobal.org/xsd/imsqti_v2p1 http://www.imsglobal.org/xsd/qti/qtiv2p1/imsqti_v2p1.xsd" title="24e4_de85_6547" adaptive="false" timeDependent="false" identifier="24e4_de85_6547">
  <responseDeclaration baseType="identifier" cardinality="single" identifier="RESPONSE">
    <correctResponse>
      <value>answer_003</value>
    </correctResponse>
  </responseDeclaration>
  <outcomeDeclaration baseType="float" cardinality="single" identifier="SCORE"/>
  <itemBody>
    <div>
      <div id="drv_5d8d" oncopy="return false;" onpaste="return false;" oncut="return false;" oncontextmenu="return false;" onmousedown="return false;" onselectstart="return false;"><p>Dilution<span style="font-size: 1px; color: white;">starts</span>factors are<span style="font-size: 1px; color: white;">chains</span>used in biology<span style="font-size: 1px; color: white;">ubea</span>labs<span style="font-size: 1px; color: white;">lungs</span>to make<span style="font-size: 1px; color: white;">insect</span>solutions<span style="font-size: 1px; color: white;">list</span>at<span style="font-size: 1px; color: white;">mask</span>precise<span style="font-size: 1px; color: white;">porous</span>concentrations, ensure<span style="font-size: 1px; color: white;">those</span>consistency<span style="font-size: 1px; color: white;">serine</span>across experiments, and<span style="font-size: 1px; color: white;">design</span>preserve<span style="font-size: 1px; color: white;">finish</span>valuable samples<span style="font-size: 1px; color: white;">pulled</span>while still meeting<span style="font-size: 1px; color: white;">lime</span>volume requirements. For<span style="font-size: 1px; color: white;">teal</span>example, if<span style="font-size: 1px; color: white;">often</span>a student needs 400 mL of<span style="font-size: 1px; color: white;">acth</span>a working<span style="font-size: 1px; color: white;">named</span>solution, it<span style="font-size: 1px; color: white;">distal</span>is<span style="font-size: 1px; color: white;">states</span>much<span style="font-size: 1px; color: white;">flavin</span>easier to measure a small<span style="font-size: 1px; color: white;">isomer</span>aliquot<span style="font-size: 1px; color: white;">ketose</span>from<span style="font-size: 1px; color: white;">over</span>a concentrated stock<span style="font-size: 1px; color: white;">starts</span>and<span style="font-size: 1px; color: white;">edge</span>add<span style="font-size: 1px; color: white;">dprime</span>water to<span style="font-size: 1px; color: white;">add</span>reach<span style="font-size: 1px; color: white;">xray</span>the<span style="font-size: 1px; color: white;">finger</span>final<span style="font-size: 1px; color: white;">times</span>volume than<span style="font-size: 1px; color: white;">dollop</span>to<span style="font-size: 1px; color: white;">sds</span>prepare<span style="font-size: 1px; color: white;">closer</span>the<span style="font-size: 1px; color: white;">able</span>solution<span style="font-size: 1px; color: white;">betame</span>from scratch each<span style="font-size: 1px; color: white;">deltag</span>time.</p><p>You are<span style="font-size: 1px; color: white;">cirtic</span>preparing a new<span style="font-size: 1px; color: white;">decide</span>solution with<span style="font-size: 1px; color: white;">force</span>a dilution<span style="font-size: 1px; color: white;">letter</span>factor<span style="font-size: 1px; color: white;">box</span>of <span style="font-size: 1.05em;"><span style="color: #228b22;"><span style="font-family: monospace;">DF=70</span></span></span>.</p><p>How<span style="font-size: 1px; color: white;">arm</span>much<span style="font-size: 1px; color: white;">folic</span>liquid<span style="font-size: 1px; color: white;">bell</span>do<span style="font-size: 1px; color: white;">finger</span>you add<span style="font-size: 1px; color: white;">fibers</span>to<span style="font-size: 1px; color: white;">widely</span>make<span style="font-size: 1px; color: white;">bodys</span>a total<span style="font-size: 1px; color: white;">total</span>of <span style="font-size: 1.05em;"><span style="font-family: monospace;">525.0 mL</span></span>?</p> </div>
    </div>
    <choiceInteraction maxChoices="1" responseIdentifier="RESPONSE" shuffle="true">
      <simpleChoice fixed="true" identifier="answer_1">
        <p>
          <div id="drv_cc13" oncopy="return false;" onpaste="return false;" oncut="return false;" oncontextmenu="return false;" onmousedown="return false;" onselectstart="return false;"><span style="color: #cc5500;"><span style="font-family: monospace;">525.0 mL</span> stock<span style="font-size: 1px; color: white;">sum</span>solution (aliquot)</span><br/>  <span style="color: #005cb3;"><span style="font-family: monospace;">517.5 mL</span> distilled<span style="font-size: 1px; color: white;">levels</span>water (diluent)</span><span style="font-size: 1px; color: white;">castor</span></div>
        </p>
      </simpleChoice>
      <simpleChoice fixed="true" identifier="answer_2">
        <p>
          <div id="drv_83de" oncopy="return false;" onpaste="return false;" oncut="return false;" oncontextmenu="return false;" onmousedown="return false;" onselectstart="return false;"><span style="color: #cc5500;"><span style="font-family: monospace;">517.5 mL</span> stock solution (aliquot)</span><br/>  <span style="color: #005cb3;"><span style="font-family: monospace;">7.5 mL</span> distilled<span style="font-size: 1px; color: white;">plasma</span>water (diluent)</span> </div>
        </p>
      </simpleChoice>
      <simpleChoice fixed="true" identifier="answer_3">
        <p>
          <div id="drv_33f8" oncopy="return false;" onpaste="return false;" oncut="return false;" oncontextmenu="return false;" onmousedown="return false;" onselectstart="return false;"><span style="color: #cc5500;"><span style="font-family: monospace;">7.5 mL</span> stock solution (aliquot)</span><br/>  <span style="color: #005cb3;"><span style="font-family: monospace;">517.5 mL</span> distilled<span style="font-size: 1px; color: white;">set</span>water (diluent)</span><span style="font-size: 1px; color: white;">finger</span></div>
        </p>
      </simpleChoice>
      <simpleChoice fixed="true" identifier="answer_4">
        <p>
          <div id="drv_a061" oncopy="return false;" onpaste="return false;" oncut="return false;" oncontextmenu="return false;" onmousedown="return false;" onselectstart="return false;"><span style="color: #cc5500;"><span style="font-family: monospace;">517.5 mL</span> stock solution (aliquot)</span><br/>  <span style="color: #005cb3;"><span style="font-family: monospace;">525.0 mL</span> distilled water (diluent)</span> </div>
        </p>
      </simpleChoice>
      <simpleChoice fixed="true" identifier="answer_5">
        <p>
          <div id="drv_accd" oncopy="return false;" onpaste="return false;" oncut="return false;" oncontextmenu="return false;" onmousedown="return false;" onselectstart="return false;"><span style="color: #cc5500;"><span style="font-family: monospace;">15.0 mL</span> stock solution (aliquot)</span><br/>  <span style="color: #005cb3;"><span style="font-family: monospace;">510.0 mL</span> distilled<span style="font-size: 1px; color: white;">cord</span>water (diluent)</span><span style="font-size: 1px; color: white;">falsee</span></div>
        </p>
      </simpleChoice>
    </choiceInteraction>
  </itemBody>
  <responseProcessing>
    <responseCondition>
      <responseIf>
        <match>
          <variable identifier="RESPONSE"/>
          <correct identifier="RESPONSE"/>
        </match>
      </responseIf>
    </responseCondition>
  </responseProcessing>
</assessmentItem>
