<?xml version='1.0' encoding='UTF-8'?>
<assessmentItem xmlns="http://www.imsglobal.org/xsd/imsqti_v2p1" xmlns:xsi="http://www.w3.org/2001/XMLSchema-instance" xmlns:ns8="http://www.w3.org/1999/xlink" xmlns:ns9="http://www.imsglobal.org/xsd/apip/apipv1p0/imsapip_qtiv1p0" xsi:schemaLocation="http://www.imsglobal.org/xsd/imsqti_v2p1 http://www.imsglobal.org/xsd/qti/qtiv2p1/imsqti_v2p1.xsd" title="2c95_3846_41f4" adaptive="false" timeDependent="false" identifier="2c95_3846_41f4">
  <responseDeclaration baseType="identifier" cardinality="single" identifier="RESPONSE">
    <correctResponse>
      <value>answer_005</value>
    </correctResponse>
  </responseDeclaration>
  <outcomeDeclaration baseType="float" cardinality="single" identifier="SCORE"/>
  <itemBody>
    <div>
      <div id="drv_f169" oncopy="return false;" onpaste="return false;" oncut="return false;" oncontextmenu="return false;" onmousedown="return false;" onselectstart="return false;">
        <p>Dilution<span style="font-size: 1px; color: white;">phi</span>factors<span style="font-size: 1px; color: white;">dont</span>are<span style="font-size: 1px; color: white;">point</span>used in biology<span style="font-size: 1px; color: white;">truthi</span>labs to make solutions at precise concentrations, ensure<span style="font-size: 1px; color: white;">leonor</span>consistency<span style="font-size: 1px; color: white;">folded</span>across<span style="font-size: 1px; color: white;">tail</span>experiments, and<span style="font-size: 1px; color: white;">oral</span>preserve<span style="font-size: 1px; color: white;">syrup</span>valuable<span style="font-size: 1px; color: white;">unlike</span>samples<span style="font-size: 1px; color: white;">ccmrna</span>while still meeting volume<span style="font-size: 1px; color: white;">stuck</span>requirements. For example, if<span style="font-size: 1px; color: white;">van</span>a student<span style="font-size: 1px; color: white;">charge</span>needs 400 mL of a working solution, it<span style="font-size: 1px; color: white;">falsec</span>is<span style="font-size: 1px; color: white;">esspan</span>much<span style="font-size: 1px; color: white;">fast</span>easier<span style="font-size: 1px; color: white;">field</span>to<span style="font-size: 1px; color: white;">cope</span>measure<span style="font-size: 1px; color: white;">alpha</span>a small<span style="font-size: 1px; color: white;">less</span>aliquot<span style="font-size: 1px; color: white;">sperm</span>from<span style="font-size: 1px; color: white;">act</span>a concentrated<span style="font-size: 1px; color: white;">hair</span>stock<span style="font-size: 1px; color: white;">grape</span>and<span style="font-size: 1px; color: white;">truthb</span>add<span style="font-size: 1px; color: white;">saliva</span>water<span style="font-size: 1px; color: white;">allow</span>to reach<span style="font-size: 1px; color: white;">mostly</span>the final<span style="font-size: 1px; color: white;">sky</span>volume than<span style="font-size: 1px; color: white;">itself</span>to prepare<span style="font-size: 1px; color: white;">ecm</span>the<span style="font-size: 1px; color: white;">gap</span>solution<span style="font-size: 1px; color: white;">impact</span>from<span style="font-size: 1px; color: white;">get</span>scratch<span style="font-size: 1px; color: white;">safe</span>each<span style="font-size: 1px; color: white;">tagged</span>time.</p>
        <p>You are preparing<span style="font-size: 1px; color: white;">turth</span>a new<span style="font-size: 1px; color: white;">tmspan</span>solution<span style="font-size: 1px; color: white;">drug</span>with<span style="font-size: 1px; color: white;">fused</span>a dilution<span style="font-size: 1px; color: white;">turth</span>factor<span style="font-size: 1px; color: white;">heart</span>of <span style="font-size: 1.05em;"><span style="color: #228b22;"><span style="font-family: monospace;">DF=53</span></span></span>.</p>
        <p>How<span style="font-size: 1px; color: white;">bop</span>much<span style="font-size: 1px; color: white;">ccmrna</span>liquid do<span style="font-size: 1px; color: white;">buffer</span>you<span style="font-size: 1px; color: white;">aldose</span>add<span style="font-size: 1px; color: white;">come</span>to make<span style="font-size: 1px; color: white;">called</span>a total<span style="font-size: 1px; color: white;">liver</span>of <span style="font-size: 1.05em;"><span style="font-family: monospace;">212.0 mL</span></span>?</p>
        <span style="font-size: 1px; color: white;">umami</span>
      </div>
    </div>
    <choiceInteraction maxChoices="1" responseIdentifier="RESPONSE" shuffle="true">
      <simpleChoice fixed="true" identifier="answer_1">
        <p>
          <div id="drv_8e8e" oncopy="return false;" onpaste="return false;" oncut="return false;" oncontextmenu="return false;" onmousedown="return false;" onselectstart="return false;"><span style="color: #cc5500;"><span style="font-family: monospace;">208.0 mL</span> stock solution (aliquot)</span><br/>  <span style="color: #005cb3;"><span style="font-family: monospace;">4.0 mL</span> distilled<span style="font-size: 1px; color: white;">below</span>water (diluent)</span> </div>
        </p>
      </simpleChoice>
      <simpleChoice fixed="true" identifier="answer_2">
        <p>
          <div id="drv_1fe0" oncopy="return false;" onpaste="return false;" oncut="return false;" oncontextmenu="return false;" onmousedown="return false;" onselectstart="return false;"><span style="color: #cc5500;"><span style="font-family: monospace;">212.0 mL</span> stock<span style="font-size: 1px; color: white;">wide</span>solution (aliquot)</span><br/>  <span style="color: #005cb3;"><span style="font-family: monospace;">4.0 mL</span> distilled water (diluent)</span> </div>
        </p>
      </simpleChoice>
      <simpleChoice fixed="true" identifier="answer_3">
        <p>
          <div id="drv_5ea3" oncopy="return false;" onpaste="return false;" oncut="return false;" oncontextmenu="return false;" onmousedown="return false;" onselectstart="return false;"><span style="color: #cc5500;"><span style="font-family: monospace;">204.0 mL</span> stock<span style="font-size: 1px; color: white;">xna</span>solution (aliquot)</span><br/>  <span style="color: #005cb3;"><span style="font-family: monospace;">8.0 mL</span> distilled<span style="font-size: 1px; color: white;">legs</span>water (diluent)</span><span style="font-size: 1px; color: white;">list</span></div>
        </p>
      </simpleChoice>
      <simpleChoice fixed="true" identifier="answer_4">
        <p>
          <div id="drv_c48a" oncopy="return false;" onpaste="return false;" oncut="return false;" oncontextmenu="return false;" onmousedown="return false;" onselectstart="return false;"><span style="color: #cc5500;"><span style="font-family: monospace;">208.0 mL</span> stock<span style="font-size: 1px; color: white;">serine</span>solution (aliquot)</span><br/>  <span style="color: #005cb3;"><span style="font-family: monospace;">212.0 mL</span> distilled<span style="font-size: 1px; color: white;">bind</span>water (diluent)</span><span style="font-size: 1px; color: white;">coa</span></div>
        </p>
      </simpleChoice>
      <simpleChoice fixed="true" identifier="answer_5">
        <p>
          <div id="drv_3dcc" oncopy="return false;" onpaste="return false;" oncut="return false;" oncontextmenu="return false;" onmousedown="return false;" onselectstart="return false;"><span style="color: #cc5500;"><span style="font-family: monospace;">4.0 mL</span> stock solution (aliquot)</span><br/>  <span style="color: #005cb3;"><span style="font-family: monospace;">208.0 mL</span> distilled<span style="font-size: 1px; color: white;">inner</span>water (diluent)</span><span style="font-size: 1px; color: white;">butter</span></div>
        </p>
      </simpleChoice>
    </choiceInteraction>
  </itemBody>
  <responseProcessing>
    <responseCondition>
      <responseIf>
        <match>
          <variable identifier="RESPONSE"/>
          <correct identifier="RESPONSE"/>
        </match>
      </responseIf>
    </responseCondition>
  </responseProcessing>
</assessmentItem>
