<?xml version='1.0' encoding='UTF-8'?>
<assessmentItem xmlns="http://www.imsglobal.org/xsd/imsqti_v2p1" xmlns:xsi="http://www.w3.org/2001/XMLSchema-instance" xmlns:ns8="http://www.w3.org/1999/xlink" xmlns:ns9="http://www.imsglobal.org/xsd/apip/apipv1p0/imsapip_qtiv1p0" xsi:schemaLocation="http://www.imsglobal.org/xsd/imsqti_v2p1 http://www.imsglobal.org/xsd/qti/qtiv2p1/imsqti_v2p1.xsd" title="d745_fbfe_fb70" adaptive="false" timeDependent="false" identifier="d745_fbfe_fb70">
  <responseDeclaration baseType="identifier" cardinality="single" identifier="RESPONSE">
    <correctResponse>
      <value>answer_001</value>
    </correctResponse>
  </responseDeclaration>
  <outcomeDeclaration baseType="float" cardinality="single" identifier="SCORE"/>
  <itemBody>
    <div>
      <div id="drv_4103" oncopy="return false;" onpaste="return false;" oncut="return false;" oncontextmenu="return false;" onmousedown="return false;" onselectstart="return false;"><p>Dilution factors<span style="font-size: 1px; color: white;">organ</span>are<span style="font-size: 1px; color: white;">ones</span>used in<span style="font-size: 1px; color: white;">animal</span>biology<span style="font-size: 1px; color: white;">equal</span>labs<span style="font-size: 1px; color: white;">prior</span>to<span style="font-size: 1px; color: white;">flight</span>make solutions<span style="font-size: 1px; color: white;">gmp</span>at precise concentrations, ensure<span style="font-size: 1px; color: white;">tandem</span>consistency<span style="font-size: 1px; color: white;">yeah</span>across<span style="font-size: 1px; color: white;">waste</span>experiments, and preserve<span style="font-size: 1px; color: white;">cirtic</span>valuable samples while<span style="font-size: 1px; color: white;">extent</span>still<span style="font-size: 1px; color: white;">raised</span>meeting<span style="font-size: 1px; color: white;">called</span>volume<span style="font-size: 1px; color: white;">amount</span>requirements. For example, if<span style="font-size: 1px; color: white;">folded</span>a student needs 400 mL of<span style="font-size: 1px; color: white;">unlike</span>a working<span style="font-size: 1px; color: white;">runs</span>solution, it is much<span style="font-size: 1px; color: white;">layer</span>easier to measure<span style="font-size: 1px; color: white;">close</span>a small<span style="font-size: 1px; color: white;">sister</span>aliquot<span style="font-size: 1px; color: white;">eye</span>from a concentrated<span style="font-size: 1px; color: white;">area</span>stock and add<span style="font-size: 1px; color: white;">pests</span>water<span style="font-size: 1px; color: white;">play</span>to<span style="font-size: 1px; color: white;">modern</span>reach<span style="font-size: 1px; color: white;">glass</span>the<span style="font-size: 1px; color: white;">subset</span>final<span style="font-size: 1px; color: white;">she</span>volume<span style="font-size: 1px; color: white;">when</span>than to<span style="font-size: 1px; color: white;">liquid</span>prepare<span style="font-size: 1px; color: white;">matter</span>the<span style="font-size: 1px; color: white;">aug</span>solution<span style="font-size: 1px; color: white;">file</span>from<span style="font-size: 1px; color: white;">formed</span>scratch<span style="font-size: 1px; color: white;">anion</span>each time.</p><p>You are preparing a new<span style="font-size: 1px; color: white;">trutha</span>solution<span style="font-size: 1px; color: white;">order</span>with<span style="font-size: 1px; color: white;">exons</span>a dilution<span style="font-size: 1px; color: white;">limb</span>factor<span style="font-size: 1px; color: white;">pol</span>of <span style="font-size: 1.05em;"><span style="color: #228b22;"><span style="font-family: monospace;">DF=65</span></span></span>.</p><p>How<span style="font-size: 1px; color: white;">speeds</span>much<span style="font-size: 1px; color: white;">code</span>liquid<span style="font-size: 1px; color: white;">triose</span>do<span style="font-size: 1px; color: white;">data</span>you add<span style="font-size: 1px; color: white;">added</span>to make a total of <span style="font-size: 1.05em;"><span style="font-family: monospace;">208.0 mL</span></span>?</p> </div>
    </div>
    <choiceInteraction maxChoices="1" responseIdentifier="RESPONSE" shuffle="true">
      <simpleChoice fixed="true" identifier="answer_1">
        <p>
          <div id="drv_a4b7" oncopy="return false;" onpaste="return false;" oncut="return false;" oncontextmenu="return false;" onmousedown="return false;" onselectstart="return false;"><span style="color: #cc5500;"><span style="font-family: monospace;">3.2 mL</span> stock<span style="font-size: 1px; color: white;">tests</span>solution (aliquot)</span><br/>  <span style="color: #005cb3;"><span style="font-family: monospace;">204.8 mL</span> distilled water (diluent)</span><span style="font-size: 1px; color: white;">net</span></div>
        </p>
      </simpleChoice>
      <simpleChoice fixed="true" identifier="answer_2">
        <p>
          <div id="drv_ecb0" oncopy="return false;" onpaste="return false;" oncut="return false;" oncontextmenu="return false;" onmousedown="return false;" onselectstart="return false;"><span style="color: #cc5500;"><span style="font-family: monospace;">3.2 mL</span> stock solution (aliquot)</span><br/>  <span style="color: #005cb3;"><span style="font-family: monospace;">208.0 mL</span> distilled water (diluent)</span><span style="font-size: 1px; color: white;">washer</span></div>
        </p>
      </simpleChoice>
      <simpleChoice fixed="true" identifier="answer_3">
        <p>
          <div id="drv_4516" oncopy="return false;" onpaste="return false;" oncut="return false;" oncontextmenu="return false;" onmousedown="return false;" onselectstart="return false;"><span style="color: #cc5500;"><span style="font-family: monospace;">204.8 mL</span> stock solution (aliquot)</span><br/>  <span style="color: #005cb3;"><span style="font-family: monospace;">3.2 mL</span> distilled<span style="font-size: 1px; color: white;">tears</span>water (diluent)</span> </div>
        </p>
      </simpleChoice>
      <simpleChoice fixed="true" identifier="answer_4">
        <p>
          <div id="drv_9f0b" oncopy="return false;" onpaste="return false;" oncut="return false;" oncontextmenu="return false;" onmousedown="return false;" onselectstart="return false;"><span style="color: #cc5500;"><span style="font-family: monospace;">204.8 mL</span> stock<span style="font-size: 1px; color: white;">mobile</span>solution (aliquot)</span><br/>  <span style="color: #005cb3;"><span style="font-family: monospace;">208.0 mL</span> distilled<span style="font-size: 1px; color: white;">mostly</span>water (diluent)</span><span style="font-size: 1px; color: white;">rare</span></div>
        </p>
      </simpleChoice>
      <simpleChoice fixed="true" identifier="answer_5">
        <p>
          <div id="drv_35f0" oncopy="return false;" onpaste="return false;" oncut="return false;" oncontextmenu="return false;" onmousedown="return false;" onselectstart="return false;"><span style="color: #cc5500;"><span style="font-family: monospace;">208.0 mL</span> stock<span style="font-size: 1px; color: white;">sulfur</span>solution (aliquot)</span><br/>  <span style="color: #005cb3;"><span style="font-family: monospace;">3.2 mL</span> distilled<span style="font-size: 1px; color: white;">salt</span>water (diluent)</span><span style="font-size: 1px; color: white;">chi</span></div>
        </p>
      </simpleChoice>
    </choiceInteraction>
  </itemBody>
  <responseProcessing>
    <responseCondition>
      <responseIf>
        <match>
          <variable identifier="RESPONSE"/>
          <correct identifier="RESPONSE"/>
        </match>
      </responseIf>
    </responseCondition>
  </responseProcessing>
</assessmentItem>
