<?xml version='1.0' encoding='UTF-8'?>
<assessmentItem xmlns="http://www.imsglobal.org/xsd/imsqti_v2p1" xmlns:xsi="http://www.w3.org/2001/XMLSchema-instance" xmlns:ns8="http://www.w3.org/1999/xlink" xmlns:ns9="http://www.imsglobal.org/xsd/apip/apipv1p0/imsapip_qtiv1p0" xsi:schemaLocation="http://www.imsglobal.org/xsd/imsqti_v2p1 http://www.imsglobal.org/xsd/qti/qtiv2p1/imsqti_v2p1.xsd" title="cab7_cda3_310f" adaptive="false" timeDependent="false" identifier="cab7_cda3_310f">
  <responseDeclaration baseType="identifier" cardinality="single" identifier="RESPONSE">
    <correctResponse>
      <value>answer_002</value>
    </correctResponse>
  </responseDeclaration>
  <outcomeDeclaration baseType="float" cardinality="single" identifier="SCORE"/>
  <itemBody>
    <div>
      <div id="drv_a53e" oncopy="return false;" onpaste="return false;" oncut="return false;" oncontextmenu="return false;" onmousedown="return false;" onselectstart="return false;">
        <p>Dilution<span style="font-size: 1px; color: white;">chisup</span>factors are<span style="font-size: 1px; color: white;">civil</span>used<span style="font-size: 1px; color: white;">stereo</span>in<span style="font-size: 1px; color: white;">influx</span>biology<span style="font-size: 1px; color: white;">mgml</span>labs<span style="font-size: 1px; color: white;">hole</span>to<span style="font-size: 1px; color: white;">pod</span>make<span style="font-size: 1px; color: white;">unite</span>solutions<span style="font-size: 1px; color: white;">bench</span>at<span style="font-size: 1px; color: white;">agent</span>precise<span style="font-size: 1px; color: white;">coli</span>concentrations, ensure<span style="font-size: 1px; color: white;">paired</span>consistency<span style="font-size: 1px; color: white;">just</span>across experiments, and<span style="font-size: 1px; color: white;">digest</span>preserve<span style="font-size: 1px; color: white;">ionic</span>valuable<span style="font-size: 1px; color: white;">next</span>samples<span style="font-size: 1px; color: white;">lysis</span>while still meeting<span style="font-size: 1px; color: white;">edit</span>volume<span style="font-size: 1px; color: white;">bform</span>requirements. For<span style="font-size: 1px; color: white;">bone</span>example, if<span style="font-size: 1px; color: white;">bow</span>a student<span style="font-size: 1px; color: white;">life</span>needs 400 mL of<span style="font-size: 1px; color: white;">mgdl</span>a working solution, it<span style="font-size: 1px; color: white;">sticky</span>is<span style="font-size: 1px; color: white;">pla</span>much<span style="font-size: 1px; color: white;">tmspan</span>easier<span style="font-size: 1px; color: white;">purple</span>to<span style="font-size: 1px; color: white;">sanger</span>measure<span style="font-size: 1px; color: white;">check</span>a small<span style="font-size: 1px; color: white;">ligase</span>aliquot<span style="font-size: 1px; color: white;">waves</span>from<span style="font-size: 1px; color: white;">intron</span>a concentrated stock<span style="font-size: 1px; color: white;">cases</span>and<span style="font-size: 1px; color: white;">half</span>add<span style="font-size: 1px; color: white;">both</span>water<span style="font-size: 1px; color: white;">upside</span>to<span style="font-size: 1px; color: white;">tail</span>reach<span style="font-size: 1px; color: white;">reveal</span>the<span style="font-size: 1px; color: white;">truthd</span>final<span style="font-size: 1px; color: white;">begg</span>volume<span style="font-size: 1px; color: white;">dtt</span>than<span style="font-size: 1px; color: white;">second</span>to prepare<span style="font-size: 1px; color: white;">buffer</span>the<span style="font-size: 1px; color: white;">spike</span>solution<span style="font-size: 1px; color: white;">around</span>from<span style="font-size: 1px; color: white;">behind</span>scratch<span style="font-size: 1px; color: white;">those</span>each<span style="font-size: 1px; color: white;">narrow</span>time.</p>
        <p>You<span style="font-size: 1px; color: white;">mule</span>are<span style="font-size: 1px; color: white;">dayto</span>preparing<span style="font-size: 1px; color: white;">highly</span>a new<span style="font-size: 1px; color: white;">care</span>solution with a dilution<span style="font-size: 1px; color: white;">death</span>factor<span style="font-size: 1px; color: white;">valine</span>of <span style="font-size: 1.05em;"><span style="color: #228b22;"><span style="font-family: monospace;">DF=20</span></span></span>.</p>
        <p>How<span style="font-size: 1px; color: white;">life</span>much<span style="font-size: 1px; color: white;">smash</span>liquid<span style="font-size: 1px; color: white;">major</span>do<span style="font-size: 1px; color: white;">half</span>you add to<span style="font-size: 1px; color: white;">marfan</span>make<span style="font-size: 1px; color: white;">long</span>a total<span style="font-size: 1px; color: white;">clear</span>of <span style="font-size: 1.05em;"><span style="font-family: monospace;">54.0 mL</span></span>?</p>
        <span style="font-size: 1px; color: white;">any</span>
      </div>
    </div>
    <choiceInteraction maxChoices="1" responseIdentifier="RESPONSE" shuffle="true">
      <simpleChoice fixed="true" identifier="answer_1">
        <p>
          <div id="drv_d0b7" oncopy="return false;" onpaste="return false;" oncut="return false;" oncontextmenu="return false;" onmousedown="return false;" onselectstart="return false;"><span style="color: #cc5500;"><span style="font-family: monospace;">54.0 mL</span> stock solution (aliquot)</span><br/>  <span style="color: #005cb3;"><span style="font-family: monospace;">2.7 mL</span> distilled<span style="font-size: 1px; color: white;">ran</span>water (diluent)</span> </div>
        </p>
      </simpleChoice>
      <simpleChoice fixed="true" identifier="answer_2">
        <p>
          <div id="drv_c751" oncopy="return false;" onpaste="return false;" oncut="return false;" oncontextmenu="return false;" onmousedown="return false;" onselectstart="return false;"><span style="color: #cc5500;"><span style="font-family: monospace;">2.7 mL</span> stock<span style="font-size: 1px; color: white;">order</span>solution (aliquot)</span><br/>  <span style="color: #005cb3;"><span style="font-family: monospace;">51.3 mL</span> distilled<span style="font-size: 1px; color: white;">aug</span>water (diluent)</span> </div>
        </p>
      </simpleChoice>
      <simpleChoice fixed="true" identifier="answer_3">
        <p>
          <div id="drv_9178" oncopy="return false;" onpaste="return false;" oncut="return false;" oncontextmenu="return false;" onmousedown="return false;" onselectstart="return false;"><span style="color: #cc5500;"><span style="font-family: monospace;">54.0 mL</span> stock<span style="font-size: 1px; color: white;">wool</span>solution (aliquot)</span><br/>  <span style="color: #005cb3;"><span style="font-family: monospace;">51.3 mL</span> distilled<span style="font-size: 1px; color: white;">yogurt</span>water (diluent)</span><span style="font-size: 1px; color: white;">mates</span></div>
        </p>
      </simpleChoice>
      <simpleChoice fixed="true" identifier="answer_4">
        <p>
          <div id="drv_45e1" oncopy="return false;" onpaste="return false;" oncut="return false;" oncontextmenu="return false;" onmousedown="return false;" onselectstart="return false;"><span style="color: #cc5500;"><span style="font-family: monospace;">5.4 mL</span> stock<span style="font-size: 1px; color: white;">brna</span>solution (aliquot)</span><br/>  <span style="color: #005cb3;"><span style="font-family: monospace;">48.6 mL</span> distilled<span style="font-size: 1px; color: white;">could</span>water (diluent)</span> </div>
        </p>
      </simpleChoice>
      <simpleChoice fixed="true" identifier="answer_5">
        <p>
          <div id="drv_4a7e" oncopy="return false;" onpaste="return false;" oncut="return false;" oncontextmenu="return false;" onmousedown="return false;" onselectstart="return false;"><span style="color: #cc5500;"><span style="font-family: monospace;">51.3 mL</span> stock<span style="font-size: 1px; color: white;">bomb</span>solution (aliquot)</span><br/>  <span style="color: #005cb3;"><span style="font-family: monospace;">2.7 mL</span> distilled<span style="font-size: 1px; color: white;">death</span>water (diluent)</span> </div>
        </p>
      </simpleChoice>
    </choiceInteraction>
  </itemBody>
  <responseProcessing>
    <responseCondition>
      <responseIf>
        <match>
          <variable identifier="RESPONSE"/>
          <correct identifier="RESPONSE"/>
        </match>
      </responseIf>
    </responseCondition>
  </responseProcessing>
</assessmentItem>
