<?xml version='1.0' encoding='UTF-8'?>
<assessmentItem xmlns="http://www.imsglobal.org/xsd/imsqti_v2p1" xmlns:xsi="http://www.w3.org/2001/XMLSchema-instance" xmlns:ns8="http://www.w3.org/1999/xlink" xmlns:ns9="http://www.imsglobal.org/xsd/apip/apipv1p0/imsapip_qtiv1p0" xsi:schemaLocation="http://www.imsglobal.org/xsd/imsqti_v2p1 http://www.imsglobal.org/xsd/qti/qtiv2p1/imsqti_v2p1.xsd" title="fd30_5d6f_011c" adaptive="false" timeDependent="false" identifier="fd30_5d6f_011c">
  <responseDeclaration baseType="identifier" cardinality="single" identifier="RESPONSE">
    <correctResponse>
      <value>answer_005</value>
    </correctResponse>
  </responseDeclaration>
  <outcomeDeclaration baseType="float" cardinality="single" identifier="SCORE"/>
  <itemBody>
    <div>
      <div id="drv_e48a" oncopy="return false;" onpaste="return false;" oncut="return false;" oncontextmenu="return false;" onmousedown="return false;" onselectstart="return false;">
        <p>Dilution<span style="font-size: 1px; color: white;">hiv</span>factors<span style="font-size: 1px; color: white;">serum</span>are<span style="font-size: 1px; color: white;">starts</span>used<span style="font-size: 1px; color: white;">taste</span>in biology labs<span style="font-size: 1px; color: white;">based</span>to make<span style="font-size: 1px; color: white;">ran</span>solutions at<span style="font-size: 1px; color: white;">bpm</span>precise concentrations, ensure<span style="font-size: 1px; color: white;">dntp</span>consistency<span style="font-size: 1px; color: white;">tca</span>across<span style="font-size: 1px; color: white;">format</span>experiments, and<span style="font-size: 1px; color: white;">acids</span>preserve valuable<span style="font-size: 1px; color: white;">been</span>samples<span style="font-size: 1px; color: white;">gels</span>while<span style="font-size: 1px; color: white;">niacin</span>still meeting<span style="font-size: 1px; color: white;">greek</span>volume<span style="font-size: 1px; color: white;">are</span>requirements. For<span style="font-size: 1px; color: white;">drugs</span>example, if<span style="font-size: 1px; color: white;">useful</span>a student needs 400 mL of a working solution, it<span style="font-size: 1px; color: white;">purple</span>is<span style="font-size: 1px; color: white;">stain</span>much easier to<span style="font-size: 1px; color: white;">closed</span>measure<span style="font-size: 1px; color: white;">teal</span>a small<span style="font-size: 1px; color: white;">rely</span>aliquot<span style="font-size: 1px; color: white;">layer</span>from<span style="font-size: 1px; color: white;">serves</span>a concentrated<span style="font-size: 1px; color: white;">abi</span>stock and<span style="font-size: 1px; color: white;">stems</span>add water<span style="font-size: 1px; color: white;">sweet</span>to<span style="font-size: 1px; color: white;">hired</span>reach<span style="font-size: 1px; color: white;">wall</span>the<span style="font-size: 1px; color: white;">pop</span>final volume<span style="font-size: 1px; color: white;">boies</span>than to<span style="font-size: 1px; color: white;">death</span>prepare<span style="font-size: 1px; color: white;">teal</span>the<span style="font-size: 1px; color: white;">balm</span>solution<span style="font-size: 1px; color: white;">food</span>from<span style="font-size: 1px; color: white;">bop</span>scratch<span style="font-size: 1px; color: white;">will</span>each<span style="font-size: 1px; color: white;">roche</span>time.</p>
        <p>You<span style="font-size: 1px; color: white;">who</span>are<span style="font-size: 1px; color: white;">lysine</span>preparing a new<span style="font-size: 1px; color: white;">style</span>solution<span style="font-size: 1px; color: white;">fungus</span>with<span style="font-size: 1px; color: white;">sulfur</span>a dilution<span style="font-size: 1px; color: white;">every</span>factor<span style="font-size: 1px; color: white;">author</span>of <span style="font-size: 1.05em;"><span style="color: #228b22;"><span style="font-family: monospace;">DF=54</span></span></span>.</p>
        <p>How<span style="font-size: 1px; color: white;">roto</span>much<span style="font-size: 1px; color: white;">smart</span>liquid<span style="font-size: 1px; color: white;">occur</span>do<span style="font-size: 1px; color: white;">data</span>you<span style="font-size: 1px; color: white;">any</span>add to<span style="font-size: 1px; color: white;">stat</span>make<span style="font-size: 1px; color: white;">xdna</span>a total<span style="font-size: 1px; color: white;">etrna</span>of <span style="font-size: 1.05em;"><span style="font-family: monospace;">270.0 mL</span></span>?</p>
        <span style="font-size: 1px; color: white;">salt</span>
      </div>
    </div>
    <choiceInteraction maxChoices="1" responseIdentifier="RESPONSE" shuffle="true">
      <simpleChoice fixed="true" identifier="answer_1">
        <p>
          <div id="drv_b4c0" oncopy="return false;" onpaste="return false;" oncut="return false;" oncontextmenu="return false;" onmousedown="return false;" onselectstart="return false;"><span style="color: #cc5500;"><span style="font-family: monospace;">5.0 mL</span> stock solution (aliquot)</span><br/>  <span style="color: #005cb3;"><span style="font-family: monospace;">270.0 mL</span> distilled water (diluent)</span> </div>
        </p>
      </simpleChoice>
      <simpleChoice fixed="true" identifier="answer_2">
        <p>
          <div id="drv_62e8" oncopy="return false;" onpaste="return false;" oncut="return false;" oncontextmenu="return false;" onmousedown="return false;" onselectstart="return false;"><span style="color: #cc5500;"><span style="font-family: monospace;">260.0 mL</span> stock<span style="font-size: 1px; color: white;">third</span>solution (aliquot)</span><br/>  <span style="color: #005cb3;"><span style="font-family: monospace;">10.0 mL</span> distilled<span style="font-size: 1px; color: white;">donkey</span>water (diluent)</span><span style="font-size: 1px; color: white;">close</span></div>
        </p>
      </simpleChoice>
      <simpleChoice fixed="true" identifier="answer_3">
        <p>
          <div id="drv_ce4c" oncopy="return false;" onpaste="return false;" oncut="return false;" oncontextmenu="return false;" onmousedown="return false;" onselectstart="return false;"><span style="color: #cc5500;"><span style="font-family: monospace;">10.0 mL</span> stock solution (aliquot)</span><br/>  <span style="color: #005cb3;"><span style="font-family: monospace;">260.0 mL</span> distilled water (diluent)</span> </div>
        </p>
      </simpleChoice>
      <simpleChoice fixed="true" identifier="answer_4">
        <p>
          <div id="drv_a838" oncopy="return false;" onpaste="return false;" oncut="return false;" oncontextmenu="return false;" onmousedown="return false;" onselectstart="return false;"><span style="color: #cc5500;"><span style="font-family: monospace;">265.0 mL</span> stock<span style="font-size: 1px; color: white;">site</span>solution (aliquot)</span><br/>  <span style="color: #005cb3;"><span style="font-family: monospace;">5.0 mL</span> distilled water (diluent)</span><span style="font-size: 1px; color: white;">bbonly</span></div>
        </p>
      </simpleChoice>
      <simpleChoice fixed="true" identifier="answer_5">
        <p>
          <div id="drv_5a75" oncopy="return false;" onpaste="return false;" oncut="return false;" oncontextmenu="return false;" onmousedown="return false;" onselectstart="return false;"><span style="color: #cc5500;"><span style="font-family: monospace;">5.0 mL</span> stock<span style="font-size: 1px; color: white;">accept</span>solution (aliquot)</span><br/>  <span style="color: #005cb3;"><span style="font-family: monospace;">265.0 mL</span> distilled<span style="font-size: 1px; color: white;">street</span>water (diluent)</span> </div>
        </p>
      </simpleChoice>
    </choiceInteraction>
  </itemBody>
  <responseProcessing>
    <responseCondition>
      <responseIf>
        <match>
          <variable identifier="RESPONSE"/>
          <correct identifier="RESPONSE"/>
        </match>
      </responseIf>
    </responseCondition>
  </responseProcessing>
</assessmentItem>
