<?xml version='1.0' encoding='UTF-8'?>
<assessmentItem xmlns="http://www.imsglobal.org/xsd/imsqti_v2p1" xmlns:xsi="http://www.w3.org/2001/XMLSchema-instance" xmlns:ns8="http://www.w3.org/1999/xlink" xmlns:ns9="http://www.imsglobal.org/xsd/apip/apipv1p0/imsapip_qtiv1p0" xsi:schemaLocation="http://www.imsglobal.org/xsd/imsqti_v2p1 http://www.imsglobal.org/xsd/qti/qtiv2p1/imsqti_v2p1.xsd" title="b244_77fa_d0bb" adaptive="false" timeDependent="false" identifier="b244_77fa_d0bb">
  <responseDeclaration baseType="identifier" cardinality="single" identifier="RESPONSE">
    <correctResponse>
      <value>answer_002</value>
    </correctResponse>
  </responseDeclaration>
  <outcomeDeclaration baseType="float" cardinality="single" identifier="SCORE"/>
  <itemBody>
    <div>
      <div id="drv_aab5" oncopy="return false;" onpaste="return false;" oncut="return false;" oncontextmenu="return false;" onmousedown="return false;" onselectstart="return false;">
        <p>Dilution factors<span style="font-size: 1px; color: white;">aitaqi</span>are used in biology labs<span style="font-size: 1px; color: white;">edge</span>to<span style="font-size: 1px; color: white;">grape</span>make<span style="font-size: 1px; color: white;">bcell</span>solutions<span style="font-size: 1px; color: white;">just</span>at<span style="font-size: 1px; color: white;">embryo</span>precise<span style="font-size: 1px; color: white;">talose</span>concentrations, ensure<span style="font-size: 1px; color: white;">hdpe</span>consistency<span style="font-size: 1px; color: white;">hoover</span>across<span style="font-size: 1px; color: white;">goes</span>experiments, and<span style="font-size: 1px; color: white;">buffer</span>preserve<span style="font-size: 1px; color: white;">dam</span>valuable<span style="font-size: 1px; color: white;">nobel</span>samples<span style="font-size: 1px; color: white;">insert</span>while<span style="font-size: 1px; color: white;">cca</span>still<span style="font-size: 1px; color: white;">down</span>meeting<span style="font-size: 1px; color: white;">copper</span>volume<span style="font-size: 1px; color: white;">ityri</span>requirements. For example, if<span style="font-size: 1px; color: white;">entire</span>a student<span style="font-size: 1px; color: white;">rates</span>needs 400 mL of<span style="font-size: 1px; color: white;">leads</span>a working solution, it<span style="font-size: 1px; color: white;">zfn</span>is<span style="font-size: 1px; color: white;">group</span>much<span style="font-size: 1px; color: white;">truthc</span>easier<span style="font-size: 1px; color: white;">bgel</span>to<span style="font-size: 1px; color: white;">german</span>measure<span style="font-size: 1px; color: white;">spot</span>a small<span style="font-size: 1px; color: white;">forced</span>aliquot<span style="font-size: 1px; color: white;">should</span>from<span style="font-size: 1px; color: white;">oxford</span>a concentrated<span style="font-size: 1px; color: white;">word</span>stock<span style="font-size: 1px; color: white;">cliff</span>and<span style="font-size: 1px; color: white;">true</span>add water<span style="font-size: 1px; color: white;">spots</span>to<span style="font-size: 1px; color: white;">truthg</span>reach<span style="font-size: 1px; color: white;">gmp</span>the<span style="font-size: 1px; color: white;">rules</span>final<span style="font-size: 1px; color: white;">six</span>volume<span style="font-size: 1px; color: white;">tells</span>than<span style="font-size: 1px; color: white;">tall</span>to<span style="font-size: 1px; color: white;">board</span>prepare<span style="font-size: 1px; color: white;">above</span>the solution from scratch each time.</p>
        <p>You<span style="font-size: 1px; color: white;">always</span>are preparing<span style="font-size: 1px; color: white;">rattat</span>a new<span style="font-size: 1px; color: white;">tunnel</span>solution<span style="font-size: 1px; color: white;">mule</span>with<span style="font-size: 1px; color: white;">nacl</span>a dilution factor of <span style="font-size: 1.05em;"><span style="color: #228b22;"><span style="font-family: monospace;">DF=60</span></span></span>.</p>
        <p>How much liquid<span style="font-size: 1px; color: white;">chat</span>do<span style="font-size: 1px; color: white;">mostly</span>you<span style="font-size: 1px; color: white;">dogma</span>add<span style="font-size: 1px; color: white;">odor</span>to<span style="font-size: 1px; color: white;">nearby</span>make<span style="font-size: 1px; color: white;">define</span>a total<span style="font-size: 1px; color: white;">rna</span>of <span style="font-size: 1.05em;"><span style="font-family: monospace;">144.0 mL</span></span>?</p>
        <span style="font-size: 1px; color: white;">fad</span>
      </div>
    </div>
    <choiceInteraction maxChoices="1" responseIdentifier="RESPONSE" shuffle="true">
      <simpleChoice fixed="true" identifier="answer_1">
        <p>
          <div id="drv_5594" oncopy="return false;" onpaste="return false;" oncut="return false;" oncontextmenu="return false;" onmousedown="return false;" onselectstart="return false;"><span style="color: #cc5500;"><span style="font-family: monospace;">141.6 mL</span> stock<span style="font-size: 1px; color: white;">fit</span>solution (aliquot)</span><br/>  <span style="color: #005cb3;"><span style="font-family: monospace;">144.0 mL</span> distilled<span style="font-size: 1px; color: white;">cliff</span>water (diluent)</span><span style="font-size: 1px; color: white;">valine</span></div>
        </p>
      </simpleChoice>
      <simpleChoice fixed="true" identifier="answer_2">
        <p>
          <div id="drv_9aa8" oncopy="return false;" onpaste="return false;" oncut="return false;" oncontextmenu="return false;" onmousedown="return false;" onselectstart="return false;"><span style="color: #cc5500;"><span style="font-family: monospace;">2.4 mL</span> stock<span style="font-size: 1px; color: white;">non</span>solution (aliquot)</span><br/>  <span style="color: #005cb3;"><span style="font-family: monospace;">141.6 mL</span> distilled water (diluent)</span><span style="font-size: 1px; color: white;">will</span></div>
        </p>
      </simpleChoice>
      <simpleChoice fixed="true" identifier="answer_3">
        <p>
          <div id="drv_c671" oncopy="return false;" onpaste="return false;" oncut="return false;" oncontextmenu="return false;" onmousedown="return false;" onselectstart="return false;"><span style="color: #cc5500;"><span style="font-family: monospace;">144.0 mL</span> stock<span style="font-size: 1px; color: white;">number</span>solution (aliquot)</span><br/>  <span style="color: #005cb3;"><span style="font-family: monospace;">2.4 mL</span> distilled<span style="font-size: 1px; color: white;">exam</span>water (diluent)</span><span style="font-size: 1px; color: white;">xylene</span></div>
        </p>
      </simpleChoice>
      <simpleChoice fixed="true" identifier="answer_4">
        <p>
          <div id="drv_162d" oncopy="return false;" onpaste="return false;" oncut="return false;" oncontextmenu="return false;" onmousedown="return false;" onselectstart="return false;"><span style="color: #cc5500;"><span style="font-family: monospace;">141.6 mL</span> stock<span style="font-size: 1px; color: white;">add</span>solution (aliquot)</span><br/>  <span style="color: #005cb3;"><span style="font-family: monospace;">2.4 mL</span> distilled<span style="font-size: 1px; color: white;">twice</span>water (diluent)</span><span style="font-size: 1px; color: white;">use</span></div>
        </p>
      </simpleChoice>
      <simpleChoice fixed="true" identifier="answer_5">
        <p>
          <div id="drv_a272" oncopy="return false;" onpaste="return false;" oncut="return false;" oncontextmenu="return false;" onmousedown="return false;" onselectstart="return false;"><span style="color: #cc5500;"><span style="font-family: monospace;">139.2 mL</span> stock<span style="font-size: 1px; color: white;">just</span>solution (aliquot)</span><br/>  <span style="color: #005cb3;"><span style="font-family: monospace;">4.8 mL</span> distilled<span style="font-size: 1px; color: white;">glass</span>water (diluent)</span> </div>
        </p>
      </simpleChoice>
    </choiceInteraction>
  </itemBody>
  <responseProcessing>
    <responseCondition>
      <responseIf>
        <match>
          <variable identifier="RESPONSE"/>
          <correct identifier="RESPONSE"/>
        </match>
      </responseIf>
    </responseCondition>
  </responseProcessing>
</assessmentItem>
