<?xml version='1.0' encoding='UTF-8'?>
<assessmentItem xmlns="http://www.imsglobal.org/xsd/imsqti_v2p1" xmlns:xsi="http://www.w3.org/2001/XMLSchema-instance" xmlns:ns8="http://www.w3.org/1999/xlink" xmlns:ns9="http://www.imsglobal.org/xsd/apip/apipv1p0/imsapip_qtiv1p0" xsi:schemaLocation="http://www.imsglobal.org/xsd/imsqti_v2p1 http://www.imsglobal.org/xsd/qti/qtiv2p1/imsqti_v2p1.xsd" title="3acb_aed1_2594" adaptive="false" timeDependent="false" identifier="3acb_aed1_2594">
  <responseDeclaration baseType="identifier" cardinality="single" identifier="RESPONSE">
    <correctResponse>
      <value>answer_001</value>
    </correctResponse>
  </responseDeclaration>
  <outcomeDeclaration baseType="float" cardinality="single" identifier="SCORE"/>
  <itemBody>
    <div>
      <div id="drv_d1ad" oncopy="return false;" onpaste="return false;" oncut="return false;" oncontextmenu="return false;" onmousedown="return false;" onselectstart="return false;">
        <p>Dilution<span style="font-size: 1px; color: white;">linked</span>factors<span style="font-size: 1px; color: white;">sorts</span>are<span style="font-size: 1px; color: white;">trnas</span>used<span style="font-size: 1px; color: white;">fluid</span>in biology<span style="font-size: 1px; color: white;">span</span>labs<span style="font-size: 1px; color: white;">third</span>to make<span style="font-size: 1px; color: white;">with</span>solutions<span style="font-size: 1px; color: white;">rise</span>at precise<span style="font-size: 1px; color: white;">you</span>concentrations, ensure consistency<span style="font-size: 1px; color: white;">water</span>across<span style="font-size: 1px; color: white;">held</span>experiments, and preserve valuable<span style="font-size: 1px; color: white;">ddna</span>samples<span style="font-size: 1px; color: white;">total</span>while<span style="font-size: 1px; color: white;">shows</span>still<span style="font-size: 1px; color: white;">donors</span>meeting<span style="font-size: 1px; color: white;">could</span>volume<span style="font-size: 1px; color: white;">print</span>requirements. For<span style="font-size: 1px; color: white;">hydrid</span>example, if<span style="font-size: 1px; color: white;">law</span>a student<span style="font-size: 1px; color: white;">due</span>needs 400 mL of<span style="font-size: 1px; color: white;">themip</span>a working solution, it<span style="font-size: 1px; color: white;">runner</span>is much easier<span style="font-size: 1px; color: white;">stable</span>to measure a small<span style="font-size: 1px; color: white;">ketone</span>aliquot<span style="font-size: 1px; color: white;">match</span>from<span style="font-size: 1px; color: white;">grow</span>a concentrated<span style="font-size: 1px; color: white;">simple</span>stock<span style="font-size: 1px; color: white;">falsek</span>and<span style="font-size: 1px; color: white;">spins</span>add<span style="font-size: 1px; color: white;">runner</span>water<span style="font-size: 1px; color: white;">less</span>to<span style="font-size: 1px; color: white;">apply</span>reach<span style="font-size: 1px; color: white;">bred</span>the<span style="font-size: 1px; color: white;">phases</span>final<span style="font-size: 1px; color: white;">washer</span>volume<span style="font-size: 1px; color: white;">tells</span>than to<span style="font-size: 1px; color: white;">cystic</span>prepare<span style="font-size: 1px; color: white;">per</span>the<span style="font-size: 1px; color: white;">sky</span>solution from<span style="font-size: 1px; color: white;">lipid</span>scratch<span style="font-size: 1px; color: white;">extent</span>each<span style="font-size: 1px; color: white;">pumps</span>time.</p>
        <p>You<span style="font-size: 1px; color: white;">repair</span>are<span style="font-size: 1px; color: white;">treats</span>preparing<span style="font-size: 1px; color: white;">bird</span>a new<span style="font-size: 1px; color: white;">sexual</span>solution with<span style="font-size: 1px; color: white;">gapdh</span>a dilution<span style="font-size: 1px; color: white;">ethane</span>factor of <span style="font-size: 1.05em;"><span style="color: #228b22;"><span style="font-family: monospace;">DF=73</span></span></span>.</p>
        <p>How<span style="font-size: 1px; color: white;">brew</span>much<span style="font-size: 1px; color: white;">act</span>liquid<span style="font-size: 1px; color: white;">break</span>do<span style="font-size: 1px; color: white;">capric</span>you<span style="font-size: 1px; color: white;">tail</span>add<span style="font-size: 1px; color: white;">nail</span>to<span style="font-size: 1px; color: white;">into</span>make a total<span style="font-size: 1px; color: white;">basis</span>of <span style="font-size: 1.05em;"><span style="font-family: monospace;">657.0 mL</span></span>?</p>
        <span style="font-size: 1px; color: white;">zinc</span>
      </div>
    </div>
    <choiceInteraction maxChoices="1" responseIdentifier="RESPONSE" shuffle="true">
      <simpleChoice fixed="true" identifier="answer_1">
        <p>
          <div id="drv_ea34" oncopy="return false;" onpaste="return false;" oncut="return false;" oncontextmenu="return false;" onmousedown="return false;" onselectstart="return false;"><span style="color: #cc5500;"><span style="font-family: monospace;">9.0 mL</span> stock<span style="font-size: 1px; color: white;">domain</span>solution (aliquot)</span><br/>  <span style="color: #005cb3;"><span style="font-family: monospace;">648.0 mL</span> distilled<span style="font-size: 1px; color: white;">things</span>water (diluent)</span><span style="font-size: 1px; color: white;">carbon</span></div>
        </p>
      </simpleChoice>
      <simpleChoice fixed="true" identifier="answer_2">
        <p>
          <div id="drv_ff10" oncopy="return false;" onpaste="return false;" oncut="return false;" oncontextmenu="return false;" onmousedown="return false;" onselectstart="return false;"><span style="color: #cc5500;"><span style="font-family: monospace;">657.0 mL</span> stock<span style="font-size: 1px; color: white;">before</span>solution (aliquot)</span><br/>  <span style="color: #005cb3;"><span style="font-family: monospace;">9.0 mL</span> distilled<span style="font-size: 1px; color: white;">gapdh</span>water (diluent)</span> </div>
        </p>
      </simpleChoice>
      <simpleChoice fixed="true" identifier="answer_3">
        <p>
          <div id="drv_b904" oncopy="return false;" onpaste="return false;" oncut="return false;" oncontextmenu="return false;" onmousedown="return false;" onselectstart="return false;"><span style="color: #cc5500;"><span style="font-family: monospace;">648.0 mL</span> stock solution (aliquot)</span><br/>  <span style="color: #005cb3;"><span style="font-family: monospace;">657.0 mL</span> distilled<span style="font-size: 1px; color: white;">way</span>water (diluent)</span><span style="font-size: 1px; color: white;">apart</span></div>
        </p>
      </simpleChoice>
      <simpleChoice fixed="true" identifier="answer_4">
        <p>
          <div id="drv_fb59" oncopy="return false;" onpaste="return false;" oncut="return false;" oncontextmenu="return false;" onmousedown="return false;" onselectstart="return false;"><span style="color: #cc5500;"><span style="font-family: monospace;">648.0 mL</span> stock solution (aliquot)</span><br/>  <span style="color: #005cb3;"><span style="font-family: monospace;">9.0 mL</span> distilled<span style="font-size: 1px; color: white;">taste</span>water (diluent)</span> </div>
        </p>
      </simpleChoice>
      <simpleChoice fixed="true" identifier="answer_5">
        <p>
          <div id="drv_fe57" oncopy="return false;" onpaste="return false;" oncut="return false;" oncontextmenu="return false;" onmousedown="return false;" onselectstart="return false;"><span style="color: #cc5500;"><span style="font-family: monospace;">657.0 mL</span> stock<span style="font-size: 1px; color: white;">outer</span>solution (aliquot)</span><br/>  <span style="color: #005cb3;"><span style="font-family: monospace;">648.0 mL</span> distilled water (diluent)</span><span style="font-size: 1px; color: white;">beetle</span></div>
        </p>
      </simpleChoice>
    </choiceInteraction>
  </itemBody>
  <responseProcessing>
    <responseCondition>
      <responseIf>
        <match>
          <variable identifier="RESPONSE"/>
          <correct identifier="RESPONSE"/>
        </match>
      </responseIf>
    </responseCondition>
  </responseProcessing>
</assessmentItem>
