<?xml version='1.0' encoding='UTF-8'?>
<assessmentItem xmlns="http://www.imsglobal.org/xsd/imsqti_v2p1" xmlns:xsi="http://www.w3.org/2001/XMLSchema-instance" xmlns:ns8="http://www.w3.org/1999/xlink" xmlns:ns9="http://www.imsglobal.org/xsd/apip/apipv1p0/imsapip_qtiv1p0" xsi:schemaLocation="http://www.imsglobal.org/xsd/imsqti_v2p1 http://www.imsglobal.org/xsd/qti/qtiv2p1/imsqti_v2p1.xsd" title="4e9c_e3a6_c84d" adaptive="false" timeDependent="false" identifier="4e9c_e3a6_c84d">
  <responseDeclaration baseType="identifier" cardinality="single" identifier="RESPONSE">
    <correctResponse>
      <value>answer_001</value>
    </correctResponse>
  </responseDeclaration>
  <outcomeDeclaration baseType="float" cardinality="single" identifier="SCORE"/>
  <itemBody>
    <div>
      <div id="drv_c8cb" oncopy="return false;" onpaste="return false;" oncut="return false;" oncontextmenu="return false;" onmousedown="return false;" onselectstart="return false;"><p>Dilution factors<span style="font-size: 1px; color: white;">sense</span>are used in<span style="font-size: 1px; color: white;">sum</span>biology<span style="font-size: 1px; color: white;">they</span>labs to make<span style="font-size: 1px; color: white;">night</span>solutions<span style="font-size: 1px; color: white;">bonds</span>at<span style="font-size: 1px; color: white;">scores</span>precise concentrations, ensure<span style="font-size: 1px; color: white;">bridge</span>consistency across<span style="font-size: 1px; color: white;">origin</span>experiments, and preserve<span style="font-size: 1px; color: white;">food</span>valuable<span style="font-size: 1px; color: white;">event</span>samples<span style="font-size: 1px; color: white;">atoms</span>while still meeting<span style="font-size: 1px; color: white;">bug</span>volume requirements. For example, if<span style="font-size: 1px; color: white;">carry</span>a student needs 400 mL of a working<span style="font-size: 1px; color: white;">nadh</span>solution, it<span style="font-size: 1px; color: white;">base</span>is much<span style="font-size: 1px; color: white;">gcdotu</span>easier<span style="font-size: 1px; color: white;">xna</span>to measure a small aliquot<span style="font-size: 1px; color: white;">xylene</span>from<span style="font-size: 1px; color: white;">folic</span>a concentrated<span style="font-size: 1px; color: white;">ketone</span>stock and<span style="font-size: 1px; color: white;">white</span>add<span style="font-size: 1px; color: white;">copper</span>water<span style="font-size: 1px; color: white;">valve</span>to reach<span style="font-size: 1px; color: white;">falls</span>the final<span style="font-size: 1px; color: white;">parts</span>volume<span style="font-size: 1px; color: white;">role</span>than to<span style="font-size: 1px; color: white;">runway</span>prepare<span style="font-size: 1px; color: white;">fork</span>the solution<span style="font-size: 1px; color: white;">method</span>from<span style="font-size: 1px; color: white;">psi</span>scratch<span style="font-size: 1px; color: white;">pass</span>each<span style="font-size: 1px; color: white;">bitter</span>time.</p><p>You are<span style="font-size: 1px; color: white;">lgiczz</span>preparing a new<span style="font-size: 1px; color: white;">truthf</span>solution with<span style="font-size: 1px; color: white;">lime</span>a dilution<span style="font-size: 1px; color: white;">pest</span>factor of <span style="font-size: 1.05em;"><span style="color: #228b22;"><span style="font-family: monospace;">DF=70</span></span></span>.</p><p>How<span style="font-size: 1px; color: white;">cut</span>much liquid<span style="font-size: 1px; color: white;">not</span>do<span style="font-size: 1px; color: white;">normal</span>you<span style="font-size: 1px; color: white;">anchor</span>add<span style="font-size: 1px; color: white;">anion</span>to<span style="font-size: 1px; color: white;">night</span>make<span style="font-size: 1px; color: white;">same</span>a total<span style="font-size: 1px; color: white;">bud</span>of <span style="font-size: 1.05em;"><span style="font-family: monospace;">350.0 mL</span></span>?</p> </div>
    </div>
    <choiceInteraction maxChoices="1" responseIdentifier="RESPONSE" shuffle="true">
      <simpleChoice fixed="true" identifier="answer_1">
        <p>
          <div id="drv_1652" oncopy="return false;" onpaste="return false;" oncut="return false;" oncontextmenu="return false;" onmousedown="return false;" onselectstart="return false;"><span style="color: #cc5500;"><span style="font-family: monospace;">5.0 mL</span> stock solution (aliquot)</span><br/>  <span style="color: #005cb3;"><span style="font-family: monospace;">345.0 mL</span> distilled water (diluent)</span><span style="font-size: 1px; color: white;">key</span></div>
        </p>
      </simpleChoice>
      <simpleChoice fixed="true" identifier="answer_2">
        <p>
          <div id="drv_372f" oncopy="return false;" onpaste="return false;" oncut="return false;" oncontextmenu="return false;" onmousedown="return false;" onselectstart="return false;"><span style="color: #cc5500;"><span style="font-family: monospace;">345.0 mL</span> stock solution (aliquot)</span><br/>  <span style="color: #005cb3;"><span style="font-family: monospace;">350.0 mL</span> distilled<span style="font-size: 1px; color: white;">tca</span>water (diluent)</span><span style="font-size: 1px; color: white;">scales</span></div>
        </p>
      </simpleChoice>
      <simpleChoice fixed="true" identifier="answer_3">
        <p>
          <div id="drv_4051" oncopy="return false;" onpaste="return false;" oncut="return false;" oncontextmenu="return false;" onmousedown="return false;" onselectstart="return false;"><span style="color: #cc5500;"><span style="font-family: monospace;">350.0 mL</span> stock solution (aliquot)</span><br/>  <span style="color: #005cb3;"><span style="font-family: monospace;">345.0 mL</span> distilled<span style="font-size: 1px; color: white;">units</span>water (diluent)</span><span style="font-size: 1px; color: white;">marrow</span></div>
        </p>
      </simpleChoice>
      <simpleChoice fixed="true" identifier="answer_4">
        <p>
          <div id="drv_f723" oncopy="return false;" onpaste="return false;" oncut="return false;" oncontextmenu="return false;" onmousedown="return false;" onselectstart="return false;"><span style="color: #cc5500;"><span style="font-family: monospace;">345.0 mL</span> stock<span style="font-size: 1px; color: white;">wind</span>solution (aliquot)</span><br/>  <span style="color: #005cb3;"><span style="font-family: monospace;">5.0 mL</span> distilled<span style="font-size: 1px; color: white;">sleep</span>water (diluent)</span> </div>
        </p>
      </simpleChoice>
      <simpleChoice fixed="true" identifier="answer_5">
        <p>
          <div id="drv_ce87" oncopy="return false;" onpaste="return false;" oncut="return false;" oncontextmenu="return false;" onmousedown="return false;" onselectstart="return false;"><span style="color: #cc5500;"><span style="font-family: monospace;">5.0 mL</span> stock solution (aliquot)</span><br/>  <span style="color: #005cb3;"><span style="font-family: monospace;">350.0 mL</span> distilled<span style="font-size: 1px; color: white;">main</span>water (diluent)</span><span style="font-size: 1px; color: white;">leonor</span></div>
        </p>
      </simpleChoice>
    </choiceInteraction>
  </itemBody>
  <responseProcessing>
    <responseCondition>
      <responseIf>
        <match>
          <variable identifier="RESPONSE"/>
          <correct identifier="RESPONSE"/>
        </match>
      </responseIf>
    </responseCondition>
  </responseProcessing>
</assessmentItem>
