<?xml version='1.0' encoding='UTF-8'?>
<assessmentItem xmlns="http://www.imsglobal.org/xsd/imsqti_v2p1" xmlns:xsi="http://www.w3.org/2001/XMLSchema-instance" xmlns:ns8="http://www.w3.org/1999/xlink" xmlns:ns9="http://www.imsglobal.org/xsd/apip/apipv1p0/imsapip_qtiv1p0" xsi:schemaLocation="http://www.imsglobal.org/xsd/imsqti_v2p1 http://www.imsglobal.org/xsd/qti/qtiv2p1/imsqti_v2p1.xsd" title="9fe2_a038_da69" adaptive="false" timeDependent="false" identifier="9fe2_a038_da69">
  <responseDeclaration baseType="identifier" cardinality="single" identifier="RESPONSE">
    <correctResponse>
      <value>answer_002</value>
    </correctResponse>
  </responseDeclaration>
  <outcomeDeclaration baseType="float" cardinality="single" identifier="SCORE"/>
  <itemBody>
    <div>
      <div id="drv_969e" oncopy="return false;" onpaste="return false;" oncut="return false;" oncontextmenu="return false;" onmousedown="return false;" onselectstart="return false;">
        <p>Dilution<span style="font-size: 1px; color: white;">sybr</span>factors are used<span style="font-size: 1px; color: white;">able</span>in<span style="font-size: 1px; color: white;">sexual</span>biology<span style="font-size: 1px; color: white;">garlic</span>labs to<span style="font-size: 1px; color: white;">bulb</span>make<span style="font-size: 1px; color: white;">legs</span>solutions<span style="font-size: 1px; color: white;">out</span>at<span style="font-size: 1px; color: white;">neural</span>precise concentrations, ensure consistency<span style="font-size: 1px; color: white;">mobile</span>across<span style="font-size: 1px; color: white;">dntp</span>experiments, and<span style="font-size: 1px; color: white;">fan</span>preserve valuable<span style="font-size: 1px; color: white;">toxins</span>samples<span style="font-size: 1px; color: white;">taking</span>while<span style="font-size: 1px; color: white;">rupert</span>still meeting volume<span style="font-size: 1px; color: white;">genes</span>requirements. For example, if<span style="font-size: 1px; color: white;">male</span>a student<span style="font-size: 1px; color: white;">lookup</span>needs 400 mL of a working<span style="font-size: 1px; color: white;">ensure</span>solution, it is much easier<span style="font-size: 1px; color: white;">leaves</span>to measure<span style="font-size: 1px; color: white;">back</span>a small<span style="font-size: 1px; color: white;">homo</span>aliquot from a concentrated stock<span style="font-size: 1px; color: white;">agents</span>and add water to<span style="font-size: 1px; color: white;">truthc</span>reach the final<span style="font-size: 1px; color: white;">dimer</span>volume than<span style="font-size: 1px; color: white;">phenol</span>to<span style="font-size: 1px; color: white;">pain</span>prepare<span style="font-size: 1px; color: white;">sorted</span>the solution<span style="font-size: 1px; color: white;">six</span>from<span style="font-size: 1px; color: white;">levels</span>scratch<span style="font-size: 1px; color: white;">liver</span>each<span style="font-size: 1px; color: white;">soil</span>time.</p>
        <p>You are<span style="font-size: 1px; color: white;">affect</span>preparing<span style="font-size: 1px; color: white;">german</span>a new solution with<span style="font-size: 1px; color: white;">with</span>a dilution<span style="font-size: 1px; color: white;">before</span>factor<span style="font-size: 1px; color: white;">stiff</span>of <span style="font-size: 1.05em;"><span style="color: #228b22;"><span style="font-family: monospace;">DF=40</span></span></span>.</p>
        <p>How<span style="font-size: 1px; color: white;">faulty</span>much<span style="font-size: 1px; color: white;">fast</span>liquid<span style="font-size: 1px; color: white;">triple</span>do you add to<span style="font-size: 1px; color: white;">bug</span>make<span style="font-size: 1px; color: white;">others</span>a total<span style="font-size: 1px; color: white;">keep</span>of <span style="font-size: 1.05em;"><span style="font-family: monospace;">344.0 mL</span></span>?</p>
        <span style="font-size: 1px; color: white;">adding</span>
      </div>
    </div>
    <choiceInteraction maxChoices="1" responseIdentifier="RESPONSE" shuffle="true">
      <simpleChoice fixed="true" identifier="answer_1">
        <p>
          <div id="drv_ed54" oncopy="return false;" onpaste="return false;" oncut="return false;" oncontextmenu="return false;" onmousedown="return false;" onselectstart="return false;"><span style="color: #cc5500;"><span style="font-family: monospace;">335.4 mL</span> stock<span style="font-size: 1px; color: white;">term</span>solution (aliquot)</span><br/>  <span style="color: #005cb3;"><span style="font-family: monospace;">8.6 mL</span> distilled water (diluent)</span><span style="font-size: 1px; color: white;">proton</span></div>
        </p>
      </simpleChoice>
      <simpleChoice fixed="true" identifier="answer_2">
        <p>
          <div id="drv_71e7" oncopy="return false;" onpaste="return false;" oncut="return false;" oncontextmenu="return false;" onmousedown="return false;" onselectstart="return false;"><span style="color: #cc5500;"><span style="font-family: monospace;">8.6 mL</span> stock<span style="font-size: 1px; color: white;">novel</span>solution (aliquot)</span><br/>  <span style="color: #005cb3;"><span style="font-family: monospace;">335.4 mL</span> distilled<span style="font-size: 1px; color: white;">eside</span>water (diluent)</span><span style="font-size: 1px; color: white;">black</span></div>
        </p>
      </simpleChoice>
      <simpleChoice fixed="true" identifier="answer_3">
        <p>
          <div id="drv_852b" oncopy="return false;" onpaste="return false;" oncut="return false;" oncontextmenu="return false;" onmousedown="return false;" onselectstart="return false;"><span style="color: #cc5500;"><span style="font-family: monospace;">344.0 mL</span> stock<span style="font-size: 1px; color: white;">energy</span>solution (aliquot)</span><br/>  <span style="color: #005cb3;"><span style="font-family: monospace;">8.6 mL</span> distilled<span style="font-size: 1px; color: white;">column</span>water (diluent)</span><span style="font-size: 1px; color: white;">datp</span></div>
        </p>
      </simpleChoice>
      <simpleChoice fixed="true" identifier="answer_4">
        <p>
          <div id="drv_4589" oncopy="return false;" onpaste="return false;" oncut="return false;" oncontextmenu="return false;" onmousedown="return false;" onselectstart="return false;"><span style="color: #cc5500;"><span style="font-family: monospace;">326.8 mL</span> stock solution (aliquot)</span><br/>  <span style="color: #005cb3;"><span style="font-family: monospace;">17.2 mL</span> distilled<span style="font-size: 1px; color: white;">input</span>water (diluent)</span><span style="font-size: 1px; color: white;">tight</span></div>
        </p>
      </simpleChoice>
      <simpleChoice fixed="true" identifier="answer_5">
        <p>
          <div id="drv_33b9" oncopy="return false;" onpaste="return false;" oncut="return false;" oncontextmenu="return false;" onmousedown="return false;" onselectstart="return false;"><span style="color: #cc5500;"><span style="font-family: monospace;">344.0 mL</span> stock<span style="font-size: 1px; color: white;">gef</span>solution (aliquot)</span><br/>  <span style="color: #005cb3;"><span style="font-family: monospace;">335.4 mL</span> distilled<span style="font-size: 1px; color: white;">taste</span>water (diluent)</span><span style="font-size: 1px; color: white;">drugs</span></div>
        </p>
      </simpleChoice>
    </choiceInteraction>
  </itemBody>
  <responseProcessing>
    <responseCondition>
      <responseIf>
        <match>
          <variable identifier="RESPONSE"/>
          <correct identifier="RESPONSE"/>
        </match>
      </responseIf>
    </responseCondition>
  </responseProcessing>
</assessmentItem>
