<?xml version='1.0' encoding='UTF-8'?>
<assessmentItem xmlns="http://www.imsglobal.org/xsd/imsqti_v2p1" xmlns:xsi="http://www.w3.org/2001/XMLSchema-instance" xmlns:ns8="http://www.w3.org/1999/xlink" xmlns:ns9="http://www.imsglobal.org/xsd/apip/apipv1p0/imsapip_qtiv1p0" xsi:schemaLocation="http://www.imsglobal.org/xsd/imsqti_v2p1 http://www.imsglobal.org/xsd/qti/qtiv2p1/imsqti_v2p1.xsd" title="2c53_6b7e_7139" adaptive="false" timeDependent="false" identifier="2c53_6b7e_7139">
  <responseDeclaration baseType="identifier" cardinality="single" identifier="RESPONSE">
    <correctResponse>
      <value>answer_002</value>
    </correctResponse>
  </responseDeclaration>
  <outcomeDeclaration baseType="float" cardinality="single" identifier="SCORE"/>
  <itemBody>
    <div>
      <div id="drv_d660" oncopy="return false;" onpaste="return false;" oncut="return false;" oncontextmenu="return false;" onmousedown="return false;" onselectstart="return false;"><p><b>Calculate<span style="font-size: 1px; color: white;">ityri</span>pK<sub>a</sub> for<span style="font-size: 1px; color: white;">helix</span>the<span style="font-size: 1px; color: white;">carbon</span>weak<span style="font-size: 1px; color: white;">car</span>acid.</b></p><p>The<span style="font-size: 1px; color: white;">xmales</span>solution<span style="font-size: 1px; color: white;">hold</span>contains <span style="font-family: monospace;">145.0 mM</span> of <strong>lactic acid</strong> and <span style="font-family: monospace;">618.0 mM</span> of <strong>sodium lactate</strong>.</p><p>The<span style="font-size: 1px; color: white;">xeno</span>measured pH of<span style="font-size: 1px; color: white;">below</span>the solution is <span style="font-family: monospace;">4.49</span>.</p><p>Henderson-Hasselbalch<span style="font-size: 1px; color: white;">apply</span>equation:</p><p><math xmlns="http://www.w3.org/1998/Math/MathML"><mi>pH</mi><mo> </mo><mo>=</mo><mo> </mo><msub><mi>pK</mi><mi>a</mi></msub><mo> </mo><mo>+</mo><mo> </mo><msub><mo>log</mo><mn>10</mn></msub><mfenced><mfrac><mrow><mo stretchy="true">[</mo><mi>Base</mi><mo stretchy="true">]</mo></mrow><mrow><mo stretchy="true">[</mo><mi>Acid</mi><mo stretchy="true">]</mo></mrow></mfrac></mfenced></math></p> </div>
    </div>
    <choiceInteraction maxChoices="1" responseIdentifier="RESPONSE" shuffle="true">
      <simpleChoice fixed="true" identifier="answer_1">
        <p>
          <div id="drv_4f71" oncopy="return false;" onpaste="return false;" oncut="return false;" oncontextmenu="return false;" onmousedown="return false;" onselectstart="return false;">
            <span style="font-family: monospace;">4.86</span>
            <span style="font-size: 1px; color: white;">early</span>
          </div>
        </p>
      </simpleChoice>
      <simpleChoice fixed="true" identifier="answer_2">
        <p>
          <div id="drv_d24c" oncopy="return false;" onpaste="return false;" oncut="return false;" oncontextmenu="return false;" onmousedown="return false;" onselectstart="return false;"><span style="font-family: monospace;">3.86</span> </div>
        </p>
      </simpleChoice>
      <simpleChoice fixed="true" identifier="answer_3">
        <p>
          <div id="drv_7245" oncopy="return false;" onpaste="return false;" oncut="return false;" oncontextmenu="return false;" onmousedown="return false;" onselectstart="return false;"><span style="font-family: monospace;">3.51</span> </div>
        </p>
      </simpleChoice>
      <simpleChoice fixed="true" identifier="answer_4">
        <p>
          <div id="drv_eeae" oncopy="return false;" onpaste="return false;" oncut="return false;" oncontextmenu="return false;" onmousedown="return false;" onselectstart="return false;">
            <span style="font-family: monospace;">4.46</span>
            <span style="font-size: 1px; color: white;">stats</span>
          </div>
        </p>
      </simpleChoice>
    </choiceInteraction>
  </itemBody>
  <responseProcessing>
    <responseCondition>
      <responseIf>
        <match>
          <variable identifier="RESPONSE"/>
          <correct identifier="RESPONSE"/>
        </match>
      </responseIf>
    </responseCondition>
  </responseProcessing>
</assessmentItem>
