<?xml version='1.0' encoding='UTF-8'?>
<assessmentItem xmlns="http://www.imsglobal.org/xsd/imsqti_v2p1" xmlns:xsi="http://www.w3.org/2001/XMLSchema-instance" xmlns:ns8="http://www.w3.org/1999/xlink" xmlns:ns9="http://www.imsglobal.org/xsd/apip/apipv1p0/imsapip_qtiv1p0" xsi:schemaLocation="http://www.imsglobal.org/xsd/imsqti_v2p1 http://www.imsglobal.org/xsd/qti/qtiv2p1/imsqti_v2p1.xsd" title="8644_d4b2_8722" adaptive="false" timeDependent="false" identifier="8644_d4b2_8722">
  <responseDeclaration baseType="identifier" cardinality="single" identifier="RESPONSE">
    <correctResponse>
      <value>answer_002</value>
    </correctResponse>
  </responseDeclaration>
  <outcomeDeclaration baseType="float" cardinality="single" identifier="SCORE"/>
  <itemBody>
    <div>
      <div id="drv_a2b8" oncopy="return false;" onpaste="return false;" oncut="return false;" oncontextmenu="return false;" onmousedown="return false;" onselectstart="return false;">
        <p>
          <b>Calculate<span style="font-size: 1px; color: white;">offset</span>pK<sub>b</sub> for<span style="font-size: 1px; color: white;">mucus</span>the<span style="font-size: 1px; color: white;">stereo</span>weak base.</b>
        </p>
        <p>The<span style="font-size: 1px; color: white;">counts</span>solution contains <span style="font-family: monospace;">81.7 mM</span> of <strong>ethylamine</strong> and <span style="font-family: monospace;">45.9 mM</span> of <strong>ethylammonium<span style="font-size: 1px; color: white;">helix</span>chloride</strong>.</p>
        <p>The<span style="font-size: 1px; color: white;">liver</span>measured pH of<span style="font-size: 1px; color: white;">zero</span>the<span style="font-size: 1px; color: white;">ten</span>solution is <span style="font-family: monospace;">10.26</span>.</p>
        <p>Hint: pK<sub>a</sub> + pK<sub>b</sub> = 14.00 for<span style="font-size: 1px; color: white;">pvalue</span>a conjugate<span style="font-size: 1px; color: white;">falsei</span>acid-base<span style="font-size: 1px; color: white;">begins</span>pair.</p>
        <p>Henderson-Hasselbalch form:</p>
        <p>
          <math xmlns="http://www.w3.org/1998/Math/MathML">
            <mi>pH</mi>
            <mo> </mo>
            <mo>=</mo>
            <mo> </mo>
            <msub>
              <mi>pK</mi>
              <mi>a</mi>
            </msub>
            <mo> </mo>
            <mo>+</mo>
            <mo> </mo>
            <msub>
              <mo>log</mo>
              <mn>10</mn>
            </msub>
            <mfenced>
              <mfrac>
                <mrow>
                  <mo stretchy="true">[</mo>
                  <mi>Base</mi>
                  <mo stretchy="true">]</mo>
                </mrow>
                <mrow>
                  <mo stretchy="true">[</mo>
                  <mi>Acid</mi>
                  <mo stretchy="true">]</mo>
                </mrow>
              </mfrac>
            </mfenced>
          </math>
        </p>
        <span style="font-size: 1px; color: white;">death</span>
      </div>
    </div>
    <choiceInteraction maxChoices="1" responseIdentifier="RESPONSE" shuffle="true">
      <simpleChoice fixed="true" identifier="answer_1">
        <p>
          <div id="drv_0798" oncopy="return false;" onpaste="return false;" oncut="return false;" oncontextmenu="return false;" onmousedown="return false;" onselectstart="return false;">
            <span style="font-family: monospace;">3.79</span>
            <span style="font-size: 1px; color: white;">discs</span>
          </div>
        </p>
      </simpleChoice>
      <simpleChoice fixed="true" identifier="answer_2">
        <p>
          <div id="drv_ef5d" oncopy="return false;" onpaste="return false;" oncut="return false;" oncontextmenu="return false;" onmousedown="return false;" onselectstart="return false;">
            <span style="font-family: monospace;">3.99</span>
            <span style="font-size: 1px; color: white;">etest</span>
          </div>
        </p>
      </simpleChoice>
      <simpleChoice fixed="true" identifier="answer_3">
        <p>
          <div id="drv_8b26" oncopy="return false;" onpaste="return false;" oncut="return false;" oncontextmenu="return false;" onmousedown="return false;" onselectstart="return false;"><span style="font-family: monospace;">3.39</span> </div>
        </p>
      </simpleChoice>
      <simpleChoice fixed="true" identifier="answer_4">
        <p>
          <div id="drv_a0b7" oncopy="return false;" onpaste="return false;" oncut="return false;" oncontextmenu="return false;" onmousedown="return false;" onselectstart="return false;">
            <span style="font-family: monospace;">3.64</span>
            <span style="font-size: 1px; color: white;">isomer</span>
          </div>
        </p>
      </simpleChoice>
    </choiceInteraction>
  </itemBody>
  <responseProcessing>
    <responseCondition>
      <responseIf>
        <match>
          <variable identifier="RESPONSE"/>
          <correct identifier="RESPONSE"/>
        </match>
      </responseIf>
    </responseCondition>
  </responseProcessing>
</assessmentItem>
