<?xml version='1.0' encoding='UTF-8'?>
<assessmentItem xmlns="http://www.imsglobal.org/xsd/imsqti_v2p1" xmlns:xsi="http://www.w3.org/2001/XMLSchema-instance" xmlns:ns8="http://www.w3.org/1999/xlink" xmlns:ns9="http://www.imsglobal.org/xsd/apip/apipv1p0/imsapip_qtiv1p0" xsi:schemaLocation="http://www.imsglobal.org/xsd/imsqti_v2p1 http://www.imsglobal.org/xsd/qti/qtiv2p1/imsqti_v2p1.xsd" title="d189_c168_4a56" adaptive="false" timeDependent="false" identifier="d189_c168_4a56">
  <responseDeclaration baseType="identifier" cardinality="single" identifier="RESPONSE">
    <correctResponse>
      <value>answer_1</value>
    </correctResponse>
  </responseDeclaration>
  <outcomeDeclaration baseType="float" cardinality="single" identifier="SCORE"/>
  <itemBody>
    <div><p>13ce</p> <p>Which one of the following statements is<strong> <span style="color: #169179;"><strong>TRUE</strong></span> </strong> of <strong><span style="color: #bb5d00;"><strong><span style="color: #bb5d00;"><strong><span style="color: #bb5d00;"><strong><span style="color: #bb5d00;"><strong><span style="color: #bb5d00;"><strong><span style="color: #bb5d00;"><strong><span style="color: #bb5d00;"><strong><span style="color: #bb5d00;"><strong><span style="color: #bb5d00;"><strong><span style="color: #bb5d00;">thermodynamics</span></strong></span></strong></span></strong></span></strong></span></strong></span></strong></span></strong></span></strong></span></strong></span></strong> and <strong><span style="color: #56225d;"><strong><span style="color: #56225d;"><strong><span style="color: #56225d;"><strong><span style="color: #56225d;"><strong><span style="color: #56225d;"><strong><span style="color: #56225d;"><strong><span style="color: #56225d;"><strong><span style="color: #56225d;"><strong><span style="color: #56225d;"><strong><span style="color: #56225d;">kinetics</span></strong></span></strong></span></strong></span></strong></span></strong></span></strong></span></strong></span></strong></span></strong></span></strong>?</p></div>
    <choiceInteraction maxChoices="1" responseIdentifier="RESPONSE" shuffle="true">
      <simpleChoice fixed="true" identifier="answer_1">
        <p>A.<strong> </strong>The <strong><span style="color: #478d1b;"><strong><span style="color: #478d1b;">equilibrium</span></strong></span></strong> constant (K′<sub>eq</sub>) is related to the standard change in free energy (ΔG°′) of a <strong><span style="color: #008a75;"><strong><span style="color: #008a75;">reaction</span></strong></span></strong>.  </p>
      </simpleChoice>
      <simpleChoice fixed="true" identifier="answer_2">
        <p>B.<strong> </strong>Enzymes are<strong> <strong>NOT</strong> </strong>essential for most biochemical <strong><span style="color: #008a75;">reaction</span></strong>s.  </p>
      </simpleChoice>
      <simpleChoice fixed="true" identifier="answer_3">
        <p>C.<strong> </strong>Kinetics depends only on the concentration of reactants.  </p>
      </simpleChoice>
      <simpleChoice fixed="true" identifier="answer_4">
        <p>D.<strong> </strong>Thermodynamics tells us how fast <strong><span style="color: #478d1b;">equilibrium</span></strong> is approached.  </p>
      </simpleChoice>
      <simpleChoice fixed="true" identifier="answer_5">
        <p>E.<strong> </strong>The rate of a <strong><span style="color: #008a75;">reaction</span></strong> is independent of temperature.  </p>
      </simpleChoice>
    </choiceInteraction>
  </itemBody>
  <responseProcessing>
    <responseCondition>
      <responseIf>
        <match>
          <variable identifier="RESPONSE"/>
          <correct identifier="RESPONSE"/>
        </match>
      </responseIf>
    </responseCondition>
  </responseProcessing>
</assessmentItem>
