<?xml version='1.0' encoding='UTF-8'?>
<questestinterop xmlns="http://www.imsglobal.org/xsd/ims_qtiasiv1p2" xmlns:xsi="http://www.w3.org/2001/XMLSchema-instance" xsi:schemaLocation="http://www.imsglobal.org/xsd/ims_qtiasiv1p2 http://www.imsglobal.org/xsd/ims_qtiasiv1p2p1.xsd">
  <assessment ident="root_assessment" title="which_amino_acid-MC-7_choices">
    <section ident="root_section">
      <item ident="multiple_choice_001" title="bfb9_b320">
        <itemmetadata>
          <qtimetadata>
            <qtimetadatafield>
              <fieldlabel>question_type</fieldlabel>
              <fieldentry>multiple_choice_question</fieldentry>
            </qtimetadatafield>
            <qtimetadatafield>
              <fieldlabel>points_possible</fieldlabel>
              <fieldentry>1.0</fieldentry>
            </qtimetadatafield>
            <qtimetadatafield>
              <fieldlabel>original_answer_ids</fieldlabel>
              <fieldentry>choice_001,choice_002,choice_003,choice_004,choice_005,choice_006,choice_007</fieldentry>
            </qtimetadatafield>
          </qtimetadata>
        </itemmetadata>

        <presentation>
          <material>
            <mattext texttype="text/html">&lt;script src="https://unpkg.com/@rdkit/rdkit/dist/RDKit_minimal.js"&gt;&lt;/script&gt;&lt;p&gt;&lt;canvas id="canvas_edd0" width="480" height="320"&gt;&lt;/canvas&gt;&lt;/p&gt;&lt;script&gt;/* */initRDKitModule().then(function(instance){RDKitModule=instance;console.log("RDKit:"+RDKitModule.version());/* */let/* */smiles="C1C[C@H](NC1)C(=O)O";let/* */mol=RDKitModule.get_mol(smiles);let/* */mdetails={};mdetails["legend"]="";mdetails["explicitMethyl"]=true;canvas=document.getElementById("canvas_edd0");mol.draw_to_canvas_with_highlights(canvas,JSON.stringify(mdetails));});/* */&lt;/script&gt;&lt;h3&gt;Which amino acid is represented by the chemical structure shown above?&lt;/h3&gt;</mattext>
          </material>
          <response_lid ident="response1" rcardinality="Single">
            <render_choice>
              <response_label ident="choice_001">
                <material>
                  <mattext texttype="text/html">glutamic acid</mattext>
                </material>
              </response_label>
              <response_label ident="choice_002">
                <material>
                  <mattext texttype="text/html">glutamine</mattext>
                </material>
              </response_label>
              <response_label ident="choice_003">
                <material>
                  <mattext texttype="text/html">histidine</mattext>
                </material>
              </response_label>
              <response_label ident="choice_004">
                <material>
                  <mattext texttype="text/html">methionine</mattext>
                </material>
              </response_label>
              <response_label ident="choice_005">
                <material>
                  <mattext texttype="text/html">proline</mattext>
                </material>
              </response_label>
              <response_label ident="choice_006">
                <material>
                  <mattext texttype="text/html">threonine</mattext>
                </material>
              </response_label>
              <response_label ident="choice_007">
                <material>
                  <mattext texttype="text/html">valine</mattext>
                </material>
              </response_label>
            </render_choice>
          </response_lid>
        </presentation>

        <resprocessing>
          <outcomes>
            <decvar maxvalue="100" minvalue="0" varname="SCORE" vartype="Decimal"/>
          </outcomes>
          <respcondition>
            <conditionvar>
              <varequal respident="response1">choice_005</varequal>
            </conditionvar>
            <setvar action="Set" varname="SCORE">100</setvar>
          </respcondition>
        </resprocessing>
      </item>

      <item ident="multiple_choice_002" title="2db8_2d7c">
        <itemmetadata>
          <qtimetadata>
            <qtimetadatafield>
              <fieldlabel>question_type</fieldlabel>
              <fieldentry>multiple_choice_question</fieldentry>
            </qtimetadatafield>
            <qtimetadatafield>
              <fieldlabel>points_possible</fieldlabel>
              <fieldentry>1.0</fieldentry>
            </qtimetadatafield>
            <qtimetadatafield>
              <fieldlabel>original_answer_ids</fieldlabel>
              <fieldentry>choice_001,choice_002,choice_003,choice_004,choice_005,choice_006,choice_007</fieldentry>
            </qtimetadatafield>
          </qtimetadata>
        </itemmetadata>

        <presentation>
          <material>
            <mattext texttype="text/html">&lt;script src="https://unpkg.com/@rdkit/rdkit/dist/RDKit_minimal.js"&gt;&lt;/script&gt;&lt;p&gt;&lt;canvas id="canvas_f970" width="480" height="320"&gt;&lt;/canvas&gt;&lt;/p&gt;&lt;script&gt;/* */initRDKitModule().then(function(instance){RDKitModule=instance;console.log("RDKit:"+RDKitModule.version());/* */let/* */smiles="C(CC(=O)O)[C@@H](C(=O)O)N";let/* */mol=RDKitModule.get_mol(smiles);let/* */mdetails={};mdetails["legend"]="";mdetails["explicitMethyl"]=true;canvas=document.getElementById("canvas_f970");mol.draw_to_canvas_with_highlights(canvas,JSON.stringify(mdetails));});/* */&lt;/script&gt;&lt;h3&gt;Which amino acid is represented by the chemical structure shown above?&lt;/h3&gt;</mattext>
          </material>
          <response_lid ident="response1" rcardinality="Single">
            <render_choice>
              <response_label ident="choice_001">
                <material>
                  <mattext texttype="text/html">asparagine</mattext>
                </material>
              </response_label>
              <response_label ident="choice_002">
                <material>
                  <mattext texttype="text/html">aspartic acid</mattext>
                </material>
              </response_label>
              <response_label ident="choice_003">
                <material>
                  <mattext texttype="text/html">glutamic acid</mattext>
                </material>
              </response_label>
              <response_label ident="choice_004">
                <material>
                  <mattext texttype="text/html">glutamine</mattext>
                </material>
              </response_label>
              <response_label ident="choice_005">
                <material>
                  <mattext texttype="text/html">methionine</mattext>
                </material>
              </response_label>
              <response_label ident="choice_006">
                <material>
                  <mattext texttype="text/html">proline</mattext>
                </material>
              </response_label>
              <response_label ident="choice_007">
                <material>
                  <mattext texttype="text/html">threonine</mattext>
                </material>
              </response_label>
            </render_choice>
          </response_lid>
        </presentation>

        <resprocessing>
          <outcomes>
            <decvar maxvalue="100" minvalue="0" varname="SCORE" vartype="Decimal"/>
          </outcomes>
          <respcondition>
            <conditionvar>
              <varequal respident="response1">choice_003</varequal>
            </conditionvar>
            <setvar action="Set" varname="SCORE">100</setvar>
          </respcondition>
        </resprocessing>
      </item>

      <item ident="multiple_choice_003" title="fdb1_a4ef">
        <itemmetadata>
          <qtimetadata>
            <qtimetadatafield>
              <fieldlabel>question_type</fieldlabel>
              <fieldentry>multiple_choice_question</fieldentry>
            </qtimetadatafield>
            <qtimetadatafield>
              <fieldlabel>points_possible</fieldlabel>
              <fieldentry>1.0</fieldentry>
            </qtimetadatafield>
            <qtimetadatafield>
              <fieldlabel>original_answer_ids</fieldlabel>
              <fieldentry>choice_001,choice_002,choice_003,choice_004,choice_005,choice_006,choice_007</fieldentry>
            </qtimetadatafield>
          </qtimetadata>
        </itemmetadata>

        <presentation>
          <material>
            <mattext texttype="text/html">&lt;script src="https://unpkg.com/@rdkit/rdkit/dist/RDKit_minimal.js"&gt;&lt;/script&gt;&lt;p&gt;&lt;canvas id="canvas_6093" width="480" height="320"&gt;&lt;/canvas&gt;&lt;/p&gt;&lt;script&gt;/* */initRDKitModule().then(function(instance){RDKitModule=instance;console.log("RDKit:"+RDKitModule.version());/* */let/* */smiles="C([C@@H](C(=O)O)N)O";let/* */mol=RDKitModule.get_mol(smiles);let/* */mdetails={};mdetails["legend"]="";mdetails["explicitMethyl"]=true;canvas=document.getElementById("canvas_6093");mol.draw_to_canvas_with_highlights(canvas,JSON.stringify(mdetails));});/* */&lt;/script&gt;&lt;h3&gt;Which amino acid is represented by the chemical structure shown above?&lt;/h3&gt;</mattext>
          </material>
          <response_lid ident="response1" rcardinality="Single">
            <render_choice>
              <response_label ident="choice_001">
                <material>
                  <mattext texttype="text/html">alanine</mattext>
                </material>
              </response_label>
              <response_label ident="choice_002">
                <material>
                  <mattext texttype="text/html">asparagine</mattext>
                </material>
              </response_label>
              <response_label ident="choice_003">
                <material>
                  <mattext texttype="text/html">aspartic acid</mattext>
                </material>
              </response_label>
              <response_label ident="choice_004">
                <material>
                  <mattext texttype="text/html">cysteine</mattext>
                </material>
              </response_label>
              <response_label ident="choice_005">
                <material>
                  <mattext texttype="text/html">proline</mattext>
                </material>
              </response_label>
              <response_label ident="choice_006">
                <material>
                  <mattext texttype="text/html">serine</mattext>
                </material>
              </response_label>
              <response_label ident="choice_007">
                <material>
                  <mattext texttype="text/html">threonine</mattext>
                </material>
              </response_label>
            </render_choice>
          </response_lid>
        </presentation>

        <resprocessing>
          <outcomes>
            <decvar maxvalue="100" minvalue="0" varname="SCORE" vartype="Decimal"/>
          </outcomes>
          <respcondition>
            <conditionvar>
              <varequal respident="response1">choice_006</varequal>
            </conditionvar>
            <setvar action="Set" varname="SCORE">100</setvar>
          </respcondition>
        </resprocessing>
      </item>

      <item ident="multiple_choice_004" title="1a1b_ee92">
        <itemmetadata>
          <qtimetadata>
            <qtimetadatafield>
              <fieldlabel>question_type</fieldlabel>
              <fieldentry>multiple_choice_question</fieldentry>
            </qtimetadatafield>
            <qtimetadatafield>
              <fieldlabel>points_possible</fieldlabel>
              <fieldentry>1.0</fieldentry>
            </qtimetadatafield>
            <qtimetadatafield>
              <fieldlabel>original_answer_ids</fieldlabel>
              <fieldentry>choice_001,choice_002,choice_003,choice_004,choice_005,choice_006,choice_007</fieldentry>
            </qtimetadatafield>
          </qtimetadata>
        </itemmetadata>

        <presentation>
          <material>
            <mattext texttype="text/html">&lt;script src="https://unpkg.com/@rdkit/rdkit/dist/RDKit_minimal.js"&gt;&lt;/script&gt;&lt;p&gt;&lt;canvas id="canvas_6443" width="480" height="320"&gt;&lt;/canvas&gt;&lt;/p&gt;&lt;script&gt;/* */initRDKitModule().then(function(instance){RDKitModule=instance;console.log("RDKit:"+RDKitModule.version());/* */let/* */smiles="C([C@@H](C(=O)O)N)C(=O)O";let/* */mol=RDKitModule.get_mol(smiles);let/* */mdetails={};mdetails["legend"]="";mdetails["explicitMethyl"]=true;canvas=document.getElementById("canvas_6443");mol.draw_to_canvas_with_highlights(canvas,JSON.stringify(mdetails));});/* */&lt;/script&gt;&lt;h3&gt;Which amino acid is represented by the chemical structure shown above?&lt;/h3&gt;</mattext>
          </material>
          <response_lid ident="response1" rcardinality="Single">
            <render_choice>
              <response_label ident="choice_001">
                <material>
                  <mattext texttype="text/html">alanine</mattext>
                </material>
              </response_label>
              <response_label ident="choice_002">
                <material>
                  <mattext texttype="text/html">asparagine</mattext>
                </material>
              </response_label>
              <response_label ident="choice_003">
                <material>
                  <mattext texttype="text/html">aspartic acid</mattext>
                </material>
              </response_label>
              <response_label ident="choice_004">
                <material>
                  <mattext texttype="text/html">cysteine</mattext>
                </material>
              </response_label>
              <response_label ident="choice_005">
                <material>
                  <mattext texttype="text/html">glutamic acid</mattext>
                </material>
              </response_label>
              <response_label ident="choice_006">
                <material>
                  <mattext texttype="text/html">serine</mattext>
                </material>
              </response_label>
              <response_label ident="choice_007">
                <material>
                  <mattext texttype="text/html">threonine</mattext>
                </material>
              </response_label>
            </render_choice>
          </response_lid>
        </presentation>

        <resprocessing>
          <outcomes>
            <decvar maxvalue="100" minvalue="0" varname="SCORE" vartype="Decimal"/>
          </outcomes>
          <respcondition>
            <conditionvar>
              <varequal respident="response1">choice_003</varequal>
            </conditionvar>
            <setvar action="Set" varname="SCORE">100</setvar>
          </respcondition>
        </resprocessing>
      </item>

      <item ident="multiple_choice_005" title="18a4_a4ef">
        <itemmetadata>
          <qtimetadata>
            <qtimetadatafield>
              <fieldlabel>question_type</fieldlabel>
              <fieldentry>multiple_choice_question</fieldentry>
            </qtimetadatafield>
            <qtimetadatafield>
              <fieldlabel>points_possible</fieldlabel>
              <fieldentry>1.0</fieldentry>
            </qtimetadatafield>
            <qtimetadatafield>
              <fieldlabel>original_answer_ids</fieldlabel>
              <fieldentry>choice_001,choice_002,choice_003,choice_004,choice_005,choice_006,choice_007</fieldentry>
            </qtimetadatafield>
          </qtimetadata>
        </itemmetadata>

        <presentation>
          <material>
            <mattext texttype="text/html">&lt;script src="https://unpkg.com/@rdkit/rdkit/dist/RDKit_minimal.js"&gt;&lt;/script&gt;&lt;p&gt;&lt;canvas id="canvas_d594" width="480" height="320"&gt;&lt;/canvas&gt;&lt;/p&gt;&lt;script&gt;/* */initRDKitModule().then(function(instance){RDKitModule=instance;console.log("RDKit:"+RDKitModule.version());/* */let/* */smiles="C[C@@H](C(=O)O)N";let/* */mol=RDKitModule.get_mol(smiles);let/* */mdetails={};mdetails["legend"]="";mdetails["explicitMethyl"]=true;canvas=document.getElementById("canvas_d594");mol.draw_to_canvas_with_highlights(canvas,JSON.stringify(mdetails));});/* */&lt;/script&gt;&lt;h3&gt;Which amino acid is represented by the chemical structure shown above?&lt;/h3&gt;</mattext>
          </material>
          <response_lid ident="response1" rcardinality="Single">
            <render_choice>
              <response_label ident="choice_001">
                <material>
                  <mattext texttype="text/html">alanine</mattext>
                </material>
              </response_label>
              <response_label ident="choice_002">
                <material>
                  <mattext texttype="text/html">asparagine</mattext>
                </material>
              </response_label>
              <response_label ident="choice_003">
                <material>
                  <mattext texttype="text/html">aspartic acid</mattext>
                </material>
              </response_label>
              <response_label ident="choice_004">
                <material>
                  <mattext texttype="text/html">cysteine</mattext>
                </material>
              </response_label>
              <response_label ident="choice_005">
                <material>
                  <mattext texttype="text/html">proline</mattext>
                </material>
              </response_label>
              <response_label ident="choice_006">
                <material>
                  <mattext texttype="text/html">serine</mattext>
                </material>
              </response_label>
              <response_label ident="choice_007">
                <material>
                  <mattext texttype="text/html">threonine</mattext>
                </material>
              </response_label>
            </render_choice>
          </response_lid>
        </presentation>

        <resprocessing>
          <outcomes>
            <decvar maxvalue="100" minvalue="0" varname="SCORE" vartype="Decimal"/>
          </outcomes>
          <respcondition>
            <conditionvar>
              <varequal respident="response1">choice_001</varequal>
            </conditionvar>
            <setvar action="Set" varname="SCORE">100</setvar>
          </respcondition>
        </resprocessing>
      </item>

      <item ident="multiple_choice_006" title="381a_2b6b">
        <itemmetadata>
          <qtimetadata>
            <qtimetadatafield>
              <fieldlabel>question_type</fieldlabel>
              <fieldentry>multiple_choice_question</fieldentry>
            </qtimetadatafield>
            <qtimetadatafield>
              <fieldlabel>points_possible</fieldlabel>
              <fieldentry>1.0</fieldentry>
            </qtimetadatafield>
            <qtimetadatafield>
              <fieldlabel>original_answer_ids</fieldlabel>
              <fieldentry>choice_001,choice_002,choice_003,choice_004,choice_005,choice_006,choice_007</fieldentry>
            </qtimetadatafield>
          </qtimetadata>
        </itemmetadata>

        <presentation>
          <material>
            <mattext texttype="text/html">&lt;script src="https://unpkg.com/@rdkit/rdkit/dist/RDKit_minimal.js"&gt;&lt;/script&gt;&lt;p&gt;&lt;canvas id="canvas_f11b" width="480" height="320"&gt;&lt;/canvas&gt;&lt;/p&gt;&lt;script&gt;/* */initRDKitModule().then(function(instance){RDKitModule=instance;console.log("RDKit:"+RDKitModule.version());/* */let/* */smiles="C1=CC(=CC=C1C[C@@H](C(=O)O)N)O";let/* */mol=RDKitModule.get_mol(smiles);let/* */mdetails={};mdetails["legend"]="";mdetails["explicitMethyl"]=true;canvas=document.getElementById("canvas_f11b");mol.draw_to_canvas_with_highlights(canvas,JSON.stringify(mdetails));});/* */&lt;/script&gt;&lt;h3&gt;Which amino acid is represented by the chemical structure shown above?&lt;/h3&gt;</mattext>
          </material>
          <response_lid ident="response1" rcardinality="Single">
            <render_choice>
              <response_label ident="choice_001">
                <material>
                  <mattext texttype="text/html">glutamine</mattext>
                </material>
              </response_label>
              <response_label ident="choice_002">
                <material>
                  <mattext texttype="text/html">isoleucine</mattext>
                </material>
              </response_label>
              <response_label ident="choice_003">
                <material>
                  <mattext texttype="text/html">leucine</mattext>
                </material>
              </response_label>
              <response_label ident="choice_004">
                <material>
                  <mattext texttype="text/html">methionine</mattext>
                </material>
              </response_label>
              <response_label ident="choice_005">
                <material>
                  <mattext texttype="text/html">phenylalanine</mattext>
                </material>
              </response_label>
              <response_label ident="choice_006">
                <material>
                  <mattext texttype="text/html">tryptophan</mattext>
                </material>
              </response_label>
              <response_label ident="choice_007">
                <material>
                  <mattext texttype="text/html">tyrosine</mattext>
                </material>
              </response_label>
            </render_choice>
          </response_lid>
        </presentation>

        <resprocessing>
          <outcomes>
            <decvar maxvalue="100" minvalue="0" varname="SCORE" vartype="Decimal"/>
          </outcomes>
          <respcondition>
            <conditionvar>
              <varequal respident="response1">choice_007</varequal>
            </conditionvar>
            <setvar action="Set" varname="SCORE">100</setvar>
          </respcondition>
        </resprocessing>
      </item>

      <item ident="multiple_choice_007" title="2832_2258">
        <itemmetadata>
          <qtimetadata>
            <qtimetadatafield>
              <fieldlabel>question_type</fieldlabel>
              <fieldentry>multiple_choice_question</fieldentry>
            </qtimetadatafield>
            <qtimetadatafield>
              <fieldlabel>points_possible</fieldlabel>
              <fieldentry>1.0</fieldentry>
            </qtimetadatafield>
            <qtimetadatafield>
              <fieldlabel>original_answer_ids</fieldlabel>
              <fieldentry>choice_001,choice_002,choice_003,choice_004,choice_005,choice_006,choice_007</fieldentry>
            </qtimetadatafield>
          </qtimetadata>
        </itemmetadata>

        <presentation>
          <material>
            <mattext texttype="text/html">&lt;script src="https://unpkg.com/@rdkit/rdkit/dist/RDKit_minimal.js"&gt;&lt;/script&gt;&lt;p&gt;&lt;canvas id="canvas_26d0" width="480" height="320"&gt;&lt;/canvas&gt;&lt;/p&gt;&lt;script&gt;/* */initRDKitModule().then(function(instance){RDKitModule=instance;console.log("RDKit:"+RDKitModule.version());/* */let/* */smiles="CSCC[C@@H](C(=O)O)N";let/* */mol=RDKitModule.get_mol(smiles);let/* */mdetails={};mdetails["legend"]="";mdetails["explicitMethyl"]=true;canvas=document.getElementById("canvas_26d0");mol.draw_to_canvas_with_highlights(canvas,JSON.stringify(mdetails));});/* */&lt;/script&gt;&lt;h3&gt;Which amino acid is represented by the chemical structure shown above?&lt;/h3&gt;</mattext>
          </material>
          <response_lid ident="response1" rcardinality="Single">
            <render_choice>
              <response_label ident="choice_001">
                <material>
                  <mattext texttype="text/html">glutamine</mattext>
                </material>
              </response_label>
              <response_label ident="choice_002">
                <material>
                  <mattext texttype="text/html">isoleucine</mattext>
                </material>
              </response_label>
              <response_label ident="choice_003">
                <material>
                  <mattext texttype="text/html">leucine</mattext>
                </material>
              </response_label>
              <response_label ident="choice_004">
                <material>
                  <mattext texttype="text/html">methionine</mattext>
                </material>
              </response_label>
              <response_label ident="choice_005">
                <material>
                  <mattext texttype="text/html">phenylalanine</mattext>
                </material>
              </response_label>
              <response_label ident="choice_006">
                <material>
                  <mattext texttype="text/html">proline</mattext>
                </material>
              </response_label>
              <response_label ident="choice_007">
                <material>
                  <mattext texttype="text/html">valine</mattext>
                </material>
              </response_label>
            </render_choice>
          </response_lid>
        </presentation>

        <resprocessing>
          <outcomes>
            <decvar maxvalue="100" minvalue="0" varname="SCORE" vartype="Decimal"/>
          </outcomes>
          <respcondition>
            <conditionvar>
              <varequal respident="response1">choice_004</varequal>
            </conditionvar>
            <setvar action="Set" varname="SCORE">100</setvar>
          </respcondition>
        </resprocessing>
      </item>

      <item ident="multiple_choice_008" title="50d1_4789">
        <itemmetadata>
          <qtimetadata>
            <qtimetadatafield>
              <fieldlabel>question_type</fieldlabel>
              <fieldentry>multiple_choice_question</fieldentry>
            </qtimetadatafield>
            <qtimetadatafield>
              <fieldlabel>points_possible</fieldlabel>
              <fieldentry>1.0</fieldentry>
            </qtimetadatafield>
            <qtimetadatafield>
              <fieldlabel>original_answer_ids</fieldlabel>
              <fieldentry>choice_001,choice_002,choice_003,choice_004,choice_005,choice_006,choice_007</fieldentry>
            </qtimetadatafield>
          </qtimetadata>
        </itemmetadata>

        <presentation>
          <material>
            <mattext texttype="text/html">&lt;script src="https://unpkg.com/@rdkit/rdkit/dist/RDKit_minimal.js"&gt;&lt;/script&gt;&lt;p&gt;&lt;canvas id="canvas_237d" width="480" height="320"&gt;&lt;/canvas&gt;&lt;/p&gt;&lt;script&gt;/* */initRDKitModule().then(function(instance){RDKitModule=instance;console.log("RDKit:"+RDKitModule.version());/* */let/* */smiles="CC[C@H](C)[C@@H](C(=O)O)N";let/* */mol=RDKitModule.get_mol(smiles);let/* */mdetails={};mdetails["legend"]="";mdetails["explicitMethyl"]=true;canvas=document.getElementById("canvas_237d");mol.draw_to_canvas_with_highlights(canvas,JSON.stringify(mdetails));});/* */&lt;/script&gt;&lt;h3&gt;Which amino acid is represented by the chemical structure shown above?&lt;/h3&gt;</mattext>
          </material>
          <response_lid ident="response1" rcardinality="Single">
            <render_choice>
              <response_label ident="choice_001">
                <material>
                  <mattext texttype="text/html">arginine</mattext>
                </material>
              </response_label>
              <response_label ident="choice_002">
                <material>
                  <mattext texttype="text/html">isoleucine</mattext>
                </material>
              </response_label>
              <response_label ident="choice_003">
                <material>
                  <mattext texttype="text/html">leucine</mattext>
                </material>
              </response_label>
              <response_label ident="choice_004">
                <material>
                  <mattext texttype="text/html">lysine</mattext>
                </material>
              </response_label>
              <response_label ident="choice_005">
                <material>
                  <mattext texttype="text/html">methionine</mattext>
                </material>
              </response_label>
              <response_label ident="choice_006">
                <material>
                  <mattext texttype="text/html">phenylalanine</mattext>
                </material>
              </response_label>
              <response_label ident="choice_007">
                <material>
                  <mattext texttype="text/html">valine</mattext>
                </material>
              </response_label>
            </render_choice>
          </response_lid>
        </presentation>

        <resprocessing>
          <outcomes>
            <decvar maxvalue="100" minvalue="0" varname="SCORE" vartype="Decimal"/>
          </outcomes>
          <respcondition>
            <conditionvar>
              <varequal respident="response1">choice_002</varequal>
            </conditionvar>
            <setvar action="Set" varname="SCORE">100</setvar>
          </respcondition>
        </resprocessing>
      </item>

      <item ident="multiple_choice_009" title="3dff_4789">
        <itemmetadata>
          <qtimetadata>
            <qtimetadatafield>
              <fieldlabel>question_type</fieldlabel>
              <fieldentry>multiple_choice_question</fieldentry>
            </qtimetadatafield>
            <qtimetadatafield>
              <fieldlabel>points_possible</fieldlabel>
              <fieldentry>1.0</fieldentry>
            </qtimetadatafield>
            <qtimetadatafield>
              <fieldlabel>original_answer_ids</fieldlabel>
              <fieldentry>choice_001,choice_002,choice_003,choice_004,choice_005,choice_006,choice_007</fieldentry>
            </qtimetadatafield>
          </qtimetadata>
        </itemmetadata>

        <presentation>
          <material>
            <mattext texttype="text/html">&lt;script src="https://unpkg.com/@rdkit/rdkit/dist/RDKit_minimal.js"&gt;&lt;/script&gt;&lt;p&gt;&lt;canvas id="canvas_e3f8" width="480" height="320"&gt;&lt;/canvas&gt;&lt;/p&gt;&lt;script&gt;/* */initRDKitModule().then(function(instance){RDKitModule=instance;console.log("RDKit:"+RDKitModule.version());/* */let/* */smiles="CC(C)C[C@@H](C(=O)O)N";let/* */mol=RDKitModule.get_mol(smiles);let/* */mdetails={};mdetails["legend"]="";mdetails["explicitMethyl"]=true;canvas=document.getElementById("canvas_e3f8");mol.draw_to_canvas_with_highlights(canvas,JSON.stringify(mdetails));});/* */&lt;/script&gt;&lt;h3&gt;Which amino acid is represented by the chemical structure shown above?&lt;/h3&gt;</mattext>
          </material>
          <response_lid ident="response1" rcardinality="Single">
            <render_choice>
              <response_label ident="choice_001">
                <material>
                  <mattext texttype="text/html">arginine</mattext>
                </material>
              </response_label>
              <response_label ident="choice_002">
                <material>
                  <mattext texttype="text/html">isoleucine</mattext>
                </material>
              </response_label>
              <response_label ident="choice_003">
                <material>
                  <mattext texttype="text/html">leucine</mattext>
                </material>
              </response_label>
              <response_label ident="choice_004">
                <material>
                  <mattext texttype="text/html">lysine</mattext>
                </material>
              </response_label>
              <response_label ident="choice_005">
                <material>
                  <mattext texttype="text/html">methionine</mattext>
                </material>
              </response_label>
              <response_label ident="choice_006">
                <material>
                  <mattext texttype="text/html">phenylalanine</mattext>
                </material>
              </response_label>
              <response_label ident="choice_007">
                <material>
                  <mattext texttype="text/html">valine</mattext>
                </material>
              </response_label>
            </render_choice>
          </response_lid>
        </presentation>

        <resprocessing>
          <outcomes>
            <decvar maxvalue="100" minvalue="0" varname="SCORE" vartype="Decimal"/>
          </outcomes>
          <respcondition>
            <conditionvar>
              <varequal respident="response1">choice_003</varequal>
            </conditionvar>
            <setvar action="Set" varname="SCORE">100</setvar>
          </respcondition>
        </resprocessing>
      </item>

      <item ident="multiple_choice_010" title="3290_8731">
        <itemmetadata>
          <qtimetadata>
            <qtimetadatafield>
              <fieldlabel>question_type</fieldlabel>
              <fieldentry>multiple_choice_question</fieldentry>
            </qtimetadatafield>
            <qtimetadatafield>
              <fieldlabel>points_possible</fieldlabel>
              <fieldentry>1.0</fieldentry>
            </qtimetadatafield>
            <qtimetadatafield>
              <fieldlabel>original_answer_ids</fieldlabel>
              <fieldentry>choice_001,choice_002,choice_003,choice_004,choice_005,choice_006,choice_007</fieldentry>
            </qtimetadatafield>
          </qtimetadata>
        </itemmetadata>

        <presentation>
          <material>
            <mattext texttype="text/html">&lt;script src="https://unpkg.com/@rdkit/rdkit/dist/RDKit_minimal.js"&gt;&lt;/script&gt;&lt;p&gt;&lt;canvas id="canvas_9d5d" width="480" height="320"&gt;&lt;/canvas&gt;&lt;/p&gt;&lt;script&gt;/* */initRDKitModule().then(function(instance){RDKitModule=instance;console.log("RDKit:"+RDKitModule.version());/* */let/* */smiles="C1=CC=C2C(=C1)C(=CN2)C[C@@H](C(=O)O)N";let/* */mol=RDKitModule.get_mol(smiles);let/* */mdetails={};mdetails["legend"]="";mdetails["explicitMethyl"]=true;canvas=document.getElementById("canvas_9d5d");mol.draw_to_canvas_with_highlights(canvas,JSON.stringify(mdetails));});/* */&lt;/script&gt;&lt;h3&gt;Which amino acid is represented by the chemical structure shown above?&lt;/h3&gt;</mattext>
          </material>
          <response_lid ident="response1" rcardinality="Single">
            <render_choice>
              <response_label ident="choice_001">
                <material>
                  <mattext texttype="text/html">arginine</mattext>
                </material>
              </response_label>
              <response_label ident="choice_002">
                <material>
                  <mattext texttype="text/html">isoleucine</mattext>
                </material>
              </response_label>
              <response_label ident="choice_003">
                <material>
                  <mattext texttype="text/html">leucine</mattext>
                </material>
              </response_label>
              <response_label ident="choice_004">
                <material>
                  <mattext texttype="text/html">lysine</mattext>
                </material>
              </response_label>
              <response_label ident="choice_005">
                <material>
                  <mattext texttype="text/html">phenylalanine</mattext>
                </material>
              </response_label>
              <response_label ident="choice_006">
                <material>
                  <mattext texttype="text/html">tryptophan</mattext>
                </material>
              </response_label>
              <response_label ident="choice_007">
                <material>
                  <mattext texttype="text/html">tyrosine</mattext>
                </material>
              </response_label>
            </render_choice>
          </response_lid>
        </presentation>

        <resprocessing>
          <outcomes>
            <decvar maxvalue="100" minvalue="0" varname="SCORE" vartype="Decimal"/>
          </outcomes>
          <respcondition>
            <conditionvar>
              <varequal respident="response1">choice_006</varequal>
            </conditionvar>
            <setvar action="Set" varname="SCORE">100</setvar>
          </respcondition>
        </resprocessing>
      </item>

      <item ident="multiple_choice_011" title="d9cd_f065">
        <itemmetadata>
          <qtimetadata>
            <qtimetadatafield>
              <fieldlabel>question_type</fieldlabel>
              <fieldentry>multiple_choice_question</fieldentry>
            </qtimetadatafield>
            <qtimetadatafield>
              <fieldlabel>points_possible</fieldlabel>
              <fieldentry>1.0</fieldentry>
            </qtimetadatafield>
            <qtimetadatafield>
              <fieldlabel>original_answer_ids</fieldlabel>
              <fieldentry>choice_001,choice_002,choice_003,choice_004,choice_005,choice_006,choice_007</fieldentry>
            </qtimetadatafield>
          </qtimetadata>
        </itemmetadata>

        <presentation>
          <material>
            <mattext texttype="text/html">&lt;script src="https://unpkg.com/@rdkit/rdkit/dist/RDKit_minimal.js"&gt;&lt;/script&gt;&lt;p&gt;&lt;canvas id="canvas_531a" width="480" height="320"&gt;&lt;/canvas&gt;&lt;/p&gt;&lt;script&gt;/* */initRDKitModule().then(function(instance){RDKitModule=instance;console.log("RDKit:"+RDKitModule.version());/* */let/* */smiles="CC(C)[C@@H](C(=O)O)N";let/* */mol=RDKitModule.get_mol(smiles);let/* */mdetails={};mdetails["legend"]="";mdetails["explicitMethyl"]=true;canvas=document.getElementById("canvas_531a");mol.draw_to_canvas_with_highlights(canvas,JSON.stringify(mdetails));});/* */&lt;/script&gt;&lt;h3&gt;Which amino acid is represented by the chemical structure shown above?&lt;/h3&gt;</mattext>
          </material>
          <response_lid ident="response1" rcardinality="Single">
            <render_choice>
              <response_label ident="choice_001">
                <material>
                  <mattext texttype="text/html">glutamine</mattext>
                </material>
              </response_label>
              <response_label ident="choice_002">
                <material>
                  <mattext texttype="text/html">isoleucine</mattext>
                </material>
              </response_label>
              <response_label ident="choice_003">
                <material>
                  <mattext texttype="text/html">leucine</mattext>
                </material>
              </response_label>
              <response_label ident="choice_004">
                <material>
                  <mattext texttype="text/html">methionine</mattext>
                </material>
              </response_label>
              <response_label ident="choice_005">
                <material>
                  <mattext texttype="text/html">proline</mattext>
                </material>
              </response_label>
              <response_label ident="choice_006">
                <material>
                  <mattext texttype="text/html">threonine</mattext>
                </material>
              </response_label>
              <response_label ident="choice_007">
                <material>
                  <mattext texttype="text/html">valine</mattext>
                </material>
              </response_label>
            </render_choice>
          </response_lid>
        </presentation>

        <resprocessing>
          <outcomes>
            <decvar maxvalue="100" minvalue="0" varname="SCORE" vartype="Decimal"/>
          </outcomes>
          <respcondition>
            <conditionvar>
              <varequal respident="response1">choice_007</varequal>
            </conditionvar>
            <setvar action="Set" varname="SCORE">100</setvar>
          </respcondition>
        </resprocessing>
      </item>

      <item ident="multiple_choice_012" title="67cc_9353">
        <itemmetadata>
          <qtimetadata>
            <qtimetadatafield>
              <fieldlabel>question_type</fieldlabel>
              <fieldentry>multiple_choice_question</fieldentry>
            </qtimetadatafield>
            <qtimetadatafield>
              <fieldlabel>points_possible</fieldlabel>
              <fieldentry>1.0</fieldentry>
            </qtimetadatafield>
            <qtimetadatafield>
              <fieldlabel>original_answer_ids</fieldlabel>
              <fieldentry>choice_001,choice_002,choice_003,choice_004,choice_005,choice_006,choice_007</fieldentry>
            </qtimetadatafield>
          </qtimetadata>
        </itemmetadata>

        <presentation>
          <material>
            <mattext texttype="text/html">&lt;script src="https://unpkg.com/@rdkit/rdkit/dist/RDKit_minimal.js"&gt;&lt;/script&gt;&lt;p&gt;&lt;canvas id="canvas_8543" width="480" height="320"&gt;&lt;/canvas&gt;&lt;/p&gt;&lt;script&gt;/* */initRDKitModule().then(function(instance){RDKitModule=instance;console.log("RDKit:"+RDKitModule.version());/* */let/* */smiles="C(CCN)C[C@@H](C(=O)O)N";let/* */mol=RDKitModule.get_mol(smiles);let/* */mdetails={};mdetails["legend"]="";mdetails["explicitMethyl"]=true;canvas=document.getElementById("canvas_8543");mol.draw_to_canvas_with_highlights(canvas,JSON.stringify(mdetails));});/* */&lt;/script&gt;&lt;h3&gt;Which amino acid is represented by the chemical structure shown above?&lt;/h3&gt;</mattext>
          </material>
          <response_lid ident="response1" rcardinality="Single">
            <render_choice>
              <response_label ident="choice_001">
                <material>
                  <mattext texttype="text/html">arginine</mattext>
                </material>
              </response_label>
              <response_label ident="choice_002">
                <material>
                  <mattext texttype="text/html">glutamine</mattext>
                </material>
              </response_label>
              <response_label ident="choice_003">
                <material>
                  <mattext texttype="text/html">isoleucine</mattext>
                </material>
              </response_label>
              <response_label ident="choice_004">
                <material>
                  <mattext texttype="text/html">leucine</mattext>
                </material>
              </response_label>
              <response_label ident="choice_005">
                <material>
                  <mattext texttype="text/html">lysine</mattext>
                </material>
              </response_label>
              <response_label ident="choice_006">
                <material>
                  <mattext texttype="text/html">methionine</mattext>
                </material>
              </response_label>
              <response_label ident="choice_007">
                <material>
                  <mattext texttype="text/html">valine</mattext>
                </material>
              </response_label>
            </render_choice>
          </response_lid>
        </presentation>

        <resprocessing>
          <outcomes>
            <decvar maxvalue="100" minvalue="0" varname="SCORE" vartype="Decimal"/>
          </outcomes>
          <respcondition>
            <conditionvar>
              <varequal respident="response1">choice_005</varequal>
            </conditionvar>
            <setvar action="Set" varname="SCORE">100</setvar>
          </respcondition>
        </resprocessing>
      </item>

      <item ident="multiple_choice_013" title="b93b_6a85">
        <itemmetadata>
          <qtimetadata>
            <qtimetadatafield>
              <fieldlabel>question_type</fieldlabel>
              <fieldentry>multiple_choice_question</fieldentry>
            </qtimetadatafield>
            <qtimetadatafield>
              <fieldlabel>points_possible</fieldlabel>
              <fieldentry>1.0</fieldentry>
            </qtimetadatafield>
            <qtimetadatafield>
              <fieldlabel>original_answer_ids</fieldlabel>
              <fieldentry>choice_001,choice_002,choice_003,choice_004,choice_005,choice_006,choice_007</fieldentry>
            </qtimetadatafield>
          </qtimetadata>
        </itemmetadata>

        <presentation>
          <material>
            <mattext texttype="text/html">&lt;script src="https://unpkg.com/@rdkit/rdkit/dist/RDKit_minimal.js"&gt;&lt;/script&gt;&lt;p&gt;&lt;canvas id="canvas_7462" width="480" height="320"&gt;&lt;/canvas&gt;&lt;/p&gt;&lt;script&gt;/* */initRDKitModule().then(function(instance){RDKitModule=instance;console.log("RDKit:"+RDKitModule.version());/* */let/* */smiles="C([C@@H](C(=O)O)N)C(=O)N";let/* */mol=RDKitModule.get_mol(smiles);let/* */mdetails={};mdetails["legend"]="";mdetails["explicitMethyl"]=true;canvas=document.getElementById("canvas_7462");mol.draw_to_canvas_with_highlights(canvas,JSON.stringify(mdetails));});/* */&lt;/script&gt;&lt;h3&gt;Which amino acid is represented by the chemical structure shown above?&lt;/h3&gt;</mattext>
          </material>
          <response_lid ident="response1" rcardinality="Single">
            <render_choice>
              <response_label ident="choice_001">
                <material>
                  <mattext texttype="text/html">asparagine</mattext>
                </material>
              </response_label>
              <response_label ident="choice_002">
                <material>
                  <mattext texttype="text/html">aspartic acid</mattext>
                </material>
              </response_label>
              <response_label ident="choice_003">
                <material>
                  <mattext texttype="text/html">glutamic acid</mattext>
                </material>
              </response_label>
              <response_label ident="choice_004">
                <material>
                  <mattext texttype="text/html">glutamine</mattext>
                </material>
              </response_label>
              <response_label ident="choice_005">
                <material>
                  <mattext texttype="text/html">proline</mattext>
                </material>
              </response_label>
              <response_label ident="choice_006">
                <material>
                  <mattext texttype="text/html">serine</mattext>
                </material>
              </response_label>
              <response_label ident="choice_007">
                <material>
                  <mattext texttype="text/html">threonine</mattext>
                </material>
              </response_label>
            </render_choice>
          </response_lid>
        </presentation>

        <resprocessing>
          <outcomes>
            <decvar maxvalue="100" minvalue="0" varname="SCORE" vartype="Decimal"/>
          </outcomes>
          <respcondition>
            <conditionvar>
              <varequal respident="response1">choice_001</varequal>
            </conditionvar>
            <setvar action="Set" varname="SCORE">100</setvar>
          </respcondition>
        </resprocessing>
      </item>

      <item ident="multiple_choice_014" title="e358_9ab2">
        <itemmetadata>
          <qtimetadata>
            <qtimetadatafield>
              <fieldlabel>question_type</fieldlabel>
              <fieldentry>multiple_choice_question</fieldentry>
            </qtimetadatafield>
            <qtimetadatafield>
              <fieldlabel>points_possible</fieldlabel>
              <fieldentry>1.0</fieldentry>
            </qtimetadatafield>
            <qtimetadatafield>
              <fieldlabel>original_answer_ids</fieldlabel>
              <fieldentry>choice_001,choice_002,choice_003,choice_004,choice_005,choice_006,choice_007</fieldentry>
            </qtimetadatafield>
          </qtimetadata>
        </itemmetadata>

        <presentation>
          <material>
            <mattext texttype="text/html">&lt;script src="https://unpkg.com/@rdkit/rdkit/dist/RDKit_minimal.js"&gt;&lt;/script&gt;&lt;p&gt;&lt;canvas id="canvas_7ba7" width="480" height="320"&gt;&lt;/canvas&gt;&lt;/p&gt;&lt;script&gt;/* */initRDKitModule().then(function(instance){RDKitModule=instance;console.log("RDKit:"+RDKitModule.version());/* */let/* */smiles="C(C(=O)O)N";let/* */mol=RDKitModule.get_mol(smiles);let/* */mdetails={};mdetails["legend"]="";mdetails["explicitMethyl"]=true;canvas=document.getElementById("canvas_7ba7");mol.draw_to_canvas_with_highlights(canvas,JSON.stringify(mdetails));});/* */&lt;/script&gt;&lt;h3&gt;Which amino acid is represented by the chemical structure shown above?&lt;/h3&gt;</mattext>
          </material>
          <response_lid ident="response1" rcardinality="Single">
            <render_choice>
              <response_label ident="choice_001">
                <material>
                  <mattext texttype="text/html">alanine</mattext>
                </material>
              </response_label>
              <response_label ident="choice_002">
                <material>
                  <mattext texttype="text/html">aspartic acid</mattext>
                </material>
              </response_label>
              <response_label ident="choice_003">
                <material>
                  <mattext texttype="text/html">cysteine</mattext>
                </material>
              </response_label>
              <response_label ident="choice_004">
                <material>
                  <mattext texttype="text/html">glycine</mattext>
                </material>
              </response_label>
              <response_label ident="choice_005">
                <material>
                  <mattext texttype="text/html">proline</mattext>
                </material>
              </response_label>
              <response_label ident="choice_006">
                <material>
                  <mattext texttype="text/html">serine</mattext>
                </material>
              </response_label>
              <response_label ident="choice_007">
                <material>
                  <mattext texttype="text/html">threonine</mattext>
                </material>
              </response_label>
            </render_choice>
          </response_lid>
        </presentation>

        <resprocessing>
          <outcomes>
            <decvar maxvalue="100" minvalue="0" varname="SCORE" vartype="Decimal"/>
          </outcomes>
          <respcondition>
            <conditionvar>
              <varequal respident="response1">choice_004</varequal>
            </conditionvar>
            <setvar action="Set" varname="SCORE">100</setvar>
          </respcondition>
        </resprocessing>
      </item>

      <item ident="multiple_choice_015" title="6c3d_fac3">
        <itemmetadata>
          <qtimetadata>
            <qtimetadatafield>
              <fieldlabel>question_type</fieldlabel>
              <fieldentry>multiple_choice_question</fieldentry>
            </qtimetadatafield>
            <qtimetadatafield>
              <fieldlabel>points_possible</fieldlabel>
              <fieldentry>1.0</fieldentry>
            </qtimetadatafield>
            <qtimetadatafield>
              <fieldlabel>original_answer_ids</fieldlabel>
              <fieldentry>choice_001,choice_002,choice_003,choice_004,choice_005,choice_006,choice_007</fieldentry>
            </qtimetadatafield>
          </qtimetadata>
        </itemmetadata>

        <presentation>
          <material>
            <mattext texttype="text/html">&lt;script src="https://unpkg.com/@rdkit/rdkit/dist/RDKit_minimal.js"&gt;&lt;/script&gt;&lt;p&gt;&lt;canvas id="canvas_4b56" width="480" height="320"&gt;&lt;/canvas&gt;&lt;/p&gt;&lt;script&gt;/* */initRDKitModule().then(function(instance){RDKitModule=instance;console.log("RDKit:"+RDKitModule.version());/* */let/* */smiles="C(C[C@@H](C(=O)O)N)CN=C(N)N";let/* */mol=RDKitModule.get_mol(smiles);let/* */mdetails={};mdetails["legend"]="";mdetails["explicitMethyl"]=true;canvas=document.getElementById("canvas_4b56");mol.draw_to_canvas_with_highlights(canvas,JSON.stringify(mdetails));});/* */&lt;/script&gt;&lt;h3&gt;Which amino acid is represented by the chemical structure shown above?&lt;/h3&gt;</mattext>
          </material>
          <response_lid ident="response1" rcardinality="Single">
            <render_choice>
              <response_label ident="choice_001">
                <material>
                  <mattext texttype="text/html">arginine</mattext>
                </material>
              </response_label>
              <response_label ident="choice_002">
                <material>
                  <mattext texttype="text/html">histidine</mattext>
                </material>
              </response_label>
              <response_label ident="choice_003">
                <material>
                  <mattext texttype="text/html">isoleucine</mattext>
                </material>
              </response_label>
              <response_label ident="choice_004">
                <material>
                  <mattext texttype="text/html">leucine</mattext>
                </material>
              </response_label>
              <response_label ident="choice_005">
                <material>
                  <mattext texttype="text/html">lysine</mattext>
                </material>
              </response_label>
              <response_label ident="choice_006">
                <material>
                  <mattext texttype="text/html">methionine</mattext>
                </material>
              </response_label>
              <response_label ident="choice_007">
                <material>
                  <mattext texttype="text/html">tryptophan</mattext>
                </material>
              </response_label>
            </render_choice>
          </response_lid>
        </presentation>

        <resprocessing>
          <outcomes>
            <decvar maxvalue="100" minvalue="0" varname="SCORE" vartype="Decimal"/>
          </outcomes>
          <respcondition>
            <conditionvar>
              <varequal respident="response1">choice_001</varequal>
            </conditionvar>
            <setvar action="Set" varname="SCORE">100</setvar>
          </respcondition>
        </resprocessing>
      </item>

      <item ident="multiple_choice_016" title="25a8_a4ef">
        <itemmetadata>
          <qtimetadata>
            <qtimetadatafield>
              <fieldlabel>question_type</fieldlabel>
              <fieldentry>multiple_choice_question</fieldentry>
            </qtimetadatafield>
            <qtimetadatafield>
              <fieldlabel>points_possible</fieldlabel>
              <fieldentry>1.0</fieldentry>
            </qtimetadatafield>
            <qtimetadatafield>
              <fieldlabel>original_answer_ids</fieldlabel>
              <fieldentry>choice_001,choice_002,choice_003,choice_004,choice_005,choice_006,choice_007</fieldentry>
            </qtimetadatafield>
          </qtimetadata>
        </itemmetadata>

        <presentation>
          <material>
            <mattext texttype="text/html">&lt;script src="https://unpkg.com/@rdkit/rdkit/dist/RDKit_minimal.js"&gt;&lt;/script&gt;&lt;p&gt;&lt;canvas id="canvas_b32e" width="480" height="320"&gt;&lt;/canvas&gt;&lt;/p&gt;&lt;script&gt;/* */initRDKitModule().then(function(instance){RDKitModule=instance;console.log("RDKit:"+RDKitModule.version());/* */let/* */smiles="C([C@@H](C(=O)O)N)S";let/* */mol=RDKitModule.get_mol(smiles);let/* */mdetails={};mdetails["legend"]="";mdetails["explicitMethyl"]=true;canvas=document.getElementById("canvas_b32e");mol.draw_to_canvas_with_highlights(canvas,JSON.stringify(mdetails));});/* */&lt;/script&gt;&lt;h3&gt;Which amino acid is represented by the chemical structure shown above?&lt;/h3&gt;</mattext>
          </material>
          <response_lid ident="response1" rcardinality="Single">
            <render_choice>
              <response_label ident="choice_001">
                <material>
                  <mattext texttype="text/html">alanine</mattext>
                </material>
              </response_label>
              <response_label ident="choice_002">
                <material>
                  <mattext texttype="text/html">asparagine</mattext>
                </material>
              </response_label>
              <response_label ident="choice_003">
                <material>
                  <mattext texttype="text/html">aspartic acid</mattext>
                </material>
              </response_label>
              <response_label ident="choice_004">
                <material>
                  <mattext texttype="text/html">cysteine</mattext>
                </material>
              </response_label>
              <response_label ident="choice_005">
                <material>
                  <mattext texttype="text/html">proline</mattext>
                </material>
              </response_label>
              <response_label ident="choice_006">
                <material>
                  <mattext texttype="text/html">serine</mattext>
                </material>
              </response_label>
              <response_label ident="choice_007">
                <material>
                  <mattext texttype="text/html">threonine</mattext>
                </material>
              </response_label>
            </render_choice>
          </response_lid>
        </presentation>

        <resprocessing>
          <outcomes>
            <decvar maxvalue="100" minvalue="0" varname="SCORE" vartype="Decimal"/>
          </outcomes>
          <respcondition>
            <conditionvar>
              <varequal respident="response1">choice_004</varequal>
            </conditionvar>
            <setvar action="Set" varname="SCORE">100</setvar>
          </respcondition>
        </resprocessing>
      </item>

      <item ident="multiple_choice_017" title="305b_f5ad">
        <itemmetadata>
          <qtimetadata>
            <qtimetadatafield>
              <fieldlabel>question_type</fieldlabel>
              <fieldentry>multiple_choice_question</fieldentry>
            </qtimetadatafield>
            <qtimetadatafield>
              <fieldlabel>points_possible</fieldlabel>
              <fieldentry>1.0</fieldentry>
            </qtimetadatafield>
            <qtimetadatafield>
              <fieldlabel>original_answer_ids</fieldlabel>
              <fieldentry>choice_001,choice_002,choice_003,choice_004,choice_005,choice_006,choice_007</fieldentry>
            </qtimetadatafield>
          </qtimetadata>
        </itemmetadata>

        <presentation>
          <material>
            <mattext texttype="text/html">&lt;script src="https://unpkg.com/@rdkit/rdkit/dist/RDKit_minimal.js"&gt;&lt;/script&gt;&lt;p&gt;&lt;canvas id="canvas_e992" width="480" height="320"&gt;&lt;/canvas&gt;&lt;/p&gt;&lt;script&gt;/* */initRDKitModule().then(function(instance){RDKitModule=instance;console.log("RDKit:"+RDKitModule.version());/* */let/* */smiles="C(CC(=O)N)[C@@H](C(=O)O)N";let/* */mol=RDKitModule.get_mol(smiles);let/* */mdetails={};mdetails["legend"]="";mdetails["explicitMethyl"]=true;canvas=document.getElementById("canvas_e992");mol.draw_to_canvas_with_highlights(canvas,JSON.stringify(mdetails));});/* */&lt;/script&gt;&lt;h3&gt;Which amino acid is represented by the chemical structure shown above?&lt;/h3&gt;</mattext>
          </material>
          <response_lid ident="response1" rcardinality="Single">
            <render_choice>
              <response_label ident="choice_001">
                <material>
                  <mattext texttype="text/html">asparagine</mattext>
                </material>
              </response_label>
              <response_label ident="choice_002">
                <material>
                  <mattext texttype="text/html">glutamic acid</mattext>
                </material>
              </response_label>
              <response_label ident="choice_003">
                <material>
                  <mattext texttype="text/html">glutamine</mattext>
                </material>
              </response_label>
              <response_label ident="choice_004">
                <material>
                  <mattext texttype="text/html">histidine</mattext>
                </material>
              </response_label>
              <response_label ident="choice_005">
                <material>
                  <mattext texttype="text/html">methionine</mattext>
                </material>
              </response_label>
              <response_label ident="choice_006">
                <material>
                  <mattext texttype="text/html">threonine</mattext>
                </material>
              </response_label>
              <response_label ident="choice_007">
                <material>
                  <mattext texttype="text/html">valine</mattext>
                </material>
              </response_label>
            </render_choice>
          </response_lid>
        </presentation>

        <resprocessing>
          <outcomes>
            <decvar maxvalue="100" minvalue="0" varname="SCORE" vartype="Decimal"/>
          </outcomes>
          <respcondition>
            <conditionvar>
              <varequal respident="response1">choice_003</varequal>
            </conditionvar>
            <setvar action="Set" varname="SCORE">100</setvar>
          </respcondition>
        </resprocessing>
      </item>

      <item ident="multiple_choice_018" title="bb79_e8c8">
        <itemmetadata>
          <qtimetadata>
            <qtimetadatafield>
              <fieldlabel>question_type</fieldlabel>
              <fieldentry>multiple_choice_question</fieldentry>
            </qtimetadatafield>
            <qtimetadatafield>
              <fieldlabel>points_possible</fieldlabel>
              <fieldentry>1.0</fieldentry>
            </qtimetadatafield>
            <qtimetadatafield>
              <fieldlabel>original_answer_ids</fieldlabel>
              <fieldentry>choice_001,choice_002,choice_003,choice_004,choice_005,choice_006,choice_007</fieldentry>
            </qtimetadatafield>
          </qtimetadata>
        </itemmetadata>

        <presentation>
          <material>
            <mattext texttype="text/html">&lt;script src="https://unpkg.com/@rdkit/rdkit/dist/RDKit_minimal.js"&gt;&lt;/script&gt;&lt;p&gt;&lt;canvas id="canvas_3c1d" width="480" height="320"&gt;&lt;/canvas&gt;&lt;/p&gt;&lt;script&gt;/* */initRDKitModule().then(function(instance){RDKitModule=instance;console.log("RDKit:"+RDKitModule.version());/* */let/* */smiles="C1=C(NC=N1)C[C@@H](C(=O)O)N";let/* */mol=RDKitModule.get_mol(smiles);let/* */mdetails={};mdetails["legend"]="";mdetails["explicitMethyl"]=true;canvas=document.getElementById("canvas_3c1d");mol.draw_to_canvas_with_highlights(canvas,JSON.stringify(mdetails));});/* */&lt;/script&gt;&lt;h3&gt;Which amino acid is represented by the chemical structure shown above?&lt;/h3&gt;</mattext>
          </material>
          <response_lid ident="response1" rcardinality="Single">
            <render_choice>
              <response_label ident="choice_001">
                <material>
                  <mattext texttype="text/html">arginine</mattext>
                </material>
              </response_label>
              <response_label ident="choice_002">
                <material>
                  <mattext texttype="text/html">glutamic acid</mattext>
                </material>
              </response_label>
              <response_label ident="choice_003">
                <material>
                  <mattext texttype="text/html">glutamine</mattext>
                </material>
              </response_label>
              <response_label ident="choice_004">
                <material>
                  <mattext texttype="text/html">histidine</mattext>
                </material>
              </response_label>
              <response_label ident="choice_005">
                <material>
                  <mattext texttype="text/html">lysine</mattext>
                </material>
              </response_label>
              <response_label ident="choice_006">
                <material>
                  <mattext texttype="text/html">methionine</mattext>
                </material>
              </response_label>
              <response_label ident="choice_007">
                <material>
                  <mattext texttype="text/html">proline</mattext>
                </material>
              </response_label>
            </render_choice>
          </response_lid>
        </presentation>

        <resprocessing>
          <outcomes>
            <decvar maxvalue="100" minvalue="0" varname="SCORE" vartype="Decimal"/>
          </outcomes>
          <respcondition>
            <conditionvar>
              <varequal respident="response1">choice_004</varequal>
            </conditionvar>
            <setvar action="Set" varname="SCORE">100</setvar>
          </respcondition>
        </resprocessing>
      </item>

      <item ident="multiple_choice_019" title="2454_bf2f">
        <itemmetadata>
          <qtimetadata>
            <qtimetadatafield>
              <fieldlabel>question_type</fieldlabel>
              <fieldentry>multiple_choice_question</fieldentry>
            </qtimetadatafield>
            <qtimetadatafield>
              <fieldlabel>points_possible</fieldlabel>
              <fieldentry>1.0</fieldentry>
            </qtimetadatafield>
            <qtimetadatafield>
              <fieldlabel>original_answer_ids</fieldlabel>
              <fieldentry>choice_001,choice_002,choice_003,choice_004,choice_005,choice_006,choice_007</fieldentry>
            </qtimetadatafield>
          </qtimetadata>
        </itemmetadata>

        <presentation>
          <material>
            <mattext texttype="text/html">&lt;script src="https://unpkg.com/@rdkit/rdkit/dist/RDKit_minimal.js"&gt;&lt;/script&gt;&lt;p&gt;&lt;canvas id="canvas_5280" width="480" height="320"&gt;&lt;/canvas&gt;&lt;/p&gt;&lt;script&gt;/* */initRDKitModule().then(function(instance){RDKitModule=instance;console.log("RDKit:"+RDKitModule.version());/* */let/* */smiles="C[C@H]([C@@H](C(=O)O)N)O";let/* */mol=RDKitModule.get_mol(smiles);let/* */mdetails={};mdetails["legend"]="";mdetails["explicitMethyl"]=true;canvas=document.getElementById("canvas_5280");mol.draw_to_canvas_with_highlights(canvas,JSON.stringify(mdetails));});/* */&lt;/script&gt;&lt;h3&gt;Which amino acid is represented by the chemical structure shown above?&lt;/h3&gt;</mattext>
          </material>
          <response_lid ident="response1" rcardinality="Single">
            <render_choice>
              <response_label ident="choice_001">
                <material>
                  <mattext texttype="text/html">asparagine</mattext>
                </material>
              </response_label>
              <response_label ident="choice_002">
                <material>
                  <mattext texttype="text/html">aspartic acid</mattext>
                </material>
              </response_label>
              <response_label ident="choice_003">
                <material>
                  <mattext texttype="text/html">glutamic acid</mattext>
                </material>
              </response_label>
              <response_label ident="choice_004">
                <material>
                  <mattext texttype="text/html">glutamine</mattext>
                </material>
              </response_label>
              <response_label ident="choice_005">
                <material>
                  <mattext texttype="text/html">proline</mattext>
                </material>
              </response_label>
              <response_label ident="choice_006">
                <material>
                  <mattext texttype="text/html">threonine</mattext>
                </material>
              </response_label>
              <response_label ident="choice_007">
                <material>
                  <mattext texttype="text/html">valine</mattext>
                </material>
              </response_label>
            </render_choice>
          </response_lid>
        </presentation>

        <resprocessing>
          <outcomes>
            <decvar maxvalue="100" minvalue="0" varname="SCORE" vartype="Decimal"/>
          </outcomes>
          <respcondition>
            <conditionvar>
              <varequal respident="response1">choice_006</varequal>
            </conditionvar>
            <setvar action="Set" varname="SCORE">100</setvar>
          </respcondition>
        </resprocessing>
      </item>

      <item ident="multiple_choice_020" title="4f30_9040">
        <itemmetadata>
          <qtimetadata>
            <qtimetadatafield>
              <fieldlabel>question_type</fieldlabel>
              <fieldentry>multiple_choice_question</fieldentry>
            </qtimetadatafield>
            <qtimetadatafield>
              <fieldlabel>points_possible</fieldlabel>
              <fieldentry>1.0</fieldentry>
            </qtimetadatafield>
            <qtimetadatafield>
              <fieldlabel>original_answer_ids</fieldlabel>
              <fieldentry>choice_001,choice_002,choice_003,choice_004,choice_005,choice_006,choice_007</fieldentry>
            </qtimetadatafield>
          </qtimetadata>
        </itemmetadata>

        <presentation>
          <material>
            <mattext texttype="text/html">&lt;script src="https://unpkg.com/@rdkit/rdkit/dist/RDKit_minimal.js"&gt;&lt;/script&gt;&lt;p&gt;&lt;canvas id="canvas_ccbb" width="480" height="320"&gt;&lt;/canvas&gt;&lt;/p&gt;&lt;script&gt;/* */initRDKitModule().then(function(instance){RDKitModule=instance;console.log("RDKit:"+RDKitModule.version());/* */let/* */smiles="C1=CC=C(C=C1)C[C@@H](C(=O)O)N";let/* */mol=RDKitModule.get_mol(smiles);let/* */mdetails={};mdetails["legend"]="";mdetails["explicitMethyl"]=true;canvas=document.getElementById("canvas_ccbb");mol.draw_to_canvas_with_highlights(canvas,JSON.stringify(mdetails));});/* */&lt;/script&gt;&lt;h3&gt;Which amino acid is represented by the chemical structure shown above?&lt;/h3&gt;</mattext>
          </material>
          <response_lid ident="response1" rcardinality="Single">
            <render_choice>
              <response_label ident="choice_001">
                <material>
                  <mattext texttype="text/html">isoleucine</mattext>
                </material>
              </response_label>
              <response_label ident="choice_002">
                <material>
                  <mattext texttype="text/html">leucine</mattext>
                </material>
              </response_label>
              <response_label ident="choice_003">
                <material>
                  <mattext texttype="text/html">methionine</mattext>
                </material>
              </response_label>
              <response_label ident="choice_004">
                <material>
                  <mattext texttype="text/html">phenylalanine</mattext>
                </material>
              </response_label>
              <response_label ident="choice_005">
                <material>
                  <mattext texttype="text/html">tryptophan</mattext>
                </material>
              </response_label>
              <response_label ident="choice_006">
                <material>
                  <mattext texttype="text/html">tyrosine</mattext>
                </material>
              </response_label>
              <response_label ident="choice_007">
                <material>
                  <mattext texttype="text/html">valine</mattext>
                </material>
              </response_label>
            </render_choice>
          </response_lid>
        </presentation>

        <resprocessing>
          <outcomes>
            <decvar maxvalue="100" minvalue="0" varname="SCORE" vartype="Decimal"/>
          </outcomes>
          <respcondition>
            <conditionvar>
              <varequal respident="response1">choice_004</varequal>
            </conditionvar>
            <setvar action="Set" varname="SCORE">100</setvar>
          </respcondition>
        </resprocessing>
      </item>
    </section>
  </assessment>
</questestinterop>
