<?xml version='1.0' encoding='UTF-8'?>
<assessmentItem xmlns="http://www.imsglobal.org/xsd/imsqti_v2p1" xmlns:xsi="http://www.w3.org/2001/XMLSchema-instance" xmlns:ns8="http://www.w3.org/1999/xlink" xmlns:ns9="http://www.imsglobal.org/xsd/apip/apipv1p0/imsapip_qtiv1p0" xsi:schemaLocation="http://www.imsglobal.org/xsd/imsqti_v2p1 http://www.imsglobal.org/xsd/qti/qtiv2p1/imsqti_v2p1.xsd" title="437c_fad7_6cfc" adaptive="false" timeDependent="false" identifier="437c_fad7_6cfc">
  <responseDeclaration baseType="identifier" cardinality="multiple" identifier="RESPONSE">
    <correctResponse>
      <value>answer_003</value>
      <value>answer_007</value>
    </correctResponse>
  </responseDeclaration>

  <outcomeDeclaration baseType="float" cardinality="single" identifier="SCORE"/>

  <itemBody>
    <div><p>The α-helix is a right-handed coil in which each backbone N–H group forms a hydrogen bond with the C=O group of an amino acid located a few residues away. The regular pattern of hydrogen bonding stabilizes the helix, preventing it from unraveling.</p> <p>In a long α-helix, amino acid <b>number 10</b> would form a hydrogen bond with which two other amino acids?</p><p>Select two correct answers.</p></div>
    <choiceInteraction maxChoices="2" responseIdentifier="RESPONSE" shuffle="true">
      <simpleChoice fixed="true" identifier="answer_1">
        <p>amino acid 2</p>
      </simpleChoice>
      <simpleChoice fixed="true" identifier="answer_2">
        <p>amino acid 5</p>
      </simpleChoice>
      <simpleChoice fixed="true" identifier="answer_3">
        <p>amino acid 6</p>
      </simpleChoice>
      <simpleChoice fixed="true" identifier="answer_4">
        <p>amino acid 9</p>
      </simpleChoice>
      <simpleChoice fixed="true" identifier="answer_5">
        <p>amino acid 11</p>
      </simpleChoice>
      <simpleChoice fixed="true" identifier="answer_6">
        <p>amino acid 12</p>
      </simpleChoice>
      <simpleChoice fixed="true" identifier="answer_7">
        <p>amino acid 14</p>
      </simpleChoice>
      <simpleChoice fixed="true" identifier="answer_8">
        <p>amino acid 15</p>
      </simpleChoice>
      <simpleChoice fixed="true" identifier="answer_9">
        <p>amino acid 16</p>
      </simpleChoice>
    </choiceInteraction>
  </itemBody>

  <responseProcessing>
    <responseCondition>
      <responseIf>
        <match>
          <variable identifier="RESPONSE"/>
          <correct identifier="RESPONSE"/>
        </match>
      </responseIf>
    </responseCondition>
  </responseProcessing>
</assessmentItem>
