<?xml version='1.0' encoding='UTF-8'?>
<assessmentItem xmlns="http://www.imsglobal.org/xsd/imsqti_v2p1" xmlns:xsi="http://www.w3.org/2001/XMLSchema-instance" xmlns:ns8="http://www.w3.org/1999/xlink" xmlns:ns9="http://www.imsglobal.org/xsd/apip/apipv1p0/imsapip_qtiv1p0" xsi:schemaLocation="http://www.imsglobal.org/xsd/imsqti_v2p1 http://www.imsglobal.org/xsd/qti/qtiv2p1/imsqti_v2p1.xsd" title="ad5f_d85f_2370" adaptive="false" timeDependent="false" identifier="ad5f_d85f_2370">
  <responseDeclaration baseType="float" cardinality="single" identifier="RESPONSE">
    <correctResponse>
      <value>440.0</value>
    </correctResponse>
  </responseDeclaration>
  <outcomeDeclaration baseType="float" cardinality="single" identifier="SCORE"/>
  <itemBody>
    <div>
      <p>Using<span style="font-size: 1px; color: white;">gtag</span>a <span style="color: #7a1f7a;">previous<span style="font-size: 1px; color: white;">oxide</span>diluted sample</span> at <span style="font-size: 1.05em;"><span style="color: #228b22;"><span style="font-family: monospace;">DF=200</span></span></span>, create<span style="font-size: 1px; color: white;">metal</span>a new<span style="font-size: 1px; color: white;">per</span>dilution with a final dilution of <span style="font-size: 1.05em;"><span style="color: #228b22;"><span style="font-family: monospace;">DF=250</span></span></span> and<span style="font-size: 1px; color: white;">homo</span>a total<span style="font-size: 1px; color: white;">coo</span>volume of <span style="font-size: 1.05em;"><span style="font-family: monospace;">550 μL</span></span>.</p>
      <p>What <span style="color: #7a1f7a;">volume<span style="font-size: 1px; color: white;">herbal</span>of<span style="font-size: 1px; color: white;">aro</span>aliquot</span> in<span style="font-size: 1px; color: white;">bird</span>microliters (μL) do<span style="font-size: 1px; color: white;">colii</span>you<span style="font-size: 1px; color: white;">bgel</span>add<span style="font-size: 1px; color: white;">sos</span>to <span style="color: #005cb3;">distilled water</span> to make<span style="font-size: 1px; color: white;">algae</span>the<span style="font-size: 1px; color: white;">fields</span>dilution?</p>
      <span style="font-size: 1px; color: white;">starch</span>
      <p>
        <i>Note: answers need to be within 1% of the correct number to be correct.</i>
      </p>
    </div>
    <p>
      <textEntryInteraction responseIdentifier="RESPONSE"/>
    </p>
  </itemBody>
  <responseProcessing>
    <responseCondition>
      <responseIf>
        <equal toleranceMode="absolute" tolerance="0.9 0.9" includeLowerBound="true" includeUpperBound="true">
          <variable identifier="RESPONSE"/>
          <correct identifier="RESPONSE"/>
        </equal>
        <setOutcomeValue identifier="SCORE">
          <baseValue baseType="float">100</baseValue>
        </setOutcomeValue>
      </responseIf>
      <responseElse>
        <setOutcomeValue identifier="SCORE">
          <baseValue baseType="float">0</baseValue>
        </setOutcomeValue>
      </responseElse>
    </responseCondition>
  </responseProcessing>
</assessmentItem>
