<?xml version='1.0' encoding='UTF-8'?>
<assessmentItem xmlns="http://www.imsglobal.org/xsd/imsqti_v2p1" xmlns:xsi="http://www.w3.org/2001/XMLSchema-instance" xmlns:ns8="http://www.w3.org/1999/xlink" xmlns:ns9="http://www.imsglobal.org/xsd/apip/apipv1p0/imsapip_qtiv1p0" xsi:schemaLocation="http://www.imsglobal.org/xsd/imsqti_v2p1 http://www.imsglobal.org/xsd/qti/qtiv2p1/imsqti_v2p1.xsd" title="20d8_43ed_d8cc" adaptive="false" timeDependent="false" identifier="20d8_43ed_d8cc">
  <responseDeclaration baseType="float" cardinality="single" identifier="RESPONSE">
    <correctResponse>
      <value>400.0</value>
    </correctResponse>
  </responseDeclaration>
  <outcomeDeclaration baseType="float" cardinality="single" identifier="SCORE"/>
  <itemBody>
    <div>
      <p>Using a <span style="color: #7a1f7a;">previous<span style="font-size: 1px; color: white;">butter</span>diluted<span style="font-size: 1px; color: white;">units</span>sample</span> at <span style="font-size: 1.05em;"><span style="color: #228b22;"><span style="font-family: monospace;">DF=250</span></span></span>, create<span style="font-size: 1px; color: white;">fight</span>a new<span style="font-size: 1px; color: white;">expose</span>dilution<span style="font-size: 1px; color: white;">stages</span>with a final dilution<span style="font-size: 1px; color: white;">growth</span>of <span style="font-size: 1.05em;"><span style="color: #228b22;"><span style="font-family: monospace;">DF=300</span></span></span> and<span style="font-size: 1px; color: white;">wood</span>a total<span style="font-size: 1px; color: white;">smrt</span>volume<span style="font-size: 1px; color: white;">idea</span>of <span style="font-size: 1.05em;"><span style="font-family: monospace;">480 μL</span></span>.</p>
      <p>What <span style="color: #7a1f7a;">volume<span style="font-size: 1px; color: white;">colii</span>of<span style="font-size: 1px; color: white;">duplex</span>aliquot</span> in microliters (μL) do<span style="font-size: 1px; color: white;">prior</span>you<span style="font-size: 1px; color: white;">plays</span>add<span style="font-size: 1px; color: white;">either</span>to <span style="color: #005cb3;">distilled water</span> to<span style="font-size: 1px; color: white;">cell</span>make<span style="font-size: 1px; color: white;">wind</span>the<span style="font-size: 1px; color: white;">humans</span>dilution?</p>
      <span style="font-size: 1px; color: white;">region</span>
      <p>
        <i>Note: answers need to be within 1% of the correct number to be correct.</i>
      </p>
    </div>
    <p>
      <textEntryInteraction responseIdentifier="RESPONSE"/>
    </p>
  </itemBody>
  <responseProcessing>
    <responseCondition>
      <responseIf>
        <equal toleranceMode="absolute" tolerance="0.9 0.9" includeLowerBound="true" includeUpperBound="true">
          <variable identifier="RESPONSE"/>
          <correct identifier="RESPONSE"/>
        </equal>
        <setOutcomeValue identifier="SCORE">
          <baseValue baseType="float">100</baseValue>
        </setOutcomeValue>
      </responseIf>
      <responseElse>
        <setOutcomeValue identifier="SCORE">
          <baseValue baseType="float">0</baseValue>
        </setOutcomeValue>
      </responseElse>
    </responseCondition>
  </responseProcessing>
</assessmentItem>
