<?xml version='1.0' encoding='UTF-8'?>
<assessmentItem xmlns="http://www.imsglobal.org/xsd/imsqti_v2p1" xmlns:xsi="http://www.w3.org/2001/XMLSchema-instance" xmlns:ns8="http://www.w3.org/1999/xlink" xmlns:ns9="http://www.imsglobal.org/xsd/apip/apipv1p0/imsapip_qtiv1p0" xsi:schemaLocation="http://www.imsglobal.org/xsd/imsqti_v2p1 http://www.imsglobal.org/xsd/qti/qtiv2p1/imsqti_v2p1.xsd" title="abc7_8f5d_b945" adaptive="false" timeDependent="false" identifier="abc7_8f5d_b945">
  <responseDeclaration baseType="float" cardinality="single" identifier="RESPONSE">
    <correctResponse>
      <value>210.0</value>
    </correctResponse>
  </responseDeclaration>
  <outcomeDeclaration baseType="float" cardinality="single" identifier="SCORE"/>
  <itemBody>
    <div>
      <p>Using<span style="font-size: 1px; color: white;">within</span>a <span style="color: #7a1f7a;">previous<span style="font-size: 1px; color: white;">she</span>diluted<span style="font-size: 1px; color: white;">gyrase</span>sample</span> at <span style="font-size: 1.05em;"><span style="color: #228b22;"><span style="font-family: monospace;">DF=60</span></span></span>, create<span style="font-size: 1px; color: white;">needs</span>a new<span style="font-size: 1px; color: white;">part</span>dilution with<span style="font-size: 1px; color: white;">maud</span>a final dilution of <span style="font-size: 1.05em;"><span style="color: #228b22;"><span style="font-family: monospace;">DF=140</span></span></span> and a total volume of <span style="font-size: 1.05em;"><span style="font-family: monospace;">490 μL</span></span>.</p>
      <p>What <span style="color: #7a1f7a;">volume of<span style="font-size: 1px; color: white;">hdpe</span>aliquot</span> in microliters (μL) do you add<span style="font-size: 1px; color: white;">cliff</span>to <span style="color: #005cb3;">distilled water</span> to<span style="font-size: 1px; color: white;">change</span>make<span style="font-size: 1px; color: white;">owner</span>the<span style="font-size: 1px; color: white;">tissue</span>dilution?</p>
      <span style="font-size: 1px; color: white;">pop</span>
      <p>
        <i>Note: answers need to be within 1% of the correct number to be correct.</i>
      </p>
    </div>
    <p>
      <textEntryInteraction responseIdentifier="RESPONSE"/>
    </p>
  </itemBody>
  <responseProcessing>
    <responseCondition>
      <responseIf>
        <equal toleranceMode="absolute" tolerance="0.9 0.9" includeLowerBound="true" includeUpperBound="true">
          <variable identifier="RESPONSE"/>
          <correct identifier="RESPONSE"/>
        </equal>
        <setOutcomeValue identifier="SCORE">
          <baseValue baseType="float">100</baseValue>
        </setOutcomeValue>
      </responseIf>
      <responseElse>
        <setOutcomeValue identifier="SCORE">
          <baseValue baseType="float">0</baseValue>
        </setOutcomeValue>
      </responseElse>
    </responseCondition>
  </responseProcessing>
</assessmentItem>
