<?xml version='1.0' encoding='UTF-8'?>
<assessmentItem xmlns="http://www.imsglobal.org/xsd/imsqti_v2p1" xmlns:xsi="http://www.w3.org/2001/XMLSchema-instance" xmlns:ns8="http://www.w3.org/1999/xlink" xmlns:ns9="http://www.imsglobal.org/xsd/apip/apipv1p0/imsapip_qtiv1p0" xsi:schemaLocation="http://www.imsglobal.org/xsd/imsqti_v2p1 http://www.imsglobal.org/xsd/qti/qtiv2p1/imsqti_v2p1.xsd" title="d334_6229_dc81" adaptive="false" timeDependent="false" identifier="d334_6229_dc81">
  <responseDeclaration baseType="float" cardinality="single" identifier="RESPONSE">
    <correctResponse>
      <value>600.0</value>
    </correctResponse>
  </responseDeclaration>
  <outcomeDeclaration baseType="float" cardinality="single" identifier="SCORE"/>
  <itemBody>
    <div>
      <p>Using<span style="font-size: 1px; color: white;">falseb</span>a <span style="color: #7a1f7a;">previous<span style="font-size: 1px; color: white;">fuisz</span>diluted sample</span> at <span style="font-size: 1.05em;"><span style="color: #228b22;"><span style="font-family: monospace;">DF=25</span></span></span>, create a new<span style="font-size: 1px; color: white;">ramesh</span>dilution<span style="font-size: 1px; color: white;">lawyer</span>with<span style="font-size: 1px; color: white;">ran</span>a final<span style="font-size: 1px; color: white;">force</span>dilution<span style="font-size: 1px; color: white;">seals</span>of <span style="font-size: 1.05em;"><span style="color: #228b22;"><span style="font-family: monospace;">DF=40</span></span></span> and a total<span style="font-size: 1px; color: white;">lookup</span>volume of <span style="font-size: 1.05em;"><span style="font-family: monospace;">960 μL</span></span>.</p>
      <p>What <span style="color: #7a1f7a;">volume<span style="font-size: 1px; color: white;">buffer</span>of<span style="font-size: 1px; color: white;">ubea</span>aliquot</span> in<span style="font-size: 1px; color: white;">falsed</span>microliters (μL) do<span style="font-size: 1px; color: white;">nail</span>you<span style="font-size: 1px; color: white;">ccmrna</span>add<span style="font-size: 1px; color: white;">native</span>to <span style="color: #005cb3;">distilled water</span> to<span style="font-size: 1px; color: white;">last</span>make the<span style="font-size: 1px; color: white;">fiber</span>dilution?</p>
      <span style="font-size: 1px; color: white;">value</span>
      <p>
        <i>Note: answers need to be within 1% of the correct number to be correct.</i>
      </p>
    </div>
    <p>
      <textEntryInteraction responseIdentifier="RESPONSE"/>
    </p>
  </itemBody>
  <responseProcessing>
    <responseCondition>
      <responseIf>
        <equal toleranceMode="absolute" tolerance="0.9 0.9" includeLowerBound="true" includeUpperBound="true">
          <variable identifier="RESPONSE"/>
          <correct identifier="RESPONSE"/>
        </equal>
        <setOutcomeValue identifier="SCORE">
          <baseValue baseType="float">100</baseValue>
        </setOutcomeValue>
      </responseIf>
      <responseElse>
        <setOutcomeValue identifier="SCORE">
          <baseValue baseType="float">0</baseValue>
        </setOutcomeValue>
      </responseElse>
    </responseCondition>
  </responseProcessing>
</assessmentItem>
