<?xml version='1.0' encoding='UTF-8'?>
<assessmentItem xmlns="http://www.imsglobal.org/xsd/imsqti_v2p1" xmlns:xsi="http://www.w3.org/2001/XMLSchema-instance" xmlns:ns8="http://www.w3.org/1999/xlink" xmlns:ns9="http://www.imsglobal.org/xsd/apip/apipv1p0/imsapip_qtiv1p0" xsi:schemaLocation="http://www.imsglobal.org/xsd/imsqti_v2p1 http://www.imsglobal.org/xsd/qti/qtiv2p1/imsqti_v2p1.xsd" title="3cb0_21a1_97f8" adaptive="false" timeDependent="false" identifier="3cb0_21a1_97f8">
  <responseDeclaration baseType="float" cardinality="single" identifier="RESPONSE">
    <correctResponse>
      <value>200.0</value>
    </correctResponse>
  </responseDeclaration>
  <outcomeDeclaration baseType="float" cardinality="single" identifier="SCORE"/>
  <itemBody>
    <div>
      <p>Using a <span style="color: #7a1f7a;">previous<span style="font-size: 1px; color: white;">bop</span>diluted sample</span> at <span style="font-size: 1.05em;"><span style="color: #228b22;"><span style="font-family: monospace;">DF=32</span></span></span>, create a new<span style="font-size: 1px; color: white;">has</span>dilution<span style="font-size: 1px; color: white;">under</span>with<span style="font-size: 1px; color: white;">add</span>a final dilution of <span style="font-size: 1.05em;"><span style="color: #228b22;"><span style="font-family: monospace;">DF=40</span></span></span> and<span style="font-size: 1px; color: white;">signal</span>a total volume of <span style="font-size: 1.05em;"><span style="font-family: monospace;">250 μL</span></span>.</p>
      <p>What <span style="color: #7a1f7a;">volume<span style="font-size: 1px; color: white;">kinds</span>of<span style="font-size: 1px; color: white;">krebs</span>aliquot</span> in<span style="font-size: 1px; color: white;">baboth</span>microliters (μL) do<span style="font-size: 1px; color: white;">neck</span>you<span style="font-size: 1px; color: white;">yellow</span>add<span style="font-size: 1px; color: white;">mode</span>to <span style="color: #005cb3;">distilled<span style="font-size: 1px; color: white;">tea</span>water</span> to make<span style="font-size: 1px; color: white;">wine</span>the<span style="font-size: 1px; color: white;">oils</span>dilution?</p>
      <p>
        <i>Note: answers need to be within 1% of the correct number to be correct.</i>
      </p>
    </div>
    <p>
      <textEntryInteraction responseIdentifier="RESPONSE"/>
    </p>
  </itemBody>
  <responseProcessing>
    <responseCondition>
      <responseIf>
        <equal toleranceMode="absolute" tolerance="0.9 0.9" includeLowerBound="true" includeUpperBound="true">
          <variable identifier="RESPONSE"/>
          <correct identifier="RESPONSE"/>
        </equal>
        <setOutcomeValue identifier="SCORE">
          <baseValue baseType="float">100</baseValue>
        </setOutcomeValue>
      </responseIf>
      <responseElse>
        <setOutcomeValue identifier="SCORE">
          <baseValue baseType="float">0</baseValue>
        </setOutcomeValue>
      </responseElse>
    </responseCondition>
  </responseProcessing>
</assessmentItem>
