<?xml version='1.0' encoding='UTF-8'?>
<assessmentItem xmlns="http://www.imsglobal.org/xsd/imsqti_v2p1" xmlns:xsi="http://www.w3.org/2001/XMLSchema-instance" xmlns:ns8="http://www.w3.org/1999/xlink" xmlns:ns9="http://www.imsglobal.org/xsd/apip/apipv1p0/imsapip_qtiv1p0" xsi:schemaLocation="http://www.imsglobal.org/xsd/imsqti_v2p1 http://www.imsglobal.org/xsd/qti/qtiv2p1/imsqti_v2p1.xsd" title="4810_040d_3e0a" adaptive="false" timeDependent="false" identifier="4810_040d_3e0a">
  <responseDeclaration baseType="float" cardinality="single" identifier="RESPONSE">
    <correctResponse>
      <value>350.0</value>
    </correctResponse>
  </responseDeclaration>
  <outcomeDeclaration baseType="float" cardinality="single" identifier="SCORE"/>
  <itemBody>
    <div>
      <p>Using<span style="font-size: 1px; color: white;">heart</span>a <span style="color: #7a1f7a;">previous<span style="font-size: 1px; color: white;">pla</span>diluted<span style="font-size: 1px; color: white;">stem</span>sample</span> at <span style="font-size: 1.05em;"><span style="color: #228b22;"><span style="font-family: monospace;">DF=40</span></span></span>, create<span style="font-size: 1px; color: white;">impact</span>a new<span style="font-size: 1px; color: white;">fuel</span>dilution<span style="font-size: 1px; color: white;">whales</span>with<span style="font-size: 1px; color: white;">waste</span>a final<span style="font-size: 1px; color: white;">dof</span>dilution<span style="font-size: 1px; color: white;">food</span>of <span style="font-size: 1.05em;"><span style="color: #228b22;"><span style="font-family: monospace;">DF=72</span></span></span> and<span style="font-size: 1px; color: white;">want</span>a total<span style="font-size: 1px; color: white;">wagr</span>volume of <span style="font-size: 1.05em;"><span style="font-family: monospace;">630 μL</span></span>.</p>
      <p>What <span style="color: #7a1f7a;">volume<span style="font-size: 1px; color: white;">insert</span>of aliquot</span> in<span style="font-size: 1px; color: white;">dimers</span>microliters (μL) do you add to <span style="color: #005cb3;">distilled<span style="font-size: 1px; color: white;">stop</span>water</span> to<span style="font-size: 1px; color: white;">bug</span>make<span style="font-size: 1px; color: white;">though</span>the<span style="font-size: 1px; color: white;">native</span>dilution?</p>
      <span style="font-size: 1px; color: white;">maize</span>
      <p>
        <i>Note: answers need to be within 1% of the correct number to be correct.</i>
      </p>
    </div>
    <p>
      <textEntryInteraction responseIdentifier="RESPONSE"/>
    </p>
  </itemBody>
  <responseProcessing>
    <responseCondition>
      <responseIf>
        <equal toleranceMode="absolute" tolerance="0.9 0.9" includeLowerBound="true" includeUpperBound="true">
          <variable identifier="RESPONSE"/>
          <correct identifier="RESPONSE"/>
        </equal>
        <setOutcomeValue identifier="SCORE">
          <baseValue baseType="float">100</baseValue>
        </setOutcomeValue>
      </responseIf>
      <responseElse>
        <setOutcomeValue identifier="SCORE">
          <baseValue baseType="float">0</baseValue>
        </setOutcomeValue>
      </responseElse>
    </responseCondition>
  </responseProcessing>
</assessmentItem>
