<?xml version='1.0' encoding='UTF-8'?>
<assessmentItem xmlns="http://www.imsglobal.org/xsd/imsqti_v2p1" xmlns:xsi="http://www.w3.org/2001/XMLSchema-instance" xmlns:ns8="http://www.w3.org/1999/xlink" xmlns:ns9="http://www.imsglobal.org/xsd/apip/apipv1p0/imsapip_qtiv1p0" xsi:schemaLocation="http://www.imsglobal.org/xsd/imsqti_v2p1 http://www.imsglobal.org/xsd/qti/qtiv2p1/imsqti_v2p1.xsd" title="1b18_d266_1ffb" adaptive="false" timeDependent="false" identifier="1b18_d266_1ffb">
  <responseDeclaration baseType="float" cardinality="single" identifier="RESPONSE">
    <correctResponse>
      <value>330.0</value>
    </correctResponse>
  </responseDeclaration>
  <outcomeDeclaration baseType="float" cardinality="single" identifier="SCORE"/>
  <itemBody>
    <div>
      <p>Using<span style="font-size: 1px; color: white;">anova</span>a <span style="color: #7a1f7a;">previous<span style="font-size: 1px; color: white;">abi</span>diluted sample</span> at <span style="font-size: 1.05em;"><span style="color: #228b22;"><span style="font-family: monospace;">DF=75</span></span></span>, create<span style="font-size: 1px; color: white;">aged</span>a new dilution<span style="font-size: 1px; color: white;">breaks</span>with<span style="font-size: 1px; color: white;">smart</span>a final<span style="font-size: 1px; color: white;">digest</span>dilution of <span style="font-size: 1.05em;"><span style="color: #228b22;"><span style="font-family: monospace;">DF=175</span></span></span> and<span style="font-size: 1px; color: white;">thrive</span>a total<span style="font-size: 1px; color: white;">file</span>volume<span style="font-size: 1px; color: white;">linked</span>of <span style="font-size: 1.05em;"><span style="font-family: monospace;">770 μL</span></span>.</p>
      <p>What <span style="color: #7a1f7a;">volume<span style="font-size: 1px; color: white;">where</span>of<span style="font-size: 1px; color: white;">kda</span>aliquot</span> in<span style="font-size: 1px; color: white;">sample</span>microliters (μL) do<span style="font-size: 1px; color: white;">force</span>you<span style="font-size: 1px; color: white;">human</span>add<span style="font-size: 1px; color: white;">across</span>to <span style="color: #005cb3;">distilled water</span> to<span style="font-size: 1px; color: white;">role</span>make the<span style="font-size: 1px; color: white;">falsee</span>dilution?</p>
      <p>
        <i>Note: answers need to be within 1% of the correct number to be correct.</i>
      </p>
    </div>
    <p>
      <textEntryInteraction responseIdentifier="RESPONSE"/>
    </p>
  </itemBody>
  <responseProcessing>
    <responseCondition>
      <responseIf>
        <equal toleranceMode="absolute" tolerance="0.9 0.9" includeLowerBound="true" includeUpperBound="true">
          <variable identifier="RESPONSE"/>
          <correct identifier="RESPONSE"/>
        </equal>
        <setOutcomeValue identifier="SCORE">
          <baseValue baseType="float">100</baseValue>
        </setOutcomeValue>
      </responseIf>
      <responseElse>
        <setOutcomeValue identifier="SCORE">
          <baseValue baseType="float">0</baseValue>
        </setOutcomeValue>
      </responseElse>
    </responseCondition>
  </responseProcessing>
</assessmentItem>
