<?xml version='1.0' encoding='UTF-8'?>
<assessmentItem xmlns="http://www.imsglobal.org/xsd/imsqti_v2p1" xmlns:xsi="http://www.w3.org/2001/XMLSchema-instance" xmlns:ns8="http://www.w3.org/1999/xlink" xmlns:ns9="http://www.imsglobal.org/xsd/apip/apipv1p0/imsapip_qtiv1p0" xsi:schemaLocation="http://www.imsglobal.org/xsd/imsqti_v2p1 http://www.imsglobal.org/xsd/qti/qtiv2p1/imsqti_v2p1.xsd" title="bd8a_3143_2b20" adaptive="false" timeDependent="false" identifier="bd8a_3143_2b20">
  <responseDeclaration baseType="float" cardinality="single" identifier="RESPONSE">
    <correctResponse>
      <value>300.0</value>
    </correctResponse>
  </responseDeclaration>
  <outcomeDeclaration baseType="float" cardinality="single" identifier="SCORE"/>
  <itemBody>
    <div>
      <p>Using a <span style="color: #7a1f7a;">previous<span style="font-size: 1px; color: white;">charge</span>diluted sample</span> at <span style="font-size: 1.05em;"><span style="color: #228b22;"><span style="font-family: monospace;">DF=15</span></span></span>, create<span style="font-size: 1px; color: white;">navy</span>a new<span style="font-size: 1px; color: white;">david</span>dilution with a final<span style="font-size: 1px; color: white;">bites</span>dilution<span style="font-size: 1px; color: white;">was</span>of <span style="font-size: 1.05em;"><span style="color: #228b22;"><span style="font-family: monospace;">DF=25</span></span></span> and<span style="font-size: 1px; color: white;">blood</span>a total<span style="font-size: 1px; color: white;">cooh</span>volume<span style="font-size: 1px; color: white;">eside</span>of <span style="font-size: 1.05em;"><span style="font-family: monospace;">500 μL</span></span>.</p>
      <p>What <span style="color: #7a1f7a;">volume of<span style="font-size: 1px; color: white;">theory</span>aliquot</span> in microliters (μL) do<span style="font-size: 1px; color: white;">acspan</span>you<span style="font-size: 1px; color: white;">egel</span>add<span style="font-size: 1px; color: white;">actual</span>to <span style="color: #005cb3;">distilled<span style="font-size: 1px; color: white;">grab</span>water</span> to<span style="font-size: 1px; color: white;">gut</span>make<span style="font-size: 1px; color: white;">herbs</span>the<span style="font-size: 1px; color: white;">remedy</span>dilution?</p>
      <span style="font-size: 1px; color: white;">drift</span>
      <p>
        <i>Note: answers need to be within 1% of the correct number to be correct.</i>
      </p>
    </div>
    <p>
      <textEntryInteraction responseIdentifier="RESPONSE"/>
    </p>
  </itemBody>
  <responseProcessing>
    <responseCondition>
      <responseIf>
        <equal toleranceMode="absolute" tolerance="0.9 0.9" includeLowerBound="true" includeUpperBound="true">
          <variable identifier="RESPONSE"/>
          <correct identifier="RESPONSE"/>
        </equal>
        <setOutcomeValue identifier="SCORE">
          <baseValue baseType="float">100</baseValue>
        </setOutcomeValue>
      </responseIf>
      <responseElse>
        <setOutcomeValue identifier="SCORE">
          <baseValue baseType="float">0</baseValue>
        </setOutcomeValue>
      </responseElse>
    </responseCondition>
  </responseProcessing>
</assessmentItem>
