<?xml version='1.0' encoding='UTF-8'?>
<assessmentItem xmlns="http://www.imsglobal.org/xsd/imsqti_v2p1" xmlns:xsi="http://www.w3.org/2001/XMLSchema-instance" xmlns:ns8="http://www.w3.org/1999/xlink" xmlns:ns9="http://www.imsglobal.org/xsd/apip/apipv1p0/imsapip_qtiv1p0" xsi:schemaLocation="http://www.imsglobal.org/xsd/imsqti_v2p1 http://www.imsglobal.org/xsd/qti/qtiv2p1/imsqti_v2p1.xsd" title="a9b6_ba13_dcc2" adaptive="false" timeDependent="false" identifier="a9b6_ba13_dcc2">
  <responseDeclaration baseType="float" cardinality="single" identifier="RESPONSE">
    <correctResponse>
      <value>240.0</value>
    </correctResponse>
  </responseDeclaration>
  <outcomeDeclaration baseType="float" cardinality="single" identifier="SCORE"/>
  <itemBody>
    <div>
      <p>Using<span style="font-size: 1px; color: white;">causes</span>a <span style="color: #7a1f7a;">previous diluted sample</span> at <span style="font-size: 1.05em;"><span style="color: #228b22;"><span style="font-family: monospace;">DF=160</span></span></span>, create<span style="font-size: 1px; color: white;">take</span>a new<span style="font-size: 1px; color: white;">level</span>dilution<span style="font-size: 1px; color: white;">cliff</span>with a final dilution<span style="font-size: 1px; color: white;">passed</span>of <span style="font-size: 1.05em;"><span style="color: #228b22;"><span style="font-family: monospace;">DF=280</span></span></span> and<span style="font-size: 1px; color: white;">rest</span>a total<span style="font-size: 1px; color: white;">mature</span>volume<span style="font-size: 1px; color: white;">goes</span>of <span style="font-size: 1.05em;"><span style="font-family: monospace;">420 μL</span></span>.</p>
      <p>What <span style="color: #7a1f7a;">volume of aliquot</span> in microliters (μL) do<span style="font-size: 1px; color: white;">serum</span>you<span style="font-size: 1px; color: white;">allele</span>add<span style="font-size: 1px; color: white;">person</span>to <span style="color: #005cb3;">distilled<span style="font-size: 1px; color: white;">uag</span>water</span> to<span style="font-size: 1px; color: white;">eyes</span>make the<span style="font-size: 1px; color: white;">gels</span>dilution?</p>
      <span style="font-size: 1px; color: white;">band</span>
      <p>
        <i>Note: answers need to be within 1% of the correct number to be correct.</i>
      </p>
    </div>
    <p>
      <textEntryInteraction responseIdentifier="RESPONSE"/>
    </p>
  </itemBody>
  <responseProcessing>
    <responseCondition>
      <responseIf>
        <equal toleranceMode="absolute" tolerance="0.9 0.9" includeLowerBound="true" includeUpperBound="true">
          <variable identifier="RESPONSE"/>
          <correct identifier="RESPONSE"/>
        </equal>
        <setOutcomeValue identifier="SCORE">
          <baseValue baseType="float">100</baseValue>
        </setOutcomeValue>
      </responseIf>
      <responseElse>
        <setOutcomeValue identifier="SCORE">
          <baseValue baseType="float">0</baseValue>
        </setOutcomeValue>
      </responseElse>
    </responseCondition>
  </responseProcessing>
</assessmentItem>
