<?xml version='1.0' encoding='UTF-8'?>
<assessmentItem xmlns="http://www.imsglobal.org/xsd/imsqti_v2p1" xmlns:xsi="http://www.w3.org/2001/XMLSchema-instance" xmlns:ns8="http://www.w3.org/1999/xlink" xmlns:ns9="http://www.imsglobal.org/xsd/apip/apipv1p0/imsapip_qtiv1p0" xsi:schemaLocation="http://www.imsglobal.org/xsd/imsqti_v2p1 http://www.imsglobal.org/xsd/qti/qtiv2p1/imsqti_v2p1.xsd" title="bfb9_b320_ed86" adaptive="false" timeDependent="false" identifier="bfb9_b320_ed86">
  <responseDeclaration baseType="identifier" cardinality="single" identifier="RESPONSE">
    <correctResponse>
      <value>answer_005</value>
    </correctResponse>
  </responseDeclaration>

  <outcomeDeclaration baseType="float" cardinality="single" identifier="SCORE"/>

  <itemBody>
    <div>
      <script src="https://unpkg.com/@rdkit/rdkit/dist/RDKit_minimal.js"/>
      <p>
        <canvas id="canvas_edd0" width="480" height="320"/>
      </p>
      <script>/* */initRDKitModule().then(function(instance){RDKitModule=instance;console.log("RDKit:"+RDKitModule.version());/* */let/* */smiles="C1C[C@H](NC1)C(=O)O";let/* */mol=RDKitModule.get_mol(smiles);let/* */mdetails={};mdetails["legend"]="";mdetails["explicitMethyl"]=true;canvas=document.getElementById("canvas_edd0");mol.draw_to_canvas_with_highlights(canvas,JSON.stringify(mdetails));});/* */</script>
      <h3>Which amino acid is represented by the chemical structure shown above?</h3>
    </div>
    <choiceInteraction maxChoices="1" responseIdentifier="RESPONSE" shuffle="true">
      <simpleChoice fixed="true" identifier="answer_1">
        <p>glutamic acid</p>
      </simpleChoice>
      <simpleChoice fixed="true" identifier="answer_2">
        <p>glutamine</p>
      </simpleChoice>
      <simpleChoice fixed="true" identifier="answer_3">
        <p>histidine</p>
      </simpleChoice>
      <simpleChoice fixed="true" identifier="answer_4">
        <p>methionine</p>
      </simpleChoice>
      <simpleChoice fixed="true" identifier="answer_5">
        <p>proline</p>
      </simpleChoice>
      <simpleChoice fixed="true" identifier="answer_6">
        <p>threonine</p>
      </simpleChoice>
      <simpleChoice fixed="true" identifier="answer_7">
        <p>valine</p>
      </simpleChoice>
    </choiceInteraction>
  </itemBody>

  <responseProcessing>
    <responseCondition>
      <responseIf>
        <match>
          <variable identifier="RESPONSE"/>
          <correct identifier="RESPONSE"/>
        </match>
      </responseIf>
    </responseCondition>
  </responseProcessing>
</assessmentItem>
