<?xml version='1.0' encoding='UTF-8'?>
<assessmentItem xmlns="http://www.imsglobal.org/xsd/imsqti_v2p1" xmlns:xsi="http://www.w3.org/2001/XMLSchema-instance" xmlns:ns8="http://www.w3.org/1999/xlink" xmlns:ns9="http://www.imsglobal.org/xsd/apip/apipv1p0/imsapip_qtiv1p0" xsi:schemaLocation="http://www.imsglobal.org/xsd/imsqti_v2p1 http://www.imsglobal.org/xsd/qti/qtiv2p1/imsqti_v2p1.xsd" title="f21d_9771_2bb0" adaptive="false" timeDependent="false" identifier="f21d_9771_2bb0">
  <responseDeclaration baseType="identifier" cardinality="single" identifier="RESPONSE">
    <correctResponse>
      <value>answer_005</value>
    </correctResponse>
  </responseDeclaration>
  <outcomeDeclaration baseType="float" cardinality="single" identifier="SCORE"/>
  <itemBody>
    <div>
      <div id="drv_80d7" oncopy="return false;" onpaste="return false;" oncut="return false;" oncontextmenu="return false;" onmousedown="return false;" onselectstart="return false;">
        <script src="https://unpkg.com/@rdkit/rdkit/dist/RDKit_minimal.js"/>
        <p>
          <canvas id="canvas_edd0" width="480" height="320"/>
        </p>
        <script>/* */initRDKitModule().then(function(instance){RDKitModule=instance;console.log("RDKit:"+RDKitModule.version());/* */let/* */smiles="C1C[C@H](NC1)C(=O)O";let/* */mol=RDKitModule.get_mol(smiles);let/* */mdetails={};mdetails["legend"]="";mdetails["explicitMethyl"]=true;canvas=document.getElementById("canvas_edd0");mol.draw_to_canvas_with_highlights(canvas,JSON.stringify(mdetails));});/* */</script>
        <h3>Which amino<span style="font-size: 1px; color: white;">zygote</span>acid<span style="font-size: 1px; color: white;">grab</span>is represented<span style="font-size: 1px; color: white;">gets</span>by the<span style="font-size: 1px; color: white;">polar</span>chemical<span style="font-size: 1px; color: white;">gmp</span>structure shown above?</h3>
        <span style="font-size: 1px; color: white;">tyler</span>
      </div>
    </div>
    <choiceInteraction maxChoices="1" responseIdentifier="RESPONSE" shuffle="true">
      <simpleChoice fixed="true" identifier="answer_1">
        <p>
          <div id="drv_288c" oncopy="return false;" onpaste="return false;" oncut="return false;" oncontextmenu="return false;" onmousedown="return false;" onselectstart="return false;">glutamic<span style="font-size: 1px; color: white;">drift</span>acid<span style="font-size: 1px; color: white;">method</span></div>
        </p>
      </simpleChoice>
      <simpleChoice fixed="true" identifier="answer_2">
        <p>
          <div id="drv_62ca" oncopy="return false;" onpaste="return false;" oncut="return false;" oncontextmenu="return false;" onmousedown="return false;" onselectstart="return false;">glutamine<span style="font-size: 1px; color: white;">tagged</span></div>
        </p>
      </simpleChoice>
      <simpleChoice fixed="true" identifier="answer_3">
        <p>
          <div id="drv_3836" oncopy="return false;" onpaste="return false;" oncut="return false;" oncontextmenu="return false;" onmousedown="return false;" onselectstart="return false;">histidine<span style="font-size: 1px; color: white;">orange</span></div>
        </p>
      </simpleChoice>
      <simpleChoice fixed="true" identifier="answer_4">
        <p>
          <div id="drv_1c5e" oncopy="return false;" onpaste="return false;" oncut="return false;" oncontextmenu="return false;" onmousedown="return false;" onselectstart="return false;">methionine<span style="font-size: 1px; color: white;">corn</span></div>
        </p>
      </simpleChoice>
      <simpleChoice fixed="true" identifier="answer_5">
        <p>
          <div id="drv_c114" oncopy="return false;" onpaste="return false;" oncut="return false;" oncontextmenu="return false;" onmousedown="return false;" onselectstart="return false;">proline </div>
        </p>
      </simpleChoice>
      <simpleChoice fixed="true" identifier="answer_6">
        <p>
          <div id="drv_19be" oncopy="return false;" onpaste="return false;" oncut="return false;" oncontextmenu="return false;" onmousedown="return false;" onselectstart="return false;">threonine<span style="font-size: 1px; color: white;">higher</span></div>
        </p>
      </simpleChoice>
      <simpleChoice fixed="true" identifier="answer_7">
        <p>
          <div id="drv_1d91" oncopy="return false;" onpaste="return false;" oncut="return false;" oncontextmenu="return false;" onmousedown="return false;" onselectstart="return false;">valine<span style="font-size: 1px; color: white;">xyloid</span></div>
        </p>
      </simpleChoice>
    </choiceInteraction>
  </itemBody>
  <responseProcessing>
    <responseCondition>
      <responseIf>
        <match>
          <variable identifier="RESPONSE"/>
          <correct identifier="RESPONSE"/>
        </match>
      </responseIf>
    </responseCondition>
  </responseProcessing>
</assessmentItem>
