<?xml version='1.0' encoding='UTF-8'?>
<assessmentItem xmlns="http://www.imsglobal.org/xsd/imsqti_v2p1" xmlns:xsi="http://www.w3.org/2001/XMLSchema-instance" xmlns:ns8="http://www.w3.org/1999/xlink" xmlns:ns9="http://www.imsglobal.org/xsd/apip/apipv1p0/imsapip_qtiv1p0" xsi:schemaLocation="http://www.imsglobal.org/xsd/imsqti_v2p1 http://www.imsglobal.org/xsd/qti/qtiv2p1/imsqti_v2p1.xsd" title="86f3_0b51_a307" adaptive="false" timeDependent="false" identifier="86f3_0b51_a307">
  <responseDeclaration baseType="identifier" cardinality="single" identifier="RESPONSE">
    <correctResponse>
      <value>answer_001</value>
    </correctResponse>
  </responseDeclaration>
  <outcomeDeclaration baseType="float" cardinality="single" identifier="SCORE"/>
  <itemBody>
    <div>
      <div id="drv_eb9a" oncopy="return false;" onpaste="return false;" oncut="return false;" oncontextmenu="return false;" onmousedown="return false;" onselectstart="return false;">
        <p>Which<span style="font-size: 1px; color: white;">bond</span>one of the<span style="font-size: 1px; color: white;">car</span>following<span style="font-size: 1px; color: white;">anemia</span>amino acids<span style="font-size: 1px; color: white;">white</span>correspond<span style="font-size: 1px; color: white;">direct</span>to the<span style="font-size: 1px; color: white;">bigger</span>description <span style="font-size: 1em;"><strong>'a <strong><span style="color: #009e4c;">polar<span style="font-size: 1px; color: white;">erika</span>amino<span style="font-size: 1px; color: white;">filled</span>acid</span></strong> that<span style="font-size: 1px; color: white;">oneway</span>is capable of<span style="font-size: 1px; color: white;">legs</span>thiol (-SH) chemistry'</strong></span>.</p>
        <span style="font-size: 1px; color: white;">methyl</span>
      </div>
    </div>
    <choiceInteraction maxChoices="1" responseIdentifier="RESPONSE" shuffle="true">
      <simpleChoice fixed="true" identifier="answer_1">
        <p>
          <div id="drv_c30f" oncopy="return false;" onpaste="return false;" oncut="return false;" oncontextmenu="return false;" onmousedown="return false;" onselectstart="return false;">cysteine<span style="font-size: 1px; color: white;">tyler</span></div>
        </p>
      </simpleChoice>
      <simpleChoice fixed="true" identifier="answer_2">
        <p>
          <div id="drv_89d5" oncopy="return false;" onpaste="return false;" oncut="return false;" oncontextmenu="return false;" onmousedown="return false;" onselectstart="return false;">glutamic<span style="font-size: 1px; color: white;">amide</span>acid<span style="font-size: 1px; color: white;">yogurt</span></div>
        </p>
      </simpleChoice>
      <simpleChoice fixed="true" identifier="answer_3">
        <p>
          <div id="drv_67ba" oncopy="return false;" onpaste="return false;" oncut="return false;" oncontextmenu="return false;" onmousedown="return false;" onselectstart="return false;">serine<span style="font-size: 1px; color: white;">caused</span></div>
        </p>
      </simpleChoice>
      <simpleChoice fixed="true" identifier="answer_4">
        <p>
          <div id="drv_e53b" oncopy="return false;" onpaste="return false;" oncut="return false;" oncontextmenu="return false;" onmousedown="return false;" onselectstart="return false;">tryptophan<span style="font-size: 1px; color: white;">fiber</span></div>
        </p>
      </simpleChoice>
      <simpleChoice fixed="true" identifier="answer_5">
        <p>
          <div id="drv_9339" oncopy="return false;" onpaste="return false;" oncut="return false;" oncontextmenu="return false;" onmousedown="return false;" onselectstart="return false;">valine<span style="font-size: 1px; color: white;">navy</span></div>
        </p>
      </simpleChoice>
    </choiceInteraction>
  </itemBody>
  <responseProcessing>
    <responseCondition>
      <responseIf>
        <match>
          <variable identifier="RESPONSE"/>
          <correct identifier="RESPONSE"/>
        </match>
      </responseIf>
    </responseCondition>
  </responseProcessing>
</assessmentItem>
