<?xml version='1.0' encoding='UTF-8'?>
<assessmentItem xmlns="http://www.imsglobal.org/xsd/imsqti_v2p1" xmlns:xsi="http://www.w3.org/2001/XMLSchema-instance" xmlns:ns8="http://www.w3.org/1999/xlink" xmlns:ns9="http://www.imsglobal.org/xsd/apip/apipv1p0/imsapip_qtiv1p0" xsi:schemaLocation="http://www.imsglobal.org/xsd/imsqti_v2p1 http://www.imsglobal.org/xsd/qti/qtiv2p1/imsqti_v2p1.xsd" title="ae87_031a_9d5b" adaptive="false" timeDependent="false" identifier="ae87_031a_9d5b">
  <responseDeclaration baseType="identifier" cardinality="single" identifier="RESPONSE">
    <correctResponse>
      <value>answer_005</value>
    </correctResponse>
  </responseDeclaration>
  <outcomeDeclaration baseType="float" cardinality="single" identifier="SCORE"/>
  <itemBody>
    <div>
      <div id="drv_e18c" oncopy="return false;" onpaste="return false;" oncut="return false;" oncontextmenu="return false;" onmousedown="return false;" onselectstart="return false;">
        <p>Which<span style="font-size: 1px; color: white;">fuse</span>one<span style="font-size: 1px; color: white;">cord</span>of<span style="font-size: 1px; color: white;">frame</span>the<span style="font-size: 1px; color: white;">sip</span>following<span style="font-size: 1px; color: white;">single</span>amino acids<span style="font-size: 1px; color: white;">idose</span>correspond<span style="font-size: 1px; color: white;">daily</span>to the<span style="font-size: 1px; color: white;">bigger</span>description <span style="font-size: 1em;"><strong>'an <strong><span style="color: #ff5e00;">aromatic<span style="font-size: 1px; color: white;">main</span>amino<span style="font-size: 1px; color: white;">skier</span>acid</span></strong> with the<span style="font-size: 1px; color: white;">string</span>largest <strong><span style="color: #6d108e;">side chain</span></strong> consisting of<span style="font-size: 1px; color: white;">obtain</span>a fused<span style="font-size: 1px; color: white;">forced</span>pair<span style="font-size: 1px; color: white;">parts</span>of<span style="font-size: 1px; color: white;">sperm</span>rings'</strong></span>.</p>
        <span style="font-size: 1px; color: white;">turner</span>
      </div>
    </div>
    <choiceInteraction maxChoices="1" responseIdentifier="RESPONSE" shuffle="true">
      <simpleChoice fixed="true" identifier="answer_1">
        <p>
          <div id="drv_e7a6" oncopy="return false;" onpaste="return false;" oncut="return false;" oncontextmenu="return false;" onmousedown="return false;" onselectstart="return false;">glutamate<span style="font-size: 1px; color: white;">street</span></div>
        </p>
      </simpleChoice>
      <simpleChoice fixed="true" identifier="answer_2">
        <p>
          <div id="drv_57e2" oncopy="return false;" onpaste="return false;" oncut="return false;" oncontextmenu="return false;" onmousedown="return false;" onselectstart="return false;">lysine<span style="font-size: 1px; color: white;">either</span></div>
        </p>
      </simpleChoice>
      <simpleChoice fixed="true" identifier="answer_3">
        <p>
          <div id="drv_c607" oncopy="return false;" onpaste="return false;" oncut="return false;" oncontextmenu="return false;" onmousedown="return false;" onselectstart="return false;">phenylalanine<span style="font-size: 1px; color: white;">site</span></div>
        </p>
      </simpleChoice>
      <simpleChoice fixed="true" identifier="answer_4">
        <p>
          <div id="drv_e667" oncopy="return false;" onpaste="return false;" oncut="return false;" oncontextmenu="return false;" onmousedown="return false;" onselectstart="return false;">proline </div>
        </p>
      </simpleChoice>
      <simpleChoice fixed="true" identifier="answer_5">
        <p>
          <div id="drv_9e29" oncopy="return false;" onpaste="return false;" oncut="return false;" oncontextmenu="return false;" onmousedown="return false;" onselectstart="return false;">tryptophan<span style="font-size: 1px; color: white;">enzyme</span></div>
        </p>
      </simpleChoice>
    </choiceInteraction>
  </itemBody>
  <responseProcessing>
    <responseCondition>
      <responseIf>
        <match>
          <variable identifier="RESPONSE"/>
          <correct identifier="RESPONSE"/>
        </match>
      </responseIf>
    </responseCondition>
  </responseProcessing>
</assessmentItem>
