<?xml version='1.0' encoding='UTF-8'?>
<assessmentItem xmlns="http://www.imsglobal.org/xsd/imsqti_v2p1" xmlns:xsi="http://www.w3.org/2001/XMLSchema-instance" xmlns:ns8="http://www.w3.org/1999/xlink" xmlns:ns9="http://www.imsglobal.org/xsd/apip/apipv1p0/imsapip_qtiv1p0" xsi:schemaLocation="http://www.imsglobal.org/xsd/imsqti_v2p1 http://www.imsglobal.org/xsd/qti/qtiv2p1/imsqti_v2p1.xsd" title="34db_0ef7_5fdb" adaptive="false" timeDependent="false" identifier="34db_0ef7_5fdb">
  <responseDeclaration baseType="identifier" cardinality="single" identifier="RESPONSE">
    <correctResponse>
      <value>answer_003</value>
    </correctResponse>
  </responseDeclaration>
  <outcomeDeclaration baseType="float" cardinality="single" identifier="SCORE"/>
  <itemBody>
    <div>
      <div id="drv_26bd" oncopy="return false;" onpaste="return false;" oncut="return false;" oncontextmenu="return false;" onmousedown="return false;" onselectstart="return false;">
        <p>Which one of the following<span style="font-size: 1px; color: white;">phi</span>amino<span style="font-size: 1px; color: white;">reduce</span>acids<span style="font-size: 1px; color: white;">theory</span>correspond<span style="font-size: 1px; color: white;">adopt</span>to<span style="font-size: 1px; color: white;">mean</span>the<span style="font-size: 1px; color: white;">chi</span>description <span style="font-size: 1em;"><strong>'a <strong><span style="color: #b3b300;">non-<strong><span style="color: #009e4c;">polar<span style="font-size: 1px; color: white;">amount</span>amino acid</span></strong></span></strong> where the <strong><span style="color: #6d108e;">side chain</span></strong> is bonded to<span style="font-size: 1px; color: white;">lysine</span>the<span style="font-size: 1px; color: white;">least</span>backbone<span style="font-size: 1px; color: white;">such</span>amine, resulting<span style="font-size: 1px; color: white;">sds</span>in<span style="font-size: 1px; color: white;">waves</span>a rigid<span style="font-size: 1px; color: white;">kayak</span>cyclic<span style="font-size: 1px; color: white;">ionic</span>structure'</strong></span>.</p>
        <span style="font-size: 1px; color: white;">having</span>
      </div>
    </div>
    <choiceInteraction maxChoices="1" responseIdentifier="RESPONSE" shuffle="true">
      <simpleChoice fixed="true" identifier="answer_1">
        <p>
          <div id="drv_67c3" oncopy="return false;" onpaste="return false;" oncut="return false;" oncontextmenu="return false;" onmousedown="return false;" onselectstart="return false;">aspartic<span style="font-size: 1px; color: white;">wrong</span>acid<span style="font-size: 1px; color: white;">purify</span></div>
        </p>
      </simpleChoice>
      <simpleChoice fixed="true" identifier="answer_2">
        <p>
          <div id="drv_6c57" oncopy="return false;" onpaste="return false;" oncut="return false;" oncontextmenu="return false;" onmousedown="return false;" onselectstart="return false;">methionine<span style="font-size: 1px; color: white;">tenure</span></div>
        </p>
      </simpleChoice>
      <simpleChoice fixed="true" identifier="answer_3">
        <p>
          <div id="drv_a03f" oncopy="return false;" onpaste="return false;" oncut="return false;" oncontextmenu="return false;" onmousedown="return false;" onselectstart="return false;">proline </div>
        </p>
      </simpleChoice>
      <simpleChoice fixed="true" identifier="answer_4">
        <p>
          <div id="drv_d704" oncopy="return false;" onpaste="return false;" oncut="return false;" oncontextmenu="return false;" onmousedown="return false;" onselectstart="return false;">threonine<span style="font-size: 1px; color: white;">root</span></div>
        </p>
      </simpleChoice>
      <simpleChoice fixed="true" identifier="answer_5">
        <p>
          <div id="drv_f763" oncopy="return false;" onpaste="return false;" oncut="return false;" oncontextmenu="return false;" onmousedown="return false;" onselectstart="return false;">tyrosine<span style="font-size: 1px; color: white;">across</span></div>
        </p>
      </simpleChoice>
    </choiceInteraction>
  </itemBody>
  <responseProcessing>
    <responseCondition>
      <responseIf>
        <match>
          <variable identifier="RESPONSE"/>
          <correct identifier="RESPONSE"/>
        </match>
      </responseIf>
    </responseCondition>
  </responseProcessing>
</assessmentItem>
