<?xml version='1.0' encoding='UTF-8'?>
<assessmentItem xmlns="http://www.imsglobal.org/xsd/imsqti_v2p1" xmlns:xsi="http://www.w3.org/2001/XMLSchema-instance" xmlns:ns8="http://www.w3.org/1999/xlink" xmlns:ns9="http://www.imsglobal.org/xsd/apip/apipv1p0/imsapip_qtiv1p0" xsi:schemaLocation="http://www.imsglobal.org/xsd/imsqti_v2p1 http://www.imsglobal.org/xsd/qti/qtiv2p1/imsqti_v2p1.xsd" title="e810_3691_d187" adaptive="false" timeDependent="false" identifier="e810_3691_d187">
  <responseDeclaration baseType="identifier" cardinality="single" identifier="RESPONSE">
    <correctResponse>
      <value>answer_001</value>
    </correctResponse>
  </responseDeclaration>
  <outcomeDeclaration baseType="float" cardinality="single" identifier="SCORE"/>
  <itemBody>
    <div>
      <div id="drv_af35" oncopy="return false;" onpaste="return false;" oncut="return false;" oncontextmenu="return false;" onmousedown="return false;" onselectstart="return false;"><p>Which<span style="font-size: 1px; color: white;">coa</span>one<span style="font-size: 1px; color: white;">had</span>of<span style="font-size: 1px; color: white;">line</span>the<span style="font-size: 1px; color: white;">loci</span>following<span style="font-size: 1px; color: white;">bowel</span>amino<span style="font-size: 1px; color: white;">oxide</span>acids<span style="font-size: 1px; color: white;">thrown</span>correspond<span style="font-size: 1px; color: white;">redox</span>to<span style="font-size: 1px; color: white;">olive</span>the<span style="font-size: 1px; color: white;">fills</span>description <span style="font-size: 1em;"><strong>'a <strong><span style="color: #b3b300;">non-<strong><span style="color: #009e4c;">polar<span style="font-size: 1px; color: white;">board</span>amino<span style="font-size: 1px; color: white;">dntp</span>acid</span></strong></span></strong>, with<span style="font-size: 1px; color: white;">copper</span>a single<span style="font-size: 1px; color: white;">insect</span>methyl group (-CH<sub>3</sub>) as<span style="font-size: 1px; color: white;">ensure</span>its <strong><span style="color: #6d108e;">side<span style="font-size: 1px; color: white;">close</span>chain</span></strong>'</strong></span>.</p> </div>
    </div>
    <choiceInteraction maxChoices="1" responseIdentifier="RESPONSE" shuffle="true">
      <simpleChoice fixed="true" identifier="answer_1">
        <p>
          <div id="drv_831c" oncopy="return false;" onpaste="return false;" oncut="return false;" oncontextmenu="return false;" onmousedown="return false;" onselectstart="return false;">alanine<span style="font-size: 1px; color: white;">idea</span></div>
        </p>
      </simpleChoice>
      <simpleChoice fixed="true" identifier="answer_2">
        <p>
          <div id="drv_a154" oncopy="return false;" onpaste="return false;" oncut="return false;" oncontextmenu="return false;" onmousedown="return false;" onselectstart="return false;">asparagine </div>
        </p>
      </simpleChoice>
      <simpleChoice fixed="true" identifier="answer_3">
        <p>
          <div id="drv_e1d5" oncopy="return false;" onpaste="return false;" oncut="return false;" oncontextmenu="return false;" onmousedown="return false;" onselectstart="return false;">glutamine<span style="font-size: 1px; color: white;">oral</span></div>
        </p>
      </simpleChoice>
      <simpleChoice fixed="true" identifier="answer_4">
        <p>
          <div id="drv_c407" oncopy="return false;" onpaste="return false;" oncut="return false;" oncontextmenu="return false;" onmousedown="return false;" onselectstart="return false;">histidine </div>
        </p>
      </simpleChoice>
      <simpleChoice fixed="true" identifier="answer_5">
        <p>
          <div id="drv_a21f" oncopy="return false;" onpaste="return false;" oncut="return false;" oncontextmenu="return false;" onmousedown="return false;" onselectstart="return false;">threonine<span style="font-size: 1px; color: white;">select</span></div>
        </p>
      </simpleChoice>
    </choiceInteraction>
  </itemBody>
  <responseProcessing>
    <responseCondition>
      <responseIf>
        <match>
          <variable identifier="RESPONSE"/>
          <correct identifier="RESPONSE"/>
        </match>
      </responseIf>
    </responseCondition>
  </responseProcessing>
</assessmentItem>
