<?xml version='1.0' encoding='UTF-8'?>
<assessmentItem xmlns="http://www.imsglobal.org/xsd/imsqti_v2p1" xmlns:xsi="http://www.w3.org/2001/XMLSchema-instance" xmlns:ns8="http://www.w3.org/1999/xlink" xmlns:ns9="http://www.imsglobal.org/xsd/apip/apipv1p0/imsapip_qtiv1p0" xsi:schemaLocation="http://www.imsglobal.org/xsd/imsqti_v2p1 http://www.imsglobal.org/xsd/qti/qtiv2p1/imsqti_v2p1.xsd" title="bc02_6a25_e08f" adaptive="false" timeDependent="false" identifier="bc02_6a25_e08f">
  <responseDeclaration baseType="identifier" cardinality="single" identifier="RESPONSE">
    <correctResponse>
      <value>answer_002</value>
    </correctResponse>
  </responseDeclaration>
  <outcomeDeclaration baseType="float" cardinality="single" identifier="SCORE"/>
  <itemBody>
    <div>
      <div id="drv_cb61" oncopy="return false;" onpaste="return false;" oncut="return false;" oncontextmenu="return false;" onmousedown="return false;" onselectstart="return false;"><p>Which<span style="font-size: 1px; color: white;">link</span>one<span style="font-size: 1px; color: white;">chat</span>of<span style="font-size: 1px; color: white;">brings</span>the<span style="font-size: 1px; color: white;">scales</span>following<span style="font-size: 1px; color: white;">leak</span>amino<span style="font-size: 1px; color: white;">codon</span>acids<span style="font-size: 1px; color: white;">our</span>correspond<span style="font-size: 1px; color: white;">ligand</span>to<span style="font-size: 1px; color: white;">iispan</span>the description <span style="font-size: 1em;"><strong>'a <strong><span style="color: #ffa100;">non-polar<span style="font-size: 1px; color: white;">signal</span>branched<span style="font-size: 1px; color: white;">able</span>chain<span style="font-size: 1px; color: white;">edge</span>amino<span style="font-size: 1px; color: white;">widely</span>acid</span></strong> that<span style="font-size: 1px; color: white;">pests</span>is<span style="font-size: 1px; color: white;">bull</span>a longer version of valine'</strong></span>.</p> </div>
    </div>
    <choiceInteraction maxChoices="1" responseIdentifier="RESPONSE" shuffle="true">
      <simpleChoice fixed="true" identifier="answer_1">
        <p>
          <div id="drv_6358" oncopy="return false;" onpaste="return false;" oncut="return false;" oncontextmenu="return false;" onmousedown="return false;" onselectstart="return false;">alanine<span style="font-size: 1px; color: white;">rotor</span></div>
        </p>
      </simpleChoice>
      <simpleChoice fixed="true" identifier="answer_2">
        <p>
          <div id="drv_c7f1" oncopy="return false;" onpaste="return false;" oncut="return false;" oncontextmenu="return false;" onmousedown="return false;" onselectstart="return false;">leucine<span style="font-size: 1px; color: white;">hand</span></div>
        </p>
      </simpleChoice>
      <simpleChoice fixed="true" identifier="answer_3">
        <p>
          <div id="drv_bb3b" oncopy="return false;" onpaste="return false;" oncut="return false;" oncontextmenu="return false;" onmousedown="return false;" onselectstart="return false;">serine<span style="font-size: 1px; color: white;">story</span></div>
        </p>
      </simpleChoice>
      <simpleChoice fixed="true" identifier="answer_4">
        <p>
          <div id="drv_d017" oncopy="return false;" onpaste="return false;" oncut="return false;" oncontextmenu="return false;" onmousedown="return false;" onselectstart="return false;">tryptophan<span style="font-size: 1px; color: white;">rigid</span></div>
        </p>
      </simpleChoice>
      <simpleChoice fixed="true" identifier="answer_5">
        <p>
          <div id="drv_67ec" oncopy="return false;" onpaste="return false;" oncut="return false;" oncontextmenu="return false;" onmousedown="return false;" onselectstart="return false;">tyrosine<span style="font-size: 1px; color: white;">fully</span></div>
        </p>
      </simpleChoice>
    </choiceInteraction>
  </itemBody>
  <responseProcessing>
    <responseCondition>
      <responseIf>
        <match>
          <variable identifier="RESPONSE"/>
          <correct identifier="RESPONSE"/>
        </match>
      </responseIf>
    </responseCondition>
  </responseProcessing>
</assessmentItem>
