<?xml version='1.0' encoding='UTF-8'?>
<assessmentItem xmlns="http://www.imsglobal.org/xsd/imsqti_v2p1" xmlns:xsi="http://www.w3.org/2001/XMLSchema-instance" xmlns:ns8="http://www.w3.org/1999/xlink" xmlns:ns9="http://www.imsglobal.org/xsd/apip/apipv1p0/imsapip_qtiv1p0" xsi:schemaLocation="http://www.imsglobal.org/xsd/imsqti_v2p1 http://www.imsglobal.org/xsd/qti/qtiv2p1/imsqti_v2p1.xsd" title="f7e6_1ec8_6d3e" adaptive="false" timeDependent="false" identifier="f7e6_1ec8_6d3e">
  <responseDeclaration baseType="identifier" cardinality="single" identifier="RESPONSE">
    <correctResponse>
      <value>answer_001</value>
    </correctResponse>
  </responseDeclaration>
  <outcomeDeclaration baseType="float" cardinality="single" identifier="SCORE"/>
  <itemBody>
    <div><p>7dd0_17a5</p> <p>D-ribose⟶L-ribose</p><table border="0" style="border-collapse: collapse; border: white solid 0px;"><tbody><tr> <td colspan="2" style="border: solid white 0px; padding: 0; text-align: right;">H </td> <td colspan="2" style="border: solid white 0px; padding: 0;"/> <td colspan="2" style="border: solid white 0px; padding: 0; text-align: left;"> O</td></tr><tr> <td style="border: solid white 0px; padding: 0;"/> <td colspan="2" style="border: solid white 0px; padding: 0; text-align: right;">\ </td> <td colspan="2" style="border: solid white 0px; padding: 0; text-align: left;"> //</td> <td style="border: solid white 0px; padding: 0;"/></tr><tr> <td style="border: solid white 0px; padding: 0;"/> <td style="border: solid white 0px; padding: 0;"/> <td colspan="2" style="border: solid white 0px; padding: 0; text-align: center;">C</td> <td style="border: solid white 0px; padding: 0;"/> <td style="border: solid white 0px; padding: 0;"/></tr><tr> <td rowspan="2" style="border: solid white 0px; padding: 0; text-align: right;"><span style="color: #0052cc;">H</span></td> <td style="border: solid white 0px; padding: 0; border-bottom: solid black 1px;"/> <td style="border: solid white 0px; padding: 0; border-right: solid black 1px; border-bottom: solid black 1px;"/> <td style="border: solid white 0px; padding: 0; border-left: solid black 1px; border-bottom: solid black 1px;"/> <td style="border: solid white 0px; padding: 0; border-bottom: solid black 1px;"/> <td rowspan="2" style="border: solid white 0px; padding: 0; text-align: left;"><span style="color: #995c00;">OH</span></td></tr><tr> <td style="border: solid white 0px; padding: 0; border-top: solid black 1px;"/> <td style="border: solid white 0px; padding: 0; border-right: solid black 1px; border-top: solid black 1px;"/> <td style="border: solid white 0px; padding: 0; border-left: solid black 1px; border-top: solid black 1px;"/> <td style="border: solid white 0px; padding: 0; border-top: solid black 1px;"/></tr><tr> <td rowspan="2" style="border: solid white 0px; padding: 0; text-align: right;"><span style="color: #0052cc;">H</span></td> <td style="border: solid white 0px; padding: 0; border-bottom: solid black 1px;"/> <td style="border: solid white 0px; padding: 0; border-right: solid black 1px; border-bottom: solid black 1px;"/> <td style="border: solid white 0px; padding: 0; border-left: solid black 1px; border-bottom: solid black 1px;"/> <td style="border: solid white 0px; padding: 0; border-bottom: solid black 1px;"/> <td rowspan="2" style="border: solid white 0px; padding: 0; text-align: left;"><span style="color: #995c00;">OH</span></td></tr><tr> <td style="border: solid white 0px; padding: 0; border-top: solid black 1px;"/> <td style="border: solid white 0px; padding: 0; border-right: solid black 1px; border-top: solid black 1px;"/> <td style="border: solid white 0px; padding: 0; border-left: solid black 1px; border-top: solid black 1px;"/> <td style="border: solid white 0px; padding: 0; border-top: solid black 1px;"/></tr><tr> <td rowspan="2" style="border: solid white 0px; padding: 0; text-align: right;"><span style="color: #0052cc;">H</span></td> <td style="border: solid white 0px; padding: 0; border-bottom: solid black 1px;"/> <td style="border: solid white 0px; padding: 0; border-right: solid black 1px; border-bottom: solid black 1px;"/> <td style="border: solid white 0px; padding: 0; border-left: solid black 1px; border-bottom: solid black 1px;"/> <td style="border: solid white 0px; padding: 0; border-bottom: solid black 1px;"/> <td rowspan="2" style="border: solid white 0px; padding: 0; text-align: left;"><span style="color: #995c00;">OH</span></td></tr><tr> <td style="border: solid white 0px; padding: 0; border-top: solid black 1px;"/> <td style="border: solid white 0px; padding: 0; border-right: solid black 1px; border-top: solid black 1px;"/> <td style="border: solid white 0px; padding: 0; border-left: solid black 1px; border-top: solid black 1px;"/> <td style="border: solid white 0px; padding: 0; border-top: solid black 1px;"/></tr><tr> <td style="border: solid white 0px; padding: 0;"/> <td style="border: solid white 0px; padding: 0;"/> <td colspan="4" style="border: solid white 0px; padding: 0; text-align: left;"><span style="color: #8f246b;">CH<sub>2</sub>OH</span></td></tr></tbody></table><p>Above is a Fischer projection of the monosaccharide D-ribose. Which one of the following Fischer projections is of the monosaccharide L-ribose?</p></div>
    <choiceInteraction maxChoices="1" responseIdentifier="RESPONSE" shuffle="true">
      <simpleChoice fixed="true" identifier="answer_1">
        <p>A. <table border="0" style="border-collapse: collapse; border: white solid 0px;"><tbody><tr> <td colspan="2" style="border: solid white 0px; padding: 0; text-align: right;">H </td> <td colspan="2" style="border: solid white 0px; padding: 0;"/> <td colspan="2" style="border: solid white 0px; padding: 0; text-align: left;"> O</td></tr><tr> <td style="border: solid white 0px; padding: 0;"/> <td colspan="2" style="border: solid white 0px; padding: 0; text-align: right;">\ </td> <td colspan="2" style="border: solid white 0px; padding: 0; text-align: left;"> //</td> <td style="border: solid white 0px; padding: 0;"/></tr><tr> <td style="border: solid white 0px; padding: 0;"/> <td style="border: solid white 0px; padding: 0;"/> <td colspan="2" style="border: solid white 0px; padding: 0; text-align: center;">C</td> <td style="border: solid white 0px; padding: 0;"/> <td style="border: solid white 0px; padding: 0;"/></tr><tr> <td rowspan="2" style="border: solid white 0px; padding: 0; text-align: right;"><span style="color: #995c00;">HO</span></td> <td style="border: solid white 0px; padding: 0; border-bottom: solid black 1px;"/> <td style="border: solid white 0px; padding: 0; border-right: solid black 1px; border-bottom: solid black 1px;"/> <td style="border: solid white 0px; padding: 0; border-left: solid black 1px; border-bottom: solid black 1px;"/> <td style="border: solid white 0px; padding: 0; border-bottom: solid black 1px;"/> <td rowspan="2" style="border: solid white 0px; padding: 0; text-align: left;"><span style="color: #0052cc;">H</span></td></tr><tr> <td style="border: solid white 0px; padding: 0; border-top: solid black 1px;"/> <td style="border: solid white 0px; padding: 0; border-right: solid black 1px; border-top: solid black 1px;"/> <td style="border: solid white 0px; padding: 0; border-left: solid black 1px; border-top: solid black 1px;"/> <td style="border: solid white 0px; padding: 0; border-top: solid black 1px;"/></tr><tr> <td rowspan="2" style="border: solid white 0px; padding: 0; text-align: right;"><span style="color: #995c00;">HO</span></td> <td style="border: solid white 0px; padding: 0; border-bottom: solid black 1px;"/> <td style="border: solid white 0px; padding: 0; border-right: solid black 1px; border-bottom: solid black 1px;"/> <td style="border: solid white 0px; padding: 0; border-left: solid black 1px; border-bottom: solid black 1px;"/> <td style="border: solid white 0px; padding: 0; border-bottom: solid black 1px;"/> <td rowspan="2" style="border: solid white 0px; padding: 0; text-align: left;"><span style="color: #0052cc;">H</span></td></tr><tr> <td style="border: solid white 0px; padding: 0; border-top: solid black 1px;"/> <td style="border: solid white 0px; padding: 0; border-right: solid black 1px; border-top: solid black 1px;"/> <td style="border: solid white 0px; padding: 0; border-left: solid black 1px; border-top: solid black 1px;"/> <td style="border: solid white 0px; padding: 0; border-top: solid black 1px;"/></tr><tr> <td rowspan="2" style="border: solid white 0px; padding: 0; text-align: right;"><span style="color: #995c00;">HO</span></td> <td style="border: solid white 0px; padding: 0; border-bottom: solid black 1px;"/> <td style="border: solid white 0px; padding: 0; border-right: solid black 1px; border-bottom: solid black 1px;"/> <td style="border: solid white 0px; padding: 0; border-left: solid black 1px; border-bottom: solid black 1px;"/> <td style="border: solid white 0px; padding: 0; border-bottom: solid black 1px;"/> <td rowspan="2" style="border: solid white 0px; padding: 0; text-align: left;"><span style="color: #0052cc;">H</span></td></tr><tr> <td style="border: solid white 0px; padding: 0; border-top: solid black 1px;"/> <td style="border: solid white 0px; padding: 0; border-right: solid black 1px; border-top: solid black 1px;"/> <td style="border: solid white 0px; padding: 0; border-left: solid black 1px; border-top: solid black 1px;"/> <td style="border: solid white 0px; padding: 0; border-top: solid black 1px;"/></tr><tr> <td style="border: solid white 0px; padding: 0;"/> <td style="border: solid white 0px; padding: 0;"/> <td colspan="4" style="border: solid white 0px; padding: 0; text-align: left;"><span style="color: #8f246b;">CH<sub>2</sub>OH</span></td></tr></tbody></table></p>
      </simpleChoice>
      <simpleChoice fixed="true" identifier="answer_2">
        <p>B. <table border="0" style="border-collapse: collapse; border: white solid 0px;"><tbody><tr> <td colspan="2" style="border: solid white 0px; padding: 0; text-align: right;">H </td> <td colspan="2" style="border: solid white 0px; padding: 0;"/> <td colspan="2" style="border: solid white 0px; padding: 0; text-align: left;"> O</td></tr><tr> <td style="border: solid white 0px; padding: 0;"/> <td colspan="2" style="border: solid white 0px; padding: 0; text-align: right;">\ </td> <td colspan="2" style="border: solid white 0px; padding: 0; text-align: left;"> //</td> <td style="border: solid white 0px; padding: 0;"/></tr><tr> <td style="border: solid white 0px; padding: 0;"/> <td style="border: solid white 0px; padding: 0;"/> <td colspan="2" style="border: solid white 0px; padding: 0; text-align: center;">C</td> <td style="border: solid white 0px; padding: 0;"/> <td style="border: solid white 0px; padding: 0;"/></tr><tr> <td rowspan="2" style="border: solid white 0px; padding: 0; text-align: right;"><span style="color: #995c00;">HO</span></td> <td style="border: solid white 0px; padding: 0; border-bottom: solid black 1px;"/> <td style="border: solid white 0px; padding: 0; border-right: solid black 1px; border-bottom: solid black 1px;"/> <td style="border: solid white 0px; padding: 0; border-left: solid black 1px; border-bottom: solid black 1px;"/> <td style="border: solid white 0px; padding: 0; border-bottom: solid black 1px;"/> <td rowspan="2" style="border: solid white 0px; padding: 0; text-align: left;"><span style="color: #0052cc;">H</span></td></tr><tr> <td style="border: solid white 0px; padding: 0; border-top: solid black 1px;"/> <td style="border: solid white 0px; padding: 0; border-right: solid black 1px; border-top: solid black 1px;"/> <td style="border: solid white 0px; padding: 0; border-left: solid black 1px; border-top: solid black 1px;"/> <td style="border: solid white 0px; padding: 0; border-top: solid black 1px;"/></tr><tr> <td rowspan="2" style="border: solid white 0px; padding: 0; text-align: right;"><span style="color: #0052cc;">H</span></td> <td style="border: solid white 0px; padding: 0; border-bottom: solid black 1px;"/> <td style="border: solid white 0px; padding: 0; border-right: solid black 1px; border-bottom: solid black 1px;"/> <td style="border: solid white 0px; padding: 0; border-left: solid black 1px; border-bottom: solid black 1px;"/> <td style="border: solid white 0px; padding: 0; border-bottom: solid black 1px;"/> <td rowspan="2" style="border: solid white 0px; padding: 0; text-align: left;"><span style="color: #995c00;">OH</span></td></tr><tr> <td style="border: solid white 0px; padding: 0; border-top: solid black 1px;"/> <td style="border: solid white 0px; padding: 0; border-right: solid black 1px; border-top: solid black 1px;"/> <td style="border: solid white 0px; padding: 0; border-left: solid black 1px; border-top: solid black 1px;"/> <td style="border: solid white 0px; padding: 0; border-top: solid black 1px;"/></tr><tr> <td rowspan="2" style="border: solid white 0px; padding: 0; text-align: right;"><span style="color: #0052cc;">H</span></td> <td style="border: solid white 0px; padding: 0; border-bottom: solid black 1px;"/> <td style="border: solid white 0px; padding: 0; border-right: solid black 1px; border-bottom: solid black 1px;"/> <td style="border: solid white 0px; padding: 0; border-left: solid black 1px; border-bottom: solid black 1px;"/> <td style="border: solid white 0px; padding: 0; border-bottom: solid black 1px;"/> <td rowspan="2" style="border: solid white 0px; padding: 0; text-align: left;"><span style="color: #995c00;">OH</span></td></tr><tr> <td style="border: solid white 0px; padding: 0; border-top: solid black 1px;"/> <td style="border: solid white 0px; padding: 0; border-right: solid black 1px; border-top: solid black 1px;"/> <td style="border: solid white 0px; padding: 0; border-left: solid black 1px; border-top: solid black 1px;"/> <td style="border: solid white 0px; padding: 0; border-top: solid black 1px;"/></tr><tr> <td style="border: solid white 0px; padding: 0;"/> <td style="border: solid white 0px; padding: 0;"/> <td colspan="4" style="border: solid white 0px; padding: 0; text-align: left;"><span style="color: #8f246b;">CH<sub>2</sub>OH</span></td></tr></tbody></table></p>
      </simpleChoice>
      <simpleChoice fixed="true" identifier="answer_3">
        <p>C. <table border="0" style="border-collapse: collapse; border: white solid 0px;"><tbody><tr> <td colspan="2" style="border: solid white 0px; padding: 0; text-align: right;">H </td> <td colspan="2" style="border: solid white 0px; padding: 0;"/> <td colspan="2" style="border: solid white 0px; padding: 0; text-align: left;"> O</td></tr><tr> <td style="border: solid white 0px; padding: 0;"/> <td colspan="2" style="border: solid white 0px; padding: 0; text-align: right;">\ </td> <td colspan="2" style="border: solid white 0px; padding: 0; text-align: left;"> //</td> <td style="border: solid white 0px; padding: 0;"/></tr><tr> <td style="border: solid white 0px; padding: 0;"/> <td style="border: solid white 0px; padding: 0;"/> <td colspan="2" style="border: solid white 0px; padding: 0; text-align: center;">C</td> <td style="border: solid white 0px; padding: 0;"/> <td style="border: solid white 0px; padding: 0;"/></tr><tr> <td rowspan="2" style="border: solid white 0px; padding: 0; text-align: right;"><span style="color: #995c00;">HO</span></td> <td style="border: solid white 0px; padding: 0; border-bottom: solid black 1px;"/> <td style="border: solid white 0px; padding: 0; border-right: solid black 1px; border-bottom: solid black 1px;"/> <td style="border: solid white 0px; padding: 0; border-left: solid black 1px; border-bottom: solid black 1px;"/> <td style="border: solid white 0px; padding: 0; border-bottom: solid black 1px;"/> <td rowspan="2" style="border: solid white 0px; padding: 0; text-align: left;"><span style="color: #0052cc;">H</span></td></tr><tr> <td style="border: solid white 0px; padding: 0; border-top: solid black 1px;"/> <td style="border: solid white 0px; padding: 0; border-right: solid black 1px; border-top: solid black 1px;"/> <td style="border: solid white 0px; padding: 0; border-left: solid black 1px; border-top: solid black 1px;"/> <td style="border: solid white 0px; padding: 0; border-top: solid black 1px;"/></tr><tr> <td rowspan="2" style="border: solid white 0px; padding: 0; text-align: right;"><span style="color: #995c00;">HO</span></td> <td style="border: solid white 0px; padding: 0; border-bottom: solid black 1px;"/> <td style="border: solid white 0px; padding: 0; border-right: solid black 1px; border-bottom: solid black 1px;"/> <td style="border: solid white 0px; padding: 0; border-left: solid black 1px; border-bottom: solid black 1px;"/> <td style="border: solid white 0px; padding: 0; border-bottom: solid black 1px;"/> <td rowspan="2" style="border: solid white 0px; padding: 0; text-align: left;"><span style="color: #0052cc;">H</span></td></tr><tr> <td style="border: solid white 0px; padding: 0; border-top: solid black 1px;"/> <td style="border: solid white 0px; padding: 0; border-right: solid black 1px; border-top: solid black 1px;"/> <td style="border: solid white 0px; padding: 0; border-left: solid black 1px; border-top: solid black 1px;"/> <td style="border: solid white 0px; padding: 0; border-top: solid black 1px;"/></tr><tr> <td rowspan="2" style="border: solid white 0px; padding: 0; text-align: right;"><span style="color: #0052cc;">H</span></td> <td style="border: solid white 0px; padding: 0; border-bottom: solid black 1px;"/> <td style="border: solid white 0px; padding: 0; border-right: solid black 1px; border-bottom: solid black 1px;"/> <td style="border: solid white 0px; padding: 0; border-left: solid black 1px; border-bottom: solid black 1px;"/> <td style="border: solid white 0px; padding: 0; border-bottom: solid black 1px;"/> <td rowspan="2" style="border: solid white 0px; padding: 0; text-align: left;"><span style="color: #995c00;">OH</span></td></tr><tr> <td style="border: solid white 0px; padding: 0; border-top: solid black 1px;"/> <td style="border: solid white 0px; padding: 0; border-right: solid black 1px; border-top: solid black 1px;"/> <td style="border: solid white 0px; padding: 0; border-left: solid black 1px; border-top: solid black 1px;"/> <td style="border: solid white 0px; padding: 0; border-top: solid black 1px;"/></tr><tr> <td style="border: solid white 0px; padding: 0;"/> <td style="border: solid white 0px; padding: 0;"/> <td colspan="4" style="border: solid white 0px; padding: 0; text-align: left;"><span style="color: #8f246b;">CH<sub>2</sub>OH</span></td></tr></tbody></table></p>
      </simpleChoice>
      <simpleChoice fixed="true" identifier="answer_4">
        <p>D. <table border="0" style="border-collapse: collapse; border: white solid 0px;"><tbody><tr> <td colspan="2" style="border: solid white 0px; padding: 0; text-align: right;">H </td> <td colspan="2" style="border: solid white 0px; padding: 0;"/> <td colspan="2" style="border: solid white 0px; padding: 0; text-align: left;"> O</td></tr><tr> <td style="border: solid white 0px; padding: 0;"/> <td colspan="2" style="border: solid white 0px; padding: 0; text-align: right;">\ </td> <td colspan="2" style="border: solid white 0px; padding: 0; text-align: left;"> //</td> <td style="border: solid white 0px; padding: 0;"/></tr><tr> <td style="border: solid white 0px; padding: 0;"/> <td style="border: solid white 0px; padding: 0;"/> <td colspan="2" style="border: solid white 0px; padding: 0; text-align: center;">C</td> <td style="border: solid white 0px; padding: 0;"/> <td style="border: solid white 0px; padding: 0;"/></tr><tr> <td rowspan="2" style="border: solid white 0px; padding: 0; text-align: right;"><span style="color: #0052cc;">H</span></td> <td style="border: solid white 0px; padding: 0; border-bottom: solid black 1px;"/> <td style="border: solid white 0px; padding: 0; border-right: solid black 1px; border-bottom: solid black 1px;"/> <td style="border: solid white 0px; padding: 0; border-left: solid black 1px; border-bottom: solid black 1px;"/> <td style="border: solid white 0px; padding: 0; border-bottom: solid black 1px;"/> <td rowspan="2" style="border: solid white 0px; padding: 0; text-align: left;"><span style="color: #995c00;">OH</span></td></tr><tr> <td style="border: solid white 0px; padding: 0; border-top: solid black 1px;"/> <td style="border: solid white 0px; padding: 0; border-right: solid black 1px; border-top: solid black 1px;"/> <td style="border: solid white 0px; padding: 0; border-left: solid black 1px; border-top: solid black 1px;"/> <td style="border: solid white 0px; padding: 0; border-top: solid black 1px;"/></tr><tr> <td rowspan="2" style="border: solid white 0px; padding: 0; text-align: right;"><span style="color: #995c00;">HO</span></td> <td style="border: solid white 0px; padding: 0; border-bottom: solid black 1px;"/> <td style="border: solid white 0px; padding: 0; border-right: solid black 1px; border-bottom: solid black 1px;"/> <td style="border: solid white 0px; padding: 0; border-left: solid black 1px; border-bottom: solid black 1px;"/> <td style="border: solid white 0px; padding: 0; border-bottom: solid black 1px;"/> <td rowspan="2" style="border: solid white 0px; padding: 0; text-align: left;"><span style="color: #0052cc;">H</span></td></tr><tr> <td style="border: solid white 0px; padding: 0; border-top: solid black 1px;"/> <td style="border: solid white 0px; padding: 0; border-right: solid black 1px; border-top: solid black 1px;"/> <td style="border: solid white 0px; padding: 0; border-left: solid black 1px; border-top: solid black 1px;"/> <td style="border: solid white 0px; padding: 0; border-top: solid black 1px;"/></tr><tr> <td rowspan="2" style="border: solid white 0px; padding: 0; text-align: right;"><span style="color: #0052cc;">H</span></td> <td style="border: solid white 0px; padding: 0; border-bottom: solid black 1px;"/> <td style="border: solid white 0px; padding: 0; border-right: solid black 1px; border-bottom: solid black 1px;"/> <td style="border: solid white 0px; padding: 0; border-left: solid black 1px; border-bottom: solid black 1px;"/> <td style="border: solid white 0px; padding: 0; border-bottom: solid black 1px;"/> <td rowspan="2" style="border: solid white 0px; padding: 0; text-align: left;"><span style="color: #995c00;">OH</span></td></tr><tr> <td style="border: solid white 0px; padding: 0; border-top: solid black 1px;"/> <td style="border: solid white 0px; padding: 0; border-right: solid black 1px; border-top: solid black 1px;"/> <td style="border: solid white 0px; padding: 0; border-left: solid black 1px; border-top: solid black 1px;"/> <td style="border: solid white 0px; padding: 0; border-top: solid black 1px;"/></tr><tr> <td style="border: solid white 0px; padding: 0;"/> <td style="border: solid white 0px; padding: 0;"/> <td colspan="4" style="border: solid white 0px; padding: 0; text-align: left;"><span style="color: #8f246b;">CH<sub>2</sub>OH</span></td></tr></tbody></table></p>
      </simpleChoice>
      <simpleChoice fixed="true" identifier="answer_5">
        <p>E. <table border="0" style="border-collapse: collapse; border: white solid 0px;"><tbody><tr> <td colspan="2" style="border: solid white 0px; padding: 0; text-align: right;">H </td> <td colspan="2" style="border: solid white 0px; padding: 0;"/> <td colspan="2" style="border: solid white 0px; padding: 0; text-align: left;"> O</td></tr><tr> <td style="border: solid white 0px; padding: 0;"/> <td colspan="2" style="border: solid white 0px; padding: 0; text-align: right;">\ </td> <td colspan="2" style="border: solid white 0px; padding: 0; text-align: left;"> //</td> <td style="border: solid white 0px; padding: 0;"/></tr><tr> <td style="border: solid white 0px; padding: 0;"/> <td style="border: solid white 0px; padding: 0;"/> <td colspan="2" style="border: solid white 0px; padding: 0; text-align: center;">C</td> <td style="border: solid white 0px; padding: 0;"/> <td style="border: solid white 0px; padding: 0;"/></tr><tr> <td rowspan="2" style="border: solid white 0px; padding: 0; text-align: right;"><span style="color: #0052cc;">H</span></td> <td style="border: solid white 0px; padding: 0; border-bottom: solid black 1px;"/> <td style="border: solid white 0px; padding: 0; border-right: solid black 1px; border-bottom: solid black 1px;"/> <td style="border: solid white 0px; padding: 0; border-left: solid black 1px; border-bottom: solid black 1px;"/> <td style="border: solid white 0px; padding: 0; border-bottom: solid black 1px;"/> <td rowspan="2" style="border: solid white 0px; padding: 0; text-align: left;"><span style="color: #995c00;">OH</span></td></tr><tr> <td style="border: solid white 0px; padding: 0; border-top: solid black 1px;"/> <td style="border: solid white 0px; padding: 0; border-right: solid black 1px; border-top: solid black 1px;"/> <td style="border: solid white 0px; padding: 0; border-left: solid black 1px; border-top: solid black 1px;"/> <td style="border: solid white 0px; padding: 0; border-top: solid black 1px;"/></tr><tr> <td rowspan="2" style="border: solid white 0px; padding: 0; text-align: right;"><span style="color: #995c00;">HO</span></td> <td style="border: solid white 0px; padding: 0; border-bottom: solid black 1px;"/> <td style="border: solid white 0px; padding: 0; border-right: solid black 1px; border-bottom: solid black 1px;"/> <td style="border: solid white 0px; padding: 0; border-left: solid black 1px; border-bottom: solid black 1px;"/> <td style="border: solid white 0px; padding: 0; border-bottom: solid black 1px;"/> <td rowspan="2" style="border: solid white 0px; padding: 0; text-align: left;"><span style="color: #0052cc;">H</span></td></tr><tr> <td style="border: solid white 0px; padding: 0; border-top: solid black 1px;"/> <td style="border: solid white 0px; padding: 0; border-right: solid black 1px; border-top: solid black 1px;"/> <td style="border: solid white 0px; padding: 0; border-left: solid black 1px; border-top: solid black 1px;"/> <td style="border: solid white 0px; padding: 0; border-top: solid black 1px;"/></tr><tr> <td rowspan="2" style="border: solid white 0px; padding: 0; text-align: right;"><span style="color: #995c00;">HO</span></td> <td style="border: solid white 0px; padding: 0; border-bottom: solid black 1px;"/> <td style="border: solid white 0px; padding: 0; border-right: solid black 1px; border-bottom: solid black 1px;"/> <td style="border: solid white 0px; padding: 0; border-left: solid black 1px; border-bottom: solid black 1px;"/> <td style="border: solid white 0px; padding: 0; border-bottom: solid black 1px;"/> <td rowspan="2" style="border: solid white 0px; padding: 0; text-align: left;"><span style="color: #0052cc;">H</span></td></tr><tr> <td style="border: solid white 0px; padding: 0; border-top: solid black 1px;"/> <td style="border: solid white 0px; padding: 0; border-right: solid black 1px; border-top: solid black 1px;"/> <td style="border: solid white 0px; padding: 0; border-left: solid black 1px; border-top: solid black 1px;"/> <td style="border: solid white 0px; padding: 0; border-top: solid black 1px;"/></tr><tr> <td style="border: solid white 0px; padding: 0;"/> <td style="border: solid white 0px; padding: 0;"/> <td colspan="4" style="border: solid white 0px; padding: 0; text-align: left;"><span style="color: #8f246b;">CH<sub>2</sub>OH</span></td></tr></tbody></table></p>
      </simpleChoice>
    </choiceInteraction>
  </itemBody>
  <responseProcessing>
    <responseCondition>
      <responseIf>
        <match>
          <variable identifier="RESPONSE"/>
          <correct identifier="RESPONSE"/>
        </match>
      </responseIf>
    </responseCondition>
  </responseProcessing>
</assessmentItem>
