<?xml version='1.0' encoding='UTF-8'?>
<assessmentItem xmlns="http://www.imsglobal.org/xsd/imsqti_v2p1" xmlns:xsi="http://www.w3.org/2001/XMLSchema-instance" xmlns:ns8="http://www.w3.org/1999/xlink" xmlns:ns9="http://www.imsglobal.org/xsd/apip/apipv1p0/imsapip_qtiv1p0" xsi:schemaLocation="http://www.imsglobal.org/xsd/imsqti_v2p1 http://www.imsglobal.org/xsd/qti/qtiv2p1/imsqti_v2p1.xsd" title="a461_0e40_28e5" adaptive="false" timeDependent="false" identifier="a461_0e40_28e5">
  <responseDeclaration baseType="identifier" cardinality="single" identifier="RESPONSE">
    <correctResponse>
      <value>answer_003</value>
    </correctResponse>
  </responseDeclaration>

  <outcomeDeclaration baseType="float" cardinality="single" identifier="SCORE"/>

  <itemBody>
    <div>
      <p>Which one of the following amino acids correspond to the description <span style="font-size: 1em;"><strong>'a <strong><span style="color: #b3b300;">non-<strong><span style="color: #009e4c;">polar amino acid</span></strong></span></strong> with a <strong><span style="color: #6d108e;">side chain</span></strong> containing a sulfur atom that is<strong> <strong>NOT</strong> </strong>available for chemical reactions'</strong></span>.</p>
    </div>
    <choiceInteraction maxChoices="1" responseIdentifier="RESPONSE" shuffle="true">
      <simpleChoice fixed="true" identifier="answer_1">
        <p>asparagine</p>
      </simpleChoice>
      <simpleChoice fixed="true" identifier="answer_2">
        <p>aspartic acid</p>
      </simpleChoice>
      <simpleChoice fixed="true" identifier="answer_3">
        <p>methionine</p>
      </simpleChoice>
      <simpleChoice fixed="true" identifier="answer_4">
        <p>proline</p>
      </simpleChoice>
      <simpleChoice fixed="true" identifier="answer_5">
        <p>tryptophan</p>
      </simpleChoice>
    </choiceInteraction>
  </itemBody>

  <responseProcessing>
    <responseCondition>
      <responseIf>
        <match>
          <variable identifier="RESPONSE"/>
          <correct identifier="RESPONSE"/>
        </match>
      </responseIf>
    </responseCondition>
  </responseProcessing>
</assessmentItem>
