<?xml version='1.0' encoding='UTF-8'?>
<assessmentItem xmlns="http://www.imsglobal.org/xsd/imsqti_v2p1" xmlns:xsi="http://www.w3.org/2001/XMLSchema-instance" xmlns:ns8="http://www.w3.org/1999/xlink" xmlns:ns9="http://www.imsglobal.org/xsd/apip/apipv1p0/imsapip_qtiv1p0" xsi:schemaLocation="http://www.imsglobal.org/xsd/imsqti_v2p1 http://www.imsglobal.org/xsd/qti/qtiv2p1/imsqti_v2p1.xsd" title="ea6c_6232_cc14" adaptive="false" timeDependent="false" identifier="ea6c_6232_cc14">
  <responseDeclaration baseType="identifier" cardinality="single" identifier="RESPONSE">
    <correctResponse>
      <value>answer_005</value>
    </correctResponse>
  </responseDeclaration>

  <outcomeDeclaration baseType="float" cardinality="single" identifier="SCORE"/>

  <itemBody>
    <div>
      <p>Which one of the following amino acids correspond to the description <span style="font-size: 1em;"><strong>'a <strong><span style="color: #ff5e00;">aromatic amino acid</span></strong> with a <strong><span style="color: #6d108e;">side chain</span></strong> containing a phenol (-C<sub>6</sub>H<sub>6</sub>OH) group, derived from phenylalanine'</strong></span>.</p>
    </div>
    <choiceInteraction maxChoices="1" responseIdentifier="RESPONSE" shuffle="true">
      <simpleChoice fixed="true" identifier="answer_1">
        <p>aspartic acid</p>
      </simpleChoice>
      <simpleChoice fixed="true" identifier="answer_2">
        <p>glutamic acid</p>
      </simpleChoice>
      <simpleChoice fixed="true" identifier="answer_3">
        <p>glutamine</p>
      </simpleChoice>
      <simpleChoice fixed="true" identifier="answer_4">
        <p>tryptophan</p>
      </simpleChoice>
      <simpleChoice fixed="true" identifier="answer_5">
        <p>tyrosine</p>
      </simpleChoice>
    </choiceInteraction>
  </itemBody>

  <responseProcessing>
    <responseCondition>
      <responseIf>
        <match>
          <variable identifier="RESPONSE"/>
          <correct identifier="RESPONSE"/>
        </match>
      </responseIf>
    </responseCondition>
  </responseProcessing>
</assessmentItem>
