<?xml version='1.0' encoding='UTF-8'?>
<assessmentItem xmlns="http://www.imsglobal.org/xsd/imsqti_v2p1" xmlns:xsi="http://www.w3.org/2001/XMLSchema-instance" xmlns:ns8="http://www.w3.org/1999/xlink" xmlns:ns9="http://www.imsglobal.org/xsd/apip/apipv1p0/imsapip_qtiv1p0" xsi:schemaLocation="http://www.imsglobal.org/xsd/imsqti_v2p1 http://www.imsglobal.org/xsd/qti/qtiv2p1/imsqti_v2p1.xsd" title="9d6e_e6d5_a725" adaptive="false" timeDependent="false" identifier="9d6e_e6d5_a725">
  <responseDeclaration baseType="identifier" cardinality="single" identifier="RESPONSE">
    <correctResponse>
      <value>answer_004</value>
    </correctResponse>
  </responseDeclaration>
  <outcomeDeclaration baseType="float" cardinality="single" identifier="SCORE"/>
  <itemBody>
    <div>
      <div id="drv_b0e8" oncopy="return false;" onpaste="return false;" oncut="return false;" oncontextmenu="return false;" onmousedown="return false;" onselectstart="return false;"><p>Which<span style="font-size: 1px; color: white;">sister</span>one<span style="font-size: 1px; color: white;">could</span>of<span style="font-size: 1px; color: white;">deltag</span>the<span style="font-size: 1px; color: white;">boies</span>following<span style="font-size: 1px; color: white;">plots</span>types<span style="font-size: 1px; color: white;">valve</span>of<span style="font-size: 1px; color: white;">burst</span>macromolecules<span style="font-size: 1px; color: white;">stain</span>correspond<span style="font-size: 1px; color: white;">phases</span>to the<span style="font-size: 1px; color: white;">drugs</span>macromolecule <span style="font-size: 1em;"><strong>'amino<span style="font-size: 1px; color: white;">yield</span>acid cysteine'</strong></span>.</p> </div>
    </div>
    <choiceInteraction maxChoices="1" responseIdentifier="RESPONSE" shuffle="true">
      <simpleChoice fixed="true" identifier="answer_1">
        <p>
          <div id="drv_adb1" oncopy="return false;" onpaste="return false;" oncut="return false;" oncontextmenu="return false;" onmousedown="return false;" onselectstart="return false;"><strong><span style="color: #0039e6;">carbohydrates</span></strong> </div>
        </p>
      </simpleChoice>
      <simpleChoice fixed="true" identifier="answer_2">
        <p>
          <div id="drv_a6a0" oncopy="return false;" onpaste="return false;" oncut="return false;" oncontextmenu="return false;" onmousedown="return false;" onselectstart="return false;">
            <strong>
              <span style="color: #e65400;">lipids</span>
            </strong>
            <span style="font-size: 1px; color: white;">basis</span>
          </div>
        </p>
      </simpleChoice>
      <simpleChoice fixed="true" identifier="answer_3">
        <p>
          <div id="drv_e85d" oncopy="return false;" onpaste="return false;" oncut="return false;" oncontextmenu="return false;" onmousedown="return false;" onselectstart="return false;"><strong><span style="color: #b30077;">nucleic<span style="font-size: 1px; color: white;">fuel</span>acids</span></strong> </div>
        </p>
      </simpleChoice>
      <simpleChoice fixed="true" identifier="answer_4">
        <p>
          <div id="drv_eb97" oncopy="return false;" onpaste="return false;" oncut="return false;" oncontextmenu="return false;" onmousedown="return false;" onselectstart="return false;">
            <strong>
              <span style="color: #009900;">proteins</span>
            </strong>
            <span style="font-size: 1px; color: white;">candle</span>
          </div>
        </p>
      </simpleChoice>
    </choiceInteraction>
  </itemBody>
  <responseProcessing>
    <responseCondition>
      <responseIf>
        <match>
          <variable identifier="RESPONSE"/>
          <correct identifier="RESPONSE"/>
        </match>
      </responseIf>
    </responseCondition>
  </responseProcessing>
</assessmentItem>
