<?xml version='1.0' encoding='UTF-8'?>
<assessmentTest xmlns="http://www.imsglobal.org/xsd/imsqti_v2p1" xmlns:xsi="http://www.w3.org/2001/XMLSchema-instance" xsi:schemaLocation="http://www.imsglobal.org/xsd/imsqti_v2p1 http://www.imsglobal.org/xsd/qti/qtiv2p1/imsqti_v2p1.xsd" identifier="assessment_meta" title="Henderson-Hasselbalch-EQUATION">
  <testPart identifier="test_part" navigationMode="nonlinear" submissionMode="simultaneous">
    <assessmentSection identifier="section_part" visible="false" title="Question Pool">
      <assessmentItemRef identifier="item_00001" href="item_00001.xml"/>
      <assessmentItemRef identifier="item_00002" href="item_00002.xml"/>
      <assessmentItemRef identifier="item_00003" href="item_00003.xml"/>
      <assessmentItemRef identifier="item_00004" href="item_00004.xml"/>
      <assessmentItemRef identifier="item_00005" href="item_00005.xml"/>
      <assessmentItemRef identifier="item_00006" href="item_00006.xml"/>
      <assessmentItemRef identifier="item_00007" href="item_00007.xml"/>
      <assessmentItemRef identifier="item_00008" href="item_00008.xml"/>
      <assessmentItemRef identifier="item_00009" href="item_00009.xml"/>
      <assessmentItemRef identifier="item_00010" href="item_00010.xml"/>
      <assessmentItemRef identifier="item_00011" href="item_00011.xml"/>
      <assessmentItemRef identifier="item_00012" href="item_00012.xml"/>
      <assessmentItemRef identifier="item_00013" href="item_00013.xml"/>
      <assessmentItemRef identifier="item_00014" href="item_00014.xml"/>
      <assessmentItemRef identifier="item_00015" href="item_00015.xml"/>
      <assessmentItemRef identifier="item_00016" href="item_00016.xml"/>
    </assessmentSection>
  </testPart>
</assessmentTest>
