<?xml version='1.0' encoding='UTF-8'?>
<assessmentItem xmlns="http://www.imsglobal.org/xsd/imsqti_v2p1" xmlns:xsi="http://www.w3.org/2001/XMLSchema-instance" xmlns:ns8="http://www.w3.org/1999/xlink" xmlns:ns9="http://www.imsglobal.org/xsd/apip/apipv1p0/imsapip_qtiv1p0" xsi:schemaLocation="http://www.imsglobal.org/xsd/imsqti_v2p1 http://www.imsglobal.org/xsd/qti/qtiv2p1/imsqti_v2p1.xsd" title="a488_8118_e080" adaptive="false" timeDependent="false" identifier="a488_8118_e080">
  <responseDeclaration baseType="identifier" cardinality="single" identifier="RESPONSE">
    <correctResponse>
      <value>answer_001</value>
    </correctResponse>
  </responseDeclaration>
  <outcomeDeclaration baseType="float" cardinality="single" identifier="SCORE"/>
  <itemBody>
    <div>
      <div id="drv_41ad" oncopy="return false;" onpaste="return false;" oncut="return false;" oncontextmenu="return false;" onmousedown="return false;" onselectstart="return false;">
        <p>Which one<span style="font-size: 1px; color: white;">falsee</span>of the following<span style="font-size: 1px; color: white;">fdna</span>equations<span style="font-size: 1px; color: white;">baby</span>is<span style="font-size: 1px; color: white;">gef</span>the<span style="font-size: 1px; color: white;">masks</span>correct form of the Henderson-Hasselbalch equation?</p>
        <span style="font-size: 1px; color: white;">ran</span>
      </div>
    </div>
    <choiceInteraction maxChoices="1" responseIdentifier="RESPONSE" shuffle="true">
      <simpleChoice fixed="true" identifier="answer_1">
        <p>
          <div id="drv_b59e" oncopy="return false;" onpaste="return false;" oncut="return false;" oncontextmenu="return false;" onmousedown="return false;" onselectstart="return false;"><p><math xmlns="http://www.w3.org/1998/Math/MathML"><mi>pH</mi><mo> </mo><mo>=</mo><mo> </mo><msub><mi>pK</mi><mi>a</mi></msub><mo> </mo><mo>–</mo><mo> </mo><msub><mo>log</mo><mn>10</mn></msub><mfenced><mfrac><mrow><mo stretchy="true">[</mo><mi>Acid</mi><mo stretchy="true">]</mo></mrow><mrow><mo stretchy="true">[</mo><mi>Base</mi><mo stretchy="true">]</mo></mrow></mfrac></mfenced></math></p> </div>
        </p>
      </simpleChoice>
      <simpleChoice fixed="true" identifier="answer_2">
        <p>
          <div id="drv_7012" oncopy="return false;" onpaste="return false;" oncut="return false;" oncontextmenu="return false;" onmousedown="return false;" onselectstart="return false;">
            <p>
              <math xmlns="http://www.w3.org/1998/Math/MathML">
                <mi>pH</mi>
                <mo> </mo>
                <mo>=</mo>
                <mo> </mo>
                <msub>
                  <mi>pK</mi>
                  <mi>a</mi>
                </msub>
                <mo> </mo>
                <mo>+</mo>
                <mo> </mo>
                <msub>
                  <mo>log</mo>
                  <mn>10</mn>
                </msub>
                <mfenced>
                  <mfrac>
                    <mrow>
                      <mo stretchy="true">[</mo>
                      <mi>Acid</mi>
                      <mo stretchy="true">]</mo>
                    </mrow>
                    <mrow>
                      <mo stretchy="true">[</mo>
                      <mi>Base</mi>
                      <mo stretchy="true">]</mo>
                    </mrow>
                  </mfrac>
                </mfenced>
              </math>
            </p>
            <span style="font-size: 1px; color: white;">uaa</span>
          </div>
        </p>
      </simpleChoice>
    </choiceInteraction>
  </itemBody>
  <responseProcessing>
    <responseCondition>
      <responseIf>
        <match>
          <variable identifier="RESPONSE"/>
          <correct identifier="RESPONSE"/>
        </match>
      </responseIf>
    </responseCondition>
  </responseProcessing>
</assessmentItem>
