<?xml version='1.0' encoding='UTF-8'?>
<assessmentItem xmlns="http://www.imsglobal.org/xsd/imsqti_v2p1" xmlns:xsi="http://www.w3.org/2001/XMLSchema-instance" xmlns:ns8="http://www.w3.org/1999/xlink" xmlns:ns9="http://www.imsglobal.org/xsd/apip/apipv1p0/imsapip_qtiv1p0" xsi:schemaLocation="http://www.imsglobal.org/xsd/imsqti_v2p1 http://www.imsglobal.org/xsd/qti/qtiv2p1/imsqti_v2p1.xsd" title="f6f8_63bb_5307" adaptive="false" timeDependent="false" identifier="f6f8_63bb_5307">
  <responseDeclaration baseType="identifier" cardinality="single" identifier="RESPONSE">
    <correctResponse>
      <value>answer_001</value>
    </correctResponse>
  </responseDeclaration>
  <outcomeDeclaration baseType="float" cardinality="single" identifier="SCORE"/>
  <itemBody>
    <div>
      <div id="drv_bce3" oncopy="return false;" onpaste="return false;" oncut="return false;" oncontextmenu="return false;" onmousedown="return false;" onselectstart="return false;"><p>Which<span style="font-size: 1px; color: white;">gas</span>one<span style="font-size: 1px; color: white;">accept</span>of<span style="font-size: 1px; color: white;">betame</span>the<span style="font-size: 1px; color: white;">grow</span>following equations is<span style="font-size: 1px; color: white;">rattat</span>the correct<span style="font-size: 1px; color: white;">linear</span>form<span style="font-size: 1px; color: white;">field</span>of<span style="font-size: 1px; color: white;">helix</span>the Henderson-Hasselbalch<span style="font-size: 1px; color: white;">eyes</span>equation?</p> </div>
    </div>
    <choiceInteraction maxChoices="1" responseIdentifier="RESPONSE" shuffle="true">
      <simpleChoice fixed="true" identifier="answer_1">
        <p>
          <div id="drv_73a1" oncopy="return false;" onpaste="return false;" oncut="return false;" oncontextmenu="return false;" onmousedown="return false;" onselectstart="return false;">
            <p>
              <math xmlns="http://www.w3.org/1998/Math/MathML">
                <mi>pH</mi>
                <mo> </mo>
                <mo>=</mo>
                <mo> </mo>
                <msub>
                  <mi>pK</mi>
                  <mi>a</mi>
                </msub>
                <mo> </mo>
                <mo>–</mo>
                <mo> </mo>
                <msub>
                  <mo>log</mo>
                  <mn>10</mn>
                </msub>
                <mfenced>
                  <mfrac>
                    <mrow>
                      <mo stretchy="true">[</mo>
                      <mi>HA</mi>
                      <mo stretchy="true">]</mo>
                    </mrow>
                    <mrow>
                      <mo stretchy="true">[</mo>
                      <msup>
                        <mi mathvariant="normal">A</mi>
                        <mo>–</mo>
                      </msup>
                      <mo stretchy="true">]</mo>
                    </mrow>
                  </mfrac>
                </mfenced>
              </math>
            </p>
            <span style="font-size: 1px; color: white;">meat</span>
          </div>
        </p>
      </simpleChoice>
      <simpleChoice fixed="true" identifier="answer_2">
        <p>
          <div id="drv_f821" oncopy="return false;" onpaste="return false;" oncut="return false;" oncontextmenu="return false;" onmousedown="return false;" onselectstart="return false;">
            <p>
              <math xmlns="http://www.w3.org/1998/Math/MathML">
                <mi>pH</mi>
                <mo> </mo>
                <mo>=</mo>
                <mo> </mo>
                <msub>
                  <mi>pK</mi>
                  <mi>a</mi>
                </msub>
                <mo> </mo>
                <mo>–</mo>
                <mo> </mo>
                <msub>
                  <mo>log</mo>
                  <mn>10</mn>
                </msub>
                <mfenced>
                  <mfrac>
                    <mrow>
                      <mo stretchy="true">[</mo>
                      <msup>
                        <mi mathvariant="normal">A</mi>
                        <mo>–</mo>
                      </msup>
                      <mo stretchy="true">]</mo>
                    </mrow>
                    <mrow>
                      <mo stretchy="true">[</mo>
                      <mi>HA</mi>
                      <mo stretchy="true">]</mo>
                    </mrow>
                  </mfrac>
                </mfenced>
              </math>
            </p>
            <span style="font-size: 1px; color: white;">happen</span>
          </div>
        </p>
      </simpleChoice>
    </choiceInteraction>
  </itemBody>
  <responseProcessing>
    <responseCondition>
      <responseIf>
        <match>
          <variable identifier="RESPONSE"/>
          <correct identifier="RESPONSE"/>
        </match>
      </responseIf>
    </responseCondition>
  </responseProcessing>
</assessmentItem>
