<?xml version='1.0' encoding='UTF-8'?>
<assessmentItem xmlns="http://www.imsglobal.org/xsd/imsqti_v2p1" xmlns:xsi="http://www.w3.org/2001/XMLSchema-instance" xmlns:ns8="http://www.w3.org/1999/xlink" xmlns:ns9="http://www.imsglobal.org/xsd/apip/apipv1p0/imsapip_qtiv1p0" xsi:schemaLocation="http://www.imsglobal.org/xsd/imsqti_v2p1 http://www.imsglobal.org/xsd/qti/qtiv2p1/imsqti_v2p1.xsd" title="34ec_49e3_17a0" adaptive="false" timeDependent="false" identifier="34ec_49e3_17a0">
  <responseDeclaration baseType="identifier" cardinality="single" identifier="RESPONSE">
    <correctResponse>
      <value>answer_002</value>
    </correctResponse>
  </responseDeclaration>
  <outcomeDeclaration baseType="float" cardinality="single" identifier="SCORE"/>
  <itemBody>
    <div>
      <div id="drv_8fed" oncopy="return false;" onpaste="return false;" oncut="return false;" oncontextmenu="return false;" onmousedown="return false;" onselectstart="return false;">
        <p>Which<span style="font-size: 1px; color: white;">althyp</span>one<span style="font-size: 1px; color: white;">order</span>of<span style="font-size: 1px; color: white;">repair</span>the following equations<span style="font-size: 1px; color: white;">chief</span>is<span style="font-size: 1px; color: white;">spots</span>the<span style="font-size: 1px; color: white;">duplex</span>correct form<span style="font-size: 1px; color: white;">marina</span>of<span style="font-size: 1px; color: white;">most</span>the Henderson-Hasselbalch<span style="font-size: 1px; color: white;">ttest</span>equation?</p>
        <span style="font-size: 1px; color: white;">aro</span>
      </div>
    </div>
    <choiceInteraction maxChoices="1" responseIdentifier="RESPONSE" shuffle="true">
      <simpleChoice fixed="true" identifier="answer_1">
        <p>
          <div id="drv_2554" oncopy="return false;" onpaste="return false;" oncut="return false;" oncontextmenu="return false;" onmousedown="return false;" onselectstart="return false;"><p><math xmlns="http://www.w3.org/1998/Math/MathML"><mi>pH</mi><mo> </mo><mo>=</mo><mo> </mo><msub><mi>pK</mi><mi>a</mi></msub><mo> </mo><mo>+</mo><mo> </mo><msub><mo>log</mo><mn>10</mn></msub><mfenced><mfrac><mrow><mo stretchy="true">[</mo><mi>Acid</mi><mo stretchy="true">]</mo></mrow><mrow><mo stretchy="true">[</mo><mi>Base</mi><mo stretchy="true">]</mo></mrow></mfrac></mfenced></math></p> </div>
        </p>
      </simpleChoice>
      <simpleChoice fixed="true" identifier="answer_2">
        <p>
          <div id="drv_37aa" oncopy="return false;" onpaste="return false;" oncut="return false;" oncontextmenu="return false;" onmousedown="return false;" onselectstart="return false;">
            <p>
              <math xmlns="http://www.w3.org/1998/Math/MathML">
                <mi>pH</mi>
                <mo> </mo>
                <mo>=</mo>
                <mo> </mo>
                <msub>
                  <mi>pK</mi>
                  <mi>a</mi>
                </msub>
                <mo> </mo>
                <mo>–</mo>
                <mo> </mo>
                <msub>
                  <mo>log</mo>
                  <mn>10</mn>
                </msub>
                <mfenced>
                  <mfrac>
                    <mrow>
                      <mo stretchy="true">[</mo>
                      <mi>Acid</mi>
                      <mo stretchy="true">]</mo>
                    </mrow>
                    <mrow>
                      <mo stretchy="true">[</mo>
                      <mi>Base</mi>
                      <mo stretchy="true">]</mo>
                    </mrow>
                  </mfrac>
                </mfenced>
              </math>
            </p>
            <span style="font-size: 1px; color: white;">type</span>
          </div>
        </p>
      </simpleChoice>
    </choiceInteraction>
  </itemBody>
  <responseProcessing>
    <responseCondition>
      <responseIf>
        <match>
          <variable identifier="RESPONSE"/>
          <correct identifier="RESPONSE"/>
        </match>
      </responseIf>
    </responseCondition>
  </responseProcessing>
</assessmentItem>
