<?xml version='1.0' encoding='UTF-8'?>
<assessmentItem xmlns="http://www.imsglobal.org/xsd/imsqti_v2p1" xmlns:xsi="http://www.w3.org/2001/XMLSchema-instance" xmlns:ns8="http://www.w3.org/1999/xlink" xmlns:ns9="http://www.imsglobal.org/xsd/apip/apipv1p0/imsapip_qtiv1p0" xsi:schemaLocation="http://www.imsglobal.org/xsd/imsqti_v2p1 http://www.imsglobal.org/xsd/qti/qtiv2p1/imsqti_v2p1.xsd" title="e2e6_2be1_b012" adaptive="false" timeDependent="false" identifier="e2e6_2be1_b012">
  <responseDeclaration baseType="identifier" cardinality="single" identifier="RESPONSE">
    <correctResponse>
      <value>answer_002</value>
    </correctResponse>
  </responseDeclaration>
  <outcomeDeclaration baseType="float" cardinality="single" identifier="SCORE"/>
  <itemBody>
    <div>
      <div id="drv_3ca1" oncopy="return false;" onpaste="return false;" oncut="return false;" oncontextmenu="return false;" onmousedown="return false;" onselectstart="return false;">
        <p>Which one of<span style="font-size: 1px; color: white;">milan</span>the<span style="font-size: 1px; color: white;">what</span>following<span style="font-size: 1px; color: white;">rhythm</span>equations is the correct<span style="font-size: 1px; color: white;">page</span>form of<span style="font-size: 1px; color: white;">glass</span>the Henderson-Hasselbalch<span style="font-size: 1px; color: white;">create</span>equation?</p>
        <span style="font-size: 1px; color: white;">shear</span>
      </div>
    </div>
    <choiceInteraction maxChoices="1" responseIdentifier="RESPONSE" shuffle="true">
      <simpleChoice fixed="true" identifier="answer_1">
        <p>
          <div id="drv_9db1" oncopy="return false;" onpaste="return false;" oncut="return false;" oncontextmenu="return false;" onmousedown="return false;" onselectstart="return false;">
            <p>
              <math xmlns="http://www.w3.org/1998/Math/MathML">
                <mi>pH</mi>
                <mo> </mo>
                <mo>=</mo>
                <mo> </mo>
                <msub>
                  <mi>pK</mi>
                  <mi>a</mi>
                </msub>
                <mo> </mo>
                <mo>–</mo>
                <mo> </mo>
                <msub>
                  <mo>log</mo>
                  <mn>10</mn>
                </msub>
                <mfenced>
                  <mfrac>
                    <mrow>
                      <mo stretchy="true">[</mo>
                      <mi>Base</mi>
                      <mo stretchy="true">]</mo>
                    </mrow>
                    <mrow>
                      <mo stretchy="true">[</mo>
                      <mi>Acid</mi>
                      <mo stretchy="true">]</mo>
                    </mrow>
                  </mfrac>
                </mfenced>
              </math>
            </p>
            <span style="font-size: 1px; color: white;">milk</span>
          </div>
        </p>
      </simpleChoice>
      <simpleChoice fixed="true" identifier="answer_2">
        <p>
          <div id="drv_b442" oncopy="return false;" onpaste="return false;" oncut="return false;" oncontextmenu="return false;" onmousedown="return false;" onselectstart="return false;">
            <p>
              <math xmlns="http://www.w3.org/1998/Math/MathML">
                <mi>pH</mi>
                <mo> </mo>
                <mo>=</mo>
                <mo> </mo>
                <msub>
                  <mi>pK</mi>
                  <mi>a</mi>
                </msub>
                <mo> </mo>
                <mo>+</mo>
                <mo> </mo>
                <msub>
                  <mo>log</mo>
                  <mn>10</mn>
                </msub>
                <mfenced>
                  <mfrac>
                    <mrow>
                      <mo stretchy="true">[</mo>
                      <mi>Base</mi>
                      <mo stretchy="true">]</mo>
                    </mrow>
                    <mrow>
                      <mo stretchy="true">[</mo>
                      <mi>Acid</mi>
                      <mo stretchy="true">]</mo>
                    </mrow>
                  </mfrac>
                </mfenced>
              </math>
            </p>
            <span style="font-size: 1px; color: white;">from</span>
          </div>
        </p>
      </simpleChoice>
    </choiceInteraction>
  </itemBody>
  <responseProcessing>
    <responseCondition>
      <responseIf>
        <match>
          <variable identifier="RESPONSE"/>
          <correct identifier="RESPONSE"/>
        </match>
      </responseIf>
    </responseCondition>
  </responseProcessing>
</assessmentItem>
