<?xml version='1.0' encoding='UTF-8'?>
<assessmentItem xmlns="http://www.imsglobal.org/xsd/imsqti_v2p1" xmlns:xsi="http://www.w3.org/2001/XMLSchema-instance" xmlns:ns8="http://www.w3.org/1999/xlink" xmlns:ns9="http://www.imsglobal.org/xsd/apip/apipv1p0/imsapip_qtiv1p0" xsi:schemaLocation="http://www.imsglobal.org/xsd/imsqti_v2p1 http://www.imsglobal.org/xsd/qti/qtiv2p1/imsqti_v2p1.xsd" title="3d1c_93dc_f185" adaptive="false" timeDependent="false" identifier="3d1c_93dc_f185">
  <responseDeclaration baseType="identifier" cardinality="single" identifier="RESPONSE">
    <correctResponse>
      <value>answer_002</value>
    </correctResponse>
  </responseDeclaration>

  <outcomeDeclaration baseType="float" cardinality="single" identifier="SCORE"/>

  <itemBody>
    <div><p><u>Michaelis-Menten question.</u> The following question refers to the table (<i>below</i>) of enzyme activity.</p> <table cellpadding="2" cellspacing="2" style="text-align:center; border-collapse: collapse; border: 1px solid black; font-size: 14px;"><colgroup width="160"/> <colgroup width="160"/> <tr style="background-color: lightgray; border-bottom: 2px solid black;"><th align="center" style="padding: 5px; font-size: 10px;">substrate<br/>concentration, <span style="font-size: 14px;">[S]</span></th><th align="center" style="padding: 5px; font-size: 10px;">initial reaction<br/>velocity<br/><span style="font-size: 14px;">V<sub>0</sub></span></th></tr><tr style="background-color: #FFFFDD;"> <td style="border: 1px solid black;" align="right"><span style="font-family: courier, monospace;">0.0001 </span></td> <td style="border: 1px solid black;" align="right"><span style="font-family: courier, monospace;">7.3 </span></td></tr><tr style="background-color: #FFFFFF;"> <td style="border: 1px solid black;" align="right"><span style="font-family: courier, monospace;">0.0002 </span></td> <td style="border: 1px solid black;" align="right"><span style="font-family: courier, monospace;">13.4 </span></td></tr><tr style="background-color: #FFFFDD;"> <td style="border: 1px solid black;" align="right"><span style="font-family: courier, monospace;">0.0005 </span></td> <td style="border: 1px solid black;" align="right"><span style="font-family: courier, monospace;">26.7 </span></td></tr><tr style="background-color: #FFFFFF;"> <td style="border: 1px solid black;" align="right"><span style="font-family: courier, monospace;">0.0010 </span></td> <td style="border: 1px solid black;" align="right"><span style="font-family: courier, monospace;">40.0 </span></td></tr><tr style="background-color: #FFFFDD;"> <td style="border: 1px solid black;" align="right"><span style="font-family: courier, monospace;">0.0020 </span></td> <td style="border: 1px solid black;" align="right"><span style="font-family: courier, monospace;">53.4 </span></td></tr><tr style="background-color: #FFFFFF;"> <td style="border: 1px solid black;" align="right"><span style="font-family: courier, monospace;">0.0050 </span></td> <td style="border: 1px solid black;" align="right"><span style="font-family: courier, monospace;">66.7 </span></td></tr><tr style="background-color: #FFFFDD;"> <td style="border: 1px solid black;" align="right"><span style="font-family: courier, monospace;">0.0100 </span></td> <td style="border: 1px solid black;" align="right"><span style="font-family: courier, monospace;">72.8 </span></td></tr><tr style="background-color: #FFFFFF;"> <td style="border: 1px solid black;" align="right"><span style="font-family: courier, monospace;">0.0200 </span></td> <td style="border: 1px solid black;" align="right"><span style="font-family: courier, monospace;">76.2 </span></td></tr><tr style="background-color: #FFFFDD;"> <td style="border: 1px solid black;" align="right"><span style="font-family: courier, monospace;">0.0500 </span></td> <td style="border: 1px solid black;" align="right"><span style="font-family: courier, monospace;">78.5 </span></td></tr><tr style="background-color: #FFFFFF;"> <td style="border: 1px solid black;" align="right"><span style="font-family: courier, monospace;">0.1000 </span></td> <td style="border: 1px solid black;" align="right"><span style="font-family: courier, monospace;">79.3 </span></td></tr><tr style="background-color: #FFFFDD;"> <td style="border: 1px solid black;" align="right"><span style="font-family: courier, monospace;">1.0000 </span></td> <td style="border: 1px solid black;" align="right"><span style="font-family: courier, monospace;">80.0 </span></td></tr></table><br/><p>Using the table (<i>above</i>), calculate the value for the Michaelis-Menten constant, K<sub>M</sub>.</p></div>
    <choiceInteraction maxChoices="1" responseIdentifier="RESPONSE" shuffle="true">
      <simpleChoice fixed="true" identifier="answer_1">
        <p>K<sub>M</sub> = <span style="font-family: courier, monospace;">0.0002</span></p>
      </simpleChoice>
      <simpleChoice fixed="true" identifier="answer_2">
        <p>K<sub>M</sub> = <span style="font-family: courier, monospace;">0.0010</span></p>
      </simpleChoice>
      <simpleChoice fixed="true" identifier="answer_3">
        <p>K<sub>M</sub> = <span style="font-family: courier, monospace;">0.0020</span></p>
      </simpleChoice>
      <simpleChoice fixed="true" identifier="answer_4">
        <p>K<sub>M</sub> = <span style="font-family: courier, monospace;">0.0050</span></p>
      </simpleChoice>
      <simpleChoice fixed="true" identifier="answer_5">
        <p>K<sub>M</sub> = <span style="font-family: courier, monospace;">0.0100</span></p>
      </simpleChoice>
    </choiceInteraction>
  </itemBody>

  <responseProcessing>
    <responseCondition>
      <responseIf>
        <match>
          <variable identifier="RESPONSE"/>
          <correct identifier="RESPONSE"/>
        </match>
      </responseIf>
    </responseCondition>
  </responseProcessing>
</assessmentItem>
