<?xml version='1.0' encoding='UTF-8'?>
<assessmentItem xmlns="http://www.imsglobal.org/xsd/imsqti_v2p1" xmlns:xsi="http://www.w3.org/2001/XMLSchema-instance" xmlns:ns8="http://www.w3.org/1999/xlink" xmlns:ns9="http://www.imsglobal.org/xsd/apip/apipv1p0/imsapip_qtiv1p0" xsi:schemaLocation="http://www.imsglobal.org/xsd/imsqti_v2p1 http://www.imsglobal.org/xsd/qti/qtiv2p1/imsqti_v2p1.xsd" title="c14a_f5d2_a605" adaptive="false" timeDependent="false" identifier="c14a_f5d2_a605">
  <responseDeclaration baseType="identifier" cardinality="single" identifier="RESPONSE">
    <correctResponse>
      <value>answer_001</value>
    </correctResponse>
  </responseDeclaration>

  <outcomeDeclaration baseType="float" cardinality="single" identifier="SCORE"/>

  <itemBody>
    <div><p><u>Michaelis-Menten question.</u> The following question refers to the table (<i>below</i>) of enzyme activity.</p> <table cellpadding="2" cellspacing="2" style="text-align:center; border-collapse: collapse; border: 1px solid black; font-size: 14px;"><colgroup width="160"/> <colgroup width="160"/> <tr style="background-color: lightgray; border-bottom: 2px solid black;"><th align="center" style="padding: 5px; font-size: 10px;">substrate<br/>concentration, <span style="font-size: 14px;">[S]</span></th><th align="center" style="padding: 5px; font-size: 10px;">initial reaction<br/>velocity<br/><span style="font-size: 14px;">V<sub>0</sub></span></th></tr><tr style="background-color: #FFFFDD;"> <td style="border: 1px solid black;" align="right"><span style="font-family: courier, monospace;">0.001 </span></td> <td style="border: 1px solid black;" align="right"><span style="font-family: courier, monospace;">40.0 </span></td></tr><tr style="background-color: #FFFFFF;"> <td style="border: 1px solid black;" align="right"><span style="font-family: courier, monospace;">0.002 </span></td> <td style="border: 1px solid black;" align="right"><span style="font-family: courier, monospace;">60.0 </span></td></tr><tr style="background-color: #FFFFDD;"> <td style="border: 1px solid black;" align="right"><span style="font-family: courier, monospace;">0.005 </span></td> <td style="border: 1px solid black;" align="right"><span style="font-family: courier, monospace;">85.8 </span></td></tr><tr style="background-color: #FFFFFF;"> <td style="border: 1px solid black;" align="right"><span style="font-family: courier, monospace;">0.010 </span></td> <td style="border: 1px solid black;" align="right"><span style="font-family: courier, monospace;">100.0 </span></td></tr><tr style="background-color: #FFFFDD;"> <td style="border: 1px solid black;" align="right"><span style="font-family: courier, monospace;">0.020 </span></td> <td style="border: 1px solid black;" align="right"><span style="font-family: courier, monospace;">109.1 </span></td></tr><tr style="background-color: #FFFFFF;"> <td style="border: 1px solid black;" align="right"><span style="font-family: courier, monospace;">0.050 </span></td> <td style="border: 1px solid black;" align="right"><span style="font-family: courier, monospace;">115.4 </span></td></tr><tr style="background-color: #FFFFDD;"> <td style="border: 1px solid black;" align="right"><span style="font-family: courier, monospace;">0.100 </span></td> <td style="border: 1px solid black;" align="right"><span style="font-family: courier, monospace;">117.7 </span></td></tr><tr style="background-color: #FFFFFF;"> <td style="border: 1px solid black;" align="right"><span style="font-family: courier, monospace;">0.200 </span></td> <td style="border: 1px solid black;" align="right"><span style="font-family: courier, monospace;">118.9 </span></td></tr><tr style="background-color: #FFFFDD;"> <td style="border: 1px solid black;" align="right"><span style="font-family: courier, monospace;">0.500 </span></td> <td style="border: 1px solid black;" align="right"><span style="font-family: courier, monospace;">119.6 </span></td></tr><tr style="background-color: #FFFFFF;"> <td style="border: 1px solid black;" align="right"><span style="font-family: courier, monospace;">1.000 </span></td> <td style="border: 1px solid black;" align="right"><span style="font-family: courier, monospace;">119.8 </span></td></tr><tr style="background-color: #FFFFDD;"> <td style="border: 1px solid black;" align="right"><span style="font-family: courier, monospace;">10.000 </span></td> <td style="border: 1px solid black;" align="right"><span style="font-family: courier, monospace;">120.0 </span></td></tr></table><br/><p>Using the table (<i>above</i>), calculate the value for the Michaelis-Menten constant, K<sub>M</sub>.</p></div>
    <choiceInteraction maxChoices="1" responseIdentifier="RESPONSE" shuffle="true">
      <simpleChoice fixed="true" identifier="answer_1">
        <p>K<sub>M</sub> = <span style="font-family: courier, monospace;">0.002</span></p>
      </simpleChoice>
      <simpleChoice fixed="true" identifier="answer_2">
        <p>K<sub>M</sub> = <span style="font-family: courier, monospace;">0.005</span></p>
      </simpleChoice>
      <simpleChoice fixed="true" identifier="answer_3">
        <p>K<sub>M</sub> = <span style="font-family: courier, monospace;">0.020</span></p>
      </simpleChoice>
      <simpleChoice fixed="true" identifier="answer_4">
        <p>K<sub>M</sub> = <span style="font-family: courier, monospace;">0.050</span></p>
      </simpleChoice>
      <simpleChoice fixed="true" identifier="answer_5">
        <p>K<sub>M</sub> = <span style="font-family: courier, monospace;">0.100</span></p>
      </simpleChoice>
    </choiceInteraction>
  </itemBody>

  <responseProcessing>
    <responseCondition>
      <responseIf>
        <match>
          <variable identifier="RESPONSE"/>
          <correct identifier="RESPONSE"/>
        </match>
      </responseIf>
    </responseCondition>
  </responseProcessing>
</assessmentItem>
