<?xml version='1.0' encoding='UTF-8'?>
<assessmentItem xmlns="http://www.imsglobal.org/xsd/imsqti_v2p1" xmlns:xsi="http://www.w3.org/2001/XMLSchema-instance" xmlns:ns8="http://www.w3.org/1999/xlink" xmlns:ns9="http://www.imsglobal.org/xsd/apip/apipv1p0/imsapip_qtiv1p0" xsi:schemaLocation="http://www.imsglobal.org/xsd/imsqti_v2p1 http://www.imsglobal.org/xsd/qti/qtiv2p1/imsqti_v2p1.xsd" title="1e1b_7c38_189a" adaptive="false" timeDependent="false" identifier="1e1b_7c38_189a">
  <responseDeclaration baseType="identifier" cardinality="single" identifier="RESPONSE">
    <correctResponse>
      <value>answer_001</value>
    </correctResponse>
  </responseDeclaration>

  <outcomeDeclaration baseType="float" cardinality="single" identifier="SCORE"/>

  <itemBody>
    <div>A reaction is classified as <span style="color:#0077bb;font-weight:700;">exergonic</span>. Which statement about <span style="color:#0066cc;font-weight:700;">ΔG</span> is <strong>true</strong>?</div>
    <choiceInteraction maxChoices="1" responseIdentifier="RESPONSE" shuffle="true">
      <simpleChoice fixed="true" identifier="answer_1">
        <p>ΔG &lt; 0 (negative)</p>
      </simpleChoice>
      <simpleChoice fixed="true" identifier="answer_2">
        <p>ΔG &gt; 0 (positive)</p>
      </simpleChoice>
      <simpleChoice fixed="true" identifier="answer_3">
        <p>no activation energy is required for this reaction</p>
      </simpleChoice>
      <simpleChoice fixed="true" identifier="answer_4">
        <p>ΔG = 0 (the reaction is at equilibrium)</p>
      </simpleChoice>
    </choiceInteraction>
  </itemBody>

  <responseProcessing>
    <responseCondition>
      <responseIf>
        <match>
          <variable identifier="RESPONSE"/>
          <correct identifier="RESPONSE"/>
        </match>
      </responseIf>
    </responseCondition>
  </responseProcessing>
</assessmentItem>
