<?xml version='1.0' encoding='UTF-8'?>
<assessmentItem xmlns="http://www.imsglobal.org/xsd/imsqti_v2p1" xmlns:xsi="http://www.w3.org/2001/XMLSchema-instance" xmlns:ns8="http://www.w3.org/1999/xlink" xmlns:ns9="http://www.imsglobal.org/xsd/apip/apipv1p0/imsapip_qtiv1p0" xsi:schemaLocation="http://www.imsglobal.org/xsd/imsqti_v2p1 http://www.imsglobal.org/xsd/qti/qtiv2p1/imsqti_v2p1.xsd" title="d830_68fc_0dc8" adaptive="false" timeDependent="false" identifier="d830_68fc_0dc8">
  <responseDeclaration baseType="identifier" cardinality="single" identifier="RESPONSE">
    <correctResponse>
      <value>answer_004</value>
    </correctResponse>
  </responseDeclaration>

  <outcomeDeclaration baseType="float" cardinality="single" identifier="SCORE"/>

  <itemBody>
    <div>A reaction has a <span style="color:#0077bb;font-weight:700;">negative</span> <span style="color:#0066cc;font-weight:700;">ΔG</span> (ΔG &lt; 0). This reaction is classified as:</div>
    <choiceInteraction maxChoices="1" responseIdentifier="RESPONSE" shuffle="true">
      <simpleChoice fixed="true" identifier="answer_1">
        <p>activation-energy independent</p>
      </simpleChoice>
      <simpleChoice fixed="true" identifier="answer_2">
        <p>at equilibrium</p>
      </simpleChoice>
      <simpleChoice fixed="true" identifier="answer_3">
        <p>endergonic (energy-absorbing)</p>
      </simpleChoice>
      <simpleChoice fixed="true" identifier="answer_4">
        <p>exergonic (energy-releasing)</p>
      </simpleChoice>
    </choiceInteraction>
  </itemBody>

  <responseProcessing>
    <responseCondition>
      <responseIf>
        <match>
          <variable identifier="RESPONSE"/>
          <correct identifier="RESPONSE"/>
        </match>
      </responseIf>
    </responseCondition>
  </responseProcessing>
</assessmentItem>
