<?xml version='1.0' encoding='UTF-8'?>
<assessmentItem xmlns="http://www.imsglobal.org/xsd/imsqti_v2p1" xmlns:xsi="http://www.w3.org/2001/XMLSchema-instance" xmlns:ns8="http://www.w3.org/1999/xlink" xmlns:ns9="http://www.imsglobal.org/xsd/apip/apipv1p0/imsapip_qtiv1p0" xsi:schemaLocation="http://www.imsglobal.org/xsd/imsqti_v2p1 http://www.imsglobal.org/xsd/qti/qtiv2p1/imsqti_v2p1.xsd" title="5b15_67a5_1454" adaptive="false" timeDependent="false" identifier="5b15_67a5_1454">
  <responseDeclaration baseType="identifier" cardinality="single" identifier="RESPONSE">
    <correctResponse>
      <value>answer_001</value>
    </correctResponse>
  </responseDeclaration>

  <outcomeDeclaration baseType="float" cardinality="single" identifier="SCORE"/>

  <itemBody>
    <div>A reaction has a <span style="color:#0077bb;font-weight:700;">negative</span> <span style="color:#0066cc;font-weight:700;">ΔG</span> (ΔG &lt; 0). Which statement about the free energy is <strong>true</strong>?</div>
    <choiceInteraction maxChoices="1" responseIdentifier="RESPONSE" shuffle="true">
      <simpleChoice fixed="true" identifier="answer_1">
        <p>reactants have <strong>more</strong> free energy than products</p>
      </simpleChoice>
      <simpleChoice fixed="true" identifier="answer_2">
        <p>no activation energy is required for this reaction</p>
      </simpleChoice>
      <simpleChoice fixed="true" identifier="answer_3">
        <p>cannot be determined from the information given</p>
      </simpleChoice>
      <simpleChoice fixed="true" identifier="answer_4">
        <p>reactants have <strong>less</strong> free energy than products</p>
      </simpleChoice>
    </choiceInteraction>
  </itemBody>

  <responseProcessing>
    <responseCondition>
      <responseIf>
        <match>
          <variable identifier="RESPONSE"/>
          <correct identifier="RESPONSE"/>
        </match>
      </responseIf>
    </responseCondition>
  </responseProcessing>
</assessmentItem>
