<?xml version='1.0' encoding='UTF-8'?>
<assessmentItem xmlns="http://www.imsglobal.org/xsd/imsqti_v2p1" xmlns:xsi="http://www.w3.org/2001/XMLSchema-instance" xmlns:ns8="http://www.w3.org/1999/xlink" xmlns:ns9="http://www.imsglobal.org/xsd/apip/apipv1p0/imsapip_qtiv1p0" xsi:schemaLocation="http://www.imsglobal.org/xsd/imsqti_v2p1 http://www.imsglobal.org/xsd/qti/qtiv2p1/imsqti_v2p1.xsd" title="cebc_1a74_d366" adaptive="false" timeDependent="false" identifier="cebc_1a74_d366">
  <responseDeclaration baseType="identifier" cardinality="multiple" identifier="RESPONSE">
    <correctResponse>
      <value>answer_002</value>
      <value>answer_006</value>
      <value>answer_008</value>
    </correctResponse>
  </responseDeclaration>
  <outcomeDeclaration baseType="float" cardinality="single" identifier="SCORE"/>
  <itemBody>
    <div><p>5fe4_d72d</p> <p>Fischer classification problem</p><table border="0" style="border-collapse: collapse; border: white solid 0px;"><tbody><tr> <td style="border: solid white 0px;"/> <td style="border: solid white 0px;"/> <td colspan="4" style="border: solid white 0px; text-align: left;"><span style="color: #8f246b;">CH<sub>2</sub>OH</span></td></tr><tr> <td style="border: solid white 0px; border-right: solid black 1px;" colspan="3"/> <td style="border: solid white 0px; border-left: solid black 1px;" colspan="3"> <span style="font-size: medium;">==</span>O<span style="font-size: x-large;"> </span></td></tr><tr> <td rowspan="2" style="border: solid white 0px; text-align: right;"><span style="color: #995c00;">HO</span></td> <td style="border: solid white 0px; border-bottom: solid black 1px;"/> <td style="border: solid white 0px; border-right: solid black 1px; border-bottom: solid black 1px;"/> <td style="border: solid white 0px; border-left: solid black 1px; border-bottom: solid black 1px;"/> <td style="border: solid white 0px; border-bottom: solid black 1px;"/> <td rowspan="2" style="border: solid white 0px; text-align: left;"><span style="color: #0052cc;">H</span></td></tr><tr> <td style="border: solid white 0px; border-top: solid black 1px;"/> <td style="border: solid white 0px; border-right: solid black 1px; border-top: solid black 1px;"/> <td style="border: solid white 0px; border-left: solid black 1px; border-top: solid black 1px;"/> <td style="border: solid white 0px; border-top: solid black 1px;"/></tr><tr> <td style="border: solid white 0px;"/> <td style="border: solid white 0px;"/> <td colspan="4" style="border: solid white 0px; text-align: left;"><span style="color: #8f246b;">CH<sub>2</sub>OH</span></td></tr></tbody></table><p>The diagram above shows a <strong>Fischer projection</strong> of an unnamed monosaccharide.</p><p>Your task is to classify the sugar based on the provided categorizations below. Carefully analyze the structure and check the <strong>three categorizations that apply</strong>.</p><p><strong>Instructions:</strong></p><ul><li>You are required to select exactly <strong>three (3) boxes</strong>.</li><li>Selecting fewer or more than three boxes will be marked as <strong>incorrect</strong>.</li><li>No partial credit will be awarded.</li></ul></div>
    <choiceInteraction maxChoices="3" responseIdentifier="RESPONSE" shuffle="true">
      <simpleChoice fixed="true" identifier="answer_1">
        <p>A. <span style="color:#0000b3;">triose (3)</span></p>
      </simpleChoice>
      <simpleChoice fixed="true" identifier="answer_2">
        <p>B. <span style="color:#0000b3;">tetrose (4)</span></p>
      </simpleChoice>
      <simpleChoice fixed="true" identifier="answer_3">
        <p>C. <span style="color:#0000b3;">pentose (5)</span></p>
      </simpleChoice>
      <simpleChoice fixed="true" identifier="answer_4">
        <p>D. <span style="color:#0000b3;">hexose (6)</span></p>
      </simpleChoice>
      <simpleChoice fixed="true" identifier="answer_5">
        <p>E. <span style="color:#008000;">D-configuration</span></p>
      </simpleChoice>
      <simpleChoice fixed="true" identifier="answer_6">
        <p>F. <span style="color:#008000;">L-configuration</span></p>
      </simpleChoice>
      <simpleChoice fixed="true" identifier="answer_7">
        <p>G. <span style="color:#b34700;">aldose</span></p>
      </simpleChoice>
      <simpleChoice fixed="true" identifier="answer_8">
        <p>H. <span style="color:#b34700;">ketose</span></p>
      </simpleChoice>
      <simpleChoice fixed="true" identifier="answer_9">
        <p>I. <span style="color:#b34700;">3-ketose</span></p>
      </simpleChoice>
    </choiceInteraction>
  </itemBody>
  <responseProcessing>
    <responseCondition>
      <responseIf>
        <match>
          <variable identifier="RESPONSE"/>
          <correct identifier="RESPONSE"/>
        </match>
      </responseIf>
    </responseCondition>
  </responseProcessing>
</assessmentItem>
