<?xml version='1.0' encoding='UTF-8'?>
<assessmentItem xmlns="http://www.imsglobal.org/xsd/imsqti_v2p1" xmlns:xsi="http://www.w3.org/2001/XMLSchema-instance" xmlns:ns8="http://www.w3.org/1999/xlink" xmlns:ns9="http://www.imsglobal.org/xsd/apip/apipv1p0/imsapip_qtiv1p0" xsi:schemaLocation="http://www.imsglobal.org/xsd/imsqti_v2p1 http://www.imsglobal.org/xsd/qti/qtiv2p1/imsqti_v2p1.xsd" title="bedd_c121_6c85" adaptive="false" timeDependent="false" identifier="bedd_c121_6c85">
  <responseDeclaration baseType="float" cardinality="single" identifier="RESPONSE">
    <correctResponse>
      <value>5.42</value>
    </correctResponse>
  </responseDeclaration>
  <outcomeDeclaration baseType="float" cardinality="single" identifier="SCORE"/>
  <itemBody>
    <div>
      <p>
        <b>Calculate<span style="font-size: 1px; color: white;">garlic</span>the<span style="font-size: 1px; color: white;">base</span>pH of<span style="font-size: 1px; color: white;">oral</span>the<span style="font-size: 1px; color: white;">safe</span>buffer<span style="font-size: 1px; color: white;">tipoff</span>solution.</b>
      </p>
      <p>The solution<span style="font-size: 1px; color: white;">radar</span>contains <span style="font-family: monospace;">89.0 mM</span> of <strong>butyric acid</strong> and <span style="font-family: monospace;">354.0 mM</span> of <strong>sodium<span style="font-size: 1px; color: white;">known</span>butyrate</strong>.</p>
      <p>(pK<sub>a</sub> of butyric acid = <span style="font-family: monospace;">4.82</span>)</p>
      <p>Henderson-Hasselbalch<span style="font-size: 1px; color: white;">dodo</span>equation:</p>
      <p>
        <math xmlns="http://www.w3.org/1998/Math/MathML">
          <mi>pH</mi>
          <mo> </mo>
          <mo>=</mo>
          <mo> </mo>
          <msub>
            <mi>pK</mi>
            <mi>a</mi>
          </msub>
          <mo> </mo>
          <mo>+</mo>
          <mo> </mo>
          <msub>
            <mo>log</mo>
            <mn>10</mn>
          </msub>
          <mfenced>
            <mfrac>
              <mrow>
                <mo stretchy="true">[</mo>
                <mi>Base</mi>
                <mo stretchy="true">]</mo>
              </mrow>
              <mrow>
                <mo stretchy="true">[</mo>
                <mi>Acid</mi>
                <mo stretchy="true">]</mo>
              </mrow>
            </mfrac>
          </mfenced>
        </math>
      </p>
      <span style="font-size: 1px; color: white;">joy</span>
      <p>
        <i>Note: answers need to be within 1% of the correct number to be correct.</i>
      </p>
    </div>
    <p>
      <textEntryInteraction responseIdentifier="RESPONSE"/>
    </p>
  </itemBody>
  <responseProcessing>
    <responseCondition>
      <responseIf>
        <equal toleranceMode="absolute" tolerance="0.05 0.05" includeLowerBound="true" includeUpperBound="true">
          <variable identifier="RESPONSE"/>
          <correct identifier="RESPONSE"/>
        </equal>
        <setOutcomeValue identifier="SCORE">
          <baseValue baseType="float">100</baseValue>
        </setOutcomeValue>
      </responseIf>
      <responseElse>
        <setOutcomeValue identifier="SCORE">
          <baseValue baseType="float">0</baseValue>
        </setOutcomeValue>
      </responseElse>
    </responseCondition>
  </responseProcessing>
</assessmentItem>
