<?xml version='1.0' encoding='UTF-8'?>
<assessmentItem xmlns="http://www.imsglobal.org/xsd/imsqti_v2p1" xmlns:xsi="http://www.w3.org/2001/XMLSchema-instance" xmlns:ns8="http://www.w3.org/1999/xlink" xmlns:ns9="http://www.imsglobal.org/xsd/apip/apipv1p0/imsapip_qtiv1p0" xsi:schemaLocation="http://www.imsglobal.org/xsd/imsqti_v2p1 http://www.imsglobal.org/xsd/qti/qtiv2p1/imsqti_v2p1.xsd" title="53dc_9c1a_6e80" adaptive="false" timeDependent="false" identifier="53dc_9c1a_6e80">
  <responseDeclaration baseType="float" cardinality="single" identifier="RESPONSE">
    <correctResponse>
      <value>4.62</value>
    </correctResponse>
  </responseDeclaration>
  <outcomeDeclaration baseType="float" cardinality="single" identifier="SCORE"/>
  <itemBody>
    <div>
      <p>
        <b>Use<span style="font-size: 1px; color: white;">bfd</span>the Henderson-Hasselbalch<span style="font-size: 1px; color: white;">sky</span>equation<span style="font-size: 1px; color: white;">health</span>to<span style="font-size: 1px; color: white;">around</span>calculate<span style="font-size: 1px; color: white;">fluid</span>the pH.</b>
      </p>
      <p>A solution contains <span style="font-family: monospace;">11.2 g</span> of <strong>HC<sub>2</sub>H<sub>3</sub>O<sub>2</sub></strong> and <span style="font-family: monospace;">11.2 g</span> of <strong>NaC<sub>2</sub>H<sub>3</sub>O<sub>2</sub></strong> in <span style="font-family: monospace;">212.7 mL</span> of solution.</p>
      <p>(pK<sub>a</sub> of acetic<span style="font-size: 1px; color: white;">apart</span>acid = <span style="font-family: monospace;">4.76</span>)</p>
      <p>Molar<span style="font-size: 1px; color: white;">also</span>masses: HC<sub>2</sub>H<sub>3</sub>O<sub>2</sub> = 60.05 g/mol; NaC<sub>2</sub>H<sub>3</sub>O<sub>2</sub> = 82.03 g/mol.</p>
      <p>Henderson-Hasselbalch<span style="font-size: 1px; color: white;">tmv</span>equation:</p>
      <p>
        <math xmlns="http://www.w3.org/1998/Math/MathML">
          <mi>pH</mi>
          <mo> </mo>
          <mo>=</mo>
          <mo> </mo>
          <msub>
            <mi>pK</mi>
            <mi>a</mi>
          </msub>
          <mo> </mo>
          <mo>+</mo>
          <mo> </mo>
          <msub>
            <mo>log</mo>
            <mn>10</mn>
          </msub>
          <mfenced>
            <mfrac>
              <mrow>
                <mo stretchy="true">[</mo>
                <mi>Base</mi>
                <mo stretchy="true">]</mo>
              </mrow>
              <mrow>
                <mo stretchy="true">[</mo>
                <mi>Acid</mi>
                <mo stretchy="true">]</mo>
              </mrow>
            </mfrac>
          </mfenced>
        </math>
      </p>
      <span style="font-size: 1px; color: white;">begin</span>
      <p>
        <i>Note: answers need to be within 2% of the correct number to be correct.</i>
      </p>
    </div>
    <p>
      <textEntryInteraction responseIdentifier="RESPONSE"/>
    </p>
  </itemBody>
  <responseProcessing>
    <responseCondition>
      <responseIf>
        <equal toleranceMode="absolute" tolerance="0.05 0.05" includeLowerBound="true" includeUpperBound="true">
          <variable identifier="RESPONSE"/>
          <correct identifier="RESPONSE"/>
        </equal>
        <setOutcomeValue identifier="SCORE">
          <baseValue baseType="float">100</baseValue>
        </setOutcomeValue>
      </responseIf>
      <responseElse>
        <setOutcomeValue identifier="SCORE">
          <baseValue baseType="float">0</baseValue>
        </setOutcomeValue>
      </responseElse>
    </responseCondition>
  </responseProcessing>
</assessmentItem>
