<?xml version='1.0' encoding='UTF-8'?>
<assessmentItem xmlns="http://www.imsglobal.org/xsd/imsqti_v2p1" xmlns:xsi="http://www.w3.org/2001/XMLSchema-instance" xmlns:ns8="http://www.w3.org/1999/xlink" xmlns:ns9="http://www.imsglobal.org/xsd/apip/apipv1p0/imsapip_qtiv1p0" xsi:schemaLocation="http://www.imsglobal.org/xsd/imsqti_v2p1 http://www.imsglobal.org/xsd/qti/qtiv2p1/imsqti_v2p1.xsd" title="95d6_f11a_9372" adaptive="false" timeDependent="false" identifier="95d6_f11a_9372">
  <responseDeclaration baseType="identifier" cardinality="single" identifier="RESPONSE">
    <correctResponse>
      <value>answer_005</value>
    </correctResponse>
  </responseDeclaration>
  <outcomeDeclaration baseType="float" cardinality="single" identifier="SCORE"/>
  <itemBody>
    <div><p>e77e_7977</p> <p>Which one of the following polysaccharides correspond to the description <span style="font-size: 1em;"><strong>'<strong><span style="color: #843232;">animal</span> </strong>molecule composed of linear chains of α-(1,4) D-glucose residues connected through α-(1,6) linkages'</strong></span>.</p></div>
    <choiceInteraction maxChoices="1" responseIdentifier="RESPONSE" shuffle="true">
      <simpleChoice fixed="true" identifier="answer_1">
        <p>A. <span style="font-family: sans-serif; letter-spacing: 1px;"><strong><span style="color: DarkRed;"><strong>amylopectin</strong></span></strong></span></p>
      </simpleChoice>
      <simpleChoice fixed="true" identifier="answer_2">
        <p>B. <span style="font-family: sans-serif; letter-spacing: 1px;"><strong><span style="color: SteelBlue;"><strong>amylose</strong></span></strong></span></p>
      </simpleChoice>
      <simpleChoice fixed="true" identifier="answer_3">
        <p>C. <span style="font-family: sans-serif; letter-spacing: 1px;"><strong><span style="color: Indigo;"><strong>cellulose</strong></span></strong></span></p>
      </simpleChoice>
      <simpleChoice fixed="true" identifier="answer_4">
        <p>D. <span style="font-family: sans-serif; letter-spacing: 1px;"><strong><span style="color: MediumVioletRed;"><strong>chitin</strong></span></strong></span></p>
      </simpleChoice>
      <simpleChoice fixed="true" identifier="answer_5">
        <p>E. <span style="font-family: sans-serif; letter-spacing: 1px;"><strong><span style="color: DarkGreen;"><strong>glycogen</strong></span></strong></span></p>
      </simpleChoice>
    </choiceInteraction>
  </itemBody>
  <responseProcessing>
    <responseCondition>
      <responseIf>
        <match>
          <variable identifier="RESPONSE"/>
          <correct identifier="RESPONSE"/>
        </match>
      </responseIf>
    </responseCondition>
  </responseProcessing>
</assessmentItem>
