<?xml version='1.0' encoding='UTF-8'?>
<assessmentItem xmlns="http://www.imsglobal.org/xsd/imsqti_v2p1" xmlns:xsi="http://www.w3.org/2001/XMLSchema-instance" xmlns:ns8="http://www.w3.org/1999/xlink" xmlns:ns9="http://www.imsglobal.org/xsd/apip/apipv1p0/imsapip_qtiv1p0" xsi:schemaLocation="http://www.imsglobal.org/xsd/imsqti_v2p1 http://www.imsglobal.org/xsd/qti/qtiv2p1/imsqti_v2p1.xsd" title="3323_54a4_8b18" adaptive="false" timeDependent="false" identifier="3323_54a4_8b18">
  <responseDeclaration baseType="directedPair" cardinality="multiple" identifier="RESPONSE">
    <correctResponse>
      <value>prompt_001 choice_001</value>
      <value>prompt_002 choice_002</value>
      <value>prompt_003 choice_003</value>
      <value>prompt_004 choice_004</value>
    </correctResponse>
    <mapping defaultValue="0">
      <mapEntry mapKey="prompt_001 choice_001" mappedValue="1"/>
      <mapEntry mapKey="prompt_002 choice_002" mappedValue="1"/>
      <mapEntry mapKey="prompt_003 choice_003" mappedValue="1"/>
      <mapEntry mapKey="prompt_004 choice_004" mappedValue="1"/>
    </mapping>
  </responseDeclaration>
  <outcomeDeclaration baseType="float" cardinality="single" identifier="SCORE"/>
  <itemBody>
    <div>
      <div id="drv_44c1" oncopy="return false;" onpaste="return false;" oncut="return false;" oncontextmenu="return false;" onmousedown="return false;" onselectstart="return false;"><p>Match<span style="font-size: 1px; color: white;">high</span>each<span style="font-size: 1px; color: white;">stop</span>of<span style="font-size: 1px; color: white;">pass</span>the<span style="font-size: 1px; color: white;">chat</span>following<span style="font-size: 1px; color: white;">six</span>types<span style="font-size: 1px; color: white;">fast</span>of<span style="font-size: 1px; color: white;">leaves</span>macromolecules with<span style="font-size: 1px; color: white;">tissue</span>their corresponding macromolecules.</p><p><i>Note:</i> Each choice<span style="font-size: 1px; color: white;">plants</span>will<span style="font-size: 1px; color: white;">blocks</span>be<span style="font-size: 1px; color: white;">sos</span>used exactly<span style="font-size: 1px; color: white;">methyl</span>once.</p> </div>
    </div>
    <matchInteraction responseIdentifier="RESPONSE" shuffle="true" maxAssociations="4">
      <prompt>&lt;div id="drv_44c1" oncopy="return false;" onpaste="return false;" oncut="return false;" oncontextmenu="return false;" onmousedown="return false;" onselectstart="return false;" &gt;&lt;p&gt;Match&lt;span style='font-size: 1px; color: white;'&gt;high&lt;/span&gt;each&lt;span style='font-size: 1px; color: white;'&gt;stop&lt;/span&gt;of&lt;span style='font-size: 1px; color: white;'&gt;pass&lt;/span&gt;the&lt;span style='font-size: 1px; color: white;'&gt;chat&lt;/span&gt;following&lt;span style='font-size: 1px; color: white;'&gt;six&lt;/span&gt;types&lt;span style='font-size: 1px; color: white;'&gt;fast&lt;/span&gt;of&lt;span style='font-size: 1px; color: white;'&gt;leaves&lt;/span&gt;macromolecules with&lt;span style='font-size: 1px; color: white;'&gt;tissue&lt;/span&gt;their corresponding macromolecules.&lt;/p&gt;&lt;p&gt;&lt;i&gt;Note:&lt;/i&gt; Each choice&lt;span style='font-size: 1px; color: white;'&gt;plants&lt;/span&gt;will&lt;span style='font-size: 1px; color: white;'&gt;blocks&lt;/span&gt;be&lt;span style='font-size: 1px; color: white;'&gt;sos&lt;/span&gt;used exactly&lt;span style='font-size: 1px; color: white;'&gt;methyl&lt;/span&gt;once.&lt;/p&gt; &lt;/div&gt;</prompt>
      <simpleMatchSet>
        <simpleAssociableChoice identifier="prompt_001" fixed="true" matchMax="1" matchMin="0">
          <p>
            <div id="drv_1427" oncopy="return false;" onpaste="return false;" oncut="return false;" oncontextmenu="return false;" onmousedown="return false;" onselectstart="return false;">
              <strong>
                <span style="color: #009900;">proteins</span>
              </strong>
              <span style="font-size: 1px; color: white;">sizes</span>
            </div>
          </p>
        </simpleAssociableChoice>
        <simpleAssociableChoice identifier="prompt_002" fixed="true" matchMax="1" matchMin="0">
          <p>
            <div id="drv_8da9" oncopy="return false;" onpaste="return false;" oncut="return false;" oncontextmenu="return false;" onmousedown="return false;" onselectstart="return false;"><strong><span style="color: #0039e6;">carbohydrates</span></strong> </div>
          </p>
        </simpleAssociableChoice>
        <simpleAssociableChoice identifier="prompt_003" fixed="true" matchMax="1" matchMin="0">
          <p>
            <div id="drv_d51f" oncopy="return false;" onpaste="return false;" oncut="return false;" oncontextmenu="return false;" onmousedown="return false;" onselectstart="return false;">
              <strong>
                <span style="color: #b30077;">nucleic acids</span>
              </strong>
              <span style="font-size: 1px; color: white;">three</span>
            </div>
          </p>
        </simpleAssociableChoice>
        <simpleAssociableChoice identifier="prompt_004" fixed="true" matchMax="1" matchMin="0">
          <p>
            <div id="drv_c145" oncopy="return false;" onpaste="return false;" oncut="return false;" oncontextmenu="return false;" onmousedown="return false;" onselectstart="return false;">
              <strong>
                <span style="color: #e65400;">lipids</span>
              </strong>
              <span style="font-size: 1px; color: white;">fusion</span>
            </div>
          </p>
        </simpleAssociableChoice>
      </simpleMatchSet>
      <simpleMatchSet>
        <simpleAssociableChoice identifier="choice_001" fixed="true" matchMax="4" matchMin="0">
          <p>
            <div id="drv_3b86" oncopy="return false;" onpaste="return false;" oncut="return false;" oncontextmenu="return false;" onmousedown="return false;" onselectstart="return false;">alanine<span style="font-size: 1px; color: white;">bond</span></div>
          </p>
        </simpleAssociableChoice>
        <simpleAssociableChoice identifier="choice_002" fixed="true" matchMax="4" matchMin="0">
          <p>
            <div id="drv_6ad8" oncopy="return false;" onpaste="return false;" oncut="return false;" oncontextmenu="return false;" onmousedown="return false;" onselectstart="return false;">amylopectin<span style="font-size: 1px; color: white;">than</span>starch<span style="font-size: 1px; color: white;">truthh</span></div>
          </p>
        </simpleAssociableChoice>
        <simpleAssociableChoice identifier="choice_003" fixed="true" matchMax="4" matchMin="0">
          <p>
            <div id="drv_c76d" oncopy="return false;" onpaste="return false;" oncut="return false;" oncontextmenu="return false;" onmousedown="return false;" onselectstart="return false;">uracil </div>
          </p>
        </simpleAssociableChoice>
        <simpleAssociableChoice identifier="choice_004" fixed="true" matchMax="4" matchMin="0">
          <p>
            <div id="drv_2fc7" oncopy="return false;" onpaste="return false;" oncut="return false;" oncontextmenu="return false;" onmousedown="return false;" onselectstart="return false;">membrane<span style="font-size: 1px; color: white;">spine</span>bilayer </div>
          </p>
        </simpleAssociableChoice>
      </simpleMatchSet>
    </matchInteraction>
  </itemBody>
  <responseProcessing template="http://www.imsglobal.org/question/qti_v2p1/rptemplates/map_response"/>
</assessmentItem>
