<?xml version='1.0' encoding='UTF-8'?>
<assessmentItem xmlns="http://www.imsglobal.org/xsd/imsqti_v2p1" xmlns:xsi="http://www.w3.org/2001/XMLSchema-instance" xmlns:ns8="http://www.w3.org/1999/xlink" xmlns:ns9="http://www.imsglobal.org/xsd/apip/apipv1p0/imsapip_qtiv1p0" xsi:schemaLocation="http://www.imsglobal.org/xsd/imsqti_v2p1 http://www.imsglobal.org/xsd/qti/qtiv2p1/imsqti_v2p1.xsd" title="e724_5aab_8bf9" adaptive="false" timeDependent="false" identifier="e724_5aab_8bf9">
  <responseDeclaration baseType="directedPair" cardinality="multiple" identifier="RESPONSE">
    <correctResponse>
      <value>prompt_001 choice_001</value>
      <value>prompt_002 choice_002</value>
      <value>prompt_003 choice_003</value>
      <value>prompt_004 choice_004</value>
    </correctResponse>
    <mapping defaultValue="0">
      <mapEntry mapKey="prompt_001 choice_001" mappedValue="1"/>
      <mapEntry mapKey="prompt_002 choice_002" mappedValue="1"/>
      <mapEntry mapKey="prompt_003 choice_003" mappedValue="1"/>
      <mapEntry mapKey="prompt_004 choice_004" mappedValue="1"/>
    </mapping>
  </responseDeclaration>
  <outcomeDeclaration baseType="float" cardinality="single" identifier="SCORE"/>
  <itemBody>
    <div>
      <div id="drv_9ab0" oncopy="return false;" onpaste="return false;" oncut="return false;" oncontextmenu="return false;" onmousedown="return false;" onselectstart="return false;">
        <p>Match each<span style="font-size: 1px; color: white;">native</span>of the following<span style="font-size: 1px; color: white;">thf</span>types<span style="font-size: 1px; color: white;">much</span>of macromolecules<span style="font-size: 1px; color: white;">rare</span>with their<span style="font-size: 1px; color: white;">behind</span>corresponding<span style="font-size: 1px; color: white;">yogurt</span>macromolecules.</p>
        <p><i>Note:</i> Each<span style="font-size: 1px; color: white;">newly</span>choice<span style="font-size: 1px; color: white;">reach</span>will<span style="font-size: 1px; color: white;">novel</span>be<span style="font-size: 1px; color: white;">active</span>used exactly once.</p>
        <span style="font-size: 1px; color: white;">non</span>
      </div>
    </div>
    <matchInteraction responseIdentifier="RESPONSE" shuffle="true" maxAssociations="4">
      <prompt>&lt;div id="drv_9ab0" oncopy="return false;" onpaste="return false;" oncut="return false;" oncontextmenu="return false;" onmousedown="return false;" onselectstart="return false;" &gt;&lt;p&gt;Match each&lt;span style='font-size: 1px; color: white;'&gt;native&lt;/span&gt;of the following&lt;span style='font-size: 1px; color: white;'&gt;thf&lt;/span&gt;types&lt;span style='font-size: 1px; color: white;'&gt;much&lt;/span&gt;of macromolecules&lt;span style='font-size: 1px; color: white;'&gt;rare&lt;/span&gt;with their&lt;span style='font-size: 1px; color: white;'&gt;behind&lt;/span&gt;corresponding&lt;span style='font-size: 1px; color: white;'&gt;yogurt&lt;/span&gt;macromolecules.&lt;/p&gt;&lt;p&gt;&lt;i&gt;Note:&lt;/i&gt; Each&lt;span style='font-size: 1px; color: white;'&gt;newly&lt;/span&gt;choice&lt;span style='font-size: 1px; color: white;'&gt;reach&lt;/span&gt;will&lt;span style='font-size: 1px; color: white;'&gt;novel&lt;/span&gt;be&lt;span style='font-size: 1px; color: white;'&gt;active&lt;/span&gt;used exactly once.&lt;/p&gt;&lt;span style='font-size: 1px; color: white;'&gt;non&lt;/span&gt;&lt;/div&gt;</prompt>
      <simpleMatchSet>
        <simpleAssociableChoice identifier="prompt_001" fixed="true" matchMax="1" matchMin="0">
          <p>
            <div id="drv_1556" oncopy="return false;" onpaste="return false;" oncut="return false;" oncontextmenu="return false;" onmousedown="return false;" onselectstart="return false;">
              <strong>
                <span style="color: #b30077;">nucleic<span style="font-size: 1px; color: white;">fine</span>acids</span>
              </strong>
              <span style="font-size: 1px; color: white;">hot</span>
            </div>
          </p>
        </simpleAssociableChoice>
        <simpleAssociableChoice identifier="prompt_002" fixed="true" matchMax="1" matchMin="0">
          <p>
            <div id="drv_aac8" oncopy="return false;" onpaste="return false;" oncut="return false;" oncontextmenu="return false;" onmousedown="return false;" onselectstart="return false;">
              <strong>
                <span style="color: #e65400;">lipids</span>
              </strong>
              <span style="font-size: 1px; color: white;">roto</span>
            </div>
          </p>
        </simpleAssociableChoice>
        <simpleAssociableChoice identifier="prompt_003" fixed="true" matchMax="1" matchMin="0">
          <p>
            <div id="drv_c6aa" oncopy="return false;" onpaste="return false;" oncut="return false;" oncontextmenu="return false;" onmousedown="return false;" onselectstart="return false;"><strong><span style="color: #0039e6;">carbohydrates</span></strong> </div>
          </p>
        </simpleAssociableChoice>
        <simpleAssociableChoice identifier="prompt_004" fixed="true" matchMax="1" matchMin="0">
          <p>
            <div id="drv_5b03" oncopy="return false;" onpaste="return false;" oncut="return false;" oncontextmenu="return false;" onmousedown="return false;" onselectstart="return false;">
              <strong>
                <span style="color: #009900;">proteins</span>
              </strong>
              <span style="font-size: 1px; color: white;">stiff</span>
            </div>
          </p>
        </simpleAssociableChoice>
      </simpleMatchSet>
      <simpleMatchSet>
        <simpleAssociableChoice identifier="choice_001" fixed="true" matchMax="4" matchMin="0">
          <p>
            <div id="drv_8fc3" oncopy="return false;" onpaste="return false;" oncut="return false;" oncontextmenu="return false;" onmousedown="return false;" onselectstart="return false;">polynucleotides </div>
          </p>
        </simpleAssociableChoice>
        <simpleAssociableChoice identifier="choice_002" fixed="true" matchMax="4" matchMin="0">
          <p>
            <div id="drv_218a" oncopy="return false;" onpaste="return false;" oncut="return false;" oncontextmenu="return false;" onmousedown="return false;" onselectstart="return false;">myristic acid – a<span style="font-size: 1px; color: white;">truthl</span>fatty<span style="font-size: 1px; color: white;">eyes</span>acid<span style="font-size: 1px; color: white;">author</span>with 14 carbons<span style="font-size: 1px; color: white;">idea</span></div>
          </p>
        </simpleAssociableChoice>
        <simpleAssociableChoice identifier="choice_003" fixed="true" matchMax="4" matchMin="0">
          <p>
            <div id="drv_2433" oncopy="return false;" onpaste="return false;" oncut="return false;" oncontextmenu="return false;" onmousedown="return false;" onselectstart="return false;">chitin<span style="font-size: 1px; color: white;">damm</span></div>
          </p>
        </simpleAssociableChoice>
        <simpleAssociableChoice identifier="choice_004" fixed="true" matchMax="4" matchMin="0">
          <p>
            <div id="drv_6871" oncopy="return false;" onpaste="return false;" oncut="return false;" oncontextmenu="return false;" onmousedown="return false;" onselectstart="return false;">serum<span style="font-size: 1px; color: white;">xeno</span>albumin – family<span style="font-size: 1px; color: white;">enough</span>of<span style="font-size: 1px; color: white;">scalex</span>water-soluble polypeptides<span style="font-size: 1px; color: white;">night</span>found<span style="font-size: 1px; color: white;">pilus</span>in<span style="font-size: 1px; color: white;">cause</span>blood plasma </div>
          </p>
        </simpleAssociableChoice>
      </simpleMatchSet>
    </matchInteraction>
  </itemBody>
  <responseProcessing template="http://www.imsglobal.org/question/qti_v2p1/rptemplates/map_response"/>
</assessmentItem>
