<?xml version='1.0' encoding='UTF-8'?>
<assessmentItem xmlns="http://www.imsglobal.org/xsd/imsqti_v2p1" xmlns:xsi="http://www.w3.org/2001/XMLSchema-instance" xmlns:ns8="http://www.w3.org/1999/xlink" xmlns:ns9="http://www.imsglobal.org/xsd/apip/apipv1p0/imsapip_qtiv1p0" xsi:schemaLocation="http://www.imsglobal.org/xsd/imsqti_v2p1 http://www.imsglobal.org/xsd/qti/qtiv2p1/imsqti_v2p1.xsd" title="e108_9d39_4b19" adaptive="false" timeDependent="false" identifier="e108_9d39_4b19">
  <responseDeclaration baseType="directedPair" cardinality="multiple" identifier="RESPONSE">
    <correctResponse>
      <value>prompt_001 choice_001</value>
      <value>prompt_002 choice_002</value>
      <value>prompt_003 choice_003</value>
      <value>prompt_004 choice_004</value>
    </correctResponse>
    <mapping defaultValue="0">
      <mapEntry mapKey="prompt_001 choice_001" mappedValue="1"/>
      <mapEntry mapKey="prompt_002 choice_002" mappedValue="1"/>
      <mapEntry mapKey="prompt_003 choice_003" mappedValue="1"/>
      <mapEntry mapKey="prompt_004 choice_004" mappedValue="1"/>
    </mapping>
  </responseDeclaration>
  <outcomeDeclaration baseType="float" cardinality="single" identifier="SCORE"/>
  <itemBody>
    <div>
      <div id="drv_60b8" oncopy="return false;" onpaste="return false;" oncut="return false;" oncontextmenu="return false;" onmousedown="return false;" onselectstart="return false;">
        <p>Match each<span style="font-size: 1px; color: white;">bull</span>of<span style="font-size: 1px; color: white;">toes</span>the following types of<span style="font-size: 1px; color: white;">thread</span>macromolecules with<span style="font-size: 1px; color: white;">niacin</span>their corresponding<span style="font-size: 1px; color: white;">pairs</span>macromolecules.</p>
        <p><i>Note:</i> Each<span style="font-size: 1px; color: white;">grab</span>choice<span style="font-size: 1px; color: white;">lower</span>will<span style="font-size: 1px; color: white;">clean</span>be used exactly once.</p>
        <span style="font-size: 1px; color: white;">inside</span>
      </div>
    </div>
    <matchInteraction responseIdentifier="RESPONSE" shuffle="true" maxAssociations="4">
      <prompt>&lt;div id="drv_60b8" oncopy="return false;" onpaste="return false;" oncut="return false;" oncontextmenu="return false;" onmousedown="return false;" onselectstart="return false;" &gt;&lt;p&gt;Match each&lt;span style='font-size: 1px; color: white;'&gt;bull&lt;/span&gt;of&lt;span style='font-size: 1px; color: white;'&gt;toes&lt;/span&gt;the following types of&lt;span style='font-size: 1px; color: white;'&gt;thread&lt;/span&gt;macromolecules with&lt;span style='font-size: 1px; color: white;'&gt;niacin&lt;/span&gt;their corresponding&lt;span style='font-size: 1px; color: white;'&gt;pairs&lt;/span&gt;macromolecules.&lt;/p&gt;&lt;p&gt;&lt;i&gt;Note:&lt;/i&gt; Each&lt;span style='font-size: 1px; color: white;'&gt;grab&lt;/span&gt;choice&lt;span style='font-size: 1px; color: white;'&gt;lower&lt;/span&gt;will&lt;span style='font-size: 1px; color: white;'&gt;clean&lt;/span&gt;be used exactly once.&lt;/p&gt;&lt;span style='font-size: 1px; color: white;'&gt;inside&lt;/span&gt;&lt;/div&gt;</prompt>
      <simpleMatchSet>
        <simpleAssociableChoice identifier="prompt_001" fixed="true" matchMax="1" matchMin="0">
          <p>
            <div id="drv_1ce0" oncopy="return false;" onpaste="return false;" oncut="return false;" oncontextmenu="return false;" onmousedown="return false;" onselectstart="return false;"><strong><span style="color: #009900;">proteins</span></strong> </div>
          </p>
        </simpleAssociableChoice>
        <simpleAssociableChoice identifier="prompt_002" fixed="true" matchMax="1" matchMin="0">
          <p>
            <div id="drv_6508" oncopy="return false;" onpaste="return false;" oncut="return false;" oncontextmenu="return false;" onmousedown="return false;" onselectstart="return false;">
              <strong>
                <span style="color: #b30077;">nucleic<span style="font-size: 1px; color: white;">water</span>acids</span>
              </strong>
              <span style="font-size: 1px; color: white;">innate</span>
            </div>
          </p>
        </simpleAssociableChoice>
        <simpleAssociableChoice identifier="prompt_003" fixed="true" matchMax="1" matchMin="0">
          <p>
            <div id="drv_d8f3" oncopy="return false;" onpaste="return false;" oncut="return false;" oncontextmenu="return false;" onmousedown="return false;" onselectstart="return false;"><strong><span style="color: #0039e6;">carbohydrates</span></strong> </div>
          </p>
        </simpleAssociableChoice>
        <simpleAssociableChoice identifier="prompt_004" fixed="true" matchMax="1" matchMin="0">
          <p>
            <div id="drv_b5c2" oncopy="return false;" onpaste="return false;" oncut="return false;" oncontextmenu="return false;" onmousedown="return false;" onselectstart="return false;">
              <strong>
                <span style="color: #e65400;">lipids</span>
              </strong>
              <span style="font-size: 1px; color: white;">door</span>
            </div>
          </p>
        </simpleAssociableChoice>
      </simpleMatchSet>
      <simpleMatchSet>
        <simpleAssociableChoice identifier="choice_001" fixed="true" matchMax="4" matchMin="0">
          <p>
            <div id="drv_c74c" oncopy="return false;" onpaste="return false;" oncut="return false;" oncontextmenu="return false;" onmousedown="return false;" onselectstart="return false;">glutamic acid<span style="font-size: 1px; color: white;">mean</span></div>
          </p>
        </simpleAssociableChoice>
        <simpleAssociableChoice identifier="choice_002" fixed="true" matchMax="4" matchMin="0">
          <p>
            <div id="drv_cfd0" oncopy="return false;" onpaste="return false;" oncut="return false;" oncontextmenu="return false;" onmousedown="return false;" onselectstart="return false;">uridine<span style="font-size: 1px; color: white;">rhythm</span></div>
          </p>
        </simpleAssociableChoice>
        <simpleAssociableChoice identifier="choice_003" fixed="true" matchMax="4" matchMin="0">
          <p>
            <div id="drv_c864" oncopy="return false;" onpaste="return false;" oncut="return false;" oncontextmenu="return false;" onmousedown="return false;" onselectstart="return false;">threose </div>
          </p>
        </simpleAssociableChoice>
        <simpleAssociableChoice identifier="choice_004" fixed="true" matchMax="4" matchMin="0">
          <p>
            <div id="drv_6682" oncopy="return false;" onpaste="return false;" oncut="return false;" oncontextmenu="return false;" onmousedown="return false;" onselectstart="return false;">diglycerides </div>
          </p>
        </simpleAssociableChoice>
      </simpleMatchSet>
    </matchInteraction>
  </itemBody>
  <responseProcessing template="http://www.imsglobal.org/question/qti_v2p1/rptemplates/map_response"/>
</assessmentItem>
