<?xml version='1.0' encoding='UTF-8'?>
<assessmentItem xmlns="http://www.imsglobal.org/xsd/imsqti_v2p1" xmlns:xsi="http://www.w3.org/2001/XMLSchema-instance" xmlns:ns8="http://www.w3.org/1999/xlink" xmlns:ns9="http://www.imsglobal.org/xsd/apip/apipv1p0/imsapip_qtiv1p0" xsi:schemaLocation="http://www.imsglobal.org/xsd/imsqti_v2p1 http://www.imsglobal.org/xsd/qti/qtiv2p1/imsqti_v2p1.xsd" title="2ec0_c737_1bbb" adaptive="false" timeDependent="false" identifier="2ec0_c737_1bbb">
  <responseDeclaration baseType="directedPair" cardinality="multiple" identifier="RESPONSE">
    <correctResponse>
      <value>prompt_001 choice_001</value>
      <value>prompt_002 choice_002</value>
      <value>prompt_003 choice_003</value>
      <value>prompt_004 choice_004</value>
    </correctResponse>
    <mapping defaultValue="0">
      <mapEntry mapKey="prompt_001 choice_001" mappedValue="1"/>
      <mapEntry mapKey="prompt_002 choice_002" mappedValue="1"/>
      <mapEntry mapKey="prompt_003 choice_003" mappedValue="1"/>
      <mapEntry mapKey="prompt_004 choice_004" mappedValue="1"/>
    </mapping>
  </responseDeclaration>
  <outcomeDeclaration baseType="float" cardinality="single" identifier="SCORE"/>
  <itemBody>
    <div>
      <div id="drv_8a54" oncopy="return false;" onpaste="return false;" oncut="return false;" oncontextmenu="return false;" onmousedown="return false;" onselectstart="return false;"><p>Match<span style="font-size: 1px; color: white;">milan</span>each<span style="font-size: 1px; color: white;">sybr</span>of<span style="font-size: 1px; color: white;">washer</span>the<span style="font-size: 1px; color: white;">host</span>following types<span style="font-size: 1px; color: white;">key</span>of<span style="font-size: 1px; color: white;">layer</span>macromolecules<span style="font-size: 1px; color: white;">down</span>with their corresponding<span style="font-size: 1px; color: white;">sides</span>macromolecules.</p><p><i>Note:</i> Each<span style="font-size: 1px; color: white;">althyp</span>choice<span style="font-size: 1px; color: white;">pod</span>will<span style="font-size: 1px; color: white;">basic</span>be<span style="font-size: 1px; color: white;">tag</span>used<span style="font-size: 1px; color: white;">raised</span>exactly<span style="font-size: 1px; color: white;">world</span>once.</p> </div>
    </div>
    <matchInteraction responseIdentifier="RESPONSE" shuffle="true" maxAssociations="4">
      <prompt>&lt;div id="drv_8a54" oncopy="return false;" onpaste="return false;" oncut="return false;" oncontextmenu="return false;" onmousedown="return false;" onselectstart="return false;" &gt;&lt;p&gt;Match&lt;span style='font-size: 1px; color: white;'&gt;milan&lt;/span&gt;each&lt;span style='font-size: 1px; color: white;'&gt;sybr&lt;/span&gt;of&lt;span style='font-size: 1px; color: white;'&gt;washer&lt;/span&gt;the&lt;span style='font-size: 1px; color: white;'&gt;host&lt;/span&gt;following types&lt;span style='font-size: 1px; color: white;'&gt;key&lt;/span&gt;of&lt;span style='font-size: 1px; color: white;'&gt;layer&lt;/span&gt;macromolecules&lt;span style='font-size: 1px; color: white;'&gt;down&lt;/span&gt;with their corresponding&lt;span style='font-size: 1px; color: white;'&gt;sides&lt;/span&gt;macromolecules.&lt;/p&gt;&lt;p&gt;&lt;i&gt;Note:&lt;/i&gt; Each&lt;span style='font-size: 1px; color: white;'&gt;althyp&lt;/span&gt;choice&lt;span style='font-size: 1px; color: white;'&gt;pod&lt;/span&gt;will&lt;span style='font-size: 1px; color: white;'&gt;basic&lt;/span&gt;be&lt;span style='font-size: 1px; color: white;'&gt;tag&lt;/span&gt;used&lt;span style='font-size: 1px; color: white;'&gt;raised&lt;/span&gt;exactly&lt;span style='font-size: 1px; color: white;'&gt;world&lt;/span&gt;once.&lt;/p&gt; &lt;/div&gt;</prompt>
      <simpleMatchSet>
        <simpleAssociableChoice identifier="prompt_001" fixed="true" matchMax="1" matchMin="0">
          <p>
            <div id="drv_e41a" oncopy="return false;" onpaste="return false;" oncut="return false;" oncontextmenu="return false;" onmousedown="return false;" onselectstart="return false;">
              <strong>
                <span style="color: #e65400;">lipids</span>
              </strong>
              <span style="font-size: 1px; color: white;">needs</span>
            </div>
          </p>
        </simpleAssociableChoice>
        <simpleAssociableChoice identifier="prompt_002" fixed="true" matchMax="1" matchMin="0">
          <p>
            <div id="drv_5b8b" oncopy="return false;" onpaste="return false;" oncut="return false;" oncontextmenu="return false;" onmousedown="return false;" onselectstart="return false;">
              <strong>
                <span style="color: #b30077;">nucleic<span style="font-size: 1px; color: white;">spots</span>acids</span>
              </strong>
              <span style="font-size: 1px; color: white;">ligate</span>
            </div>
          </p>
        </simpleAssociableChoice>
        <simpleAssociableChoice identifier="prompt_003" fixed="true" matchMax="1" matchMin="0">
          <p>
            <div id="drv_8559" oncopy="return false;" onpaste="return false;" oncut="return false;" oncontextmenu="return false;" onmousedown="return false;" onselectstart="return false;">
              <strong>
                <span style="color: #0039e6;">carbohydrates</span>
              </strong>
              <span style="font-size: 1px; color: white;">probes</span>
            </div>
          </p>
        </simpleAssociableChoice>
        <simpleAssociableChoice identifier="prompt_004" fixed="true" matchMax="1" matchMin="0">
          <p>
            <div id="drv_4bcd" oncopy="return false;" onpaste="return false;" oncut="return false;" oncontextmenu="return false;" onmousedown="return false;" onselectstart="return false;">
              <strong>
                <span style="color: #009900;">proteins</span>
              </strong>
              <span style="font-size: 1px; color: white;">datp</span>
            </div>
          </p>
        </simpleAssociableChoice>
      </simpleMatchSet>
      <simpleMatchSet>
        <simpleAssociableChoice identifier="choice_001" fixed="true" matchMax="4" matchMin="0">
          <p>
            <div id="drv_8fa9" oncopy="return false;" onpaste="return false;" oncut="return false;" oncontextmenu="return false;" onmousedown="return false;" onselectstart="return false;">spermaceti<span style="font-size: 1px; color: white;">falsej</span>wax – found in the<span style="font-size: 1px; color: white;">dof</span>head cavities<span style="font-size: 1px; color: white;">apple</span>of sperm whales<span style="font-size: 1px; color: white;">bird</span></div>
          </p>
        </simpleAssociableChoice>
        <simpleAssociableChoice identifier="choice_002" fixed="true" matchMax="4" matchMin="0">
          <p>
            <div id="drv_09ca" oncopy="return false;" onpaste="return false;" oncut="return false;" oncontextmenu="return false;" onmousedown="return false;" onselectstart="return false;">cytosine<span style="font-size: 1px; color: white;">cap</span></div>
          </p>
        </simpleAssociableChoice>
        <simpleAssociableChoice identifier="choice_003" fixed="true" matchMax="4" matchMin="0">
          <p>
            <div id="drv_7ac8" oncopy="return false;" onpaste="return false;" oncut="return false;" oncontextmenu="return false;" onmousedown="return false;" onselectstart="return false;">allose<span style="font-size: 1px; color: white;">acth</span></div>
          </p>
        </simpleAssociableChoice>
        <simpleAssociableChoice identifier="choice_004" fixed="true" matchMax="4" matchMin="0">
          <p>
            <div id="drv_22fc" oncopy="return false;" onpaste="return false;" oncut="return false;" oncontextmenu="return false;" onmousedown="return false;" onselectstart="return false;">serum albumin – family<span style="font-size: 1px; color: white;">falseh</span>of<span style="font-size: 1px; color: white;">primer</span>water-soluble polypeptides found<span style="font-size: 1px; color: white;">pest</span>in<span style="font-size: 1px; color: white;">theory</span>blood plasma<span style="font-size: 1px; color: white;">alerts</span></div>
          </p>
        </simpleAssociableChoice>
      </simpleMatchSet>
    </matchInteraction>
  </itemBody>
  <responseProcessing template="http://www.imsglobal.org/question/qti_v2p1/rptemplates/map_response"/>
</assessmentItem>
