<?xml version='1.0' encoding='UTF-8'?>
<assessmentItem xmlns="http://www.imsglobal.org/xsd/imsqti_v2p1" xmlns:xsi="http://www.w3.org/2001/XMLSchema-instance" xmlns:ns8="http://www.w3.org/1999/xlink" xmlns:ns9="http://www.imsglobal.org/xsd/apip/apipv1p0/imsapip_qtiv1p0" xsi:schemaLocation="http://www.imsglobal.org/xsd/imsqti_v2p1 http://www.imsglobal.org/xsd/qti/qtiv2p1/imsqti_v2p1.xsd" title="9b51_ebc0_9bf9" adaptive="false" timeDependent="false" identifier="9b51_ebc0_9bf9">
  <responseDeclaration baseType="directedPair" cardinality="multiple" identifier="RESPONSE">
    <correctResponse>
      <value>prompt_001 choice_001</value>
      <value>prompt_002 choice_002</value>
      <value>prompt_003 choice_003</value>
      <value>prompt_004 choice_004</value>
    </correctResponse>
    <mapping defaultValue="0">
      <mapEntry mapKey="prompt_001 choice_001" mappedValue="1"/>
      <mapEntry mapKey="prompt_002 choice_002" mappedValue="1"/>
      <mapEntry mapKey="prompt_003 choice_003" mappedValue="1"/>
      <mapEntry mapKey="prompt_004 choice_004" mappedValue="1"/>
    </mapping>
  </responseDeclaration>

  <outcomeDeclaration baseType="float" cardinality="single" identifier="SCORE"/>

  <itemBody>
    <div>
      <p>Match each of the following types of <strong><span style="color: #e60000;">column</span></strong> <strong><span style="color: #b30077;">chromatography</span></strong> with their corresponding descriptions.</p>
      <p><i>Note:</i> Each choice will be used exactly once.</p>
    </div>
    <matchInteraction responseIdentifier="RESPONSE" shuffle="true" maxAssociations="4">
      <prompt>&lt;p&gt;Match each of the following types of &lt;strong&gt;&lt;span style="color: #e60000;"&gt;column&lt;/span&gt;&lt;/strong&gt; &lt;strong&gt;&lt;span style="color: #b30077;"&gt;chromatography&lt;/span&gt;&lt;/strong&gt; with their corresponding descriptions.&lt;/p&gt;&lt;p&gt;&lt;i&gt;Note:&lt;/i&gt; Each choice will be used exactly once.&lt;/p&gt;</prompt>
      <simpleMatchSet>
        <simpleAssociableChoice identifier="prompt_001" fixed="true" matchMax="1" matchMin="0">
          <p>
            <strong>
              <span style="color: #009900;">size-exclusion column (SEC)</span>
            </strong>
          </p>
        </simpleAssociableChoice>
        <simpleAssociableChoice identifier="prompt_002" fixed="true" matchMax="1" matchMin="0">
          <p>
            <strong>
              <span style="color: #0039e6;">ion exchange column (IEX)</span>
            </strong>
          </p>
        </simpleAssociableChoice>
        <simpleAssociableChoice identifier="prompt_003" fixed="true" matchMax="1" matchMin="0">
          <p>
            <strong>
              <span style="color: #b3b300;">hydrophobic interaction column (HIC)</span>
            </strong>
          </p>
        </simpleAssociableChoice>
        <simpleAssociableChoice identifier="prompt_004" fixed="true" matchMax="1" matchMin="0">
          <p>
            <strong>
              <span style="color: #cc0066;">affinity column (AC)</span>
            </strong>
          </p>
        </simpleAssociableChoice>
      </simpleMatchSet>
      <simpleMatchSet>
        <simpleAssociableChoice identifier="choice_001" fixed="true" matchMax="4" matchMin="0">
          <p><strong><span style="color: #e65400;">separates</span></strong> molecules by differences in size as they pass through a porous <strong><span style="color: #00b38f;">particles</span></strong> in a <strong><span style="color: #e60000;">column</span></strong></p>
        </simpleAssociableChoice>
        <simpleAssociableChoice identifier="choice_002" fixed="true" matchMax="4" matchMin="0">
          <p>below its isoelectric point (pI), a <strong><span style="color: #00b3b3;">protein</span> </strong>will bind to a negatively <strong><span style="color: #004d99;">charged</span></strong> cation exchanger</p>
        </simpleAssociableChoice>
        <simpleAssociableChoice identifier="choice_003" fixed="true" matchMax="4" matchMin="0">
          <p><strong><span style="color: #e65400;">separates</span></strong> <strong><span style="color: #00b3b3;">proteins</span></strong> according to differences in their <strong><span style="color: #0a9bf5;">surface</span></strong> hydrophobicity</p>
        </simpleAssociableChoice>
        <simpleAssociableChoice identifier="choice_004" fixed="true" matchMax="4" matchMin="0">
          <p><strong><span style="color: #e65400;">separation</span></strong> based on <strong><span style="color: #00b3b3;">proteins</span></strong> binding to a <strong><span style="color: #7b12a1;">ligand</span></strong></p>
        </simpleAssociableChoice>
      </simpleMatchSet>
    </matchInteraction>
  </itemBody>

  <responseProcessing template="http://www.imsglobal.org/question/qti_v2p1/rptemplates/map_response"/>
</assessmentItem>
