<?xml version='1.0' encoding='UTF-8'?>
<assessmentItem xmlns="http://www.imsglobal.org/xsd/imsqti_v2p1" xmlns:xsi="http://www.w3.org/2001/XMLSchema-instance" xmlns:ns8="http://www.w3.org/1999/xlink" xmlns:ns9="http://www.imsglobal.org/xsd/apip/apipv1p0/imsapip_qtiv1p0" xsi:schemaLocation="http://www.imsglobal.org/xsd/imsqti_v2p1 http://www.imsglobal.org/xsd/qti/qtiv2p1/imsqti_v2p1.xsd" title="4617_d72a_403b" adaptive="false" timeDependent="false" identifier="4617_d72a_403b">
  <responseDeclaration baseType="identifier" cardinality="single" identifier="RESPONSE">
    <correctResponse>
      <value>answer_005</value>
    </correctResponse>
  </responseDeclaration>
  <outcomeDeclaration baseType="float" cardinality="single" identifier="SCORE"/>
  <itemBody>
    <div><p>β-D-fructose⟶D-fructose</p> <table border="0" cellpadding="0" cellspacing="0" style="border: solid white 0px; padding: 0; border-collapse: collapse; border: 0px solid white;"><tbody><tr><td style="border: solid white 0px; padding: 0; text-align: right; vertical-align:bottom; "><span style="color: #8f246b;">CH<sub>2</sub>OH</span></td><td style="border: solid white 0px; padding: 0;"><span style="visibility: hidden">.</span></td><td style="border: solid white 0px; padding: 0;"><span style="visibility: hidden">.</span></td><td style="border: solid white 0px; padding: 0;"><span style="visibility: hidden">.</span></td><td style="border: solid white 0px; padding: 0; text-align: center; vertical-align:bottom; "><span style="color: darkred; font-size: large;"> O </span></td><td style="border: solid white 0px; padding: 0;"><span style="visibility: hidden">.</span></td><td style="border: solid white 0px; padding: 0;"><span style="visibility: hidden">.</span></td><td style="border: solid white 0px; padding: 0;"><span style="visibility: hidden">.</span></td><td style="border: solid white 0px; padding: 0; text-align: left; vertical-align:bottom; "><span style="color: #995c00;">OH</span></td></tr><tr><td rowspan="2" style="border: solid white 0px; padding: 0; border-right: 2px solid black;"><span style="visibility: hidden">.</span></td><td style="border: solid white 0px; padding: 0;"><span style="visibility: hidden">.</span></td><td colspan="2" style="border: solid white 0px; padding: 0; text-align: center;">⟋</td><td style="border: solid white 0px; padding: 0;"><span style="visibility: hidden">.</span></td><td colspan="2" style="border: solid white 0px; padding: 0; text-align: center;">⟍</td><td style="border: solid white 0px; padding: 0;"><span style="visibility: hidden">.</span></td><td rowspan="2" style="border: solid white 0px; padding: 0; border-left: 2px solid black;"><span style="visibility: hidden">.</span></td></tr><tr><td style="border: solid white 0px; padding: 0;">⟋</td><td style="border: solid white 0px; padding: 0;"><span style="visibility: hidden">.</span></td><td colspan="3" style="border: solid white 0px; padding: 0; text-align: center;"><span style="color: silver"><strong>.</strong></span></td><td style="border: solid white 0px; padding: 0;"><span style="visibility: hidden">.</span></td><td style="border: solid white 0px; padding: 0;">⟍</td></tr><tr><td style="border: solid white 0px; padding: 0; border-right: 2px solid black;"><span style="visibility: hidden">.</span></td><td style="border: solid white 0px; padding: 0;"><strong>\</strong></td><td style="border: solid white 0px; padding: 0;"><span style="visibility: hidden">.</span></td><td style="border: solid white 0px; padding: 0;"><span style="color: #0052cc;">H</span></td><td style="border: solid white 0px; padding: 0;"><span style="visibility: hidden">.</span></td><td style="border: solid white 0px; padding: 0; text-align: right;"><span style="color: #995c00;">HO</span></td><td style="border: solid white 0px; padding: 0;"><span style="visibility: hidden">.</span></td><td style="border: solid white 0px; padding: 0;"><strong>/</strong></td><td style="border: solid white 0px; padding: 0; border-left: 2px solid black;"><span style="visibility: hidden">.</span></td></tr><tr><td style="border: solid white 0px; padding: 0; border-right: 2px solid black;"><span style="visibility: hidden">.</span></td><td style="border: solid white 0px; padding: 0;"><span style="visibility: hidden">.</span></td><td style="border: solid white 0px; padding: 0; text-align: center;"><span style="font-size: large;"><strong>\</strong></span></td><td style="border: solid white 0px; padding: 0; border-bottom: 6px solid black; border-left: 2px solid black;"><span style="visibility: hidden">.</span></td><td style="border: solid white 0px; padding: 0; border-bottom: 6px solid black;"><span style="visibility: hidden">.</span></td><td style="border: solid white 0px; padding: 0; border-bottom: 6px solid black; border-right: 2px solid black;"><span style="visibility: hidden">.</span></td><td style="border: solid white 0px; padding: 0; text-align: center;"><span style="font-size: large;"><strong>/</strong></span></td><td style="border: solid white 0px; padding: 0;"><span style="visibility: hidden">.</span></td><td style="border: solid white 0px; padding: 0; border-left: 2px solid black;"><span style="visibility: hidden">.</span></td></tr><tr><td rowspan="2" style="border: solid white 0px; padding: 0; text-align: right; vertical-align: top;"><span style="color: #0052cc;">H</span></td><td style="border: solid white 0px; padding: 0;"><span style="visibility: hidden">.</span></td><td style="border: solid white 0px; padding: 0;"><span style="visibility: hidden">.</span></td><td style="border: solid white 0px; padding: 0; border-left: 2px solid black;"><span style="visibility: hidden">.</span></td><td style="border: solid white 0px; padding: 0;"><span style="visibility: hidden">.</span></td><td style="border: solid white 0px; padding: 0; border-right: 2px solid black;"><span style="visibility: hidden">.</span></td><td style="border: solid white 0px; padding: 0;"><span style="visibility: hidden">.</span></td><td style="border: solid white 0px; padding: 0;"><span style="visibility: hidden">.</span></td><td rowspan="2" style="border: solid white 0px; padding: 0; text-align: left; vertical-align: top;"><span style="color: #8f246b;">CH<sub>2</sub>OH</span></td></tr><tr><td style="border: solid white 0px; padding: 0;"><span style="visibility: hidden">.</span></td><td style="border: solid white 0px; padding: 0;"><span style="visibility: hidden">.</span></td><td style="border: solid white 0px; padding: 0;"><span style="color: #995c00;">OH</span></td><td style="border: solid white 0px; padding: 0;"><span style="visibility: hidden">.</span></td><td style="border: solid white 0px; padding: 0; text-align: right;"><span style="color: #0052cc;">H</span></td><td style="border: solid white 0px; padding: 0;"><span style="visibility: hidden">.</span></td><td style="border: solid white 0px; padding: 0;"><span style="visibility: hidden">.</span></td></tr></tbody></table>Above is a Haworth projection of the monosaccharide β-D-fructose. Which one of the following Fischer projections is of the monosaccharide <b>D-fructose</b>?</div>
    <choiceInteraction maxChoices="1" responseIdentifier="RESPONSE" shuffle="true">
      <simpleChoice fixed="true" identifier="answer_1">
        <p>
          <table border="0" style="border-collapse: collapse; border: white solid 0px;">
            <tbody>
              <tr> <td style="border: solid white 0px; padding: 0;"><span style="visibility: hidden">.</span></td> <td style="border: solid white 0px; padding: 0;"><span style="visibility: hidden">.</span></td> <td colspan="4" style="border: solid white 0px; padding: 0; text-align: left;"><span style="color: #8f246b;">CH<sub>2</sub>OH</span></td></tr>
              <tr> <td style="border: solid white 0px; padding: 0; border-right: 2px solid black;" colspan="3"><span style="visibility: hidden">.</span></td> <td style="border: solid white 0px; padding: 0; border-left: 2px solid black;" colspan="3"> <span style="font-size: medium;">==</span>O<span style="font-size: x-large;"> </span></td></tr>
              <tr> <td rowspan="2" style="border: solid white 0px; padding: 0; text-align: right;"><span style="color: #995c00;">HO</span></td> <td style="border: solid white 0px; padding: 0; border-bottom: 2px solid black;"><span style="visibility: hidden">.</span></td> <td style="border: solid white 0px; padding: 0; border-right: 2px solid black; border-bottom: 2px solid black;"><span style="visibility: hidden">.</span></td> <td style="border: solid white 0px; padding: 0; border-left: 2px solid black; border-bottom: 2px solid black;"><span style="visibility: hidden">.</span></td> <td style="border: solid white 0px; padding: 0; border-bottom: 2px solid black;"><span style="visibility: hidden">.</span></td> <td rowspan="2" style="border: solid white 0px; padding: 0; text-align: left;"><span style="color: #0052cc;">H</span></td></tr>
              <tr> <td style="border: solid white 0px; padding: 0; border-top: 2px solid black;"><span style="visibility: hidden">.</span></td> <td style="border: solid white 0px; padding: 0; border-right: 2px solid black; border-top: 2px solid black;"><span style="visibility: hidden">.</span></td> <td style="border: solid white 0px; padding: 0; border-left: 2px solid black; border-top: 2px solid black;"><span style="visibility: hidden">.</span></td> <td style="border: solid white 0px; padding: 0; border-top: 2px solid black;"><span style="visibility: hidden">.</span></td></tr>
              <tr> <td rowspan="2" style="border: solid white 0px; padding: 0; text-align: right;"><span style="color: #995c00;">HO</span></td> <td style="border: solid white 0px; padding: 0; border-bottom: 2px solid black;"><span style="visibility: hidden">.</span></td> <td style="border: solid white 0px; padding: 0; border-right: 2px solid black; border-bottom: 2px solid black;"><span style="visibility: hidden">.</span></td> <td style="border: solid white 0px; padding: 0; border-left: 2px solid black; border-bottom: 2px solid black;"><span style="visibility: hidden">.</span></td> <td style="border: solid white 0px; padding: 0; border-bottom: 2px solid black;"><span style="visibility: hidden">.</span></td> <td rowspan="2" style="border: solid white 0px; padding: 0; text-align: left;"><span style="color: #0052cc;">H</span></td></tr>
              <tr> <td style="border: solid white 0px; padding: 0; border-top: 2px solid black;"><span style="visibility: hidden">.</span></td> <td style="border: solid white 0px; padding: 0; border-right: 2px solid black; border-top: 2px solid black;"><span style="visibility: hidden">.</span></td> <td style="border: solid white 0px; padding: 0; border-left: 2px solid black; border-top: 2px solid black;"><span style="visibility: hidden">.</span></td> <td style="border: solid white 0px; padding: 0; border-top: 2px solid black;"><span style="visibility: hidden">.</span></td></tr>
              <tr> <td rowspan="2" style="border: solid white 0px; padding: 0; text-align: right;"><span style="color: #995c00;">HO</span></td> <td style="border: solid white 0px; padding: 0; border-bottom: 2px solid black;"><span style="visibility: hidden">.</span></td> <td style="border: solid white 0px; padding: 0; border-right: 2px solid black; border-bottom: 2px solid black;"><span style="visibility: hidden">.</span></td> <td style="border: solid white 0px; padding: 0; border-left: 2px solid black; border-bottom: 2px solid black;"><span style="visibility: hidden">.</span></td> <td style="border: solid white 0px; padding: 0; border-bottom: 2px solid black;"><span style="visibility: hidden">.</span></td> <td rowspan="2" style="border: solid white 0px; padding: 0; text-align: left;"><span style="color: #0052cc;">H</span></td></tr>
              <tr> <td style="border: solid white 0px; padding: 0; border-top: 2px solid black;"><span style="visibility: hidden">.</span></td> <td style="border: solid white 0px; padding: 0; border-right: 2px solid black; border-top: 2px solid black;"><span style="visibility: hidden">.</span></td> <td style="border: solid white 0px; padding: 0; border-left: 2px solid black; border-top: 2px solid black;"><span style="visibility: hidden">.</span></td> <td style="border: solid white 0px; padding: 0; border-top: 2px solid black;"><span style="visibility: hidden">.</span></td></tr>
              <tr> <td style="border: solid white 0px; padding: 0;"><span style="visibility: hidden">.</span></td> <td style="border: solid white 0px; padding: 0;"><span style="visibility: hidden">.</span></td> <td colspan="4" style="border: solid white 0px; padding: 0; text-align: left;"><span style="color: #8f246b;">CH<sub>2</sub>OH</span></td></tr>
            </tbody>
          </table>
        </p>
      </simpleChoice>
      <simpleChoice fixed="true" identifier="answer_2">
        <p>
          <table border="0" style="border-collapse: collapse; border: white solid 0px;">
            <tbody>
              <tr> <td style="border: solid white 0px; padding: 0;"><span style="visibility: hidden">.</span></td> <td style="border: solid white 0px; padding: 0;"><span style="visibility: hidden">.</span></td> <td colspan="4" style="border: solid white 0px; padding: 0; text-align: left;"><span style="color: #8f246b;">CH<sub>2</sub>OH</span></td></tr>
              <tr> <td style="border: solid white 0px; padding: 0; border-right: 2px solid black;" colspan="3"><span style="visibility: hidden">.</span></td> <td style="border: solid white 0px; padding: 0; border-left: 2px solid black;" colspan="3"> <span style="font-size: medium;">==</span>O<span style="font-size: x-large;"> </span></td></tr>
              <tr> <td rowspan="2" style="border: solid white 0px; padding: 0; text-align: right;"><span style="color: #0052cc;">H</span></td> <td style="border: solid white 0px; padding: 0; border-bottom: 2px solid black;"><span style="visibility: hidden">.</span></td> <td style="border: solid white 0px; padding: 0; border-right: 2px solid black; border-bottom: 2px solid black;"><span style="visibility: hidden">.</span></td> <td style="border: solid white 0px; padding: 0; border-left: 2px solid black; border-bottom: 2px solid black;"><span style="visibility: hidden">.</span></td> <td style="border: solid white 0px; padding: 0; border-bottom: 2px solid black;"><span style="visibility: hidden">.</span></td> <td rowspan="2" style="border: solid white 0px; padding: 0; text-align: left;"><span style="color: #995c00;">OH</span></td></tr>
              <tr> <td style="border: solid white 0px; padding: 0; border-top: 2px solid black;"><span style="visibility: hidden">.</span></td> <td style="border: solid white 0px; padding: 0; border-right: 2px solid black; border-top: 2px solid black;"><span style="visibility: hidden">.</span></td> <td style="border: solid white 0px; padding: 0; border-left: 2px solid black; border-top: 2px solid black;"><span style="visibility: hidden">.</span></td> <td style="border: solid white 0px; padding: 0; border-top: 2px solid black;"><span style="visibility: hidden">.</span></td></tr>
              <tr> <td rowspan="2" style="border: solid white 0px; padding: 0; text-align: right;"><span style="color: #0052cc;">H</span></td> <td style="border: solid white 0px; padding: 0; border-bottom: 2px solid black;"><span style="visibility: hidden">.</span></td> <td style="border: solid white 0px; padding: 0; border-right: 2px solid black; border-bottom: 2px solid black;"><span style="visibility: hidden">.</span></td> <td style="border: solid white 0px; padding: 0; border-left: 2px solid black; border-bottom: 2px solid black;"><span style="visibility: hidden">.</span></td> <td style="border: solid white 0px; padding: 0; border-bottom: 2px solid black;"><span style="visibility: hidden">.</span></td> <td rowspan="2" style="border: solid white 0px; padding: 0; text-align: left;"><span style="color: #995c00;">OH</span></td></tr>
              <tr> <td style="border: solid white 0px; padding: 0; border-top: 2px solid black;"><span style="visibility: hidden">.</span></td> <td style="border: solid white 0px; padding: 0; border-right: 2px solid black; border-top: 2px solid black;"><span style="visibility: hidden">.</span></td> <td style="border: solid white 0px; padding: 0; border-left: 2px solid black; border-top: 2px solid black;"><span style="visibility: hidden">.</span></td> <td style="border: solid white 0px; padding: 0; border-top: 2px solid black;"><span style="visibility: hidden">.</span></td></tr>
              <tr> <td rowspan="2" style="border: solid white 0px; padding: 0; text-align: right;"><span style="color: #0052cc;">H</span></td> <td style="border: solid white 0px; padding: 0; border-bottom: 2px solid black;"><span style="visibility: hidden">.</span></td> <td style="border: solid white 0px; padding: 0; border-right: 2px solid black; border-bottom: 2px solid black;"><span style="visibility: hidden">.</span></td> <td style="border: solid white 0px; padding: 0; border-left: 2px solid black; border-bottom: 2px solid black;"><span style="visibility: hidden">.</span></td> <td style="border: solid white 0px; padding: 0; border-bottom: 2px solid black;"><span style="visibility: hidden">.</span></td> <td rowspan="2" style="border: solid white 0px; padding: 0; text-align: left;"><span style="color: #995c00;">OH</span></td></tr>
              <tr> <td style="border: solid white 0px; padding: 0; border-top: 2px solid black;"><span style="visibility: hidden">.</span></td> <td style="border: solid white 0px; padding: 0; border-right: 2px solid black; border-top: 2px solid black;"><span style="visibility: hidden">.</span></td> <td style="border: solid white 0px; padding: 0; border-left: 2px solid black; border-top: 2px solid black;"><span style="visibility: hidden">.</span></td> <td style="border: solid white 0px; padding: 0; border-top: 2px solid black;"><span style="visibility: hidden">.</span></td></tr>
              <tr> <td style="border: solid white 0px; padding: 0;"><span style="visibility: hidden">.</span></td> <td style="border: solid white 0px; padding: 0;"><span style="visibility: hidden">.</span></td> <td colspan="4" style="border: solid white 0px; padding: 0; text-align: left;"><span style="color: #8f246b;">CH<sub>2</sub>OH</span></td></tr>
            </tbody>
          </table>
        </p>
      </simpleChoice>
      <simpleChoice fixed="true" identifier="answer_3">
        <p>
          <table border="0" style="border-collapse: collapse; border: white solid 0px;">
            <tbody>
              <tr> <td style="border: solid white 0px; padding: 0;"><span style="visibility: hidden">.</span></td> <td style="border: solid white 0px; padding: 0;"><span style="visibility: hidden">.</span></td> <td colspan="4" style="border: solid white 0px; padding: 0; text-align: left;"><span style="color: #8f246b;">CH<sub>2</sub>OH</span></td></tr>
              <tr> <td style="border: solid white 0px; padding: 0; border-right: 2px solid black;" colspan="3"><span style="visibility: hidden">.</span></td> <td style="border: solid white 0px; padding: 0; border-left: 2px solid black;" colspan="3"> <span style="font-size: medium;">==</span>O<span style="font-size: x-large;"> </span></td></tr>
              <tr> <td rowspan="2" style="border: solid white 0px; padding: 0; text-align: right;"><span style="color: #0052cc;">H</span></td> <td style="border: solid white 0px; padding: 0; border-bottom: 2px solid black;"><span style="visibility: hidden">.</span></td> <td style="border: solid white 0px; padding: 0; border-right: 2px solid black; border-bottom: 2px solid black;"><span style="visibility: hidden">.</span></td> <td style="border: solid white 0px; padding: 0; border-left: 2px solid black; border-bottom: 2px solid black;"><span style="visibility: hidden">.</span></td> <td style="border: solid white 0px; padding: 0; border-bottom: 2px solid black;"><span style="visibility: hidden">.</span></td> <td rowspan="2" style="border: solid white 0px; padding: 0; text-align: left;"><span style="color: #995c00;">OH</span></td></tr>
              <tr> <td style="border: solid white 0px; padding: 0; border-top: 2px solid black;"><span style="visibility: hidden">.</span></td> <td style="border: solid white 0px; padding: 0; border-right: 2px solid black; border-top: 2px solid black;"><span style="visibility: hidden">.</span></td> <td style="border: solid white 0px; padding: 0; border-left: 2px solid black; border-top: 2px solid black;"><span style="visibility: hidden">.</span></td> <td style="border: solid white 0px; padding: 0; border-top: 2px solid black;"><span style="visibility: hidden">.</span></td></tr>
              <tr> <td rowspan="2" style="border: solid white 0px; padding: 0; text-align: right;"><span style="color: #995c00;">HO</span></td> <td style="border: solid white 0px; padding: 0; border-bottom: 2px solid black;"><span style="visibility: hidden">.</span></td> <td style="border: solid white 0px; padding: 0; border-right: 2px solid black; border-bottom: 2px solid black;"><span style="visibility: hidden">.</span></td> <td style="border: solid white 0px; padding: 0; border-left: 2px solid black; border-bottom: 2px solid black;"><span style="visibility: hidden">.</span></td> <td style="border: solid white 0px; padding: 0; border-bottom: 2px solid black;"><span style="visibility: hidden">.</span></td> <td rowspan="2" style="border: solid white 0px; padding: 0; text-align: left;"><span style="color: #0052cc;">H</span></td></tr>
              <tr> <td style="border: solid white 0px; padding: 0; border-top: 2px solid black;"><span style="visibility: hidden">.</span></td> <td style="border: solid white 0px; padding: 0; border-right: 2px solid black; border-top: 2px solid black;"><span style="visibility: hidden">.</span></td> <td style="border: solid white 0px; padding: 0; border-left: 2px solid black; border-top: 2px solid black;"><span style="visibility: hidden">.</span></td> <td style="border: solid white 0px; padding: 0; border-top: 2px solid black;"><span style="visibility: hidden">.</span></td></tr>
              <tr> <td rowspan="2" style="border: solid white 0px; padding: 0; text-align: right;"><span style="color: #0052cc;">H</span></td> <td style="border: solid white 0px; padding: 0; border-bottom: 2px solid black;"><span style="visibility: hidden">.</span></td> <td style="border: solid white 0px; padding: 0; border-right: 2px solid black; border-bottom: 2px solid black;"><span style="visibility: hidden">.</span></td> <td style="border: solid white 0px; padding: 0; border-left: 2px solid black; border-bottom: 2px solid black;"><span style="visibility: hidden">.</span></td> <td style="border: solid white 0px; padding: 0; border-bottom: 2px solid black;"><span style="visibility: hidden">.</span></td> <td rowspan="2" style="border: solid white 0px; padding: 0; text-align: left;"><span style="color: #995c00;">OH</span></td></tr>
              <tr> <td style="border: solid white 0px; padding: 0; border-top: 2px solid black;"><span style="visibility: hidden">.</span></td> <td style="border: solid white 0px; padding: 0; border-right: 2px solid black; border-top: 2px solid black;"><span style="visibility: hidden">.</span></td> <td style="border: solid white 0px; padding: 0; border-left: 2px solid black; border-top: 2px solid black;"><span style="visibility: hidden">.</span></td> <td style="border: solid white 0px; padding: 0; border-top: 2px solid black;"><span style="visibility: hidden">.</span></td></tr>
              <tr> <td style="border: solid white 0px; padding: 0;"><span style="visibility: hidden">.</span></td> <td style="border: solid white 0px; padding: 0;"><span style="visibility: hidden">.</span></td> <td colspan="4" style="border: solid white 0px; padding: 0; text-align: left;"><span style="color: #8f246b;">CH<sub>2</sub>OH</span></td></tr>
            </tbody>
          </table>
        </p>
      </simpleChoice>
      <simpleChoice fixed="true" identifier="answer_4">
        <p>
          <table border="0" style="border-collapse: collapse; border: white solid 0px;">
            <tbody>
              <tr> <td style="border: solid white 0px; padding: 0;"><span style="visibility: hidden">.</span></td> <td style="border: solid white 0px; padding: 0;"><span style="visibility: hidden">.</span></td> <td colspan="4" style="border: solid white 0px; padding: 0; text-align: left;"><span style="color: #8f246b;">CH<sub>2</sub>OH</span></td></tr>
              <tr> <td style="border: solid white 0px; padding: 0; border-right: 2px solid black;" colspan="3"><span style="visibility: hidden">.</span></td> <td style="border: solid white 0px; padding: 0; border-left: 2px solid black;" colspan="3"> <span style="font-size: medium;">==</span>O<span style="font-size: x-large;"> </span></td></tr>
              <tr> <td rowspan="2" style="border: solid white 0px; padding: 0; text-align: right;"><span style="color: #0052cc;">H</span></td> <td style="border: solid white 0px; padding: 0; border-bottom: 2px solid black;"><span style="visibility: hidden">.</span></td> <td style="border: solid white 0px; padding: 0; border-right: 2px solid black; border-bottom: 2px solid black;"><span style="visibility: hidden">.</span></td> <td style="border: solid white 0px; padding: 0; border-left: 2px solid black; border-bottom: 2px solid black;"><span style="visibility: hidden">.</span></td> <td style="border: solid white 0px; padding: 0; border-bottom: 2px solid black;"><span style="visibility: hidden">.</span></td> <td rowspan="2" style="border: solid white 0px; padding: 0; text-align: left;"><span style="color: #995c00;">OH</span></td></tr>
              <tr> <td style="border: solid white 0px; padding: 0; border-top: 2px solid black;"><span style="visibility: hidden">.</span></td> <td style="border: solid white 0px; padding: 0; border-right: 2px solid black; border-top: 2px solid black;"><span style="visibility: hidden">.</span></td> <td style="border: solid white 0px; padding: 0; border-left: 2px solid black; border-top: 2px solid black;"><span style="visibility: hidden">.</span></td> <td style="border: solid white 0px; padding: 0; border-top: 2px solid black;"><span style="visibility: hidden">.</span></td></tr>
              <tr> <td rowspan="2" style="border: solid white 0px; padding: 0; text-align: right;"><span style="color: #995c00;">HO</span></td> <td style="border: solid white 0px; padding: 0; border-bottom: 2px solid black;"><span style="visibility: hidden">.</span></td> <td style="border: solid white 0px; padding: 0; border-right: 2px solid black; border-bottom: 2px solid black;"><span style="visibility: hidden">.</span></td> <td style="border: solid white 0px; padding: 0; border-left: 2px solid black; border-bottom: 2px solid black;"><span style="visibility: hidden">.</span></td> <td style="border: solid white 0px; padding: 0; border-bottom: 2px solid black;"><span style="visibility: hidden">.</span></td> <td rowspan="2" style="border: solid white 0px; padding: 0; text-align: left;"><span style="color: #0052cc;">H</span></td></tr>
              <tr> <td style="border: solid white 0px; padding: 0; border-top: 2px solid black;"><span style="visibility: hidden">.</span></td> <td style="border: solid white 0px; padding: 0; border-right: 2px solid black; border-top: 2px solid black;"><span style="visibility: hidden">.</span></td> <td style="border: solid white 0px; padding: 0; border-left: 2px solid black; border-top: 2px solid black;"><span style="visibility: hidden">.</span></td> <td style="border: solid white 0px; padding: 0; border-top: 2px solid black;"><span style="visibility: hidden">.</span></td></tr>
              <tr> <td rowspan="2" style="border: solid white 0px; padding: 0; text-align: right;"><span style="color: #995c00;">HO</span></td> <td style="border: solid white 0px; padding: 0; border-bottom: 2px solid black;"><span style="visibility: hidden">.</span></td> <td style="border: solid white 0px; padding: 0; border-right: 2px solid black; border-bottom: 2px solid black;"><span style="visibility: hidden">.</span></td> <td style="border: solid white 0px; padding: 0; border-left: 2px solid black; border-bottom: 2px solid black;"><span style="visibility: hidden">.</span></td> <td style="border: solid white 0px; padding: 0; border-bottom: 2px solid black;"><span style="visibility: hidden">.</span></td> <td rowspan="2" style="border: solid white 0px; padding: 0; text-align: left;"><span style="color: #0052cc;">H</span></td></tr>
              <tr> <td style="border: solid white 0px; padding: 0; border-top: 2px solid black;"><span style="visibility: hidden">.</span></td> <td style="border: solid white 0px; padding: 0; border-right: 2px solid black; border-top: 2px solid black;"><span style="visibility: hidden">.</span></td> <td style="border: solid white 0px; padding: 0; border-left: 2px solid black; border-top: 2px solid black;"><span style="visibility: hidden">.</span></td> <td style="border: solid white 0px; padding: 0; border-top: 2px solid black;"><span style="visibility: hidden">.</span></td></tr>
              <tr> <td style="border: solid white 0px; padding: 0;"><span style="visibility: hidden">.</span></td> <td style="border: solid white 0px; padding: 0;"><span style="visibility: hidden">.</span></td> <td colspan="4" style="border: solid white 0px; padding: 0; text-align: left;"><span style="color: #8f246b;">CH<sub>2</sub>OH</span></td></tr>
            </tbody>
          </table>
        </p>
      </simpleChoice>
      <simpleChoice fixed="true" identifier="answer_5">
        <p>
          <table border="0" style="border-collapse: collapse; border: white solid 0px;">
            <tbody>
              <tr> <td style="border: solid white 0px; padding: 0;"><span style="visibility: hidden">.</span></td> <td style="border: solid white 0px; padding: 0;"><span style="visibility: hidden">.</span></td> <td colspan="4" style="border: solid white 0px; padding: 0; text-align: left;"><span style="color: #8f246b;">CH<sub>2</sub>OH</span></td></tr>
              <tr> <td style="border: solid white 0px; padding: 0; border-right: 2px solid black;" colspan="3"><span style="visibility: hidden">.</span></td> <td style="border: solid white 0px; padding: 0; border-left: 2px solid black;" colspan="3"> <span style="font-size: medium;">==</span>O<span style="font-size: x-large;"> </span></td></tr>
              <tr> <td rowspan="2" style="border: solid white 0px; padding: 0; text-align: right;"><span style="color: #995c00;">HO</span></td> <td style="border: solid white 0px; padding: 0; border-bottom: 2px solid black;"><span style="visibility: hidden">.</span></td> <td style="border: solid white 0px; padding: 0; border-right: 2px solid black; border-bottom: 2px solid black;"><span style="visibility: hidden">.</span></td> <td style="border: solid white 0px; padding: 0; border-left: 2px solid black; border-bottom: 2px solid black;"><span style="visibility: hidden">.</span></td> <td style="border: solid white 0px; padding: 0; border-bottom: 2px solid black;"><span style="visibility: hidden">.</span></td> <td rowspan="2" style="border: solid white 0px; padding: 0; text-align: left;"><span style="color: #0052cc;">H</span></td></tr>
              <tr> <td style="border: solid white 0px; padding: 0; border-top: 2px solid black;"><span style="visibility: hidden">.</span></td> <td style="border: solid white 0px; padding: 0; border-right: 2px solid black; border-top: 2px solid black;"><span style="visibility: hidden">.</span></td> <td style="border: solid white 0px; padding: 0; border-left: 2px solid black; border-top: 2px solid black;"><span style="visibility: hidden">.</span></td> <td style="border: solid white 0px; padding: 0; border-top: 2px solid black;"><span style="visibility: hidden">.</span></td></tr>
              <tr> <td rowspan="2" style="border: solid white 0px; padding: 0; text-align: right;"><span style="color: #0052cc;">H</span></td> <td style="border: solid white 0px; padding: 0; border-bottom: 2px solid black;"><span style="visibility: hidden">.</span></td> <td style="border: solid white 0px; padding: 0; border-right: 2px solid black; border-bottom: 2px solid black;"><span style="visibility: hidden">.</span></td> <td style="border: solid white 0px; padding: 0; border-left: 2px solid black; border-bottom: 2px solid black;"><span style="visibility: hidden">.</span></td> <td style="border: solid white 0px; padding: 0; border-bottom: 2px solid black;"><span style="visibility: hidden">.</span></td> <td rowspan="2" style="border: solid white 0px; padding: 0; text-align: left;"><span style="color: #995c00;">OH</span></td></tr>
              <tr> <td style="border: solid white 0px; padding: 0; border-top: 2px solid black;"><span style="visibility: hidden">.</span></td> <td style="border: solid white 0px; padding: 0; border-right: 2px solid black; border-top: 2px solid black;"><span style="visibility: hidden">.</span></td> <td style="border: solid white 0px; padding: 0; border-left: 2px solid black; border-top: 2px solid black;"><span style="visibility: hidden">.</span></td> <td style="border: solid white 0px; padding: 0; border-top: 2px solid black;"><span style="visibility: hidden">.</span></td></tr>
              <tr> <td rowspan="2" style="border: solid white 0px; padding: 0; text-align: right;"><span style="color: #0052cc;">H</span></td> <td style="border: solid white 0px; padding: 0; border-bottom: 2px solid black;"><span style="visibility: hidden">.</span></td> <td style="border: solid white 0px; padding: 0; border-right: 2px solid black; border-bottom: 2px solid black;"><span style="visibility: hidden">.</span></td> <td style="border: solid white 0px; padding: 0; border-left: 2px solid black; border-bottom: 2px solid black;"><span style="visibility: hidden">.</span></td> <td style="border: solid white 0px; padding: 0; border-bottom: 2px solid black;"><span style="visibility: hidden">.</span></td> <td rowspan="2" style="border: solid white 0px; padding: 0; text-align: left;"><span style="color: #995c00;">OH</span></td></tr>
              <tr> <td style="border: solid white 0px; padding: 0; border-top: 2px solid black;"><span style="visibility: hidden">.</span></td> <td style="border: solid white 0px; padding: 0; border-right: 2px solid black; border-top: 2px solid black;"><span style="visibility: hidden">.</span></td> <td style="border: solid white 0px; padding: 0; border-left: 2px solid black; border-top: 2px solid black;"><span style="visibility: hidden">.</span></td> <td style="border: solid white 0px; padding: 0; border-top: 2px solid black;"><span style="visibility: hidden">.</span></td></tr>
              <tr> <td style="border: solid white 0px; padding: 0;"><span style="visibility: hidden">.</span></td> <td style="border: solid white 0px; padding: 0;"><span style="visibility: hidden">.</span></td> <td colspan="4" style="border: solid white 0px; padding: 0; text-align: left;"><span style="color: #8f246b;">CH<sub>2</sub>OH</span></td></tr>
            </tbody>
          </table>
        </p>
      </simpleChoice>
    </choiceInteraction>
  </itemBody>
  <responseProcessing>
    <responseCondition>
      <responseIf>
        <match>
          <variable identifier="RESPONSE"/>
          <correct identifier="RESPONSE"/>
        </match>
      </responseIf>
    </responseCondition>
  </responseProcessing>
</assessmentItem>
