<?xml version='1.0' encoding='UTF-8'?>
<assessmentItem xmlns="http://www.imsglobal.org/xsd/imsqti_v2p1" xmlns:xsi="http://www.w3.org/2001/XMLSchema-instance" xmlns:ns8="http://www.w3.org/1999/xlink" xmlns:ns9="http://www.imsglobal.org/xsd/apip/apipv1p0/imsapip_qtiv1p0" xsi:schemaLocation="http://www.imsglobal.org/xsd/imsqti_v2p1 http://www.imsglobal.org/xsd/qti/qtiv2p1/imsqti_v2p1.xsd" title="fcd6_2a79_fed6" adaptive="false" timeDependent="false" identifier="fcd6_2a79_fed6">
  <responseDeclaration baseType="identifier" cardinality="single" identifier="RESPONSE">
    <correctResponse>
      <value>answer_2</value>
    </correctResponse>
  </responseDeclaration>
  <outcomeDeclaration baseType="float" cardinality="single" identifier="SCORE"/>
  <itemBody>
    <div><p>c098</p> <p><strong>Phosphoric acid</strong> and its conjugate base, phosphate, is abbreviated P<sub>i</sub> and is formed by cells from the hydrolysis of ATP into ADP.</p> <p>Phosphoric acid is triprotic with pK<sub>a</sub> values of <strong>2.16</strong>, <strong>7.21</strong>, and <strong>12.32</strong>.</p> <p>Which one of the following pH values falls outside the optimal buffering rangeof Phosphoric acid?</p></div>
    <choiceInteraction maxChoices="1" responseIdentifier="RESPONSE" shuffle="true">
      <simpleChoice fixed="true" identifier="answer_1">
        <p>A.  pH <span style="color: #741c1c">1.7</span>  </p>
      </simpleChoice>
      <simpleChoice fixed="true" identifier="answer_2">
        <p>B.  pH <span style="color: #2e1c1c">5.9</span>  </p>
      </simpleChoice>
      <simpleChoice fixed="true" identifier="answer_3">
        <p>C.  pH <span style="color: #1c1c1e">7.1</span>  </p>
      </simpleChoice>
      <simpleChoice fixed="true" identifier="answer_4">
        <p>D.  pH <span style="color: #1c1c6b">11.8</span>  </p>
      </simpleChoice>
      <simpleChoice fixed="true" identifier="answer_5">
        <p>E.  pH <span style="color: #1c1c7d">12.9</span>  </p>
      </simpleChoice>
    </choiceInteraction>
  </itemBody>
  <responseProcessing>
    <responseCondition>
      <responseIf>
        <match>
          <variable identifier="RESPONSE"/>
          <correct identifier="RESPONSE"/>
        </match>
      </responseIf>
    </responseCondition>
  </responseProcessing>
</assessmentItem>
