<?xml version='1.0' encoding='UTF-8'?>
<assessmentItem xmlns="http://www.imsglobal.org/xsd/imsqti_v2p1" xmlns:xsi="http://www.w3.org/2001/XMLSchema-instance" xmlns:ns8="http://www.w3.org/1999/xlink" xmlns:ns9="http://www.imsglobal.org/xsd/apip/apipv1p0/imsapip_qtiv1p0" xsi:schemaLocation="http://www.imsglobal.org/xsd/imsqti_v2p1 http://www.imsglobal.org/xsd/qti/qtiv2p1/imsqti_v2p1.xsd" title="85b1_7746_50c7" adaptive="false" timeDependent="false" identifier="85b1_7746_50c7">
  <responseDeclaration baseType="identifier" cardinality="single" identifier="RESPONSE">
    <correctResponse>
      <value>answer_001</value>
    </correctResponse>
  </responseDeclaration>
  <outcomeDeclaration baseType="float" cardinality="single" identifier="SCORE"/>
  <itemBody>
    <div>
      <div id="drv_5b4e" oncopy="return false;" onpaste="return false;" oncut="return false;" oncontextmenu="return false;" onmousedown="return false;" onselectstart="return false;"><h4>Based<span style="font-size: 1px; color: white;">blue</span>on<span style="font-size: 1px; color: white;">book</span>the<span style="font-size: 1px; color: white;">fuel</span>chemical<span style="font-size: 1px; color: white;">four</span>properties<span style="font-size: 1px; color: white;">idea</span>of amino acid<span style="font-size: 1px; color: white;">father</span>side<span style="font-size: 1px; color: white;">ssu</span>chains, which<span style="font-size: 1px; color: white;">under</span>pair<span style="font-size: 1px; color: white;">camp</span>of amino<span style="font-size: 1px; color: white;">teal</span>acids<span style="font-size: 1px; color: white;">brdu</span>listed<span style="font-size: 1px; color: white;">obtain</span>below<span style="font-size: 1px; color: white;">small</span>can<span style="font-size: 1px; color: white;">born</span>form<span style="font-size: 1px; color: white;">tumor</span>an ionic bond between their<span style="font-size: 1px; color: white;">mode</span>side chains?</h4> </div>
    </div>
    <choiceInteraction maxChoices="1" responseIdentifier="RESPONSE" shuffle="true">
      <simpleChoice fixed="true" identifier="answer_1">
        <p>
          <div id="drv_b06c" oncopy="return false;" onpaste="return false;" oncut="return false;" oncontextmenu="return false;" onmousedown="return false;" onselectstart="return false;">Lysine and Glutamic Acid<span style="font-size: 1px; color: white;">dogma</span></div>
        </p>
      </simpleChoice>
      <simpleChoice fixed="true" identifier="answer_2">
        <p>
          <div id="drv_859f" oncopy="return false;" onpaste="return false;" oncut="return false;" oncontextmenu="return false;" onmousedown="return false;" onselectstart="return false;">Leucine<span style="font-size: 1px; color: white;">falseb</span>and Cysteine<span style="font-size: 1px; color: white;">crops</span></div>
        </p>
      </simpleChoice>
      <simpleChoice fixed="true" identifier="answer_3">
        <p>
          <div id="drv_feeb" oncopy="return false;" onpaste="return false;" oncut="return false;" oncontextmenu="return false;" onmousedown="return false;" onselectstart="return false;">Tyrosine<span style="font-size: 1px; color: white;">anova</span>and Tryptophan<span style="font-size: 1px; color: white;">see</span></div>
        </p>
      </simpleChoice>
      <simpleChoice fixed="true" identifier="answer_4">
        <p>
          <div id="drv_956d" oncopy="return false;" onpaste="return false;" oncut="return false;" oncontextmenu="return false;" onmousedown="return false;" onselectstart="return false;">Methionine and Lysine </div>
        </p>
      </simpleChoice>
      <simpleChoice fixed="true" identifier="answer_5">
        <p>
          <div id="drv_0510" oncopy="return false;" onpaste="return false;" oncut="return false;" oncontextmenu="return false;" onmousedown="return false;" onselectstart="return false;">Threonine and Glutamic Acid<span style="font-size: 1px; color: white;">dental</span></div>
        </p>
      </simpleChoice>
    </choiceInteraction>
  </itemBody>
  <responseProcessing>
    <responseCondition>
      <responseIf>
        <match>
          <variable identifier="RESPONSE"/>
          <correct identifier="RESPONSE"/>
        </match>
      </responseIf>
    </responseCondition>
  </responseProcessing>
</assessmentItem>
