<?xml version='1.0' encoding='UTF-8'?>
<assessmentItem xmlns="http://www.imsglobal.org/xsd/imsqti_v2p1" xmlns:xsi="http://www.w3.org/2001/XMLSchema-instance" xmlns:ns8="http://www.w3.org/1999/xlink" xmlns:ns9="http://www.imsglobal.org/xsd/apip/apipv1p0/imsapip_qtiv1p0" xsi:schemaLocation="http://www.imsglobal.org/xsd/imsqti_v2p1 http://www.imsglobal.org/xsd/qti/qtiv2p1/imsqti_v2p1.xsd" title="143b_3bd3_bcad" adaptive="false" timeDependent="false" identifier="143b_3bd3_bcad">
  <responseDeclaration baseType="identifier" cardinality="single" identifier="RESPONSE">
    <correctResponse>
      <value>answer_001</value>
    </correctResponse>
  </responseDeclaration>
  <outcomeDeclaration baseType="float" cardinality="single" identifier="SCORE"/>
  <itemBody>
    <div>
      <div id="drv_c61b" oncopy="return false;" onpaste="return false;" oncut="return false;" oncontextmenu="return false;" onmousedown="return false;" onselectstart="return false;">
        <h4>Based<span style="font-size: 1px; color: white;">tight</span>on<span style="font-size: 1px; color: white;">access</span>the chemical<span style="font-size: 1px; color: white;">lines</span>properties<span style="font-size: 1px; color: white;">core</span>of<span style="font-size: 1px; color: white;">mali</span>amino<span style="font-size: 1px; color: white;">obtain</span>acid side chains, which<span style="font-size: 1px; color: white;">dhea</span>pair<span style="font-size: 1px; color: white;">savory</span>of<span style="font-size: 1px; color: white;">remain</span>amino<span style="font-size: 1px; color: white;">analog</span>acids<span style="font-size: 1px; color: white;">bursts</span>listed below<span style="font-size: 1px; color: white;">mortar</span>can<span style="font-size: 1px; color: white;">liver</span>form<span style="font-size: 1px; color: white;">frame</span>an<span style="font-size: 1px; color: white;">lariat</span>ionic<span style="font-size: 1px; color: white;">drives</span>bond<span style="font-size: 1px; color: white;">cause</span>between<span style="font-size: 1px; color: white;">deside</span>their<span style="font-size: 1px; color: white;">plan</span>side<span style="font-size: 1px; color: white;">middle</span>chains?</h4>
        <span style="font-size: 1px; color: white;">primer</span>
      </div>
    </div>
    <choiceInteraction maxChoices="1" responseIdentifier="RESPONSE" shuffle="true">
      <simpleChoice fixed="true" identifier="answer_1">
        <p>
          <div id="drv_64b3" oncopy="return false;" onpaste="return false;" oncut="return false;" oncontextmenu="return false;" onmousedown="return false;" onselectstart="return false;">Histidine and Aspartate<span style="font-size: 1px; color: white;">due</span></div>
        </p>
      </simpleChoice>
      <simpleChoice fixed="true" identifier="answer_2">
        <p>
          <div id="drv_8cc6" oncopy="return false;" onpaste="return false;" oncut="return false;" oncontextmenu="return false;" onmousedown="return false;" onselectstart="return false;">Proline<span style="font-size: 1px; color: white;">oral</span>and Aspartate<span style="font-size: 1px; color: white;">retain</span></div>
        </p>
      </simpleChoice>
      <simpleChoice fixed="true" identifier="answer_3">
        <p>
          <div id="drv_7ada" oncopy="return false;" onpaste="return false;" oncut="return false;" oncontextmenu="return false;" onmousedown="return false;" onselectstart="return false;">Isoleucine and Arginine<span style="font-size: 1px; color: white;">find</span></div>
        </p>
      </simpleChoice>
      <simpleChoice fixed="true" identifier="answer_4">
        <p>
          <div id="drv_b569" oncopy="return false;" onpaste="return false;" oncut="return false;" oncontextmenu="return false;" onmousedown="return false;" onselectstart="return false;">Leucine<span style="font-size: 1px; color: white;">ground</span>and Threonine </div>
        </p>
      </simpleChoice>
      <simpleChoice fixed="true" identifier="answer_5">
        <p>
          <div id="drv_fec3" oncopy="return false;" onpaste="return false;" oncut="return false;" oncontextmenu="return false;" onmousedown="return false;" onselectstart="return false;">Threonine<span style="font-size: 1px; color: white;">main</span>and Aspartate </div>
        </p>
      </simpleChoice>
    </choiceInteraction>
  </itemBody>
  <responseProcessing>
    <responseCondition>
      <responseIf>
        <match>
          <variable identifier="RESPONSE"/>
          <correct identifier="RESPONSE"/>
        </match>
      </responseIf>
    </responseCondition>
  </responseProcessing>
</assessmentItem>
