<?xml version='1.0' encoding='UTF-8'?>
<assessmentItem xmlns="http://www.imsglobal.org/xsd/imsqti_v2p1" xmlns:xsi="http://www.w3.org/2001/XMLSchema-instance" xmlns:ns8="http://www.w3.org/1999/xlink" xmlns:ns9="http://www.imsglobal.org/xsd/apip/apipv1p0/imsapip_qtiv1p0" xsi:schemaLocation="http://www.imsglobal.org/xsd/imsqti_v2p1 http://www.imsglobal.org/xsd/qti/qtiv2p1/imsqti_v2p1.xsd" title="a32e_ce78_855b" adaptive="false" timeDependent="false" identifier="a32e_ce78_855b">
  <responseDeclaration baseType="identifier" cardinality="single" identifier="RESPONSE">
    <correctResponse>
      <value>answer_004</value>
    </correctResponse>
  </responseDeclaration>

  <outcomeDeclaration baseType="float" cardinality="single" identifier="SCORE"/>

  <itemBody>
    <div>
      <h4>Based on the chemical properties of amino acid side chains, which pair of amino acids listed below can form an ionic bond between their side chains?</h4>
    </div>
    <choiceInteraction maxChoices="1" responseIdentifier="RESPONSE" shuffle="true">
      <simpleChoice fixed="true" identifier="answer_1">
        <p>Methionine and Aspartic Acid</p>
      </simpleChoice>
      <simpleChoice fixed="true" identifier="answer_2">
        <p>Serine and Aspartate</p>
      </simpleChoice>
      <simpleChoice fixed="true" identifier="answer_3">
        <p>Threonine and Arginine</p>
      </simpleChoice>
      <simpleChoice fixed="true" identifier="answer_4">
        <p>Aspartate and Lysine</p>
      </simpleChoice>
      <simpleChoice fixed="true" identifier="answer_5">
        <p>Asparagine and Glycine</p>
      </simpleChoice>
    </choiceInteraction>
  </itemBody>

  <responseProcessing>
    <responseCondition>
      <responseIf>
        <match>
          <variable identifier="RESPONSE"/>
          <correct identifier="RESPONSE"/>
        </match>
      </responseIf>
    </responseCondition>
  </responseProcessing>
</assessmentItem>
