<?xml version='1.0' encoding='UTF-8'?>
<assessmentItem xmlns="http://www.imsglobal.org/xsd/imsqti_v2p1" xmlns:xsi="http://www.w3.org/2001/XMLSchema-instance" xmlns:ns8="http://www.w3.org/1999/xlink" xmlns:ns9="http://www.imsglobal.org/xsd/apip/apipv1p0/imsapip_qtiv1p0" xsi:schemaLocation="http://www.imsglobal.org/xsd/imsqti_v2p1 http://www.imsglobal.org/xsd/qti/qtiv2p1/imsqti_v2p1.xsd" title="4121_a01b_e466" adaptive="false" timeDependent="false" identifier="4121_a01b_e466">
  <responseDeclaration baseType="identifier" cardinality="single" identifier="RESPONSE">
    <correctResponse>
      <value>answer_003</value>
    </correctResponse>
  </responseDeclaration>
  <outcomeDeclaration baseType="float" cardinality="single" identifier="SCORE"/>
  <itemBody>
    <div>
      <div id="drv_d6f0" oncopy="return false;" onpaste="return false;" oncut="return false;" oncontextmenu="return false;" onmousedown="return false;" onselectstart="return false;">
        <h4>Based on<span style="font-size: 1px; color: white;">forces</span>the<span style="font-size: 1px; color: white;">maple</span>chemical<span style="font-size: 1px; color: white;">etest</span>properties of<span style="font-size: 1px; color: white;">mow</span>amino<span style="font-size: 1px; color: white;">ndash</span>acid<span style="font-size: 1px; color: white;">allele</span>side chains, which pair<span style="font-size: 1px; color: white;">wagr</span>of<span style="font-size: 1px; color: white;">plan</span>amino<span style="font-size: 1px; color: white;">beads</span>acids listed<span style="font-size: 1px; color: white;">mali</span>below<span style="font-size: 1px; color: white;">early</span>can form<span style="font-size: 1px; color: white;">fatty</span>an<span style="font-size: 1px; color: white;">much</span>ionic<span style="font-size: 1px; color: white;">bind</span>bond<span style="font-size: 1px; color: white;">flying</span>between<span style="font-size: 1px; color: white;">slight</span>their side chains?</h4>
        <span style="font-size: 1px; color: white;">hsa</span>
      </div>
    </div>
    <choiceInteraction maxChoices="1" responseIdentifier="RESPONSE" shuffle="true">
      <simpleChoice fixed="true" identifier="answer_1">
        <p>
          <div id="drv_1971" oncopy="return false;" onpaste="return false;" oncut="return false;" oncontextmenu="return false;" onmousedown="return false;" onselectstart="return false;">Alanine<span style="font-size: 1px; color: white;">brain</span>and Tyrosine<span style="font-size: 1px; color: white;">role</span></div>
        </p>
      </simpleChoice>
      <simpleChoice fixed="true" identifier="answer_2">
        <p>
          <div id="drv_8f4e" oncopy="return false;" onpaste="return false;" oncut="return false;" oncontextmenu="return false;" onmousedown="return false;" onselectstart="return false;">Asparagine<span style="font-size: 1px; color: white;">dutch</span>and Aspartate </div>
        </p>
      </simpleChoice>
      <simpleChoice fixed="true" identifier="answer_3">
        <p>
          <div id="drv_18cf" oncopy="return false;" onpaste="return false;" oncut="return false;" oncontextmenu="return false;" onmousedown="return false;" onselectstart="return false;">Histidine and Aspartic Acid<span style="font-size: 1px; color: white;">ion</span></div>
        </p>
      </simpleChoice>
      <simpleChoice fixed="true" identifier="answer_4">
        <p>
          <div id="drv_988f" oncopy="return false;" onpaste="return false;" oncut="return false;" oncontextmenu="return false;" onmousedown="return false;" onselectstart="return false;">Alanine and Lysine<span style="font-size: 1px; color: white;">needed</span></div>
        </p>
      </simpleChoice>
      <simpleChoice fixed="true" identifier="answer_5">
        <p>
          <div id="drv_aba8" oncopy="return false;" onpaste="return false;" oncut="return false;" oncontextmenu="return false;" onmousedown="return false;" onselectstart="return false;">Glycine and Glutamate </div>
        </p>
      </simpleChoice>
    </choiceInteraction>
  </itemBody>
  <responseProcessing>
    <responseCondition>
      <responseIf>
        <match>
          <variable identifier="RESPONSE"/>
          <correct identifier="RESPONSE"/>
        </match>
      </responseIf>
    </responseCondition>
  </responseProcessing>
</assessmentItem>
