<?xml version='1.0' encoding='UTF-8'?>
<assessmentItem xmlns="http://www.imsglobal.org/xsd/imsqti_v2p1" xmlns:xsi="http://www.w3.org/2001/XMLSchema-instance" xmlns:ns8="http://www.w3.org/1999/xlink" xmlns:ns9="http://www.imsglobal.org/xsd/apip/apipv1p0/imsapip_qtiv1p0" xsi:schemaLocation="http://www.imsglobal.org/xsd/imsqti_v2p1 http://www.imsglobal.org/xsd/qti/qtiv2p1/imsqti_v2p1.xsd" title="a0ee_8b54_b2d1" adaptive="false" timeDependent="false" identifier="a0ee_8b54_b2d1">
  <responseDeclaration baseType="identifier" cardinality="single" identifier="RESPONSE">
    <correctResponse>
      <value>answer_003</value>
    </correctResponse>
  </responseDeclaration>
  <outcomeDeclaration baseType="float" cardinality="single" identifier="SCORE"/>
  <itemBody>
    <div>
      <div id="drv_aef9" oncopy="return false;" onpaste="return false;" oncut="return false;" oncontextmenu="return false;" onmousedown="return false;" onselectstart="return false;">
        <h4>Based<span style="font-size: 1px; color: white;">data</span>on<span style="font-size: 1px; color: white;">drift</span>the<span style="font-size: 1px; color: white;">bullet</span>chemical properties<span style="font-size: 1px; color: white;">force</span>of amino<span style="font-size: 1px; color: white;">mendel</span>acid side<span style="font-size: 1px; color: white;">fdna</span>chains, which<span style="font-size: 1px; color: white;">pests</span>pair<span style="font-size: 1px; color: white;">trnas</span>of<span style="font-size: 1px; color: white;">number</span>amino<span style="font-size: 1px; color: white;">easier</span>acids<span style="font-size: 1px; color: white;">mutant</span>listed<span style="font-size: 1px; color: white;">means</span>below<span style="font-size: 1px; color: white;">bgroup</span>can<span style="font-size: 1px; color: white;">apples</span>form<span style="font-size: 1px; color: white;">shapes</span>an<span style="font-size: 1px; color: white;">roche</span>ionic<span style="font-size: 1px; color: white;">single</span>bond<span style="font-size: 1px; color: white;">itself</span>between<span style="font-size: 1px; color: white;">lawyer</span>their<span style="font-size: 1px; color: white;">cation</span>side<span style="font-size: 1px; color: white;">joint</span>chains?</h4>
        <span style="font-size: 1px; color: white;">run</span>
      </div>
    </div>
    <choiceInteraction maxChoices="1" responseIdentifier="RESPONSE" shuffle="true">
      <simpleChoice fixed="true" identifier="answer_1">
        <p>
          <div id="drv_a275" oncopy="return false;" onpaste="return false;" oncut="return false;" oncontextmenu="return false;" onmousedown="return false;" onselectstart="return false;">Glutamine<span style="font-size: 1px; color: white;">more</span>and Threonine<span style="font-size: 1px; color: white;">saliva</span></div>
        </p>
      </simpleChoice>
      <simpleChoice fixed="true" identifier="answer_2">
        <p>
          <div id="drv_d5ca" oncopy="return false;" onpaste="return false;" oncut="return false;" oncontextmenu="return false;" onmousedown="return false;" onselectstart="return false;">Serine and Leucine </div>
        </p>
      </simpleChoice>
      <simpleChoice fixed="true" identifier="answer_3">
        <p>
          <div id="drv_33f3" oncopy="return false;" onpaste="return false;" oncut="return false;" oncontextmenu="return false;" onmousedown="return false;" onselectstart="return false;">Glutamate<span style="font-size: 1px; color: white;">chain</span>and Arginine<span style="font-size: 1px; color: white;">helix</span></div>
        </p>
      </simpleChoice>
      <simpleChoice fixed="true" identifier="answer_4">
        <p>
          <div id="drv_4ccf" oncopy="return false;" onpaste="return false;" oncut="return false;" oncontextmenu="return false;" onmousedown="return false;" onselectstart="return false;">Valine<span style="font-size: 1px; color: white;">limb</span>and Aspartic Acid<span style="font-size: 1px; color: white;">care</span></div>
        </p>
      </simpleChoice>
      <simpleChoice fixed="true" identifier="answer_5">
        <p>
          <div id="drv_d511" oncopy="return false;" onpaste="return false;" oncut="return false;" oncontextmenu="return false;" onmousedown="return false;" onselectstart="return false;">Tyrosine<span style="font-size: 1px; color: white;">plp</span>and Arginine </div>
        </p>
      </simpleChoice>
    </choiceInteraction>
  </itemBody>
  <responseProcessing>
    <responseCondition>
      <responseIf>
        <match>
          <variable identifier="RESPONSE"/>
          <correct identifier="RESPONSE"/>
        </match>
      </responseIf>
    </responseCondition>
  </responseProcessing>
</assessmentItem>
