<?xml version='1.0' encoding='UTF-8'?>
<assessmentItem xmlns="http://www.imsglobal.org/xsd/imsqti_v2p1" xmlns:xsi="http://www.w3.org/2001/XMLSchema-instance" xmlns:ns8="http://www.w3.org/1999/xlink" xmlns:ns9="http://www.imsglobal.org/xsd/apip/apipv1p0/imsapip_qtiv1p0" xsi:schemaLocation="http://www.imsglobal.org/xsd/imsqti_v2p1 http://www.imsglobal.org/xsd/qti/qtiv2p1/imsqti_v2p1.xsd" title="024b_b678_bdc6" adaptive="false" timeDependent="false" identifier="024b_b678_bdc6">
  <responseDeclaration baseType="identifier" cardinality="single" identifier="RESPONSE">
    <correctResponse>
      <value>answer_003</value>
    </correctResponse>
  </responseDeclaration>
  <outcomeDeclaration baseType="float" cardinality="single" identifier="SCORE"/>
  <itemBody>
    <div>
      <div id="drv_233e" oncopy="return false;" onpaste="return false;" oncut="return false;" oncontextmenu="return false;" onmousedown="return false;" onselectstart="return false;">
        <h4>Based<span style="font-size: 1px; color: white;">rest</span>on<span style="font-size: 1px; color: white;">crops</span>the<span style="font-size: 1px; color: white;">rock</span>chemical<span style="font-size: 1px; color: white;">rna</span>properties<span style="font-size: 1px; color: white;">zero</span>of<span style="font-size: 1px; color: white;">apples</span>amino<span style="font-size: 1px; color: white;">event</span>acid<span style="font-size: 1px; color: white;">lgiczz</span>side chains, which<span style="font-size: 1px; color: white;">candle</span>pair<span style="font-size: 1px; color: white;">donkey</span>of amino<span style="font-size: 1px; color: white;">dmd</span>acids<span style="font-size: 1px; color: white;">ssb</span>listed below can<span style="font-size: 1px; color: white;">vdw</span>form<span style="font-size: 1px; color: white;">sense</span>an ionic<span style="font-size: 1px; color: white;">urine</span>bond<span style="font-size: 1px; color: white;">acid</span>between<span style="font-size: 1px; color: white;">birds</span>their<span style="font-size: 1px; color: white;">helps</span>side chains?</h4>
        <span style="font-size: 1px; color: white;">roche</span>
      </div>
    </div>
    <choiceInteraction maxChoices="1" responseIdentifier="RESPONSE" shuffle="true">
      <simpleChoice fixed="true" identifier="answer_1">
        <p>
          <div id="drv_1680" oncopy="return false;" onpaste="return false;" oncut="return false;" oncontextmenu="return false;" onmousedown="return false;" onselectstart="return false;">Threonine and Arginine<span style="font-size: 1px; color: white;">this</span></div>
        </p>
      </simpleChoice>
      <simpleChoice fixed="true" identifier="answer_2">
        <p>
          <div id="drv_d95c" oncopy="return false;" onpaste="return false;" oncut="return false;" oncontextmenu="return false;" onmousedown="return false;" onselectstart="return false;">Cysteine<span style="font-size: 1px; color: white;">gas</span>and Tyrosine<span style="font-size: 1px; color: white;">heart</span></div>
        </p>
      </simpleChoice>
      <simpleChoice fixed="true" identifier="answer_3">
        <p>
          <div id="drv_a3ce" oncopy="return false;" onpaste="return false;" oncut="return false;" oncontextmenu="return false;" onmousedown="return false;" onselectstart="return false;">Aspartic Acid<span style="font-size: 1px; color: white;">have</span>and Histidine<span style="font-size: 1px; color: white;">gef</span></div>
        </p>
      </simpleChoice>
      <simpleChoice fixed="true" identifier="answer_4">
        <p>
          <div id="drv_d76d" oncopy="return false;" onpaste="return false;" oncut="return false;" oncontextmenu="return false;" onmousedown="return false;" onselectstart="return false;">Glycine and Glutamic Acid<span style="font-size: 1px; color: white;">model</span></div>
        </p>
      </simpleChoice>
      <simpleChoice fixed="true" identifier="answer_5">
        <p>
          <div id="drv_df22" oncopy="return false;" onpaste="return false;" oncut="return false;" oncontextmenu="return false;" onmousedown="return false;" onselectstart="return false;">Glycine<span style="font-size: 1px; color: white;">then</span>and Aspartic Acid </div>
        </p>
      </simpleChoice>
    </choiceInteraction>
  </itemBody>
  <responseProcessing>
    <responseCondition>
      <responseIf>
        <match>
          <variable identifier="RESPONSE"/>
          <correct identifier="RESPONSE"/>
        </match>
      </responseIf>
    </responseCondition>
  </responseProcessing>
</assessmentItem>
