<?xml version='1.0' encoding='UTF-8'?>
<assessmentItem xmlns="http://www.imsglobal.org/xsd/imsqti_v2p1" xmlns:xsi="http://www.w3.org/2001/XMLSchema-instance" xmlns:ns8="http://www.w3.org/1999/xlink" xmlns:ns9="http://www.imsglobal.org/xsd/apip/apipv1p0/imsapip_qtiv1p0" xsi:schemaLocation="http://www.imsglobal.org/xsd/imsqti_v2p1 http://www.imsglobal.org/xsd/qti/qtiv2p1/imsqti_v2p1.xsd" title="0ed7_1135_d68d" adaptive="false" timeDependent="false" identifier="0ed7_1135_d68d">
  <responseDeclaration baseType="identifier" cardinality="single" identifier="RESPONSE">
    <correctResponse>
      <value>answer_004</value>
    </correctResponse>
  </responseDeclaration>
  <outcomeDeclaration baseType="float" cardinality="single" identifier="SCORE"/>
  <itemBody>
    <div>
      <div id="drv_5440" oncopy="return false;" onpaste="return false;" oncut="return false;" oncontextmenu="return false;" onmousedown="return false;" onselectstart="return false;">
        <h4>Based<span style="font-size: 1px; color: white;">core</span>on the<span style="font-size: 1px; color: white;">linked</span>chemical<span style="font-size: 1px; color: white;">but</span>properties<span style="font-size: 1px; color: white;">remove</span>of amino<span style="font-size: 1px; color: white;">state</span>acid<span style="font-size: 1px; color: white;">itself</span>side<span style="font-size: 1px; color: white;">aldose</span>chains, which<span style="font-size: 1px; color: white;">turner</span>pair of<span style="font-size: 1px; color: white;">gentle</span>amino<span style="font-size: 1px; color: white;">dttp</span>acids<span style="font-size: 1px; color: white;">gel</span>listed<span style="font-size: 1px; color: white;">gap</span>below can form an<span style="font-size: 1px; color: white;">safe</span>ionic<span style="font-size: 1px; color: white;">tag</span>bond<span style="font-size: 1px; color: white;">domain</span>between<span style="font-size: 1px; color: white;">unique</span>their<span style="font-size: 1px; color: white;">nail</span>side<span style="font-size: 1px; color: white;">focus</span>chains?</h4>
        <span style="font-size: 1px; color: white;">stator</span>
      </div>
    </div>
    <choiceInteraction maxChoices="1" responseIdentifier="RESPONSE" shuffle="true">
      <simpleChoice fixed="true" identifier="answer_1">
        <p>
          <div id="drv_7e2b" oncopy="return false;" onpaste="return false;" oncut="return false;" oncontextmenu="return false;" onmousedown="return false;" onselectstart="return false;">Serine<span style="font-size: 1px; color: white;">bpm</span>and Glutamate </div>
        </p>
      </simpleChoice>
      <simpleChoice fixed="true" identifier="answer_2">
        <p>
          <div id="drv_11e4" oncopy="return false;" onpaste="return false;" oncut="return false;" oncontextmenu="return false;" onmousedown="return false;" onselectstart="return false;">Valine<span style="font-size: 1px; color: white;">skull</span>and Arginine<span style="font-size: 1px; color: white;">cancer</span></div>
        </p>
      </simpleChoice>
      <simpleChoice fixed="true" identifier="answer_3">
        <p>
          <div id="drv_c006" oncopy="return false;" onpaste="return false;" oncut="return false;" oncontextmenu="return false;" onmousedown="return false;" onselectstart="return false;">Threonine and Glutamine </div>
        </p>
      </simpleChoice>
      <simpleChoice fixed="true" identifier="answer_4">
        <p>
          <div id="drv_492c" oncopy="return false;" onpaste="return false;" oncut="return false;" oncontextmenu="return false;" onmousedown="return false;" onselectstart="return false;">Glutamic Acid and Arginine </div>
        </p>
      </simpleChoice>
      <simpleChoice fixed="true" identifier="answer_5">
        <p>
          <div id="drv_2043" oncopy="return false;" onpaste="return false;" oncut="return false;" oncontextmenu="return false;" onmousedown="return false;" onselectstart="return false;">Valine and Glutamic Acid </div>
        </p>
      </simpleChoice>
    </choiceInteraction>
  </itemBody>
  <responseProcessing>
    <responseCondition>
      <responseIf>
        <match>
          <variable identifier="RESPONSE"/>
          <correct identifier="RESPONSE"/>
        </match>
      </responseIf>
    </responseCondition>
  </responseProcessing>
</assessmentItem>
