<?xml version='1.0' encoding='UTF-8'?>
<assessmentItem xmlns="http://www.imsglobal.org/xsd/imsqti_v2p1" xmlns:xsi="http://www.w3.org/2001/XMLSchema-instance" xmlns:ns8="http://www.w3.org/1999/xlink" xmlns:ns9="http://www.imsglobal.org/xsd/apip/apipv1p0/imsapip_qtiv1p0" xsi:schemaLocation="http://www.imsglobal.org/xsd/imsqti_v2p1 http://www.imsglobal.org/xsd/qti/qtiv2p1/imsqti_v2p1.xsd" title="902e_314f_b8e9" adaptive="false" timeDependent="false" identifier="902e_314f_b8e9">
  <responseDeclaration baseType="identifier" cardinality="single" identifier="RESPONSE">
    <correctResponse>
      <value>answer_002</value>
    </correctResponse>
  </responseDeclaration>
  <outcomeDeclaration baseType="float" cardinality="single" identifier="SCORE"/>
  <itemBody>
    <div>
      <div id="drv_5fa4" oncopy="return false;" onpaste="return false;" oncut="return false;" oncontextmenu="return false;" onmousedown="return false;" onselectstart="return false;">
        <h4>Based on the<span style="font-size: 1px; color: white;">pitch</span>chemical properties<span style="font-size: 1px; color: white;">fiber</span>of<span style="font-size: 1px; color: white;">bonds</span>amino<span style="font-size: 1px; color: white;">bench</span>acid side<span style="font-size: 1px; color: white;">define</span>chains, which<span style="font-size: 1px; color: white;">sweat</span>pair<span style="font-size: 1px; color: white;">mendel</span>of<span style="font-size: 1px; color: white;">pain</span>amino acids<span style="font-size: 1px; color: white;">pop</span>listed<span style="font-size: 1px; color: white;">bitter</span>below<span style="font-size: 1px; color: white;">extent</span>can<span style="font-size: 1px; color: white;">derive</span>form<span style="font-size: 1px; color: white;">edit</span>an<span style="font-size: 1px; color: white;">phases</span>ionic bond between<span style="font-size: 1px; color: white;">with</span>their side<span style="font-size: 1px; color: white;">refer</span>chains?</h4>
        <span style="font-size: 1px; color: white;">become</span>
      </div>
    </div>
    <choiceInteraction maxChoices="1" responseIdentifier="RESPONSE" shuffle="true">
      <simpleChoice fixed="true" identifier="answer_1">
        <p>
          <div id="drv_511d" oncopy="return false;" onpaste="return false;" oncut="return false;" oncontextmenu="return false;" onmousedown="return false;" onselectstart="return false;">Asparagine<span style="font-size: 1px; color: white;">breaks</span>and Lysine<span style="font-size: 1px; color: white;">rest</span></div>
        </p>
      </simpleChoice>
      <simpleChoice fixed="true" identifier="answer_2">
        <p>
          <div id="drv_33ca" oncopy="return false;" onpaste="return false;" oncut="return false;" oncontextmenu="return false;" onmousedown="return false;" onselectstart="return false;">Arginine<span style="font-size: 1px; color: white;">broken</span>and Glutamate </div>
        </p>
      </simpleChoice>
      <simpleChoice fixed="true" identifier="answer_3">
        <p>
          <div id="drv_41cd" oncopy="return false;" onpaste="return false;" oncut="return false;" oncontextmenu="return false;" onmousedown="return false;" onselectstart="return false;">Cysteine<span style="font-size: 1px; color: white;">stage</span>and Tyrosine<span style="font-size: 1px; color: white;">bell</span></div>
        </p>
      </simpleChoice>
      <simpleChoice fixed="true" identifier="answer_4">
        <p>
          <div id="drv_81a6" oncopy="return false;" onpaste="return false;" oncut="return false;" oncontextmenu="return false;" onmousedown="return false;" onselectstart="return false;">Methionine and Glutamic Acid<span style="font-size: 1px; color: white;">folate</span></div>
        </p>
      </simpleChoice>
      <simpleChoice fixed="true" identifier="answer_5">
        <p>
          <div id="drv_03f2" oncopy="return false;" onpaste="return false;" oncut="return false;" oncontextmenu="return false;" onmousedown="return false;" onselectstart="return false;">Tyrosine and Glutamate<span style="font-size: 1px; color: white;">bred</span></div>
        </p>
      </simpleChoice>
    </choiceInteraction>
  </itemBody>
  <responseProcessing>
    <responseCondition>
      <responseIf>
        <match>
          <variable identifier="RESPONSE"/>
          <correct identifier="RESPONSE"/>
        </match>
      </responseIf>
    </responseCondition>
  </responseProcessing>
</assessmentItem>
