<?xml version='1.0' encoding='UTF-8'?>
<assessmentItem xmlns="http://www.imsglobal.org/xsd/imsqti_v2p1" xmlns:xsi="http://www.w3.org/2001/XMLSchema-instance" xmlns:ns8="http://www.w3.org/1999/xlink" xmlns:ns9="http://www.imsglobal.org/xsd/apip/apipv1p0/imsapip_qtiv1p0" xsi:schemaLocation="http://www.imsglobal.org/xsd/imsqti_v2p1 http://www.imsglobal.org/xsd/qti/qtiv2p1/imsqti_v2p1.xsd" title="fcb6_6def_5cb3" adaptive="false" timeDependent="false" identifier="fcb6_6def_5cb3">
  <responseDeclaration baseType="identifier" cardinality="single" identifier="RESPONSE">
    <correctResponse>
      <value>answer_004</value>
    </correctResponse>
  </responseDeclaration>
  <outcomeDeclaration baseType="float" cardinality="single" identifier="SCORE"/>
  <itemBody>
    <div>
      <div id="drv_0ddc" oncopy="return false;" onpaste="return false;" oncut="return false;" oncontextmenu="return false;" onmousedown="return false;" onselectstart="return false;"><h4>Based on<span style="font-size: 1px; color: white;">buffer</span>the<span style="font-size: 1px; color: white;">menten</span>chemical<span style="font-size: 1px; color: white;">needs</span>properties<span style="font-size: 1px; color: white;">marina</span>of amino acid<span style="font-size: 1px; color: white;">insert</span>side<span style="font-size: 1px; color: white;">thing</span>chains, which<span style="font-size: 1px; color: white;">zero</span>pair<span style="font-size: 1px; color: white;">itself</span>of<span style="font-size: 1px; color: white;">that</span>amino acids<span style="font-size: 1px; color: white;">atoms</span>listed<span style="font-size: 1px; color: white;">dgtp</span>below<span style="font-size: 1px; color: white;">list</span>can<span style="font-size: 1px; color: white;">plant</span>form an<span style="font-size: 1px; color: white;">core</span>ionic<span style="font-size: 1px; color: white;">candle</span>bond<span style="font-size: 1px; color: white;">share</span>between<span style="font-size: 1px; color: white;">ndash</span>their<span style="font-size: 1px; color: white;">upon</span>side chains?</h4> </div>
    </div>
    <choiceInteraction maxChoices="1" responseIdentifier="RESPONSE" shuffle="true">
      <simpleChoice fixed="true" identifier="answer_1">
        <p>
          <div id="drv_c663" oncopy="return false;" onpaste="return false;" oncut="return false;" oncontextmenu="return false;" onmousedown="return false;" onselectstart="return false;">Tyrosine and Histidine </div>
        </p>
      </simpleChoice>
      <simpleChoice fixed="true" identifier="answer_2">
        <p>
          <div id="drv_342a" oncopy="return false;" onpaste="return false;" oncut="return false;" oncontextmenu="return false;" onmousedown="return false;" onselectstart="return false;">Alanine<span style="font-size: 1px; color: white;">point</span>and Methionine<span style="font-size: 1px; color: white;">drift</span></div>
        </p>
      </simpleChoice>
      <simpleChoice fixed="true" identifier="answer_3">
        <p>
          <div id="drv_759a" oncopy="return false;" onpaste="return false;" oncut="return false;" oncontextmenu="return false;" onmousedown="return false;" onselectstart="return false;">Phenylalanine<span style="font-size: 1px; color: white;">dog</span>and Glutamic Acid </div>
        </p>
      </simpleChoice>
      <simpleChoice fixed="true" identifier="answer_4">
        <p>
          <div id="drv_3b3a" oncopy="return false;" onpaste="return false;" oncut="return false;" oncontextmenu="return false;" onmousedown="return false;" onselectstart="return false;">Aspartic Acid<span style="font-size: 1px; color: white;">lenses</span>and Histidine<span style="font-size: 1px; color: white;">sets</span></div>
        </p>
      </simpleChoice>
      <simpleChoice fixed="true" identifier="answer_5">
        <p>
          <div id="drv_7d8d" oncopy="return false;" onpaste="return false;" oncut="return false;" oncontextmenu="return false;" onmousedown="return false;" onselectstart="return false;">Glutamine<span style="font-size: 1px; color: white;">repel</span>and Isoleucine<span style="font-size: 1px; color: white;">median</span></div>
        </p>
      </simpleChoice>
    </choiceInteraction>
  </itemBody>
  <responseProcessing>
    <responseCondition>
      <responseIf>
        <match>
          <variable identifier="RESPONSE"/>
          <correct identifier="RESPONSE"/>
        </match>
      </responseIf>
    </responseCondition>
  </responseProcessing>
</assessmentItem>
