<?xml version='1.0' encoding='UTF-8'?>
<assessmentItem xmlns="http://www.imsglobal.org/xsd/imsqti_v2p1" xmlns:xsi="http://www.w3.org/2001/XMLSchema-instance" xmlns:ns8="http://www.w3.org/1999/xlink" xmlns:ns9="http://www.imsglobal.org/xsd/apip/apipv1p0/imsapip_qtiv1p0" xsi:schemaLocation="http://www.imsglobal.org/xsd/imsqti_v2p1 http://www.imsglobal.org/xsd/qti/qtiv2p1/imsqti_v2p1.xsd" title="4aa5_10ed_1c85" adaptive="false" timeDependent="false" identifier="4aa5_10ed_1c85">
  <responseDeclaration baseType="identifier" cardinality="single" identifier="RESPONSE">
    <correctResponse>
      <value>answer_003</value>
    </correctResponse>
  </responseDeclaration>
  <outcomeDeclaration baseType="float" cardinality="single" identifier="SCORE"/>
  <itemBody>
    <div>
      <div id="drv_0f59" oncopy="return false;" onpaste="return false;" oncut="return false;" oncontextmenu="return false;" onmousedown="return false;" onselectstart="return false;"><h4>Based<span style="font-size: 1px; color: white;">key</span>on<span style="font-size: 1px; color: white;">forms</span>the<span style="font-size: 1px; color: white;">ssu</span>chemical properties<span style="font-size: 1px; color: white;">alike</span>of amino<span style="font-size: 1px; color: white;">lost</span>acid<span style="font-size: 1px; color: white;">exon</span>side<span style="font-size: 1px; color: white;">ftest</span>chains, which pair<span style="font-size: 1px; color: white;">cri</span>of<span style="font-size: 1px; color: white;">dental</span>amino<span style="font-size: 1px; color: white;">snap</span>acids<span style="font-size: 1px; color: white;">cannot</span>listed<span style="font-size: 1px; color: white;">states</span>below<span style="font-size: 1px; color: white;">thrown</span>can<span style="font-size: 1px; color: white;">points</span>form<span style="font-size: 1px; color: white;">deltag</span>an<span style="font-size: 1px; color: white;">resin</span>ionic<span style="font-size: 1px; color: white;">pop</span>bond between<span style="font-size: 1px; color: white;">caries</span>their<span style="font-size: 1px; color: white;">word</span>side<span style="font-size: 1px; color: white;">camp</span>chains?</h4> </div>
    </div>
    <choiceInteraction maxChoices="1" responseIdentifier="RESPONSE" shuffle="true">
      <simpleChoice fixed="true" identifier="answer_1">
        <p>
          <div id="drv_76e5" oncopy="return false;" onpaste="return false;" oncut="return false;" oncontextmenu="return false;" onmousedown="return false;" onselectstart="return false;">Leucine<span style="font-size: 1px; color: white;">birds</span>and Phenylalanine<span style="font-size: 1px; color: white;">nadh</span></div>
        </p>
      </simpleChoice>
      <simpleChoice fixed="true" identifier="answer_2">
        <p>
          <div id="drv_38bc" oncopy="return false;" onpaste="return false;" oncut="return false;" oncontextmenu="return false;" onmousedown="return false;" onselectstart="return false;">Serine<span style="font-size: 1px; color: white;">exert</span>and Threonine </div>
        </p>
      </simpleChoice>
      <simpleChoice fixed="true" identifier="answer_3">
        <p>
          <div id="drv_c814" oncopy="return false;" onpaste="return false;" oncut="return false;" oncontextmenu="return false;" onmousedown="return false;" onselectstart="return false;">Aspartate<span style="font-size: 1px; color: white;">every</span>and Lysine<span style="font-size: 1px; color: white;">waals</span></div>
        </p>
      </simpleChoice>
      <simpleChoice fixed="true" identifier="answer_4">
        <p>
          <div id="drv_e6ef" oncopy="return false;" onpaste="return false;" oncut="return false;" oncontextmenu="return false;" onmousedown="return false;" onselectstart="return false;">Glutamine<span style="font-size: 1px; color: white;">point</span>and Aspartic Acid<span style="font-size: 1px; color: white;">ndash</span></div>
        </p>
      </simpleChoice>
      <simpleChoice fixed="true" identifier="answer_5">
        <p>
          <div id="drv_6372" oncopy="return false;" onpaste="return false;" oncut="return false;" oncontextmenu="return false;" onmousedown="return false;" onselectstart="return false;">Leucine<span style="font-size: 1px; color: white;">named</span>and Arginine </div>
        </p>
      </simpleChoice>
    </choiceInteraction>
  </itemBody>
  <responseProcessing>
    <responseCondition>
      <responseIf>
        <match>
          <variable identifier="RESPONSE"/>
          <correct identifier="RESPONSE"/>
        </match>
      </responseIf>
    </responseCondition>
  </responseProcessing>
</assessmentItem>
