<?xml version='1.0' encoding='UTF-8'?>
<assessmentItem xmlns="http://www.imsglobal.org/xsd/imsqti_v2p1" xmlns:xsi="http://www.w3.org/2001/XMLSchema-instance" xmlns:ns8="http://www.w3.org/1999/xlink" xmlns:ns9="http://www.imsglobal.org/xsd/apip/apipv1p0/imsapip_qtiv1p0" xsi:schemaLocation="http://www.imsglobal.org/xsd/imsqti_v2p1 http://www.imsglobal.org/xsd/qti/qtiv2p1/imsqti_v2p1.xsd" title="65ce_dfa3_2ac0" adaptive="false" timeDependent="false" identifier="65ce_dfa3_2ac0">
  <responseDeclaration baseType="identifier" cardinality="single" identifier="RESPONSE">
    <correctResponse>
      <value>answer_001</value>
    </correctResponse>
  </responseDeclaration>
  <outcomeDeclaration baseType="float" cardinality="single" identifier="SCORE"/>
  <itemBody>
    <div>
      <div id="drv_9054" oncopy="return false;" onpaste="return false;" oncut="return false;" oncontextmenu="return false;" onmousedown="return false;" onselectstart="return false;">
        <h4>Based on<span style="font-size: 1px; color: white;">feel</span>the<span style="font-size: 1px; color: white;">zygote</span>chemical<span style="font-size: 1px; color: white;">back</span>properties<span style="font-size: 1px; color: white;">make</span>of amino<span style="font-size: 1px; color: white;">ribose</span>acid<span style="font-size: 1px; color: white;">gfc</span>side<span style="font-size: 1px; color: white;">box</span>chains, which pair<span style="font-size: 1px; color: white;">crops</span>of<span style="font-size: 1px; color: white;">rather</span>amino<span style="font-size: 1px; color: white;">and</span>acids listed below<span style="font-size: 1px; color: white;">mrnas</span>can<span style="font-size: 1px; color: white;">equal</span>form<span style="font-size: 1px; color: white;">enable</span>an<span style="font-size: 1px; color: white;">above</span>ionic bond<span style="font-size: 1px; color: white;">low</span>between<span style="font-size: 1px; color: white;">effect</span>their<span style="font-size: 1px; color: white;">native</span>side<span style="font-size: 1px; color: white;">dental</span>chains?</h4>
        <span style="font-size: 1px; color: white;">cry</span>
      </div>
    </div>
    <choiceInteraction maxChoices="1" responseIdentifier="RESPONSE" shuffle="true">
      <simpleChoice fixed="true" identifier="answer_1">
        <p>
          <div id="drv_30f9" oncopy="return false;" onpaste="return false;" oncut="return false;" oncontextmenu="return false;" onmousedown="return false;" onselectstart="return false;">Glutamic Acid and Arginine<span style="font-size: 1px; color: white;">oral</span></div>
        </p>
      </simpleChoice>
      <simpleChoice fixed="true" identifier="answer_2">
        <p>
          <div id="drv_19fe" oncopy="return false;" onpaste="return false;" oncut="return false;" oncontextmenu="return false;" onmousedown="return false;" onselectstart="return false;">Threonine<span style="font-size: 1px; color: white;">born</span>and Lysine<span style="font-size: 1px; color: white;">buffer</span></div>
        </p>
      </simpleChoice>
      <simpleChoice fixed="true" identifier="answer_3">
        <p>
          <div id="drv_5f40" oncopy="return false;" onpaste="return false;" oncut="return false;" oncontextmenu="return false;" onmousedown="return false;" onselectstart="return false;">Alanine<span style="font-size: 1px; color: white;">dry</span>and Aspartate<span style="font-size: 1px; color: white;">more</span></div>
        </p>
      </simpleChoice>
      <simpleChoice fixed="true" identifier="answer_4">
        <p>
          <div id="drv_8004" oncopy="return false;" onpaste="return false;" oncut="return false;" oncontextmenu="return false;" onmousedown="return false;" onselectstart="return false;">Methionine<span style="font-size: 1px; color: white;">bop</span>and Asparagine </div>
        </p>
      </simpleChoice>
      <simpleChoice fixed="true" identifier="answer_5">
        <p>
          <div id="drv_10c1" oncopy="return false;" onpaste="return false;" oncut="return false;" oncontextmenu="return false;" onmousedown="return false;" onselectstart="return false;">Tryptophan and Asparagine </div>
        </p>
      </simpleChoice>
    </choiceInteraction>
  </itemBody>
  <responseProcessing>
    <responseCondition>
      <responseIf>
        <match>
          <variable identifier="RESPONSE"/>
          <correct identifier="RESPONSE"/>
        </match>
      </responseIf>
    </responseCondition>
  </responseProcessing>
</assessmentItem>
