<?xml version='1.0' encoding='UTF-8'?>
<assessmentItem xmlns="http://www.imsglobal.org/xsd/imsqti_v2p1" xmlns:xsi="http://www.w3.org/2001/XMLSchema-instance" xmlns:ns8="http://www.w3.org/1999/xlink" xmlns:ns9="http://www.imsglobal.org/xsd/apip/apipv1p0/imsapip_qtiv1p0" xsi:schemaLocation="http://www.imsglobal.org/xsd/imsqti_v2p1 http://www.imsglobal.org/xsd/qti/qtiv2p1/imsqti_v2p1.xsd" title="9b09_c94a_6423" adaptive="false" timeDependent="false" identifier="9b09_c94a_6423">
  <responseDeclaration baseType="identifier" cardinality="single" identifier="RESPONSE">
    <correctResponse>
      <value>answer_003</value>
    </correctResponse>
  </responseDeclaration>
  <outcomeDeclaration baseType="float" cardinality="single" identifier="SCORE"/>
  <itemBody>
    <div>
      <div id="drv_e7d3" oncopy="return false;" onpaste="return false;" oncut="return false;" oncontextmenu="return false;" onmousedown="return false;" onselectstart="return false;">
        <h4>Based<span style="font-size: 1px; color: white;">copied</span>on<span style="font-size: 1px; color: white;">care</span>the<span style="font-size: 1px; color: white;">tools</span>chemical<span style="font-size: 1px; color: white;">ddgtp</span>properties<span style="font-size: 1px; color: white;">weight</span>of<span style="font-size: 1px; color: white;">pcr</span>amino<span style="font-size: 1px; color: white;">starch</span>acid<span style="font-size: 1px; color: white;">codons</span>side<span style="font-size: 1px; color: white;">carry</span>chains, which<span style="font-size: 1px; color: white;">gpcrzz</span>pair<span style="font-size: 1px; color: white;">seals</span>of<span style="font-size: 1px; color: white;">stems</span>amino acids listed<span style="font-size: 1px; color: white;">over</span>below<span style="font-size: 1px; color: white;">phage</span>can form an<span style="font-size: 1px; color: white;">bird</span>ionic<span style="font-size: 1px; color: white;">hammer</span>bond between<span style="font-size: 1px; color: white;">ceo</span>their<span style="font-size: 1px; color: white;">itself</span>side<span style="font-size: 1px; color: white;">story</span>chains?</h4>
        <span style="font-size: 1px; color: white;">ligate</span>
      </div>
    </div>
    <choiceInteraction maxChoices="1" responseIdentifier="RESPONSE" shuffle="true">
      <simpleChoice fixed="true" identifier="answer_1">
        <p>
          <div id="drv_aec1" oncopy="return false;" onpaste="return false;" oncut="return false;" oncontextmenu="return false;" onmousedown="return false;" onselectstart="return false;">Tryptophan<span style="font-size: 1px; color: white;">fuse</span>and Aspartate<span style="font-size: 1px; color: white;">string</span></div>
        </p>
      </simpleChoice>
      <simpleChoice fixed="true" identifier="answer_2">
        <p>
          <div id="drv_9967" oncopy="return false;" onpaste="return false;" oncut="return false;" oncontextmenu="return false;" onmousedown="return false;" onselectstart="return false;">Proline<span style="font-size: 1px; color: white;">bxo</span>and Arginine<span style="font-size: 1px; color: white;">bird</span></div>
        </p>
      </simpleChoice>
      <simpleChoice fixed="true" identifier="answer_3">
        <p>
          <div id="drv_7736" oncopy="return false;" onpaste="return false;" oncut="return false;" oncontextmenu="return false;" onmousedown="return false;" onselectstart="return false;">Histidine and Aspartate<span style="font-size: 1px; color: white;">effect</span></div>
        </p>
      </simpleChoice>
      <simpleChoice fixed="true" identifier="answer_4">
        <p>
          <div id="drv_ba19" oncopy="return false;" onpaste="return false;" oncut="return false;" oncontextmenu="return false;" onmousedown="return false;" onselectstart="return false;">Alanine<span style="font-size: 1px; color: white;">codon</span>and Glycine<span style="font-size: 1px; color: white;">maize</span></div>
        </p>
      </simpleChoice>
      <simpleChoice fixed="true" identifier="answer_5">
        <p>
          <div id="drv_da88" oncopy="return false;" onpaste="return false;" oncut="return false;" oncontextmenu="return false;" onmousedown="return false;" onselectstart="return false;">Valine<span style="font-size: 1px; color: white;">decide</span>and Arginine<span style="font-size: 1px; color: white;">remedy</span></div>
        </p>
      </simpleChoice>
    </choiceInteraction>
  </itemBody>
  <responseProcessing>
    <responseCondition>
      <responseIf>
        <match>
          <variable identifier="RESPONSE"/>
          <correct identifier="RESPONSE"/>
        </match>
      </responseIf>
    </responseCondition>
  </responseProcessing>
</assessmentItem>
