<?xml version='1.0' encoding='UTF-8'?>
<assessmentItem xmlns="http://www.imsglobal.org/xsd/imsqti_v2p1" xmlns:xsi="http://www.w3.org/2001/XMLSchema-instance" xmlns:ns8="http://www.w3.org/1999/xlink" xmlns:ns9="http://www.imsglobal.org/xsd/apip/apipv1p0/imsapip_qtiv1p0" xsi:schemaLocation="http://www.imsglobal.org/xsd/imsqti_v2p1 http://www.imsglobal.org/xsd/qti/qtiv2p1/imsqti_v2p1.xsd" title="9289_0dbf_76ef" adaptive="false" timeDependent="false" identifier="9289_0dbf_76ef">
  <responseDeclaration baseType="identifier" cardinality="single" identifier="RESPONSE">
    <correctResponse>
      <value>answer_002</value>
    </correctResponse>
  </responseDeclaration>
  <outcomeDeclaration baseType="float" cardinality="single" identifier="SCORE"/>
  <itemBody>
    <div>
      <div id="drv_cb8a" oncopy="return false;" onpaste="return false;" oncut="return false;" oncontextmenu="return false;" onmousedown="return false;" onselectstart="return false;">
        <h4>Based<span style="font-size: 1px; color: white;">from</span>on<span style="font-size: 1px; color: white;">atoms</span>the<span style="font-size: 1px; color: white;">zfn</span>chemical<span style="font-size: 1px; color: white;">white</span>properties of<span style="font-size: 1px; color: white;">tube</span>amino<span style="font-size: 1px; color: white;">list</span>acid side<span style="font-size: 1px; color: white;">esite</span>chains, which pair<span style="font-size: 1px; color: white;">become</span>of amino acids<span style="font-size: 1px; color: white;">andor</span>listed<span style="font-size: 1px; color: white;">site</span>below<span style="font-size: 1px; color: white;">lysis</span>can<span style="font-size: 1px; color: white;">enable</span>form an ionic bond<span style="font-size: 1px; color: white;">cheese</span>between<span style="font-size: 1px; color: white;">genome</span>their side chains?</h4>
        <span style="font-size: 1px; color: white;">widely</span>
      </div>
    </div>
    <choiceInteraction maxChoices="1" responseIdentifier="RESPONSE" shuffle="true">
      <simpleChoice fixed="true" identifier="answer_1">
        <p>
          <div id="drv_b327" oncopy="return false;" onpaste="return false;" oncut="return false;" oncontextmenu="return false;" onmousedown="return false;" onselectstart="return false;">Proline<span style="font-size: 1px; color: white;">patau</span>and Aspartic Acid </div>
        </p>
      </simpleChoice>
      <simpleChoice fixed="true" identifier="answer_2">
        <p>
          <div id="drv_63fc" oncopy="return false;" onpaste="return false;" oncut="return false;" oncontextmenu="return false;" onmousedown="return false;" onselectstart="return false;">Aspartate<span style="font-size: 1px; color: white;">linked</span>and Histidine<span style="font-size: 1px; color: white;">aitaqi</span></div>
        </p>
      </simpleChoice>
      <simpleChoice fixed="true" identifier="answer_3">
        <p>
          <div id="drv_4728" oncopy="return false;" onpaste="return false;" oncut="return false;" oncontextmenu="return false;" onmousedown="return false;" onselectstart="return false;">Proline and Aspartate<span style="font-size: 1px; color: white;">keto</span></div>
        </p>
      </simpleChoice>
      <simpleChoice fixed="true" identifier="answer_4">
        <p>
          <div id="drv_a8a1" oncopy="return false;" onpaste="return false;" oncut="return false;" oncontextmenu="return false;" onmousedown="return false;" onselectstart="return false;">Phenylalanine<span style="font-size: 1px; color: white;">height</span>and Leucine<span style="font-size: 1px; color: white;">what</span></div>
        </p>
      </simpleChoice>
      <simpleChoice fixed="true" identifier="answer_5">
        <p>
          <div id="drv_53e6" oncopy="return false;" onpaste="return false;" oncut="return false;" oncontextmenu="return false;" onmousedown="return false;" onselectstart="return false;">Tyrosine<span style="font-size: 1px; color: white;">ndash</span>and Arginine<span style="font-size: 1px; color: white;">sleep</span></div>
        </p>
      </simpleChoice>
    </choiceInteraction>
  </itemBody>
  <responseProcessing>
    <responseCondition>
      <responseIf>
        <match>
          <variable identifier="RESPONSE"/>
          <correct identifier="RESPONSE"/>
        </match>
      </responseIf>
    </responseCondition>
  </responseProcessing>
</assessmentItem>
