<?xml version='1.0' encoding='UTF-8'?>
<assessmentItem xmlns="http://www.imsglobal.org/xsd/imsqti_v2p1" xmlns:xsi="http://www.w3.org/2001/XMLSchema-instance" xmlns:ns8="http://www.w3.org/1999/xlink" xmlns:ns9="http://www.imsglobal.org/xsd/apip/apipv1p0/imsapip_qtiv1p0" xsi:schemaLocation="http://www.imsglobal.org/xsd/imsqti_v2p1 http://www.imsglobal.org/xsd/qti/qtiv2p1/imsqti_v2p1.xsd" title="b85c_4d74_dfb3" adaptive="false" timeDependent="false" identifier="b85c_4d74_dfb3">
  <responseDeclaration baseType="identifier" cardinality="multiple" identifier="RESPONSE">
    <correctResponse>
      <value>answer_003</value>
      <value>answer_004</value>
      <value>answer_007</value>
      <value>answer_009</value>
      <value>answer_010</value>
    </correctResponse>
  </responseDeclaration>
  <outcomeDeclaration baseType="float" cardinality="single" identifier="SCORE"/>
  <itemBody>
    <div><p>cf35_fc0c</p> <p>Haworth classification problem</p><table border="0" cellpadding="0" cellspacing="0" style="border: solid white 0px; border-collapse: collapse; border: white solid 0px;"><tbody><tr><td rowspan="3" style="border: solid white 0px; text-align: right; vertical-align: bottom;"><span style="color: #995c00;">HO</span></td><td style="border: solid white 0px;"/><td style="border: solid white 0px;"/><td style="border: solid white 0px;"/><td style="border: solid white 0px;"><span style="color: #8f246b;">CH<sub>2</sub>OH</span></td><td style="border: solid white 0px;"/><td style="border: solid white 0px;"/><td style="border: solid white 0px;"/><td style="border: solid white 0px;"/><td style="border: solid white 0px;"/><td rowspan="3" style="border: solid white 0px; text-align: left; vertical-align: bottom;"><span style="color: #8f246b;">CH<sub>2</sub>OH</span></td></tr><tr><td style="border: solid white 0px;"/><td style="border: solid white 0px;"/><td style="border: solid white 0px;"/><td style="border: solid white 0px; border-bottom: 1px solid black; border-left: 1px solid black;"/><td style="border: solid white 0px; border-bottom: 1px solid black;">       </td><td style="border: solid white 0px; border-bottom: 1px solid black;"/><td style="border: solid white 0px;"/><td style="border: solid white 0px;"/><td style="border: solid white 0px;"/></tr><tr><td style="border: solid white 0px;"/><td style="border: solid white 0px;"/><td style="border: solid white 0px;">/</td><td style="border: solid white 0px; border-left: 1px solid black;"/><td style="border: solid white 0px;"/><td style="border: solid white 0px;"/><td style="border: solid white 0px;"><strong><span style="color: darkred">O</span></strong></td><td style="border: solid white 0px;"/><td style="border: solid white 0px;"/></tr><tr><td rowspan="2" style="border: solid white 0px; border-right: 1px solid black;"/><td style="border: solid white 0px;"/><td style="border: solid white 0px;">/</td><td style="border: solid white 0px;"/><td style="border: solid white 0px;"><span style="color: #0052cc;">H</span></td><td style="border: solid white 0px;"/><td style="border: solid white 0px;"/><td style="border: solid white 0px;"/><td style="border: solid white 0px;">\</td><td style="border: solid white 0px;"/><td rowspan="2" style="border: solid white 0px; border-left: 1px solid black;"/></tr><tr><td style="border: solid white 0px;">/</td><td style="border: solid white 0px;"/><td style="border: solid white 0px;"/><td colspan="3" rowspan="2" style="border: solid white 0px; text-align: center;"><span style="color: silver"><strong>Haworth</strong></span></td><td style="border: solid white 0px;"/><td style="border: solid white 0px;"/><td style="border: solid white 0px;">\</td></tr><tr><td rowspan="2" style="border: solid white 0px; border-right: 1px solid black;"/><td style="border: solid white 0px;"><strong>\</strong></td><td style="border: solid white 0px;"/><td style="border: solid white 0px;"/><td style="border: solid white 0px;"/><td style="border: solid white 0px;"/><td style="border: solid white 0px;"><strong>/</strong></td><td rowspan="2" style="border: solid white 0px; border-left: 1px solid black;"/></tr><tr><td style="border: solid white 0px;"/><td style="border: solid white 0px;"><strong>\</strong></td><td style="border: solid white 0px;"/><td style="border: solid white 0px;"><span style="color: #995c00;">OH</span></td><td style="border: solid white 0px;"/><td style="border: solid white 0px; text-align: right;"><span style="color: #0052cc;">H</span></td><td style="border: solid white 0px;"/><td style="border: solid white 0px;"><strong>/</strong></td><td style="border: solid white 0px;"/></tr><tr><td rowspan="3" style="border: solid white 0px; text-align: right; vertical-align: top;"><span style="color: #0052cc;">H</span></td><td style="border: solid white 0px;"/><td style="border: solid white 0px;"/><td style="border: solid white 0px; text-align: center;"><span style="font-size: large;"><strong>\</strong></span></td><td style="border: solid white 0px; border-bottom: 6px solid black; border-left: 1px solid black;"/><td style="border: solid white 0px; border-bottom: 6px solid black;"/><td style="border: solid white 0px; border-bottom: 6px solid black; border-right: 1px solid black;"/><td style="border: solid white 0px; text-align: center;"><span style="font-size: large;"><strong>/</strong></span></td><td style="border: solid white 0px;"/><td style="border: solid white 0px;"/><td rowspan="3" style="border: solid white 0px; text-align: left; vertical-align: top;"><span style="color: #995c00;">OH</span></td></tr><tr><td style="border: solid white 0px;"/><td style="border: solid white 0px;"/><td style="border: solid white 0px;"/><td style="border: solid white 0px; border-left: 1px solid black;"/><td style="border: solid white 0px;"/><td style="border: solid white 0px; border-right: 1px solid black;"/><td style="border: solid white 0px;"/><td style="border: solid white 0px;"/><td style="border: solid white 0px;"/></tr><tr><td style="border: solid white 0px;"/><td style="border: solid white 0px;"/><td style="border: solid white 0px;"/><td style="border: solid white 0px;"><span style="color: #0052cc;">H</span></td><td style="border: solid white 0px;"/><td style="border: solid white 0px; text-align: right;"><span style="color: #995c00;">HO</span></td><td style="border: solid white 0px;"/><td style="border: solid white 0px;"/><td style="border: solid white 0px;"/></tr></tbody></table><p>The diagram above shows a <strong>Haworth projection</strong> of an unnamed monosaccharide.</p><p>Your task is to classify the sugar based on the provided categorizations below. Carefully analyze the structure and check the <strong>five categorizations that apply</strong>.</p><p><strong>Instructions:</strong></p><ul><li>You are required to select exactly <strong>five (5) boxes</strong>.</li><li>Selecting fewer or more than five boxes will be marked as <strong>incorrect</strong>.</li><li><strong>No partial credit</strong> will be awarded.</li></ul></div>
    <choiceInteraction maxChoices="5" responseIdentifier="RESPONSE" shuffle="true">
      <simpleChoice fixed="true" identifier="answer_1">
        <p>A. <span style="color:#0000b3;">pentose (5)</span></p>
      </simpleChoice>
      <simpleChoice fixed="true" identifier="answer_2">
        <p>B. <span style="color:#0000b3;">hexose (6)</span></p>
      </simpleChoice>
      <simpleChoice fixed="true" identifier="answer_3">
        <p>C. <span style="color:#0000b3;">septose (7)</span></p>
      </simpleChoice>
      <simpleChoice fixed="true" identifier="answer_4">
        <p>D. <span style="color:#008000;">D-configuration</span></p>
      </simpleChoice>
      <simpleChoice fixed="true" identifier="answer_5">
        <p>E. <span style="color:#008000;">L-configuration</span></p>
      </simpleChoice>
      <simpleChoice fixed="true" identifier="answer_6">
        <p>F. <span style="color:#b34700;">aldose</span></p>
      </simpleChoice>
      <simpleChoice fixed="true" identifier="answer_7">
        <p>G. <span style="color:#b34700;">ketose</span></p>
      </simpleChoice>
      <simpleChoice fixed="true" identifier="answer_8">
        <p>H. <span style="color:#b300b3;">furanose</span></p>
      </simpleChoice>
      <simpleChoice fixed="true" identifier="answer_9">
        <p>I. <span style="color:#b300b3;">pyranose</span></p>
      </simpleChoice>
      <simpleChoice fixed="true" identifier="answer_10">
        <p>J. <span style="color:#996633;">α-anomer</span></p>
      </simpleChoice>
      <simpleChoice fixed="true" identifier="answer_11">
        <p>K. <span style="color:#996633;">β-anomer</span></p>
      </simpleChoice>
    </choiceInteraction>
  </itemBody>
  <responseProcessing>
    <responseCondition>
      <responseIf>
        <match>
          <variable identifier="RESPONSE"/>
          <correct identifier="RESPONSE"/>
        </match>
      </responseIf>
    </responseCondition>
  </responseProcessing>
</assessmentItem>
