<?xml version='1.0' encoding='UTF-8'?>
<assessmentItem xmlns="http://www.imsglobal.org/xsd/imsqti_v2p1" xmlns:xsi="http://www.w3.org/2001/XMLSchema-instance" xmlns:ns8="http://www.w3.org/1999/xlink" xmlns:ns9="http://www.imsglobal.org/xsd/apip/apipv1p0/imsapip_qtiv1p0" xsi:schemaLocation="http://www.imsglobal.org/xsd/imsqti_v2p1 http://www.imsglobal.org/xsd/qti/qtiv2p1/imsqti_v2p1.xsd" title="e71b_384b_74e8" adaptive="false" timeDependent="false" identifier="e71b_384b_74e8">
  <responseDeclaration baseType="identifier" cardinality="single" identifier="RESPONSE">
    <correctResponse>
      <value>answer_5</value>
    </correctResponse>
  </responseDeclaration>
  <outcomeDeclaration baseType="float" cardinality="single" identifier="SCORE"/>
  <itemBody>
    <div><p>45da</p> <p><u>Michaelis-Menten Kinetics and Inhibition Type Determination</u></p><p>The table below presents data on enzyme activity measured as initial reaction velocities (V<sub>0</sub>) with and without the presence of an inhibitor at various substrate concentrations ([S]).</p><table cellpadding="2" cellspacing="2" style="text-align:center; border-collapse: collapse; border: 1px solid black; font-size: 14px;"><colgroup width="160"/> <colgroup width="160"/> <colgroup width="160"/> <tr style="background-color: lightgray; border-bottom: 2px solid black;"><th align="center" style="padding: 5px; font-size: 10px;">substrate<br/>concentration, <span style="font-size: 14px;">[S]</span></th><th align="center" style="padding: 5px; font-size: 10px;">initial reaction<br/>velocity no inhibitor<br/><span style="font-size: 14px;">V<sub>0</sub> (–inh)</span></th><th align="center" style="padding: 5px; font-size: 10px;">initial reaction<br/>velocity with inhibitor<br/><span style="font-size: 14px;">V<sub>0</sub> (+inh)</span></th></tr><tr style="background-color: #FFFFDD;"> <td style="border: 1px solid black;" align="right"><span style="font-family: courier, monospace;">0.0001 </span></td> <td style="border: 1px solid black;" align="right"><span style="font-family: courier, monospace;">1.2 </span></td> <td style="border: 1px solid black;" align="right"><span style="font-family: courier, monospace;">1.0 </span></td></tr><tr style="background-color: #FFFFFF;"> <td style="border: 1px solid black;" align="right"><span style="font-family: courier, monospace;">0.0002 </span></td> <td style="border: 1px solid black;" align="right"><span style="font-family: courier, monospace;">2.4 </span></td> <td style="border: 1px solid black;" align="right"><span style="font-family: courier, monospace;">1.9 </span></td></tr><tr style="background-color: #FFFFDD;"> <td style="border: 1px solid black;" align="right"><span style="font-family: courier, monospace;">0.0005 </span></td> <td style="border: 1px solid black;" align="right"><span style="font-family: courier, monospace;">5.5 </span></td> <td style="border: 1px solid black;" align="right"><span style="font-family: courier, monospace;">4.0 </span></td></tr><tr style="background-color: #FFFFFF;"> <td style="border: 1px solid black;" align="right"><span style="font-family: courier, monospace;">0.0010 </span></td> <td style="border: 1px solid black;" align="right"><span style="font-family: courier, monospace;">10.0 </span></td> <td style="border: 1px solid black;" align="right"><span style="font-family: courier, monospace;">6.7 </span></td></tr><tr style="background-color: #FFFFDD;"> <td style="border: 1px solid black;" align="right"><span style="font-family: courier, monospace;">0.0020 </span></td> <td style="border: 1px solid black;" align="right"><span style="font-family: courier, monospace;">17.2 </span></td> <td style="border: 1px solid black;" align="right"><span style="font-family: courier, monospace;">10.0 </span></td></tr><tr style="background-color: #FFFFFF;"> <td style="border: 1px solid black;" align="right"><span style="font-family: courier, monospace;">0.0050 </span></td> <td style="border: 1px solid black;" align="right"><span style="font-family: courier, monospace;">30.0 </span></td> <td style="border: 1px solid black;" align="right"><span style="font-family: courier, monospace;">14.3 </span></td></tr><tr style="background-color: #FFFFDD;"> <td style="border: 1px solid black;" align="right"><span style="font-family: courier, monospace;">0.0100 </span></td> <td style="border: 1px solid black;" align="right"><span style="font-family: courier, monospace;">40.0 </span></td> <td style="border: 1px solid black;" align="right"><span style="font-family: courier, monospace;">16.7 </span></td></tr><tr style="background-color: #FFFFFF;"> <td style="border: 1px solid black;" align="right"><span style="font-family: courier, monospace;">0.0200 </span></td> <td style="border: 1px solid black;" align="right"><span style="font-family: courier, monospace;">48.0 </span></td> <td style="border: 1px solid black;" align="right"><span style="font-family: courier, monospace;">18.2 </span></td></tr><tr style="background-color: #FFFFDD;"> <td style="border: 1px solid black;" align="right"><span style="font-family: courier, monospace;">0.0500 </span></td> <td style="border: 1px solid black;" align="right"><span style="font-family: courier, monospace;">54.6 </span></td> <td style="border: 1px solid black;" align="right"><span style="font-family: courier, monospace;">19.3 </span></td></tr><tr style="background-color: #FFFFFF;"> <td style="border: 1px solid black;" align="right"><span style="font-family: courier, monospace;">0.1000 </span></td> <td style="border: 1px solid black;" align="right"><span style="font-family: courier, monospace;">57.2 </span></td> <td style="border: 1px solid black;" align="right"><span style="font-family: courier, monospace;">19.7 </span></td></tr><tr style="background-color: #FFFFDD;"> <td style="border: 1px solid black;" align="right"><span style="font-family: courier, monospace;">1.0000 </span></td> <td style="border: 1px solid black;" align="right"><span style="font-family: courier, monospace;">59.8 </span></td> <td style="border: 1px solid black;" align="right"><span style="font-family: courier, monospace;">20.0 </span></td></tr><tr style="background-color: #FFFFFF;"> <td style="border: 1px solid black;" align="right"><span style="font-family: courier, monospace;">10.0000 </span></td> <td style="border: 1px solid black;" align="right"><span style="font-family: courier, monospace;">60.0 </span></td> <td style="border: 1px solid black;" align="right"><span style="font-family: courier, monospace;">20.0 </span></td></tr></table><br/><p>Based on the data provided, determine the type of inhibition show by the inhibitor. Consider how the addition of the inhibitor affects the initial reaction velocities (V<sub>0</sub>) at various substrate concentrations ([S]).</p></div>
    <choiceInteraction maxChoices="1" responseIdentifier="RESPONSE" shuffle="true">
      <simpleChoice fixed="true" identifier="answer_1">
        <p>A.  competitive  </p>
      </simpleChoice>
      <simpleChoice fixed="true" identifier="answer_2">
        <p>B.  non-competitive  </p>
      </simpleChoice>
      <simpleChoice fixed="true" identifier="answer_3">
        <p>C.  omni-competitive  </p>
      </simpleChoice>
      <simpleChoice fixed="true" identifier="answer_4">
        <p>D.  ortho-competitive  </p>
      </simpleChoice>
      <simpleChoice fixed="true" identifier="answer_5">
        <p>E.  un-competitive  </p>
      </simpleChoice>
    </choiceInteraction>
  </itemBody>
  <responseProcessing>
    <responseCondition>
      <responseIf>
        <match>
          <variable identifier="RESPONSE"/>
          <correct identifier="RESPONSE"/>
        </match>
      </responseIf>
    </responseCondition>
  </responseProcessing>
</assessmentItem>
