<?xml version='1.0' encoding='UTF-8'?>
<manifest xmlns="http://www.imsglobal.org/xsd/imscp_v1p1" xmlns:lom="http://ltsc.ieee.org/xsd/LOM" xmlns:imsmd="http://www.imsglobal.org/xsd/imsmd_v1p2" xmlns:xsi="http://www.w3.org/2001/XMLSchema-instance" identifier="main manifest" xsi:schemaLocation="http://www.imsglobal.org/xsd/imscp_v1p1 http://www.imsglobal.org/xsd/imscp_v1p1.xsd http://www.imsglobal.org/xsd/imsmd_v1p2 http://www.imsglobal.org/xsd/imsmd_v1p2.xsd http://ltsc.ieee.org/xsd/LOM http://ieee-sa.imeetcentral.com/ltsc/">
  <metadata>
    <schema>QTIv2.1</schema>
    <schemaversion>2.0</schemaversion>
    <imsmd:lom>
      <imsmd:general>
        <imsmd:title>
          <imsmd:string>alpha_helix_h-bonds-MA</imsmd:string>
        </imsmd:title>
      </imsmd:general>
      <imsmd:lifeCycle>
        <imsmd:contribute>
          <imsmd:date>
            <imsmd:dateTime>2026-02-11</imsmd:dateTime>
          </imsmd:date>
        </imsmd:contribute>
      </imsmd:lifeCycle>
      <imsmd:rights>
        <imsmd:description>
          <imsmd:string>CC Attribution - http://creativecommons.org/licenses/by/4.0</imsmd:string>
        </imsmd:description>
      </imsmd:rights>
    </imsmd:lom>
  </metadata>
  <resources>
    <resource href="qti21_items/item_00001.xml" identifier="item_00001" type="imsqti_item_xmlv2p1">
      <file href="qti21_items/item_00001.xml"/>
      <dependency identifierref="assessment_meta"/>
    </resource>
    <resource href="qti21_items/item_00002.xml" identifier="item_00002" type="imsqti_item_xmlv2p1">
      <file href="qti21_items/item_00002.xml"/>
      <dependency identifierref="assessment_meta"/>
    </resource>
    <resource href="qti21_items/item_00003.xml" identifier="item_00003" type="imsqti_item_xmlv2p1">
      <file href="qti21_items/item_00003.xml"/>
      <dependency identifierref="assessment_meta"/>
    </resource>
    <resource href="qti21_items/item_00004.xml" identifier="item_00004" type="imsqti_item_xmlv2p1">
      <file href="qti21_items/item_00004.xml"/>
      <dependency identifierref="assessment_meta"/>
    </resource>
    <resource href="qti21_items/item_00005.xml" identifier="item_00005" type="imsqti_item_xmlv2p1">
      <file href="qti21_items/item_00005.xml"/>
      <dependency identifierref="assessment_meta"/>
    </resource>
    <resource href="qti21_items/item_00006.xml" identifier="item_00006" type="imsqti_item_xmlv2p1">
      <file href="qti21_items/item_00006.xml"/>
      <dependency identifierref="assessment_meta"/>
    </resource>
    <resource href="qti21_items/item_00007.xml" identifier="item_00007" type="imsqti_item_xmlv2p1">
      <file href="qti21_items/item_00007.xml"/>
      <dependency identifierref="assessment_meta"/>
    </resource>
    <resource href="qti21_items/item_00008.xml" identifier="item_00008" type="imsqti_item_xmlv2p1">
      <file href="qti21_items/item_00008.xml"/>
      <dependency identifierref="assessment_meta"/>
    </resource>
    <resource href="qti21_items/item_00009.xml" identifier="item_00009" type="imsqti_item_xmlv2p1">
      <file href="qti21_items/item_00009.xml"/>
      <dependency identifierref="assessment_meta"/>
    </resource>
    <resource href="qti21_items/item_00010.xml" identifier="item_00010" type="imsqti_item_xmlv2p1">
      <file href="qti21_items/item_00010.xml"/>
      <dependency identifierref="assessment_meta"/>
    </resource>
    <resource href="qti21_items/item_00011.xml" identifier="item_00011" type="imsqti_item_xmlv2p1">
      <file href="qti21_items/item_00011.xml"/>
      <dependency identifierref="assessment_meta"/>
    </resource>
    <resource href="qti21_items/item_00012.xml" identifier="item_00012" type="imsqti_item_xmlv2p1">
      <file href="qti21_items/item_00012.xml"/>
      <dependency identifierref="assessment_meta"/>
    </resource>
    <resource href="qti21_items/item_00013.xml" identifier="item_00013" type="imsqti_item_xmlv2p1">
      <file href="qti21_items/item_00013.xml"/>
      <dependency identifierref="assessment_meta"/>
    </resource>
    <resource href="qti21_items/item_00014.xml" identifier="item_00014" type="imsqti_item_xmlv2p1">
      <file href="qti21_items/item_00014.xml"/>
      <dependency identifierref="assessment_meta"/>
    </resource>
    <resource href="qti21_items/item_00015.xml" identifier="item_00015" type="imsqti_item_xmlv2p1">
      <file href="qti21_items/item_00015.xml"/>
      <dependency identifierref="assessment_meta"/>
    </resource>
    <resource href="qti21_items/item_00016.xml" identifier="item_00016" type="imsqti_item_xmlv2p1">
      <file href="qti21_items/item_00016.xml"/>
      <dependency identifierref="assessment_meta"/>
    </resource>
    <resource href="qti21_items/item_00017.xml" identifier="item_00017" type="imsqti_item_xmlv2p1">
      <file href="qti21_items/item_00017.xml"/>
      <dependency identifierref="assessment_meta"/>
    </resource>
    <resource href="qti21_items/item_00018.xml" identifier="item_00018" type="imsqti_item_xmlv2p1">
      <file href="qti21_items/item_00018.xml"/>
      <dependency identifierref="assessment_meta"/>
    </resource>
    <resource href="qti21_items/item_00019.xml" identifier="item_00019" type="imsqti_item_xmlv2p1">
      <file href="qti21_items/item_00019.xml"/>
      <dependency identifierref="assessment_meta"/>
    </resource>
    <resource href="qti21_items/item_00020.xml" identifier="item_00020" type="imsqti_item_xmlv2p1">
      <file href="qti21_items/item_00020.xml"/>
      <dependency identifierref="assessment_meta"/>
    </resource>
    <resource href="qti21_items/item_00021.xml" identifier="item_00021" type="imsqti_item_xmlv2p1">
      <file href="qti21_items/item_00021.xml"/>
      <dependency identifierref="assessment_meta"/>
    </resource>
    <resource href="qti21_items/item_00022.xml" identifier="item_00022" type="imsqti_item_xmlv2p1">
      <file href="qti21_items/item_00022.xml"/>
      <dependency identifierref="assessment_meta"/>
    </resource>
    <resource href="qti21_items/item_00023.xml" identifier="item_00023" type="imsqti_item_xmlv2p1">
      <file href="qti21_items/item_00023.xml"/>
      <dependency identifierref="assessment_meta"/>
    </resource>
    <resource href="qti21_items/item_00024.xml" identifier="item_00024" type="imsqti_item_xmlv2p1">
      <file href="qti21_items/item_00024.xml"/>
      <dependency identifierref="assessment_meta"/>
    </resource>
    <resource href="qti21_items/item_00025.xml" identifier="item_00025" type="imsqti_item_xmlv2p1">
      <file href="qti21_items/item_00025.xml"/>
      <dependency identifierref="assessment_meta"/>
    </resource>
    <resource href="qti21_items/item_00026.xml" identifier="item_00026" type="imsqti_item_xmlv2p1">
      <file href="qti21_items/item_00026.xml"/>
      <dependency identifierref="assessment_meta"/>
    </resource>
    <resource href="qti21_items/item_00027.xml" identifier="item_00027" type="imsqti_item_xmlv2p1">
      <file href="qti21_items/item_00027.xml"/>
      <dependency identifierref="assessment_meta"/>
    </resource>
    <resource href="qti21_items/item_00028.xml" identifier="item_00028" type="imsqti_item_xmlv2p1">
      <file href="qti21_items/item_00028.xml"/>
      <dependency identifierref="assessment_meta"/>
    </resource>
    <resource href="qti21_items/item_00029.xml" identifier="item_00029" type="imsqti_item_xmlv2p1">
      <file href="qti21_items/item_00029.xml"/>
      <dependency identifierref="assessment_meta"/>
    </resource>
    <resource href="qti21_items/item_00030.xml" identifier="item_00030" type="imsqti_item_xmlv2p1">
      <file href="qti21_items/item_00030.xml"/>
      <dependency identifierref="assessment_meta"/>
    </resource>
    <resource href="qti21_items/item_00031.xml" identifier="item_00031" type="imsqti_item_xmlv2p1">
      <file href="qti21_items/item_00031.xml"/>
      <dependency identifierref="assessment_meta"/>
    </resource>
    <resource href="qti21_items/item_00032.xml" identifier="item_00032" type="imsqti_item_xmlv2p1">
      <file href="qti21_items/item_00032.xml"/>
      <dependency identifierref="assessment_meta"/>
    </resource>
    <resource href="qti21_items/item_00033.xml" identifier="item_00033" type="imsqti_item_xmlv2p1">
      <file href="qti21_items/item_00033.xml"/>
      <dependency identifierref="assessment_meta"/>
    </resource>
    <resource href="qti21_items/item_00034.xml" identifier="item_00034" type="imsqti_item_xmlv2p1">
      <file href="qti21_items/item_00034.xml"/>
      <dependency identifierref="assessment_meta"/>
    </resource>
    <resource href="qti21_items/item_00035.xml" identifier="item_00035" type="imsqti_item_xmlv2p1">
      <file href="qti21_items/item_00035.xml"/>
      <dependency identifierref="assessment_meta"/>
    </resource>
    <resource href="qti21_items/item_00036.xml" identifier="item_00036" type="imsqti_item_xmlv2p1">
      <file href="qti21_items/item_00036.xml"/>
      <dependency identifierref="assessment_meta"/>
    </resource>
    <resource href="qti21_items/item_00037.xml" identifier="item_00037" type="imsqti_item_xmlv2p1">
      <file href="qti21_items/item_00037.xml"/>
      <dependency identifierref="assessment_meta"/>
    </resource>
    <resource href="qti21_items/item_00038.xml" identifier="item_00038" type="imsqti_item_xmlv2p1">
      <file href="qti21_items/item_00038.xml"/>
      <dependency identifierref="assessment_meta"/>
    </resource>
    <resource href="qti21_items/item_00039.xml" identifier="item_00039" type="imsqti_item_xmlv2p1">
      <file href="qti21_items/item_00039.xml"/>
      <dependency identifierref="assessment_meta"/>
    </resource>
    <resource href="qti21_items/item_00040.xml" identifier="item_00040" type="imsqti_item_xmlv2p1">
      <file href="qti21_items/item_00040.xml"/>
      <dependency identifierref="assessment_meta"/>
    </resource>
    <resource href="qti21_items/item_00041.xml" identifier="item_00041" type="imsqti_item_xmlv2p1">
      <file href="qti21_items/item_00041.xml"/>
      <dependency identifierref="assessment_meta"/>
    </resource>
    <resource href="qti21_items/item_00042.xml" identifier="item_00042" type="imsqti_item_xmlv2p1">
      <file href="qti21_items/item_00042.xml"/>
      <dependency identifierref="assessment_meta"/>
    </resource>
    <resource href="qti21_items/item_00043.xml" identifier="item_00043" type="imsqti_item_xmlv2p1">
      <file href="qti21_items/item_00043.xml"/>
      <dependency identifierref="assessment_meta"/>
    </resource>
    <resource href="qti21_items/item_00044.xml" identifier="item_00044" type="imsqti_item_xmlv2p1">
      <file href="qti21_items/item_00044.xml"/>
      <dependency identifierref="assessment_meta"/>
    </resource>
    <resource href="qti21_items/item_00045.xml" identifier="item_00045" type="imsqti_item_xmlv2p1">
      <file href="qti21_items/item_00045.xml"/>
      <dependency identifierref="assessment_meta"/>
    </resource>
    <resource href="qti21_items/item_00046.xml" identifier="item_00046" type="imsqti_item_xmlv2p1">
      <file href="qti21_items/item_00046.xml"/>
      <dependency identifierref="assessment_meta"/>
    </resource>
    <resource href="qti21_items/item_00047.xml" identifier="item_00047" type="imsqti_item_xmlv2p1">
      <file href="qti21_items/item_00047.xml"/>
      <dependency identifierref="assessment_meta"/>
    </resource>
    <resource href="qti21_items/item_00048.xml" identifier="item_00048" type="imsqti_item_xmlv2p1">
      <file href="qti21_items/item_00048.xml"/>
      <dependency identifierref="assessment_meta"/>
    </resource>
    <resource href="qti21_items/item_00049.xml" identifier="item_00049" type="imsqti_item_xmlv2p1">
      <file href="qti21_items/item_00049.xml"/>
      <dependency identifierref="assessment_meta"/>
    </resource>
    <resource href="qti21_items/item_00050.xml" identifier="item_00050" type="imsqti_item_xmlv2p1">
      <file href="qti21_items/item_00050.xml"/>
      <dependency identifierref="assessment_meta"/>
    </resource>
    <resource href="qti21_items/item_00051.xml" identifier="item_00051" type="imsqti_item_xmlv2p1">
      <file href="qti21_items/item_00051.xml"/>
      <dependency identifierref="assessment_meta"/>
    </resource>
    <resource href="qti21_items/item_00052.xml" identifier="item_00052" type="imsqti_item_xmlv2p1">
      <file href="qti21_items/item_00052.xml"/>
      <dependency identifierref="assessment_meta"/>
    </resource>
    <resource href="qti21_items/item_00053.xml" identifier="item_00053" type="imsqti_item_xmlv2p1">
      <file href="qti21_items/item_00053.xml"/>
      <dependency identifierref="assessment_meta"/>
    </resource>
    <resource href="qti21_items/item_00054.xml" identifier="item_00054" type="imsqti_item_xmlv2p1">
      <file href="qti21_items/item_00054.xml"/>
      <dependency identifierref="assessment_meta"/>
    </resource>
    <resource href="qti21_items/item_00055.xml" identifier="item_00055" type="imsqti_item_xmlv2p1">
      <file href="qti21_items/item_00055.xml"/>
      <dependency identifierref="assessment_meta"/>
    </resource>
    <resource href="qti21_items/item_00056.xml" identifier="item_00056" type="imsqti_item_xmlv2p1">
      <file href="qti21_items/item_00056.xml"/>
      <dependency identifierref="assessment_meta"/>
    </resource>
    <resource href="qti21_items/item_00057.xml" identifier="item_00057" type="imsqti_item_xmlv2p1">
      <file href="qti21_items/item_00057.xml"/>
      <dependency identifierref="assessment_meta"/>
    </resource>
    <resource href="qti21_items/item_00058.xml" identifier="item_00058" type="imsqti_item_xmlv2p1">
      <file href="qti21_items/item_00058.xml"/>
      <dependency identifierref="assessment_meta"/>
    </resource>
    <resource href="qti21_items/item_00059.xml" identifier="item_00059" type="imsqti_item_xmlv2p1">
      <file href="qti21_items/item_00059.xml"/>
      <dependency identifierref="assessment_meta"/>
    </resource>
    <resource href="qti21_items/item_00060.xml" identifier="item_00060" type="imsqti_item_xmlv2p1">
      <file href="qti21_items/item_00060.xml"/>
      <dependency identifierref="assessment_meta"/>
    </resource>
    <resource href="qti21_items/item_00061.xml" identifier="item_00061" type="imsqti_item_xmlv2p1">
      <file href="qti21_items/item_00061.xml"/>
      <dependency identifierref="assessment_meta"/>
    </resource>
    <resource href="qti21_items/item_00062.xml" identifier="item_00062" type="imsqti_item_xmlv2p1">
      <file href="qti21_items/item_00062.xml"/>
      <dependency identifierref="assessment_meta"/>
    </resource>
    <resource href="qti21_items/item_00063.xml" identifier="item_00063" type="imsqti_item_xmlv2p1">
      <file href="qti21_items/item_00063.xml"/>
      <dependency identifierref="assessment_meta"/>
    </resource>
    <resource href="qti21_items/item_00064.xml" identifier="item_00064" type="imsqti_item_xmlv2p1">
      <file href="qti21_items/item_00064.xml"/>
      <dependency identifierref="assessment_meta"/>
    </resource>
    <resource href="qti21_items/item_00065.xml" identifier="item_00065" type="imsqti_item_xmlv2p1">
      <file href="qti21_items/item_00065.xml"/>
      <dependency identifierref="assessment_meta"/>
    </resource>
    <resource href="qti21_items/item_00066.xml" identifier="item_00066" type="imsqti_item_xmlv2p1">
      <file href="qti21_items/item_00066.xml"/>
      <dependency identifierref="assessment_meta"/>
    </resource>
    <resource href="qti21_items/item_00067.xml" identifier="item_00067" type="imsqti_item_xmlv2p1">
      <file href="qti21_items/item_00067.xml"/>
      <dependency identifierref="assessment_meta"/>
    </resource>
    <resource href="qti21_items/item_00068.xml" identifier="item_00068" type="imsqti_item_xmlv2p1">
      <file href="qti21_items/item_00068.xml"/>
      <dependency identifierref="assessment_meta"/>
    </resource>
    <resource href="qti21_items/item_00069.xml" identifier="item_00069" type="imsqti_item_xmlv2p1">
      <file href="qti21_items/item_00069.xml"/>
      <dependency identifierref="assessment_meta"/>
    </resource>
    <resource href="qti21_items/item_00070.xml" identifier="item_00070" type="imsqti_item_xmlv2p1">
      <file href="qti21_items/item_00070.xml"/>
      <dependency identifierref="assessment_meta"/>
    </resource>
    <resource href="qti21_items/item_00071.xml" identifier="item_00071" type="imsqti_item_xmlv2p1">
      <file href="qti21_items/item_00071.xml"/>
      <dependency identifierref="assessment_meta"/>
    </resource>
    <resource href="qti21_items/item_00072.xml" identifier="item_00072" type="imsqti_item_xmlv2p1">
      <file href="qti21_items/item_00072.xml"/>
      <dependency identifierref="assessment_meta"/>
    </resource>
    <resource href="qti21_items/item_00073.xml" identifier="item_00073" type="imsqti_item_xmlv2p1">
      <file href="qti21_items/item_00073.xml"/>
      <dependency identifierref="assessment_meta"/>
    </resource>
    <resource href="qti21_items/item_00074.xml" identifier="item_00074" type="imsqti_item_xmlv2p1">
      <file href="qti21_items/item_00074.xml"/>
      <dependency identifierref="assessment_meta"/>
    </resource>
    <resource href="qti21_items/item_00075.xml" identifier="item_00075" type="imsqti_item_xmlv2p1">
      <file href="qti21_items/item_00075.xml"/>
      <dependency identifierref="assessment_meta"/>
    </resource>
    <resource href="qti21_items/item_00076.xml" identifier="item_00076" type="imsqti_item_xmlv2p1">
      <file href="qti21_items/item_00076.xml"/>
      <dependency identifierref="assessment_meta"/>
    </resource>
    <resource href="qti21_items/item_00077.xml" identifier="item_00077" type="imsqti_item_xmlv2p1">
      <file href="qti21_items/item_00077.xml"/>
      <dependency identifierref="assessment_meta"/>
    </resource>
    <resource href="qti21_items/item_00078.xml" identifier="item_00078" type="imsqti_item_xmlv2p1">
      <file href="qti21_items/item_00078.xml"/>
      <dependency identifierref="assessment_meta"/>
    </resource>
    <resource href="qti21_items/item_00079.xml" identifier="item_00079" type="imsqti_item_xmlv2p1">
      <file href="qti21_items/item_00079.xml"/>
      <dependency identifierref="assessment_meta"/>
    </resource>
    <resource href="qti21_items/item_00080.xml" identifier="item_00080" type="imsqti_item_xmlv2p1">
      <file href="qti21_items/item_00080.xml"/>
      <dependency identifierref="assessment_meta"/>
    </resource>
    <resource href="qti21_items/item_00081.xml" identifier="item_00081" type="imsqti_item_xmlv2p1">
      <file href="qti21_items/item_00081.xml"/>
      <dependency identifierref="assessment_meta"/>
    </resource>
    <resource href="qti21_items/item_00082.xml" identifier="item_00082" type="imsqti_item_xmlv2p1">
      <file href="qti21_items/item_00082.xml"/>
      <dependency identifierref="assessment_meta"/>
    </resource>
    <resource href="qti21_items/item_00083.xml" identifier="item_00083" type="imsqti_item_xmlv2p1">
      <file href="qti21_items/item_00083.xml"/>
      <dependency identifierref="assessment_meta"/>
    </resource>
    <resource href="qti21_items/item_00084.xml" identifier="item_00084" type="imsqti_item_xmlv2p1">
      <file href="qti21_items/item_00084.xml"/>
      <dependency identifierref="assessment_meta"/>
    </resource>
    <resource href="qti21_items/item_00085.xml" identifier="item_00085" type="imsqti_item_xmlv2p1">
      <file href="qti21_items/item_00085.xml"/>
      <dependency identifierref="assessment_meta"/>
    </resource>
    <resource href="qti21_items/item_00086.xml" identifier="item_00086" type="imsqti_item_xmlv2p1">
      <file href="qti21_items/item_00086.xml"/>
      <dependency identifierref="assessment_meta"/>
    </resource>
    <resource href="qti21_items/item_00087.xml" identifier="item_00087" type="imsqti_item_xmlv2p1">
      <file href="qti21_items/item_00087.xml"/>
      <dependency identifierref="assessment_meta"/>
    </resource>
    <resource href="qti21_items/item_00088.xml" identifier="item_00088" type="imsqti_item_xmlv2p1">
      <file href="qti21_items/item_00088.xml"/>
      <dependency identifierref="assessment_meta"/>
    </resource>
    <resource href="qti21_items/item_00089.xml" identifier="item_00089" type="imsqti_item_xmlv2p1">
      <file href="qti21_items/item_00089.xml"/>
      <dependency identifierref="assessment_meta"/>
    </resource>
    <resource href="qti21_items/item_00090.xml" identifier="item_00090" type="imsqti_item_xmlv2p1">
      <file href="qti21_items/item_00090.xml"/>
      <dependency identifierref="assessment_meta"/>
    </resource>
    <resource href="qti21_items/item_00091.xml" identifier="item_00091" type="imsqti_item_xmlv2p1">
      <file href="qti21_items/item_00091.xml"/>
      <dependency identifierref="assessment_meta"/>
    </resource>
    <resource href="qti21_items/item_00092.xml" identifier="item_00092" type="imsqti_item_xmlv2p1">
      <file href="qti21_items/item_00092.xml"/>
      <dependency identifierref="assessment_meta"/>
    </resource>
    <resource href="qti21_items/item_00093.xml" identifier="item_00093" type="imsqti_item_xmlv2p1">
      <file href="qti21_items/item_00093.xml"/>
      <dependency identifierref="assessment_meta"/>
    </resource>
    <resource href="qti21_items/assessment_meta.xml" identifier="assessment_meta" type="imsqti_test_xmlv2p1">
      <file href="qti21_items/assessment_meta.xml"/>
      <dependency identifierref="item_00001"/>
      <dependency identifierref="item_00002"/>
      <dependency identifierref="item_00003"/>
      <dependency identifierref="item_00004"/>
      <dependency identifierref="item_00005"/>
      <dependency identifierref="item_00006"/>
      <dependency identifierref="item_00007"/>
      <dependency identifierref="item_00008"/>
      <dependency identifierref="item_00009"/>
      <dependency identifierref="item_00010"/>
      <dependency identifierref="item_00011"/>
      <dependency identifierref="item_00012"/>
      <dependency identifierref="item_00013"/>
      <dependency identifierref="item_00014"/>
      <dependency identifierref="item_00015"/>
      <dependency identifierref="item_00016"/>
      <dependency identifierref="item_00017"/>
      <dependency identifierref="item_00018"/>
      <dependency identifierref="item_00019"/>
      <dependency identifierref="item_00020"/>
      <dependency identifierref="item_00021"/>
      <dependency identifierref="item_00022"/>
      <dependency identifierref="item_00023"/>
      <dependency identifierref="item_00024"/>
      <dependency identifierref="item_00025"/>
      <dependency identifierref="item_00026"/>
      <dependency identifierref="item_00027"/>
      <dependency identifierref="item_00028"/>
      <dependency identifierref="item_00029"/>
      <dependency identifierref="item_00030"/>
      <dependency identifierref="item_00031"/>
      <dependency identifierref="item_00032"/>
      <dependency identifierref="item_00033"/>
      <dependency identifierref="item_00034"/>
      <dependency identifierref="item_00035"/>
      <dependency identifierref="item_00036"/>
      <dependency identifierref="item_00037"/>
      <dependency identifierref="item_00038"/>
      <dependency identifierref="item_00039"/>
      <dependency identifierref="item_00040"/>
      <dependency identifierref="item_00041"/>
      <dependency identifierref="item_00042"/>
      <dependency identifierref="item_00043"/>
      <dependency identifierref="item_00044"/>
      <dependency identifierref="item_00045"/>
      <dependency identifierref="item_00046"/>
      <dependency identifierref="item_00047"/>
      <dependency identifierref="item_00048"/>
      <dependency identifierref="item_00049"/>
      <dependency identifierref="item_00050"/>
      <dependency identifierref="item_00051"/>
      <dependency identifierref="item_00052"/>
      <dependency identifierref="item_00053"/>
      <dependency identifierref="item_00054"/>
      <dependency identifierref="item_00055"/>
      <dependency identifierref="item_00056"/>
      <dependency identifierref="item_00057"/>
      <dependency identifierref="item_00058"/>
      <dependency identifierref="item_00059"/>
      <dependency identifierref="item_00060"/>
      <dependency identifierref="item_00061"/>
      <dependency identifierref="item_00062"/>
      <dependency identifierref="item_00063"/>
      <dependency identifierref="item_00064"/>
      <dependency identifierref="item_00065"/>
      <dependency identifierref="item_00066"/>
      <dependency identifierref="item_00067"/>
      <dependency identifierref="item_00068"/>
      <dependency identifierref="item_00069"/>
      <dependency identifierref="item_00070"/>
      <dependency identifierref="item_00071"/>
      <dependency identifierref="item_00072"/>
      <dependency identifierref="item_00073"/>
      <dependency identifierref="item_00074"/>
      <dependency identifierref="item_00075"/>
      <dependency identifierref="item_00076"/>
      <dependency identifierref="item_00077"/>
      <dependency identifierref="item_00078"/>
      <dependency identifierref="item_00079"/>
      <dependency identifierref="item_00080"/>
      <dependency identifierref="item_00081"/>
      <dependency identifierref="item_00082"/>
      <dependency identifierref="item_00083"/>
      <dependency identifierref="item_00084"/>
      <dependency identifierref="item_00085"/>
      <dependency identifierref="item_00086"/>
      <dependency identifierref="item_00087"/>
      <dependency identifierref="item_00088"/>
      <dependency identifierref="item_00089"/>
      <dependency identifierref="item_00090"/>
      <dependency identifierref="item_00091"/>
      <dependency identifierref="item_00092"/>
      <dependency identifierref="item_00093"/>
    </resource>
  </resources>
</manifest>
