<?xml version='1.0' encoding='UTF-8'?>
<assessmentItem xmlns="http://www.imsglobal.org/xsd/imsqti_v2p1" xmlns:xsi="http://www.w3.org/2001/XMLSchema-instance" xmlns:ns8="http://www.w3.org/1999/xlink" xmlns:ns9="http://www.imsglobal.org/xsd/apip/apipv1p0/imsapip_qtiv1p0" xsi:schemaLocation="http://www.imsglobal.org/xsd/imsqti_v2p1 http://www.imsglobal.org/xsd/qti/qtiv2p1/imsqti_v2p1.xsd" title="9fb9_cb0a_a135" adaptive="false" timeDependent="false" identifier="9fb9_cb0a_a135">
  <responseDeclaration baseType="identifier" cardinality="single" identifier="RESPONSE">
    <correctResponse>
      <value>answer_002</value>
    </correctResponse>
  </responseDeclaration>

  <outcomeDeclaration baseType="float" cardinality="single" identifier="SCORE"/>

  <itemBody>
    <div><p>The α-helix is a right-handed coil in which each backbone N–H group forms a hydrogen bond with the C=O group of an amino acid located a few residues away. The regular pattern of hydrogen bonding stabilizes the helix, preventing it from unraveling.</p> <p>In a long α-helix, amino acid <b>number 12</b> would form a hydrogen bond with which two other amino acids?</p><p>Select the correct pair of amino acids below.</p></div>
    <choiceInteraction maxChoices="1" responseIdentifier="RESPONSE" shuffle="true">
      <simpleChoice fixed="true" identifier="answer_1">
        <p>amino acids 9 and 15 (a residue shift of 3 positions)</p>
      </simpleChoice>
      <simpleChoice fixed="true" identifier="answer_2">
        <p>amino acids 8 and 16 (a residue shift of 4 positions)</p>
      </simpleChoice>
      <simpleChoice fixed="true" identifier="answer_3">
        <p>amino acids 7 and 17 (a residue shift of 5 positions)</p>
      </simpleChoice>
      <simpleChoice fixed="true" identifier="answer_4">
        <p>amino acids 5 and 19 (a residue shift of 7 positions)</p>
      </simpleChoice>
      <simpleChoice fixed="true" identifier="answer_5">
        <p>amino acids 4 and 20 (a residue shift of 8 positions)</p>
      </simpleChoice>
      <simpleChoice fixed="true" identifier="answer_6">
        <p>amino acids 2 and 22 (a residue shift of 10 positions)</p>
      </simpleChoice>
    </choiceInteraction>
  </itemBody>

  <responseProcessing>
    <responseCondition>
      <responseIf>
        <match>
          <variable identifier="RESPONSE"/>
          <correct identifier="RESPONSE"/>
        </match>
      </responseIf>
    </responseCondition>
  </responseProcessing>
</assessmentItem>
