<?xml version='1.0' encoding='UTF-8'?>
<assessmentItem xmlns="http://www.imsglobal.org/xsd/imsqti_v2p1" xmlns:xsi="http://www.w3.org/2001/XMLSchema-instance" xmlns:ns8="http://www.w3.org/1999/xlink" xmlns:ns9="http://www.imsglobal.org/xsd/apip/apipv1p0/imsapip_qtiv1p0" xsi:schemaLocation="http://www.imsglobal.org/xsd/imsqti_v2p1 http://www.imsglobal.org/xsd/qti/qtiv2p1/imsqti_v2p1.xsd" title="e8f1_287c_cde9" adaptive="false" timeDependent="false" identifier="e8f1_287c_cde9">
  <responseDeclaration baseType="identifier" cardinality="single" identifier="RESPONSE">
    <correctResponse>
      <value>answer_004</value>
    </correctResponse>
  </responseDeclaration>
  <outcomeDeclaration baseType="float" cardinality="single" identifier="SCORE"/>
  <itemBody>
    <div>
      <div id="drv_8b9a" oncopy="return false;" onpaste="return false;" oncut="return false;" oncontextmenu="return false;" onmousedown="return false;" onselectstart="return false;">
        <p>
          <b>Calculate<span style="font-size: 1px; color: white;">sister</span>the<span style="font-size: 1px; color: white;">hubert</span>ratio<span style="font-size: 1px; color: white;">low</span>of<span style="font-size: 1px; color: white;">hard</span>weak<span style="font-size: 1px; color: white;">limb</span>base<span style="font-size: 1px; color: white;">cope</span>to conjugate<span style="font-size: 1px; color: white;">moment</span>acid.</b>
        </p>
        <p>For <strong>ethylamine</strong> / <strong>ethylammonium</strong>, pK<sub>b</sub> = <span style="font-family: monospace;">3.99</span> and the<span style="font-size: 1px; color: white;">dough</span>desired<span style="font-size: 1px; color: white;">down</span>pH is <span style="font-family: monospace;">9.04</span>.</p>
        <p><b>What<span style="font-size: 1px; color: white;">harass</span>is<span style="font-size: 1px; color: white;">gun</span>the<span style="font-size: 1px; color: white;">wind</span>ratio</b> [base] / [conjugate<span style="font-size: 1px; color: white;">fibers</span>acid] ?</p>
        <p>Hint: pK<sub>a</sub> + pK<sub>b</sub> = 14.00 for<span style="font-size: 1px; color: white;">weight</span>a conjugate<span style="font-size: 1px; color: white;">ions</span>acid-base<span style="font-size: 1px; color: white;">reject</span>pair.</p>
        <span style="font-size: 1px; color: white;">matrix</span>
      </div>
    </div>
    <choiceInteraction maxChoices="1" responseIdentifier="RESPONSE" shuffle="true">
      <simpleChoice fixed="true" identifier="answer_1">
        <p>
          <div id="drv_a51d" oncopy="return false;" onpaste="return false;" oncut="return false;" oncontextmenu="return false;" onmousedown="return false;" onselectstart="return false;">
            <span style="font-family: monospace;"> 9.333</span>
            <span style="font-size: 1px; color: white;">early</span>
          </div>
        </p>
      </simpleChoice>
      <simpleChoice fixed="true" identifier="answer_2">
        <p>
          <div id="drv_9900" oncopy="return false;" onpaste="return false;" oncut="return false;" oncontextmenu="return false;" onmousedown="return false;" onselectstart="return false;">
            <span style="font-family: monospace;"> 0.011</span>
            <span style="font-size: 1px; color: white;">wraps</span>
          </div>
        </p>
      </simpleChoice>
      <simpleChoice fixed="true" identifier="answer_3">
        <p>
          <div id="drv_72bd" oncopy="return false;" onpaste="return false;" oncut="return false;" oncontextmenu="return false;" onmousedown="return false;" onselectstart="return false;">
            <span style="font-family: monospace;"> 0.054</span>
            <span style="font-size: 1px; color: white;">flight</span>
          </div>
        </p>
      </simpleChoice>
      <simpleChoice fixed="true" identifier="answer_4">
        <p>
          <div id="drv_77c1" oncopy="return false;" onpaste="return false;" oncut="return false;" oncontextmenu="return false;" onmousedown="return false;" onselectstart="return false;"><span style="font-family: monospace;"> 0.107</span> </div>
        </p>
      </simpleChoice>
    </choiceInteraction>
  </itemBody>
  <responseProcessing>
    <responseCondition>
      <responseIf>
        <match>
          <variable identifier="RESPONSE"/>
          <correct identifier="RESPONSE"/>
        </match>
      </responseIf>
    </responseCondition>
  </responseProcessing>
</assessmentItem>
