<?xml version='1.0' encoding='UTF-8'?>
<assessmentItem xmlns="http://www.imsglobal.org/xsd/imsqti_v2p1" xmlns:xsi="http://www.w3.org/2001/XMLSchema-instance" xmlns:ns8="http://www.w3.org/1999/xlink" xmlns:ns9="http://www.imsglobal.org/xsd/apip/apipv1p0/imsapip_qtiv1p0" xsi:schemaLocation="http://www.imsglobal.org/xsd/imsqti_v2p1 http://www.imsglobal.org/xsd/qti/qtiv2p1/imsqti_v2p1.xsd" title="2bae_e32e_80c0" adaptive="false" timeDependent="false" identifier="2bae_e32e_80c0">
  <responseDeclaration baseType="identifier" cardinality="single" identifier="RESPONSE">
    <correctResponse>
      <value>answer_001</value>
    </correctResponse>
  </responseDeclaration>
  <outcomeDeclaration baseType="float" cardinality="single" identifier="SCORE"/>
  <itemBody>
    <div>
      <div id="drv_9684" oncopy="return false;" onpaste="return false;" oncut="return false;" oncontextmenu="return false;" onmousedown="return false;" onselectstart="return false;">
        <p>
          <b>Calculate<span style="font-size: 1px; color: white;">cause</span>the<span style="font-size: 1px; color: white;">should</span>ratio of weak<span style="font-size: 1px; color: white;">egg</span>base<span style="font-size: 1px; color: white;">german</span>to<span style="font-size: 1px; color: white;">gamete</span>conjugate<span style="font-size: 1px; color: white;">traits</span>acid.</b>
        </p>
        <p>For <strong>ammonia</strong> / <strong>ammonium</strong>, pK<sub>b</sub> = <span style="font-family: monospace;">4.76</span> and<span style="font-size: 1px; color: white;">bug</span>the<span style="font-size: 1px; color: white;">want</span>desired<span style="font-size: 1px; color: white;">box</span>pH is <span style="font-family: monospace;">10.16</span>.</p>
        <p><b>What<span style="font-size: 1px; color: white;">folded</span>is the<span style="font-size: 1px; color: white;">als</span>ratio</b> [base] / [conjugate<span style="font-size: 1px; color: white;">plant</span>acid] ?</p>
        <p>Hint: pK<sub>a</sub> + pK<sub>b</sub> = 14.00 for<span style="font-size: 1px; color: white;">letter</span>a conjugate acid-base pair.</p>
        <span style="font-size: 1px; color: white;">even</span>
      </div>
    </div>
    <choiceInteraction maxChoices="1" responseIdentifier="RESPONSE" shuffle="true">
      <simpleChoice fixed="true" identifier="answer_1">
        <p>
          <div id="drv_b8f4" oncopy="return false;" onpaste="return false;" oncut="return false;" oncontextmenu="return false;" onmousedown="return false;" onselectstart="return false;">
            <span style="font-family: monospace;"> 8.318</span>
            <span style="font-size: 1px; color: white;">sides</span>
          </div>
        </p>
      </simpleChoice>
      <simpleChoice fixed="true" identifier="answer_2">
        <p>
          <div id="drv_7b90" oncopy="return false;" onpaste="return false;" oncut="return false;" oncontextmenu="return false;" onmousedown="return false;" onselectstart="return false;">
            <span style="font-family: monospace;">16.635</span>
            <span style="font-size: 1px; color: white;">mosaic</span>
          </div>
        </p>
      </simpleChoice>
      <simpleChoice fixed="true" identifier="answer_3">
        <p>
          <div id="drv_8c68" oncopy="return false;" onpaste="return false;" oncut="return false;" oncontextmenu="return false;" onmousedown="return false;" onselectstart="return false;"><span style="font-family: monospace;"> 4.159</span> </div>
        </p>
      </simpleChoice>
      <simpleChoice fixed="true" identifier="answer_4">
        <p>
          <div id="drv_4a2b" oncopy="return false;" onpaste="return false;" oncut="return false;" oncontextmenu="return false;" onmousedown="return false;" onselectstart="return false;"><span style="font-family: monospace;"> 0.120</span> </div>
        </p>
      </simpleChoice>
    </choiceInteraction>
  </itemBody>
  <responseProcessing>
    <responseCondition>
      <responseIf>
        <match>
          <variable identifier="RESPONSE"/>
          <correct identifier="RESPONSE"/>
        </match>
      </responseIf>
    </responseCondition>
  </responseProcessing>
</assessmentItem>
