<?xml version='1.0' encoding='UTF-8'?>
<assessmentItem xmlns="http://www.imsglobal.org/xsd/imsqti_v2p1" xmlns:xsi="http://www.w3.org/2001/XMLSchema-instance" xmlns:ns8="http://www.w3.org/1999/xlink" xmlns:ns9="http://www.imsglobal.org/xsd/apip/apipv1p0/imsapip_qtiv1p0" xsi:schemaLocation="http://www.imsglobal.org/xsd/imsqti_v2p1 http://www.imsglobal.org/xsd/qti/qtiv2p1/imsqti_v2p1.xsd" title="6f11_4281_de96" adaptive="false" timeDependent="false" identifier="6f11_4281_de96">
  <responseDeclaration baseType="identifier" cardinality="single" identifier="RESPONSE">
    <correctResponse>
      <value>answer_004</value>
    </correctResponse>
  </responseDeclaration>
  <outcomeDeclaration baseType="float" cardinality="single" identifier="SCORE"/>
  <itemBody>
    <div>
      <div id="drv_71e7" oncopy="return false;" onpaste="return false;" oncut="return false;" oncontextmenu="return false;" onmousedown="return false;" onselectstart="return false;">
        <p>
          <b>Calculate<span style="font-size: 1px; color: white;">door</span>the<span style="font-size: 1px; color: white;">purify</span>ratio of<span style="font-size: 1px; color: white;">favor</span>weak<span style="font-size: 1px; color: white;">dstain</span>base<span style="font-size: 1px; color: white;">plants</span>to<span style="font-size: 1px; color: white;">deltas</span>conjugate acid.</b>
        </p>
        <p>For <strong>ammonia</strong> / <strong>ammonium</strong>, pK<sub>b</sub> = <span style="font-family: monospace;">4.76</span> and the<span style="font-size: 1px; color: white;">bigger</span>desired<span style="font-size: 1px; color: white;">bgroup</span>pH is <span style="font-family: monospace;">9.62</span>.</p>
        <p><b>What is the ratio</b> [base] / [conjugate<span style="font-size: 1px; color: white;">hard</span>acid] ?</p>
        <p>Hint: pK<sub>a</sub> + pK<sub>b</sub> = 14.00 for<span style="font-size: 1px; color: white;">link</span>a conjugate<span style="font-size: 1px; color: white;">fibers</span>acid-base pair.</p>
        <span style="font-size: 1px; color: white;">pool</span>
      </div>
    </div>
    <choiceInteraction maxChoices="1" responseIdentifier="RESPONSE" shuffle="true">
      <simpleChoice fixed="true" identifier="answer_1">
        <p>
          <div id="drv_c89f" oncopy="return false;" onpaste="return false;" oncut="return false;" oncontextmenu="return false;" onmousedown="return false;" onselectstart="return false;"><span style="font-family: monospace;"> 0.240</span> </div>
        </p>
      </simpleChoice>
      <simpleChoice fixed="true" identifier="answer_2">
        <p>
          <div id="drv_d6f0" oncopy="return false;" onpaste="return false;" oncut="return false;" oncontextmenu="return false;" onmousedown="return false;" onselectstart="return false;">
            <span style="font-family: monospace;"> 1.199</span>
            <span style="font-size: 1px; color: white;">colii</span>
          </div>
        </p>
      </simpleChoice>
      <simpleChoice fixed="true" identifier="answer_3">
        <p>
          <div id="drv_4772" oncopy="return false;" onpaste="return false;" oncut="return false;" oncontextmenu="return false;" onmousedown="return false;" onselectstart="return false;"><span style="font-family: monospace;"> 4.798</span> </div>
        </p>
      </simpleChoice>
      <simpleChoice fixed="true" identifier="answer_4">
        <p>
          <div id="drv_db5c" oncopy="return false;" onpaste="return false;" oncut="return false;" oncontextmenu="return false;" onmousedown="return false;" onselectstart="return false;">
            <span style="font-family: monospace;"> 2.399</span>
            <span style="font-size: 1px; color: white;">hiv</span>
          </div>
        </p>
      </simpleChoice>
    </choiceInteraction>
  </itemBody>
  <responseProcessing>
    <responseCondition>
      <responseIf>
        <match>
          <variable identifier="RESPONSE"/>
          <correct identifier="RESPONSE"/>
        </match>
      </responseIf>
    </responseCondition>
  </responseProcessing>
</assessmentItem>
