<?xml version='1.0' encoding='UTF-8'?>
<assessmentItem xmlns="http://www.imsglobal.org/xsd/imsqti_v2p1" xmlns:xsi="http://www.w3.org/2001/XMLSchema-instance" xmlns:ns8="http://www.w3.org/1999/xlink" xmlns:ns9="http://www.imsglobal.org/xsd/apip/apipv1p0/imsapip_qtiv1p0" xsi:schemaLocation="http://www.imsglobal.org/xsd/imsqti_v2p1 http://www.imsglobal.org/xsd/qti/qtiv2p1/imsqti_v2p1.xsd" title="f36f_376d_86c4" adaptive="false" timeDependent="false" identifier="f36f_376d_86c4">
  <responseDeclaration baseType="identifier" cardinality="single" identifier="RESPONSE">
    <correctResponse>
      <value>answer_001</value>
    </correctResponse>
  </responseDeclaration>
  <outcomeDeclaration baseType="float" cardinality="single" identifier="SCORE"/>
  <itemBody>
    <div>
      <div id="drv_1299" oncopy="return false;" onpaste="return false;" oncut="return false;" oncontextmenu="return false;" onmousedown="return false;" onselectstart="return false;">
        <p>
          <b>Calculate<span style="font-size: 1px; color: white;">get</span>the<span style="font-size: 1px; color: white;">diet</span>ratio<span style="font-size: 1px; color: white;">after</span>of<span style="font-size: 1px; color: white;">smart</span>conjugate<span style="font-size: 1px; color: white;">waals</span>base to<span style="font-size: 1px; color: white;">lived</span>weak acid.</b>
        </p>
        <p>For <strong>butyric<span style="font-size: 1px; color: white;">pvalue</span>acid</strong> / <strong>butyrate</strong>, pK<sub>a</sub> = <span style="font-family: monospace;">4.82</span> and<span style="font-size: 1px; color: white;">relys</span>the<span style="font-size: 1px; color: white;">sky</span>desired<span style="font-size: 1px; color: white;">knew</span>pH is <span style="font-family: monospace;">5.23</span>.</p>
        <p><b>What<span style="font-size: 1px; color: white;">kinase</span>is the<span style="font-size: 1px; color: white;">arm</span>ratio</b> [A<sup>-</sup>] / [HA] ?</p>
        <span style="font-size: 1px; color: white;">male</span>
      </div>
    </div>
    <choiceInteraction maxChoices="1" responseIdentifier="RESPONSE" shuffle="true">
      <simpleChoice fixed="true" identifier="answer_1">
        <p>
          <div id="drv_af25" oncopy="return false;" onpaste="return false;" oncut="return false;" oncontextmenu="return false;" onmousedown="return false;" onselectstart="return false;">
            <span style="font-family: monospace;"> 2.570</span>
            <span style="font-size: 1px; color: white;">rather</span>
          </div>
        </p>
      </simpleChoice>
      <simpleChoice fixed="true" identifier="answer_2">
        <p>
          <div id="drv_ba0a" oncopy="return false;" onpaste="return false;" oncut="return false;" oncontextmenu="return false;" onmousedown="return false;" onselectstart="return false;"><span style="font-family: monospace;"> 0.257</span> </div>
        </p>
      </simpleChoice>
      <simpleChoice fixed="true" identifier="answer_3">
        <p>
          <div id="drv_01be" oncopy="return false;" onpaste="return false;" oncut="return false;" oncontextmenu="return false;" onmousedown="return false;" onselectstart="return false;">
            <span style="font-family: monospace;"> 1.285</span>
            <span style="font-size: 1px; color: white;">former</span>
          </div>
        </p>
      </simpleChoice>
      <simpleChoice fixed="true" identifier="answer_4">
        <p>
          <div id="drv_cc5e" oncopy="return false;" onpaste="return false;" oncut="return false;" oncontextmenu="return false;" onmousedown="return false;" onselectstart="return false;"><span style="font-family: monospace;"> 5.141</span> </div>
        </p>
      </simpleChoice>
    </choiceInteraction>
  </itemBody>
  <responseProcessing>
    <responseCondition>
      <responseIf>
        <match>
          <variable identifier="RESPONSE"/>
          <correct identifier="RESPONSE"/>
        </match>
      </responseIf>
    </responseCondition>
  </responseProcessing>
</assessmentItem>
