<?xml version='1.0' encoding='UTF-8'?>
<assessmentItem xmlns="http://www.imsglobal.org/xsd/imsqti_v2p1" xmlns:xsi="http://www.w3.org/2001/XMLSchema-instance" xmlns:ns8="http://www.w3.org/1999/xlink" xmlns:ns9="http://www.imsglobal.org/xsd/apip/apipv1p0/imsapip_qtiv1p0" xsi:schemaLocation="http://www.imsglobal.org/xsd/imsqti_v2p1 http://www.imsglobal.org/xsd/qti/qtiv2p1/imsqti_v2p1.xsd" title="aadd_d25c_4c9a" adaptive="false" timeDependent="false" identifier="aadd_d25c_4c9a">
  <responseDeclaration baseType="identifier" cardinality="single" identifier="RESPONSE">
    <correctResponse>
      <value>answer_002</value>
    </correctResponse>
  </responseDeclaration>
  <outcomeDeclaration baseType="float" cardinality="single" identifier="SCORE"/>
  <itemBody>
    <div>
      <div id="drv_e4b1" oncopy="return false;" onpaste="return false;" oncut="return false;" oncontextmenu="return false;" onmousedown="return false;" onselectstart="return false;"><p><b>Calculate<span style="font-size: 1px; color: white;">elaw</span>the<span style="font-size: 1px; color: white;">redder</span>ratio<span style="font-size: 1px; color: white;">state</span>of conjugate<span style="font-size: 1px; color: white;">types</span>base to weak<span style="font-size: 1px; color: white;">kind</span>acid.</b></p><p>For <strong>lactic<span style="font-size: 1px; color: white;">nonetd</span>acid</strong> / <strong>lactate</strong>, pK<sub>a</sub> = <span style="font-family: monospace;">3.86</span> and<span style="font-size: 1px; color: white;">rate</span>the<span style="font-size: 1px; color: white;">falseb</span>desired<span style="font-size: 1px; color: white;">speed</span>pH is <span style="font-family: monospace;">3.50</span>.</p><p><b>What is<span style="font-size: 1px; color: white;">brna</span>the<span style="font-size: 1px; color: white;">coo</span>ratio</b> [A<sup>-</sup>] / [HA] ?</p> </div>
    </div>
    <choiceInteraction maxChoices="1" responseIdentifier="RESPONSE" shuffle="true">
      <simpleChoice fixed="true" identifier="answer_1">
        <p>
          <div id="drv_ff55" oncopy="return false;" onpaste="return false;" oncut="return false;" oncontextmenu="return false;" onmousedown="return false;" onselectstart="return false;"><span style="font-family: monospace;"> 0.218</span> </div>
        </p>
      </simpleChoice>
      <simpleChoice fixed="true" identifier="answer_2">
        <p>
          <div id="drv_5735" oncopy="return false;" onpaste="return false;" oncut="return false;" oncontextmenu="return false;" onmousedown="return false;" onselectstart="return false;">
            <span style="font-family: monospace;"> 0.437</span>
            <span style="font-size: 1px; color: white;">acspan</span>
          </div>
        </p>
      </simpleChoice>
      <simpleChoice fixed="true" identifier="answer_3">
        <p>
          <div id="drv_00d6" oncopy="return false;" onpaste="return false;" oncut="return false;" oncontextmenu="return false;" onmousedown="return false;" onselectstart="return false;"><span style="font-family: monospace;"> 0.044</span> </div>
        </p>
      </simpleChoice>
      <simpleChoice fixed="true" identifier="answer_4">
        <p>
          <div id="drv_b993" oncopy="return false;" onpaste="return false;" oncut="return false;" oncontextmenu="return false;" onmousedown="return false;" onselectstart="return false;">
            <span style="font-family: monospace;"> 0.873</span>
            <span style="font-size: 1px; color: white;">candle</span>
          </div>
        </p>
      </simpleChoice>
    </choiceInteraction>
  </itemBody>
  <responseProcessing>
    <responseCondition>
      <responseIf>
        <match>
          <variable identifier="RESPONSE"/>
          <correct identifier="RESPONSE"/>
        </match>
      </responseIf>
    </responseCondition>
  </responseProcessing>
</assessmentItem>
