<?xml version='1.0' encoding='UTF-8'?>
<assessmentItem xmlns="http://www.imsglobal.org/xsd/imsqti_v2p1" xmlns:xsi="http://www.w3.org/2001/XMLSchema-instance" xmlns:ns8="http://www.w3.org/1999/xlink" xmlns:ns9="http://www.imsglobal.org/xsd/apip/apipv1p0/imsapip_qtiv1p0" xsi:schemaLocation="http://www.imsglobal.org/xsd/imsqti_v2p1 http://www.imsglobal.org/xsd/qti/qtiv2p1/imsqti_v2p1.xsd" title="ad03_51ba_2d82" adaptive="false" timeDependent="false" identifier="ad03_51ba_2d82">
  <responseDeclaration baseType="identifier" cardinality="single" identifier="RESPONSE">
    <correctResponse>
      <value>answer_003</value>
    </correctResponse>
  </responseDeclaration>
  <outcomeDeclaration baseType="float" cardinality="single" identifier="SCORE"/>
  <itemBody>
    <div>
      <div id="drv_371e" oncopy="return false;" onpaste="return false;" oncut="return false;" oncontextmenu="return false;" onmousedown="return false;" onselectstart="return false;">
        <p>
          <b>Calculate the ratio of<span style="font-size: 1px; color: white;">xylene</span>conjugate base<span style="font-size: 1px; color: white;">tca</span>to<span style="font-size: 1px; color: white;">grab</span>weak<span style="font-size: 1px; color: white;">solid</span>acid.</b>
        </p>
        <p>For <strong>butyric<span style="font-size: 1px; color: white;">water</span>acid</strong> / <strong>butyrate</strong>, pK<sub>a</sub> = <span style="font-family: monospace;">4.82</span> and<span style="font-size: 1px; color: white;">mixing</span>the<span style="font-size: 1px; color: white;">pool</span>desired pH is <span style="font-family: monospace;">5.05</span>.</p>
        <p><b>What is<span style="font-size: 1px; color: white;">lariat</span>the ratio</b> [A<sup>-</sup>] / [HA] ?</p>
        <span style="font-size: 1px; color: white;">sticky</span>
      </div>
    </div>
    <choiceInteraction maxChoices="1" responseIdentifier="RESPONSE" shuffle="true">
      <simpleChoice fixed="true" identifier="answer_1">
        <p>
          <div id="drv_24fc" oncopy="return false;" onpaste="return false;" oncut="return false;" oncontextmenu="return false;" onmousedown="return false;" onselectstart="return false;">
            <span style="font-family: monospace;"> 3.396</span>
            <span style="font-size: 1px; color: white;">builds</span>
          </div>
        </p>
      </simpleChoice>
      <simpleChoice fixed="true" identifier="answer_2">
        <p>
          <div id="drv_9d7e" oncopy="return false;" onpaste="return false;" oncut="return false;" oncontextmenu="return false;" onmousedown="return false;" onselectstart="return false;">
            <span style="font-family: monospace;"> 0.849</span>
            <span style="font-size: 1px; color: white;">rhythm</span>
          </div>
        </p>
      </simpleChoice>
      <simpleChoice fixed="true" identifier="answer_3">
        <p>
          <div id="drv_12e5" oncopy="return false;" onpaste="return false;" oncut="return false;" oncontextmenu="return false;" onmousedown="return false;" onselectstart="return false;">
            <span style="font-family: monospace;"> 1.698</span>
            <span style="font-size: 1px; color: white;">block</span>
          </div>
        </p>
      </simpleChoice>
      <simpleChoice fixed="true" identifier="answer_4">
        <p>
          <div id="drv_3f4d" oncopy="return false;" onpaste="return false;" oncut="return false;" oncontextmenu="return false;" onmousedown="return false;" onselectstart="return false;">
            <span style="font-family: monospace;">16.982</span>
            <span style="font-size: 1px; color: white;">bead</span>
          </div>
        </p>
      </simpleChoice>
    </choiceInteraction>
  </itemBody>
  <responseProcessing>
    <responseCondition>
      <responseIf>
        <match>
          <variable identifier="RESPONSE"/>
          <correct identifier="RESPONSE"/>
        </match>
      </responseIf>
    </responseCondition>
  </responseProcessing>
</assessmentItem>
