<?xml version='1.0' encoding='UTF-8'?>
<assessmentItem xmlns="http://www.imsglobal.org/xsd/imsqti_v2p1" xmlns:xsi="http://www.w3.org/2001/XMLSchema-instance" xmlns:ns8="http://www.w3.org/1999/xlink" xmlns:ns9="http://www.imsglobal.org/xsd/apip/apipv1p0/imsapip_qtiv1p0" xsi:schemaLocation="http://www.imsglobal.org/xsd/imsqti_v2p1 http://www.imsglobal.org/xsd/qti/qtiv2p1/imsqti_v2p1.xsd" title="59b3_4387_1de9" adaptive="false" timeDependent="false" identifier="59b3_4387_1de9">
  <responseDeclaration baseType="identifier" cardinality="single" identifier="RESPONSE">
    <correctResponse>
      <value>answer_001</value>
    </correctResponse>
  </responseDeclaration>
  <outcomeDeclaration baseType="float" cardinality="single" identifier="SCORE"/>
  <itemBody>
    <div>
      <div id="drv_646d" oncopy="return false;" onpaste="return false;" oncut="return false;" oncontextmenu="return false;" onmousedown="return false;" onselectstart="return false;">
        <p>
          <b>Calculate<span style="font-size: 1px; color: white;">itself</span>the<span style="font-size: 1px; color: white;">bees</span>ratio<span style="font-size: 1px; color: white;">equiv</span>of<span style="font-size: 1px; color: white;">fuisz</span>weak<span style="font-size: 1px; color: white;">itself</span>base<span style="font-size: 1px; color: white;">pool</span>to<span style="font-size: 1px; color: white;">remove</span>conjugate acid.</b>
        </p>
        <p>For <strong>ammonia</strong> / <strong>ammonium</strong>, pK<sub>b</sub> = <span style="font-family: monospace;">4.76</span> and<span style="font-size: 1px; color: white;">mates</span>the<span style="font-size: 1px; color: white;">loci</span>desired<span style="font-size: 1px; color: white;">ligate</span>pH is <span style="font-family: monospace;">8.41</span>.</p>
        <p><b>What is<span style="font-size: 1px; color: white;">lived</span>the ratio</b> [base] / [conjugate<span style="font-size: 1px; color: white;">last</span>acid] ?</p>
        <p>Hint: pK<sub>a</sub> + pK<sub>b</sub> = 14.00 for<span style="font-size: 1px; color: white;">gef</span>a conjugate<span style="font-size: 1px; color: white;">sticky</span>acid-base<span style="font-size: 1px; color: white;">track</span>pair.</p>
        <span style="font-size: 1px; color: white;">have</span>
      </div>
    </div>
    <choiceInteraction maxChoices="1" responseIdentifier="RESPONSE" shuffle="true">
      <simpleChoice fixed="true" identifier="answer_1">
        <p>
          <div id="drv_9e42" oncopy="return false;" onpaste="return false;" oncut="return false;" oncontextmenu="return false;" onmousedown="return false;" onselectstart="return false;"><span style="font-family: monospace;"> 0.148</span> </div>
        </p>
      </simpleChoice>
      <simpleChoice fixed="true" identifier="answer_2">
        <p>
          <div id="drv_951d" oncopy="return false;" onpaste="return false;" oncut="return false;" oncontextmenu="return false;" onmousedown="return false;" onselectstart="return false;"><span style="font-family: monospace;"> 1.479</span> </div>
        </p>
      </simpleChoice>
      <simpleChoice fixed="true" identifier="answer_3">
        <p>
          <div id="drv_62a7" oncopy="return false;" onpaste="return false;" oncut="return false;" oncontextmenu="return false;" onmousedown="return false;" onselectstart="return false;">
            <span style="font-family: monospace;"> 6.761</span>
            <span style="font-size: 1px; color: white;">ketone</span>
          </div>
        </p>
      </simpleChoice>
      <simpleChoice fixed="true" identifier="answer_4">
        <p>
          <div id="drv_636c" oncopy="return false;" onpaste="return false;" oncut="return false;" oncontextmenu="return false;" onmousedown="return false;" onselectstart="return false;"><span style="font-family: monospace;"> 0.015</span> </div>
        </p>
      </simpleChoice>
    </choiceInteraction>
  </itemBody>
  <responseProcessing>
    <responseCondition>
      <responseIf>
        <match>
          <variable identifier="RESPONSE"/>
          <correct identifier="RESPONSE"/>
        </match>
      </responseIf>
    </responseCondition>
  </responseProcessing>
</assessmentItem>
