<?xml version='1.0' encoding='UTF-8'?>
<assessmentItem xmlns="http://www.imsglobal.org/xsd/imsqti_v2p1" xmlns:xsi="http://www.w3.org/2001/XMLSchema-instance" xmlns:ns8="http://www.w3.org/1999/xlink" xmlns:ns9="http://www.imsglobal.org/xsd/apip/apipv1p0/imsapip_qtiv1p0" xsi:schemaLocation="http://www.imsglobal.org/xsd/imsqti_v2p1 http://www.imsglobal.org/xsd/qti/qtiv2p1/imsqti_v2p1.xsd" title="81d2_26e5_67a2" adaptive="false" timeDependent="false" identifier="81d2_26e5_67a2">
  <responseDeclaration baseType="identifier" cardinality="single" identifier="RESPONSE">
    <correctResponse>
      <value>answer_004</value>
    </correctResponse>
  </responseDeclaration>
  <outcomeDeclaration baseType="float" cardinality="single" identifier="SCORE"/>
  <itemBody>
    <div>
      <div id="drv_b0f2" oncopy="return false;" onpaste="return false;" oncut="return false;" oncontextmenu="return false;" onmousedown="return false;" onselectstart="return false;">
        <p>
          <b>Calculate<span style="font-size: 1px; color: white;">anemia</span>the<span style="font-size: 1px; color: white;">links</span>ratio<span style="font-size: 1px; color: white;">leak</span>of<span style="font-size: 1px; color: white;">cut</span>weak<span style="font-size: 1px; color: white;">every</span>base to<span style="font-size: 1px; color: white;">turth</span>conjugate<span style="font-size: 1px; color: white;">speeds</span>acid.</b>
        </p>
        <p>For <strong>ethylamine</strong> / <strong>ethylammonium</strong>, pK<sub>b</sub> = <span style="font-family: monospace;">3.99</span> and the desired<span style="font-size: 1px; color: white;">number</span>pH is <span style="font-family: monospace;">10.07</span>.</p>
        <p><b>What<span style="font-size: 1px; color: white;">anna</span>is<span style="font-size: 1px; color: white;">rest</span>the ratio</b> [base] / [conjugate<span style="font-size: 1px; color: white;">blue</span>acid] ?</p>
        <p>Hint: pK<sub>a</sub> + pK<sub>b</sub> = 14.00 for<span style="font-size: 1px; color: white;">uptake</span>a conjugate<span style="font-size: 1px; color: white;">easily</span>acid-base<span style="font-size: 1px; color: white;">dreba</span>pair.</p>
        <span style="font-size: 1px; color: white;">faster</span>
      </div>
    </div>
    <choiceInteraction maxChoices="1" responseIdentifier="RESPONSE" shuffle="true">
      <simpleChoice fixed="true" identifier="answer_1">
        <p>
          <div id="drv_4fb6" oncopy="return false;" onpaste="return false;" oncut="return false;" oncontextmenu="return false;" onmousedown="return false;" onselectstart="return false;">
            <span style="font-family: monospace;"> 0.115</span>
            <span style="font-size: 1px; color: white;">mobile</span>
          </div>
        </p>
      </simpleChoice>
      <simpleChoice fixed="true" identifier="answer_2">
        <p>
          <div id="drv_a656" oncopy="return false;" onpaste="return false;" oncut="return false;" oncontextmenu="return false;" onmousedown="return false;" onselectstart="return false;">
            <span style="font-family: monospace;"> 2.296</span>
            <span style="font-size: 1px; color: white;">style</span>
          </div>
        </p>
      </simpleChoice>
      <simpleChoice fixed="true" identifier="answer_3">
        <p>
          <div id="drv_4cd6" oncopy="return false;" onpaste="return false;" oncut="return false;" oncontextmenu="return false;" onmousedown="return false;" onselectstart="return false;">
            <span style="font-family: monospace;"> 0.574</span>
            <span style="font-size: 1px; color: white;">would</span>
          </div>
        </p>
      </simpleChoice>
      <simpleChoice fixed="true" identifier="answer_4">
        <p>
          <div id="drv_a2ec" oncopy="return false;" onpaste="return false;" oncut="return false;" oncontextmenu="return false;" onmousedown="return false;" onselectstart="return false;">
            <span style="font-family: monospace;"> 1.148</span>
            <span style="font-size: 1px; color: white;">former</span>
          </div>
        </p>
      </simpleChoice>
    </choiceInteraction>
  </itemBody>
  <responseProcessing>
    <responseCondition>
      <responseIf>
        <match>
          <variable identifier="RESPONSE"/>
          <correct identifier="RESPONSE"/>
        </match>
      </responseIf>
    </responseCondition>
  </responseProcessing>
</assessmentItem>
