<?xml version='1.0' encoding='UTF-8'?>
<assessmentItem xmlns="http://www.imsglobal.org/xsd/imsqti_v2p1" xmlns:xsi="http://www.w3.org/2001/XMLSchema-instance" xmlns:ns8="http://www.w3.org/1999/xlink" xmlns:ns9="http://www.imsglobal.org/xsd/apip/apipv1p0/imsapip_qtiv1p0" xsi:schemaLocation="http://www.imsglobal.org/xsd/imsqti_v2p1 http://www.imsglobal.org/xsd/qti/qtiv2p1/imsqti_v2p1.xsd" title="175c_f033_3081" adaptive="false" timeDependent="false" identifier="175c_f033_3081">
  <responseDeclaration baseType="identifier" cardinality="single" identifier="RESPONSE">
    <correctResponse>
      <value>answer_001</value>
    </correctResponse>
  </responseDeclaration>
  <outcomeDeclaration baseType="float" cardinality="single" identifier="SCORE"/>
  <itemBody>
    <div>
      <div id="drv_d65f" oncopy="return false;" onpaste="return false;" oncut="return false;" oncontextmenu="return false;" onmousedown="return false;" onselectstart="return false;">
        <p>
          <b>Calculate the ratio<span style="font-size: 1px; color: white;">cancer</span>of<span style="font-size: 1px; color: white;">plays</span>conjugate<span style="font-size: 1px; color: white;">over</span>base<span style="font-size: 1px; color: white;">xylo</span>to weak<span style="font-size: 1px; color: white;">held</span>acid.</b>
        </p>
        <p>For <strong>acetic<span style="font-size: 1px; color: white;">cutoff</span>acid</strong> / <strong>acetate</strong>, pK<sub>a</sub> = <span style="font-family: monospace;">4.76</span> and the<span style="font-size: 1px; color: white;">toxins</span>desired<span style="font-size: 1px; color: white;">unused</span>pH is <span style="font-family: monospace;">4.11</span>.</p>
        <p><b>What is<span style="font-size: 1px; color: white;">easier</span>the<span style="font-size: 1px; color: white;">folate</span>ratio</b> [A<sup>-</sup>] / [HA] ?</p>
        <span style="font-size: 1px; color: white;">energy</span>
      </div>
    </div>
    <choiceInteraction maxChoices="1" responseIdentifier="RESPONSE" shuffle="true">
      <simpleChoice fixed="true" identifier="answer_1">
        <p>
          <div id="drv_11e0" oncopy="return false;" onpaste="return false;" oncut="return false;" oncontextmenu="return false;" onmousedown="return false;" onselectstart="return false;"><span style="font-family: monospace;"> 0.224</span> </div>
        </p>
      </simpleChoice>
      <simpleChoice fixed="true" identifier="answer_2">
        <p>
          <div id="drv_7e55" oncopy="return false;" onpaste="return false;" oncut="return false;" oncontextmenu="return false;" onmousedown="return false;" onselectstart="return false;">
            <span style="font-family: monospace;"> 4.467</span>
            <span style="font-size: 1px; color: white;">large</span>
          </div>
        </p>
      </simpleChoice>
      <simpleChoice fixed="true" identifier="answer_3">
        <p>
          <div id="drv_b118" oncopy="return false;" onpaste="return false;" oncut="return false;" oncontextmenu="return false;" onmousedown="return false;" onselectstart="return false;">
            <span style="font-family: monospace;"> 2.239</span>
            <span style="font-size: 1px; color: white;">within</span>
          </div>
        </p>
      </simpleChoice>
      <simpleChoice fixed="true" identifier="answer_4">
        <p>
          <div id="drv_bf0c" oncopy="return false;" onpaste="return false;" oncut="return false;" oncontextmenu="return false;" onmousedown="return false;" onselectstart="return false;">
            <span style="font-family: monospace;"> 0.112</span>
            <span style="font-size: 1px; color: white;">idea</span>
          </div>
        </p>
      </simpleChoice>
    </choiceInteraction>
  </itemBody>
  <responseProcessing>
    <responseCondition>
      <responseIf>
        <match>
          <variable identifier="RESPONSE"/>
          <correct identifier="RESPONSE"/>
        </match>
      </responseIf>
    </responseCondition>
  </responseProcessing>
</assessmentItem>
