<?xml version='1.0' encoding='UTF-8'?>
<assessmentItem xmlns="http://www.imsglobal.org/xsd/imsqti_v2p1" xmlns:xsi="http://www.w3.org/2001/XMLSchema-instance" xmlns:ns8="http://www.w3.org/1999/xlink" xmlns:ns9="http://www.imsglobal.org/xsd/apip/apipv1p0/imsapip_qtiv1p0" xsi:schemaLocation="http://www.imsglobal.org/xsd/imsqti_v2p1 http://www.imsglobal.org/xsd/qti/qtiv2p1/imsqti_v2p1.xsd" title="b70a_2fba_9b0e" adaptive="false" timeDependent="false" identifier="b70a_2fba_9b0e">
  <responseDeclaration baseType="directedPair" cardinality="multiple" identifier="RESPONSE">
    <correctResponse>
      <value>prompt_001 choice_001</value>
      <value>prompt_002 choice_002</value>
      <value>prompt_003 choice_003</value>
      <value>prompt_004 choice_004</value>
      <value>prompt_005 choice_005</value>
    </correctResponse>
    <mapping defaultValue="0">
      <mapEntry mapKey="prompt_001 choice_001" mappedValue="1"/>
      <mapEntry mapKey="prompt_002 choice_002" mappedValue="1"/>
      <mapEntry mapKey="prompt_003 choice_003" mappedValue="1"/>
      <mapEntry mapKey="prompt_004 choice_004" mappedValue="1"/>
      <mapEntry mapKey="prompt_005 choice_005" mappedValue="1"/>
    </mapping>
  </responseDeclaration>
  <outcomeDeclaration baseType="float" cardinality="single" identifier="SCORE"/>
  <itemBody>
    <div>
      <p>Match each of the following polysaccharides with their corresponding descriptions.</p>
      <p><i>Note:</i> Each choice will be used exactly once.</p>
    </div>
    <matchInteraction responseIdentifier="RESPONSE" shuffle="true" maxAssociations="5">
      <prompt>&lt;p&gt;Match each of the following polysaccharides with their corresponding descriptions.&lt;/p&gt;&lt;p&gt;&lt;i&gt;Note:&lt;/i&gt; Each choice will be used exactly once.&lt;/p&gt;</prompt>
      <simpleMatchSet>
        <simpleAssociableChoice identifier="prompt_001" fixed="true" matchMax="1" matchMin="0">
          <p>
            <strong>
              <span style="color: DarkRed;">
                <strong>amylopectin</strong>
              </span>
            </strong>
          </p>
        </simpleAssociableChoice>
        <simpleAssociableChoice identifier="prompt_002" fixed="true" matchMax="1" matchMin="0">
          <p>
            <strong>
              <span style="color: SteelBlue;">
                <strong>amylose</strong>
              </span>
            </strong>
          </p>
        </simpleAssociableChoice>
        <simpleAssociableChoice identifier="prompt_003" fixed="true" matchMax="1" matchMin="0">
          <p>
            <strong>
              <span style="color: MediumVioletRed;">
                <strong>chitin</strong>
              </span>
            </strong>
          </p>
        </simpleAssociableChoice>
        <simpleAssociableChoice identifier="prompt_004" fixed="true" matchMax="1" matchMin="0">
          <p>
            <strong>
              <span style="color: DarkGreen;">
                <strong>glycogen</strong>
              </span>
            </strong>
          </p>
        </simpleAssociableChoice>
        <simpleAssociableChoice identifier="prompt_005" fixed="true" matchMax="1" matchMin="0">
          <p>
            <strong>
              <span style="color: Indigo;">
                <strong>cellulose</strong>
              </span>
            </strong>
          </p>
        </simpleAssociableChoice>
      </simpleMatchSet>
      <simpleMatchSet>
        <simpleAssociableChoice identifier="choice_001" fixed="true" matchMax="5" matchMin="0">
          <p>highly branched polymer of α-linked glucose units found in <strong><span style="color: #5A8432;">plants</span></strong></p>
        </simpleAssociableChoice>
        <simpleAssociableChoice identifier="choice_002" fixed="true" matchMax="5" matchMin="0">
          <p>unbranched <strong><span style="color: #693AAA;">storage</span></strong> form of glucose in <strong><span style="color: #5A8432;">plants</span></strong></p>
        </simpleAssociableChoice>
        <simpleAssociableChoice identifier="choice_003" fixed="true" matchMax="5" matchMin="0">
          <p><strong><span style="color: #843232;">animal</span> </strong>polysaccharide that contains β-glycosidic linkages</p>
        </simpleAssociableChoice>
        <simpleAssociableChoice identifier="choice_004" fixed="true" matchMax="5" matchMin="0">
          <p>glucose <strong><span style="color: #693AAA;">storage</span></strong> found in skeleton muscle and liver cells</p>
        </simpleAssociableChoice>
        <simpleAssociableChoice identifier="choice_005" fixed="true" matchMax="5" matchMin="0">
          <p><strong><span style="color: #AA693A;">structural</span></strong> material in <strong><span style="color: #5A8432;">plant</span> </strong><strong><span style="color: #b45918;">cell walls</span></strong></p>
        </simpleAssociableChoice>
      </simpleMatchSet>
    </matchInteraction>
  </itemBody>
  <responseProcessing template="http://www.imsglobal.org/question/qti_v2p1/rptemplates/map_response"/>
</assessmentItem>
