<?xml version='1.0' encoding='UTF-8'?>
<assessmentItem xmlns="http://www.imsglobal.org/xsd/imsqti_v2p1" xmlns:xsi="http://www.w3.org/2001/XMLSchema-instance" xmlns:ns8="http://www.w3.org/1999/xlink" xmlns:ns9="http://www.imsglobal.org/xsd/apip/apipv1p0/imsapip_qtiv1p0" xsi:schemaLocation="http://www.imsglobal.org/xsd/imsqti_v2p1 http://www.imsglobal.org/xsd/qti/qtiv2p1/imsqti_v2p1.xsd" title="735d_64fb_b64f" adaptive="false" timeDependent="false" identifier="735d_64fb_b64f">
  <responseDeclaration baseType="float" cardinality="single" identifier="RESPONSE">
    <correctResponse>
      <value>3.83</value>
    </correctResponse>
  </responseDeclaration>
  <outcomeDeclaration baseType="float" cardinality="single" identifier="SCORE"/>
  <itemBody>
    <div>
      <p>
        <b>Calculate pK<sub>a</sub> for<span style="font-size: 1px; color: white;">track</span>the<span style="font-size: 1px; color: white;">seal</span>weak acid.</b>
      </p>
      <p>The solution<span style="font-size: 1px; color: white;">unique</span>contains <span style="font-family: monospace;">474.0 mM</span> of <strong>glycolic acid</strong> and <span style="font-family: monospace;">461.0 mM</span> of <strong>sodium glycolate</strong>.</p>
      <p>The<span style="font-size: 1px; color: white;">gaps</span>measured<span style="font-size: 1px; color: white;">spike</span>pH of<span style="font-size: 1px; color: white;">intron</span>the<span style="font-size: 1px; color: white;">arms</span>solution<span style="font-size: 1px; color: white;">diver</span>is <span style="font-family: monospace;">3.82</span>.</p>
      <p>Henderson-Hasselbalch equation:</p>
      <p>
        <math xmlns="http://www.w3.org/1998/Math/MathML">
          <mi>pH</mi>
          <mo> </mo>
          <mo>=</mo>
          <mo> </mo>
          <msub>
            <mi>pK</mi>
            <mi>a</mi>
          </msub>
          <mo> </mo>
          <mo>+</mo>
          <mo> </mo>
          <msub>
            <mo>log</mo>
            <mn>10</mn>
          </msub>
          <mfenced>
            <mfrac>
              <mrow>
                <mo stretchy="true">[</mo>
                <mi>Base</mi>
                <mo stretchy="true">]</mo>
              </mrow>
              <mrow>
                <mo stretchy="true">[</mo>
                <mi>Acid</mi>
                <mo stretchy="true">]</mo>
              </mrow>
            </mfrac>
          </mfenced>
        </math>
      </p>
      <span style="font-size: 1px; color: white;">found</span>
      <p>
        <i>Note: answers need to be within 2% of the correct number to be correct.</i>
      </p>
    </div>
    <p>
      <textEntryInteraction responseIdentifier="RESPONSE"/>
    </p>
  </itemBody>
  <responseProcessing>
    <responseCondition>
      <responseIf>
        <equal toleranceMode="absolute" tolerance="0.05 0.05" includeLowerBound="true" includeUpperBound="true">
          <variable identifier="RESPONSE"/>
          <correct identifier="RESPONSE"/>
        </equal>
        <setOutcomeValue identifier="SCORE">
          <baseValue baseType="float">100</baseValue>
        </setOutcomeValue>
      </responseIf>
      <responseElse>
        <setOutcomeValue identifier="SCORE">
          <baseValue baseType="float">0</baseValue>
        </setOutcomeValue>
      </responseElse>
    </responseCondition>
  </responseProcessing>
</assessmentItem>
