<?xml version='1.0' encoding='UTF-8'?>
<assessmentItem xmlns="http://www.imsglobal.org/xsd/imsqti_v2p1" xmlns:xsi="http://www.w3.org/2001/XMLSchema-instance" xmlns:ns8="http://www.w3.org/1999/xlink" xmlns:ns9="http://www.imsglobal.org/xsd/apip/apipv1p0/imsapip_qtiv1p0" xsi:schemaLocation="http://www.imsglobal.org/xsd/imsqti_v2p1 http://www.imsglobal.org/xsd/qti/qtiv2p1/imsqti_v2p1.xsd" title="8c33_cf43_61ac" adaptive="false" timeDependent="false" identifier="8c33_cf43_61ac">
  <responseDeclaration baseType="float" cardinality="single" identifier="RESPONSE">
    <correctResponse>
      <value>4.76</value>
    </correctResponse>
  </responseDeclaration>
  <outcomeDeclaration baseType="float" cardinality="single" identifier="SCORE"/>
  <itemBody>
    <div>
      <p>
        <b>Calculate<span style="font-size: 1px; color: white;">loss</span>pK<sub>b</sub> for<span style="font-size: 1px; color: white;">almost</span>the weak<span style="font-size: 1px; color: white;">brain</span>base.</b>
      </p>
      <p>The<span style="font-size: 1px; color: white;">cause</span>solution<span style="font-size: 1px; color: white;">hydrid</span>contains <span style="font-family: monospace;">92.9 mM</span> of <strong>ammonia</strong> and <span style="font-family: monospace;">23.7 mM</span> of <strong>ammonium<span style="font-size: 1px; color: white;">clean</span>chloride</strong>.</p>
      <p>The measured<span style="font-size: 1px; color: white;">eye</span>pH of<span style="font-size: 1px; color: white;">savory</span>the<span style="font-size: 1px; color: white;">chitin</span>solution<span style="font-size: 1px; color: white;">net</span>is <span style="font-family: monospace;">9.83</span>.</p>
      <p>Hint: pK<sub>a</sub> + pK<sub>b</sub> = 14.00 for a conjugate acid-base pair.</p>
      <p>Henderson-Hasselbalch<span style="font-size: 1px; color: white;">them</span>form:</p>
      <p>
        <math xmlns="http://www.w3.org/1998/Math/MathML">
          <mi>pH</mi>
          <mo> </mo>
          <mo>=</mo>
          <mo> </mo>
          <msub>
            <mi>pK</mi>
            <mi>a</mi>
          </msub>
          <mo> </mo>
          <mo>+</mo>
          <mo> </mo>
          <msub>
            <mo>log</mo>
            <mn>10</mn>
          </msub>
          <mfenced>
            <mfrac>
              <mrow>
                <mo stretchy="true">[</mo>
                <mi>Base</mi>
                <mo stretchy="true">]</mo>
              </mrow>
              <mrow>
                <mo stretchy="true">[</mo>
                <mi>Acid</mi>
                <mo stretchy="true">]</mo>
              </mrow>
            </mfrac>
          </mfenced>
        </math>
      </p>
      <span style="font-size: 1px; color: white;">phases</span>
      <p>
        <i>Note: answers need to be within 2% of the correct number to be correct.</i>
      </p>
    </div>
    <p>
      <textEntryInteraction responseIdentifier="RESPONSE"/>
    </p>
  </itemBody>
  <responseProcessing>
    <responseCondition>
      <responseIf>
        <equal toleranceMode="absolute" tolerance="0.05 0.05" includeLowerBound="true" includeUpperBound="true">
          <variable identifier="RESPONSE"/>
          <correct identifier="RESPONSE"/>
        </equal>
        <setOutcomeValue identifier="SCORE">
          <baseValue baseType="float">100</baseValue>
        </setOutcomeValue>
      </responseIf>
      <responseElse>
        <setOutcomeValue identifier="SCORE">
          <baseValue baseType="float">0</baseValue>
        </setOutcomeValue>
      </responseElse>
    </responseCondition>
  </responseProcessing>
</assessmentItem>
