<?xml version='1.0' encoding='UTF-8'?>
<assessmentItem xmlns="http://www.imsglobal.org/xsd/imsqti_v2p1" xmlns:xsi="http://www.w3.org/2001/XMLSchema-instance" xmlns:ns8="http://www.w3.org/1999/xlink" xmlns:ns9="http://www.imsglobal.org/xsd/apip/apipv1p0/imsapip_qtiv1p0" xsi:schemaLocation="http://www.imsglobal.org/xsd/imsqti_v2p1 http://www.imsglobal.org/xsd/qti/qtiv2p1/imsqti_v2p1.xsd" title="881c_d7ae_398b" adaptive="false" timeDependent="false" identifier="881c_d7ae_398b">
  <responseDeclaration baseType="float" cardinality="single" identifier="RESPONSE">
    <correctResponse>
      <value>3.99</value>
    </correctResponse>
  </responseDeclaration>
  <outcomeDeclaration baseType="float" cardinality="single" identifier="SCORE"/>
  <itemBody>
    <div>
      <p>
        <b>Calculate<span style="font-size: 1px; color: white;">board</span>pK<sub>b</sub> for<span style="font-size: 1px; color: white;">area</span>the<span style="font-size: 1px; color: white;">water</span>weak base.</b>
      </p>
      <p>The solution<span style="font-size: 1px; color: white;">ecm</span>contains <span style="font-family: monospace;">50.9 mM</span> of <strong>ethylamine</strong> and <span style="font-family: monospace;">48.7 mM</span> of <strong>ethylammonium<span style="font-size: 1px; color: white;">start</span>chloride</strong>.</p>
      <p>The<span style="font-size: 1px; color: white;">animal</span>measured<span style="font-size: 1px; color: white;">unable</span>pH of<span style="font-size: 1px; color: white;">ensure</span>the<span style="font-size: 1px; color: white;">films</span>solution<span style="font-size: 1px; color: white;">cri</span>is <span style="font-family: monospace;">10.03</span>.</p>
      <p>Hint: pK<sub>a</sub> + pK<sub>b</sub> = 14.00 for<span style="font-size: 1px; color: white;">acids</span>a conjugate<span style="font-size: 1px; color: white;">from</span>acid-base<span style="font-size: 1px; color: white;">atom</span>pair.</p>
      <p>Henderson-Hasselbalch<span style="font-size: 1px; color: white;">bind</span>form:</p>
      <p>
        <math xmlns="http://www.w3.org/1998/Math/MathML">
          <mi>pH</mi>
          <mo> </mo>
          <mo>=</mo>
          <mo> </mo>
          <msub>
            <mi>pK</mi>
            <mi>a</mi>
          </msub>
          <mo> </mo>
          <mo>+</mo>
          <mo> </mo>
          <msub>
            <mo>log</mo>
            <mn>10</mn>
          </msub>
          <mfenced>
            <mfrac>
              <mrow>
                <mo stretchy="true">[</mo>
                <mi>Base</mi>
                <mo stretchy="true">]</mo>
              </mrow>
              <mrow>
                <mo stretchy="true">[</mo>
                <mi>Acid</mi>
                <mo stretchy="true">]</mo>
              </mrow>
            </mfrac>
          </mfenced>
        </math>
      </p>
      <p>
        <i>Note: answers need to be within 2% of the correct number to be correct.</i>
      </p>
    </div>
    <p>
      <textEntryInteraction responseIdentifier="RESPONSE"/>
    </p>
  </itemBody>
  <responseProcessing>
    <responseCondition>
      <responseIf>
        <equal toleranceMode="absolute" tolerance="0.05 0.05" includeLowerBound="true" includeUpperBound="true">
          <variable identifier="RESPONSE"/>
          <correct identifier="RESPONSE"/>
        </equal>
        <setOutcomeValue identifier="SCORE">
          <baseValue baseType="float">100</baseValue>
        </setOutcomeValue>
      </responseIf>
      <responseElse>
        <setOutcomeValue identifier="SCORE">
          <baseValue baseType="float">0</baseValue>
        </setOutcomeValue>
      </responseElse>
    </responseCondition>
  </responseProcessing>
</assessmentItem>
