<?xml version='1.0' encoding='UTF-8'?>
<assessmentItem xmlns="http://www.imsglobal.org/xsd/imsqti_v2p1" xmlns:xsi="http://www.w3.org/2001/XMLSchema-instance" xmlns:ns8="http://www.w3.org/1999/xlink" xmlns:ns9="http://www.imsglobal.org/xsd/apip/apipv1p0/imsapip_qtiv1p0" xsi:schemaLocation="http://www.imsglobal.org/xsd/imsqti_v2p1 http://www.imsglobal.org/xsd/qti/qtiv2p1/imsqti_v2p1.xsd" title="6542_3cab_f61a" adaptive="false" timeDependent="false" identifier="6542_3cab_f61a">
  <responseDeclaration baseType="float" cardinality="single" identifier="RESPONSE">
    <correctResponse>
      <value>41.15</value>
    </correctResponse>
  </responseDeclaration>

  <outcomeDeclaration baseType="float" cardinality="single" identifier="SCORE"/>

  <itemBody>
    <div>
      <p>Below is a simulated SDS–PAGE gel.</p>
      <p>Lane 1 contains a Kaleidoscope-style pre-stained protein ladder. Lane 2 contains a single protein band.</p>
      <p>The gel was run for a typical amount of time.</p>
      <p>
        <b>Standard ladder reference (kDa):</b>
      </p>
      <div style="display:inline-block; height:340px;">
        <table cellspacing="0" cellpadding="0" style="height:100%; border-spacing: 0; border-collapse: collapse; border: 1px solid black; display: inline-block; background-color: #fff;">
          <tr>
            <td style="width:15px; height:24px;"/>
            <td style="width:50px; height:24px;"/>
            <td style="width:15px; height:24px;"/>
            <td rowspan="3" style="width:54px; vertical-align:middle;" align="left">– 250</td>
            <td style="width:15px; height:24px;"/>
          </tr>
          <tr>
            <td style="height:9px;"/>
            <td style="height:9px; background-color:#99dbfb;"/>
            <td style="height:9px;"/>
            <td style="height:9px;"/>
          </tr>
          <tr>
            <td style="height:19px;"/>
            <td style="height:19px;"/>
            <td style="height:19px;"/>
            <td style="height:19px;"/>
          </tr>
          <tr>
            <td style="width:15px; height:18px;"/>
            <td style="width:50px; height:18px;"/>
            <td style="width:15px; height:18px;"/>
            <td rowspan="3" style="width:54px; vertical-align:middle;" align="left">– 150</td>
            <td style="width:15px; height:18px;"/>
          </tr>
          <tr>
            <td style="height:9px;"/>
            <td style="height:9px; background-color:#adafdf;"/>
            <td style="height:9px;"/>
            <td style="height:9px;"/>
          </tr>
          <tr>
            <td style="height:14px;"/>
            <td style="height:14px;"/>
            <td style="height:14px;"/>
            <td style="height:14px;"/>
          </tr>
          <tr>
            <td style="width:15px; height:13px;"/>
            <td style="width:50px; height:13px;"/>
            <td style="width:15px; height:13px;"/>
            <td rowspan="3" style="width:54px; vertical-align:middle;" align="left">– 100</td>
            <td style="width:15px; height:13px;"/>
          </tr>
          <tr>
            <td style="height:9px;"/>
            <td style="height:9px; background-color:#83c6ee;"/>
            <td style="height:9px;"/>
            <td style="height:9px;"/>
          </tr>
          <tr>
            <td style="height:9px;"/>
            <td style="height:9px;"/>
            <td style="height:9px;"/>
            <td style="height:9px;"/>
          </tr>
          <tr>
            <td style="width:15px; height:8px;"/>
            <td style="width:50px; height:8px;"/>
            <td style="width:15px; height:8px;"/>
            <td rowspan="3" style="width:54px; vertical-align:middle;" align="left">– 75</td>
            <td style="width:15px; height:8px;"/>
          </tr>
          <tr>
            <td style="height:9px;"/>
            <td style="height:9px; background-color:#feacd6;"/>
            <td style="height:9px;"/>
            <td style="height:9px;"/>
          </tr>
          <tr>
            <td style="height:14px;"/>
            <td style="height:14px;"/>
            <td style="height:14px;"/>
            <td style="height:14px;"/>
          </tr>
          <tr>
            <td style="width:15px; height:13px;"/>
            <td style="width:50px; height:13px;"/>
            <td style="width:15px; height:13px;"/>
            <td rowspan="3" style="width:54px; vertical-align:middle;" align="left">– 50</td>
            <td style="width:15px; height:13px;"/>
          </tr>
          <tr>
            <td style="height:9px;"/>
            <td style="height:9px; background-color:#80caf1;"/>
            <td style="height:9px;"/>
            <td style="height:9px;"/>
          </tr>
          <tr>
            <td style="height:10px;"/>
            <td style="height:10px;"/>
            <td style="height:10px;"/>
            <td style="height:10px;"/>
          </tr>
          <tr>
            <td style="width:15px; height:9px;"/>
            <td style="width:50px; height:9px;"/>
            <td style="width:15px; height:9px;"/>
            <td rowspan="3" style="width:54px; vertical-align:middle;" align="left">– 37</td>
            <td style="width:15px; height:9px;"/>
          </tr>
          <tr>
            <td style="height:9px;"/>
            <td style="height:9px; background-color:#9adb7f;"/>
            <td style="height:9px;"/>
            <td style="height:9px;"/>
          </tr>
          <tr>
            <td style="height:13px;"/>
            <td style="height:13px;"/>
            <td style="height:13px;"/>
            <td style="height:13px;"/>
          </tr>
          <tr>
            <td style="width:15px; height:13px;"/>
            <td style="width:50px; height:13px;"/>
            <td style="width:15px; height:13px;"/>
            <td rowspan="3" style="width:54px; vertical-align:middle;" align="left">– 25</td>
            <td style="width:15px; height:13px;"/>
          </tr>
          <tr>
            <td style="height:9px;"/>
            <td style="height:9px; background-color:#ffbbdc;"/>
            <td style="height:9px;"/>
            <td style="height:9px;"/>
          </tr>
          <tr>
            <td style="height:6px;"/>
            <td style="height:6px;"/>
            <td style="height:6px;"/>
            <td style="height:6px;"/>
          </tr>
          <tr>
            <td style="width:15px; height:5px;"/>
            <td style="width:50px; height:5px;"/>
            <td style="width:15px; height:5px;"/>
            <td rowspan="3" style="width:54px; vertical-align:middle;" align="left">– 20</td>
            <td style="width:15px; height:5px;"/>
          </tr>
          <tr>
            <td style="height:9px;"/>
            <td style="height:9px; background-color:#6dbfec;"/>
            <td style="height:9px;"/>
            <td style="height:9px;"/>
          </tr>
          <tr>
            <td style="height:9px;"/>
            <td style="height:9px;"/>
            <td style="height:9px;"/>
            <td style="height:9px;"/>
          </tr>
          <tr>
            <td style="width:15px; height:8px;"/>
            <td style="width:50px; height:8px;"/>
            <td style="width:15px; height:8px;"/>
            <td rowspan="3" style="width:54px; vertical-align:middle;" align="left">– 15</td>
            <td style="width:15px; height:8px;"/>
          </tr>
          <tr>
            <td style="height:9px;"/>
            <td style="height:9px; background-color:#b3def6;"/>
            <td style="height:9px;"/>
            <td style="height:9px;"/>
          </tr>
          <tr>
            <td style="height:14px;"/>
            <td style="height:14px;"/>
            <td style="height:14px;"/>
            <td style="height:14px;"/>
          </tr>
          <tr>
            <td style="width:15px; height:14px;"/>
            <td style="width:50px; height:14px;"/>
            <td style="width:15px; height:14px;"/>
            <td rowspan="3" style="width:54px; vertical-align:middle;" align="left">– 10</td>
            <td style="width:15px; height:14px;"/>
          </tr>
          <tr>
            <td style="height:9px;"/>
            <td style="height:9px; background-color:#ffee00;"/>
            <td style="height:9px;"/>
            <td style="height:9px;"/>
          </tr>
          <tr>
            <td style="height:17px;"/>
            <td style="height:17px;"/>
            <td style="height:17px;"/>
            <td style="height:17px;"/>
          </tr>
        </table>
      </div>
      <p>
        <b>Gel results:</b>
      </p>
      <div style="display:flex; align-items:flex-start; gap:18px;">
        <div style="text-align:center; font-family:Arial, sans-serif;">
          <div style="margin-bottom:6px;">
            <b>Lane 1</b>
          </div>
          <div style="position:relative; width:72px; height:340px; border:2px solid #000; background-color:#f7f7f7;">
            <div style="position:absolute; left:6px; right:6px; top:24.0px; height:8px; background-color:#99dbfb; border:1px solid #000;"/>
            <div style="position:absolute; left:6px; right:6px; top:67.3px; height:8px; background-color:#adafdf; border:1px solid #000;"/>
            <div style="position:absolute; left:6px; right:6px; top:101.6px; height:8px; background-color:#83c6ee; border:1px solid #000;"/>
            <div style="position:absolute; left:6px; right:6px; top:126.0px; height:8px; background-color:#feacd6; border:1px solid #000;"/>
            <div style="position:absolute; left:6px; right:6px; top:160.3px; height:8px; background-color:#80caf1; border:1px solid #000;"/>
            <div style="position:absolute; left:6px; right:6px; top:185.8px; height:8px; background-color:#9adb7f; border:1px solid #000;"/>
            <div style="position:absolute; left:6px; right:6px; top:219.0px; height:8px; background-color:#ffbbdc; border:1px solid #000;"/>
            <div style="position:absolute; left:6px; right:6px; top:237.9px; height:8px; background-color:#6dbfec; border:1px solid #000;"/>
            <div style="position:absolute; left:6px; right:6px; top:262.3px; height:8px; background-color:#b3def6; border:1px solid #000;"/>
            <div style="position:absolute; left:6px; right:6px; top:296.6px; height:8px; background-color:#ffee00; border:1px solid #000;"/>
          </div>
        </div>
        <div style="text-align:center; font-family:Arial, sans-serif;">
          <div style="margin-bottom:6px;">
            <b>Lane 2</b>
          </div>
          <div style="position:relative; width:72px; height:340px; border:2px solid #000; background-color:#f7f7f7;">
            <div style="position:absolute; left:6px; right:6px; top:176.8px; height:8px; background-color:#111111; border:1px solid #000;"/>
          </div>
        </div>
      </div>
      <p>
        <b>What is the molecular weight (kDa) of the band in lane 2?</b>
      </p>
      <p>
        <i>Assume ln(MW) is approximately linear with migration distance.</i>
      </p>
      <p>
        <i>Note: answers need to be within 10% of the correct number to be correct.</i>
      </p>
    </div>
    <p>
      <textEntryInteraction responseIdentifier="RESPONSE"/>
    </p>
  </itemBody>

  <responseProcessing>
    <responseCondition>
      <responseIf>
        <equal toleranceMode="absolute" tolerance="4.11495987 4.11495987" includeLowerBound="true" includeUpperBound="true">
          <variable identifier="RESPONSE"/>
          <correct identifier="RESPONSE"/>
        </equal>
        <setOutcomeValue identifier="SCORE">
          <baseValue baseType="float">100</baseValue>
        </setOutcomeValue>
      </responseIf>
      <responseElse>
        <setOutcomeValue identifier="SCORE">
          <baseValue baseType="float">0</baseValue>
        </setOutcomeValue>
      </responseElse>
    </responseCondition>
  </responseProcessing>
</assessmentItem>
