<?xml version='1.0' encoding='UTF-8'?>
<assessmentItem xmlns="http://www.imsglobal.org/xsd/imsqti_v2p1" xmlns:xsi="http://www.w3.org/2001/XMLSchema-instance" xmlns:ns8="http://www.w3.org/1999/xlink" xmlns:ns9="http://www.imsglobal.org/xsd/apip/apipv1p0/imsapip_qtiv1p0" xsi:schemaLocation="http://www.imsglobal.org/xsd/imsqti_v2p1 http://www.imsglobal.org/xsd/qti/qtiv2p1/imsqti_v2p1.xsd" title="e706_c50e_66ef" adaptive="false" timeDependent="false" identifier="e706_c50e_66ef">
  <responseDeclaration baseType="identifier" cardinality="single" identifier="RESPONSE">
    <correctResponse>
      <value>answer_005</value>
    </correctResponse>
  </responseDeclaration>

  <outcomeDeclaration baseType="float" cardinality="single" identifier="SCORE"/>

  <itemBody>
    <div>According to the <span style="color:#1a5fb4;font-weight:700;">second law</span> of thermodynamics, the <span style="color:#1a5fb4;font-weight:700;">total entropy</span> of an <span style="color:#6b21a8;font-weight:700;">open</span> system is:</div>
    <choiceInteraction maxChoices="1" responseIdentifier="RESPONSE" shuffle="true">
      <simpleChoice fixed="true" identifier="answer_1">
        <p>always zero</p>
      </simpleChoice>
      <simpleChoice fixed="true" identifier="answer_2">
        <p>always increasing</p>
      </simpleChoice>
      <simpleChoice fixed="true" identifier="answer_3">
        <p>always decreasing</p>
      </simpleChoice>
      <simpleChoice fixed="true" identifier="answer_4">
        <p>always constant (conserved)</p>
      </simpleChoice>
      <simpleChoice fixed="true" identifier="answer_5">
        <p>cannot be determined without more information</p>
      </simpleChoice>
    </choiceInteraction>
  </itemBody>

  <responseProcessing>
    <responseCondition>
      <responseIf>
        <match>
          <variable identifier="RESPONSE"/>
          <correct identifier="RESPONSE"/>
        </match>
      </responseIf>
    </responseCondition>
  </responseProcessing>
</assessmentItem>
