<?xml version='1.0' encoding='UTF-8'?>
<assessmentItem xmlns="http://www.imsglobal.org/xsd/imsqti_v2p1" xmlns:xsi="http://www.w3.org/2001/XMLSchema-instance" xmlns:ns8="http://www.w3.org/1999/xlink" xmlns:ns9="http://www.imsglobal.org/xsd/apip/apipv1p0/imsapip_qtiv1p0" xsi:schemaLocation="http://www.imsglobal.org/xsd/imsqti_v2p1 http://www.imsglobal.org/xsd/qti/qtiv2p1/imsqti_v2p1.xsd" title="ffdb_8668_8ade" adaptive="false" timeDependent="false" identifier="ffdb_8668_8ade">
  <responseDeclaration baseType="identifier" cardinality="single" identifier="RESPONSE">
    <correctResponse>
      <value>answer_2</value>
    </correctResponse>
  </responseDeclaration>
  <outcomeDeclaration baseType="float" cardinality="single" identifier="SCORE"/>
  <itemBody>
    <div><p>4c93</p> <p>Which one of the following amino acids correspond to the description <span style="font-size: 1em;"><strong>'<table border="1" style="border: 1px lightgray solid;" cellpading="0" cellspacing="0" align="center"> <tr> <td style="border: none;"/> <td colspan="4" style="border: none;" align="center">O<span style="display: inline-block; transform: scaleX(1.5); padding-right: 0.15em; padding-left: 0.15em;">=</span>C<strong>–</strong>OH</td> <td style="border: none;"/> </tr> <tr> <td style="border: none;"/> <td style="border: none;"/> <td style="border: none; border-right: 2px black solid;"> </td> <td style="border: none; border-left: 2px black solid;"> </td> <td style="border: none;"/> </tr> <tr> <td rowspan="2" style="border: none;">H</td> <td style="font-size: 1px; border: none; border-bottom: 2px black solid;" width="20px"> </td> <td rowspan="2" colspan="2" style="border: none;" align="center">C<sub>α</sub></td> <td style="font-size: 1px; border: none; border-bottom: 2px black solid;" width="20px"> </td> <td rowspan="2" colspan="2" style="border: none;" align="center">CH<sub>2</sub></td> <td style="font-size: 1px; border: none; border-bottom: 2px black solid;" width="20px"> </td> <td rowspan="2" colspan="2" style="border: none;" align="center">SH</td> </tr> <tr> <td style="font-size: 1px; border: none; border-top: 2px black solid;" width="20px"> </td> <td style="font-size: 1px; border: none; border-top: 2px black solid;" width="20px"> </td> <td style="font-size: 1px; border: none; border-top: 2px black solid;" width="20px"> </td> </tr> <tr> <td style="border: none;"/> <td style="border: none;"/> <td style="border: none; border-right: 2px black solid;"> </td> <td style="border: none; border-left: 2px black solid;"> </td> <td style="border: none;"/> </tr> <tr> <td style="border: none;"/> <td colspan="4" style="border: none;" align="center">H<strong>–</strong>N<strong>–</strong>H</td> <td style="border: none;"/> </tr></table>'</strong></span>.</p></div>
    <choiceInteraction maxChoices="1" responseIdentifier="RESPONSE" shuffle="true">
      <simpleChoice fixed="true" identifier="answer_1">
        <p>A.  <span style="font-family: sans-serif; letter-spacing: 1px;">aspartic acid</span>  </p>
      </simpleChoice>
      <simpleChoice fixed="true" identifier="answer_2">
        <p>B.  <span style="font-family: sans-serif; letter-spacing: 1px;">cysteine</span>  </p>
      </simpleChoice>
      <simpleChoice fixed="true" identifier="answer_3">
        <p>C.  <span style="font-family: sans-serif; letter-spacing: 1px;">glutamic acid</span>  </p>
      </simpleChoice>
      <simpleChoice fixed="true" identifier="answer_4">
        <p>D.  <span style="font-family: sans-serif; letter-spacing: 1px;">glutamine</span>  </p>
      </simpleChoice>
      <simpleChoice fixed="true" identifier="answer_5">
        <p>E.  <span style="font-family: sans-serif; letter-spacing: 1px;">valine</span>  </p>
      </simpleChoice>
    </choiceInteraction>
  </itemBody>
  <responseProcessing>
    <responseCondition>
      <responseIf>
        <match>
          <variable identifier="RESPONSE"/>
          <correct identifier="RESPONSE"/>
        </match>
      </responseIf>
    </responseCondition>
  </responseProcessing>
</assessmentItem>
