<?xml version='1.0' encoding='UTF-8'?>
<assessmentItem xmlns="http://www.imsglobal.org/xsd/imsqti_v2p1" xmlns:xsi="http://www.w3.org/2001/XMLSchema-instance" xmlns:ns8="http://www.w3.org/1999/xlink" xmlns:ns9="http://www.imsglobal.org/xsd/apip/apipv1p0/imsapip_qtiv1p0" xsi:schemaLocation="http://www.imsglobal.org/xsd/imsqti_v2p1 http://www.imsglobal.org/xsd/qti/qtiv2p1/imsqti_v2p1.xsd" title="d94a_046e_6411" adaptive="false" timeDependent="false" identifier="d94a_046e_6411">
  <responseDeclaration baseType="directedPair" cardinality="multiple" identifier="RESPONSE">
    <correctResponse>
      <value>prompt_001 choice_001</value>
      <value>prompt_002 choice_002</value>
      <value>prompt_003 choice_003</value>
      <value>prompt_004 choice_004</value>
    </correctResponse>
    <mapping defaultValue="0">
      <mapEntry mapKey="prompt_001 choice_001" mappedValue="1"/>
      <mapEntry mapKey="prompt_002 choice_002" mappedValue="1"/>
      <mapEntry mapKey="prompt_003 choice_003" mappedValue="1"/>
      <mapEntry mapKey="prompt_004 choice_004" mappedValue="1"/>
    </mapping>
  </responseDeclaration>
  <outcomeDeclaration baseType="float" cardinality="single" identifier="SCORE"/>
  <itemBody>
    <div>
      <div id="drv_a6ac" oncopy="return false;" onpaste="return false;" oncut="return false;" oncontextmenu="return false;" onmousedown="return false;" onselectstart="return false;"><p>Match<span style="font-size: 1px; color: white;">act</span>each<span style="font-size: 1px; color: white;">where</span>of<span style="font-size: 1px; color: white;">alerts</span>the following types<span style="font-size: 1px; color: white;">border</span>of<span style="font-size: 1px; color: white;">truthd</span>chemical<span style="font-size: 1px; color: white;">mrnas</span>bonds<span style="font-size: 1px; color: white;">nature</span>with their corresponding examples.</p><p><i>Note:</i> Each<span style="font-size: 1px; color: white;">simple</span>choice<span style="font-size: 1px; color: white;">soil</span>will<span style="font-size: 1px; color: white;">useful</span>be used<span style="font-size: 1px; color: white;">truthc</span>exactly<span style="font-size: 1px; color: white;">purify</span>once.</p> </div>
    </div>
    <matchInteraction responseIdentifier="RESPONSE" shuffle="true" maxAssociations="4">
      <prompt>&lt;div id="drv_a6ac" oncopy="return false;" onpaste="return false;" oncut="return false;" oncontextmenu="return false;" onmousedown="return false;" onselectstart="return false;" &gt;&lt;p&gt;Match&lt;span style='font-size: 1px; color: white;'&gt;act&lt;/span&gt;each&lt;span style='font-size: 1px; color: white;'&gt;where&lt;/span&gt;of&lt;span style='font-size: 1px; color: white;'&gt;alerts&lt;/span&gt;the following types&lt;span style='font-size: 1px; color: white;'&gt;border&lt;/span&gt;of&lt;span style='font-size: 1px; color: white;'&gt;truthd&lt;/span&gt;chemical&lt;span style='font-size: 1px; color: white;'&gt;mrnas&lt;/span&gt;bonds&lt;span style='font-size: 1px; color: white;'&gt;nature&lt;/span&gt;with their corresponding examples.&lt;/p&gt;&lt;p&gt;&lt;i&gt;Note:&lt;/i&gt; Each&lt;span style='font-size: 1px; color: white;'&gt;simple&lt;/span&gt;choice&lt;span style='font-size: 1px; color: white;'&gt;soil&lt;/span&gt;will&lt;span style='font-size: 1px; color: white;'&gt;useful&lt;/span&gt;be used&lt;span style='font-size: 1px; color: white;'&gt;truthc&lt;/span&gt;exactly&lt;span style='font-size: 1px; color: white;'&gt;purify&lt;/span&gt;once.&lt;/p&gt; &lt;/div&gt;</prompt>
      <simpleMatchSet>
        <simpleAssociableChoice identifier="prompt_001" fixed="true" matchMax="1" matchMin="0">
          <p>
            <div id="drv_a5a1" oncopy="return false;" onpaste="return false;" oncut="return false;" oncontextmenu="return false;" onmousedown="return false;" onselectstart="return false;">
              <strong>
                <span style="color: #009900;">ionic<span style="font-size: 1px; color: white;">across</span>bond</span>
              </strong>
              <span style="font-size: 1px; color: white;">wick</span>
            </div>
          </p>
        </simpleAssociableChoice>
        <simpleAssociableChoice identifier="prompt_002" fixed="true" matchMax="1" matchMin="0">
          <p>
            <div id="drv_7d2a" oncopy="return false;" onpaste="return false;" oncut="return false;" oncontextmenu="return false;" onmousedown="return false;" onselectstart="return false;">
              <strong>
                <span style="color: #00b3b3;">polar<span style="font-size: 1px; color: white;">truthd</span>covalent bond</span>
              </strong>
              <span style="font-size: 1px; color: white;">when</span>
            </div>
          </p>
        </simpleAssociableChoice>
        <simpleAssociableChoice identifier="prompt_003" fixed="true" matchMax="1" matchMin="0">
          <p>
            <div id="drv_5604" oncopy="return false;" onpaste="return false;" oncut="return false;" oncontextmenu="return false;" onmousedown="return false;" onselectstart="return false;">
              <strong>
                <span style="color: #e60000;">hydrogen bond</span>
              </strong>
              <span style="font-size: 1px; color: white;">neck</span>
            </div>
          </p>
        </simpleAssociableChoice>
        <simpleAssociableChoice identifier="prompt_004" fixed="true" matchMax="1" matchMin="0">
          <p>
            <div id="drv_a5ae" oncopy="return false;" onpaste="return false;" oncut="return false;" oncontextmenu="return false;" onmousedown="return false;" onselectstart="return false;">
              <strong>
                <span style="color: #b3b300;">non-polar covalent<span style="font-size: 1px; color: white;">others</span>bond</span>
              </strong>
              <span style="font-size: 1px; color: white;">dop</span>
            </div>
          </p>
        </simpleAssociableChoice>
      </simpleMatchSet>
      <simpleMatchSet>
        <simpleAssociableChoice identifier="choice_001" fixed="true" matchMax="4" matchMin="0">
          <p>
            <div id="drv_8db3" oncopy="return false;" onpaste="return false;" oncut="return false;" oncontextmenu="return false;" onmousedown="return false;" onselectstart="return false;">Mg<sup>2+</sup> • 2× Cl<sup>-</sup> (magnesium<span style="font-size: 1px; color: white;">times</span>chloride)<span style="font-size: 1px; color: white;">trutha</span></div>
          </p>
        </simpleAssociableChoice>
        <simpleAssociableChoice identifier="choice_002" fixed="true" matchMax="4" matchMin="0">
          <p>
            <div id="drv_79cf" oncopy="return false;" onpaste="return false;" oncut="return false;" oncontextmenu="return false;" onmousedown="return false;" onselectstart="return false;">H - O - H (water)<span style="font-size: 1px; color: white;">rattat</span></div>
          </p>
        </simpleAssociableChoice>
        <simpleAssociableChoice identifier="choice_003" fixed="true" matchMax="4" matchMin="0">
          <p>
            <div id="drv_52a7" oncopy="return false;" onpaste="return false;" oncut="return false;" oncontextmenu="return false;" onmousedown="return false;" onselectstart="return false;">N-H ···· N (bond<span style="font-size: 1px; color: white;">purify</span>represented<span style="font-size: 1px; color: white;">viral</span>by the<span style="font-size: 1px; color: white;">anna</span>dots)<span style="font-size: 1px; color: white;">dhea</span></div>
          </p>
        </simpleAssociableChoice>
        <simpleAssociableChoice identifier="choice_004" fixed="true" matchMax="4" matchMin="0">
          <p>
            <div id="drv_2102" oncopy="return false;" onpaste="return false;" oncut="return false;" oncontextmenu="return false;" onmousedown="return false;" onselectstart="return false;">C ≡ C (in<span style="font-size: 1px; color: white;">large</span>acetylene, C<sub>2</sub>H<sub>2</sub>)<span style="font-size: 1px; color: white;">rock</span></div>
          </p>
        </simpleAssociableChoice>
      </simpleMatchSet>
    </matchInteraction>
  </itemBody>
  <responseProcessing template="http://www.imsglobal.org/question/qti_v2p1/rptemplates/map_response"/>
</assessmentItem>
