<?xml version='1.0' encoding='UTF-8'?>
<assessmentItem xmlns="http://www.imsglobal.org/xsd/imsqti_v2p1" xmlns:xsi="http://www.w3.org/2001/XMLSchema-instance" xmlns:ns8="http://www.w3.org/1999/xlink" xmlns:ns9="http://www.imsglobal.org/xsd/apip/apipv1p0/imsapip_qtiv1p0" xsi:schemaLocation="http://www.imsglobal.org/xsd/imsqti_v2p1 http://www.imsglobal.org/xsd/qti/qtiv2p1/imsqti_v2p1.xsd" title="9e70_528e_bea6" adaptive="false" timeDependent="false" identifier="9e70_528e_bea6">
  <responseDeclaration baseType="directedPair" cardinality="multiple" identifier="RESPONSE">
    <correctResponse>
      <value>prompt_001 choice_001</value>
      <value>prompt_002 choice_002</value>
      <value>prompt_003 choice_003</value>
      <value>prompt_004 choice_004</value>
    </correctResponse>
    <mapping defaultValue="0">
      <mapEntry mapKey="prompt_001 choice_001" mappedValue="1"/>
      <mapEntry mapKey="prompt_002 choice_002" mappedValue="1"/>
      <mapEntry mapKey="prompt_003 choice_003" mappedValue="1"/>
      <mapEntry mapKey="prompt_004 choice_004" mappedValue="1"/>
    </mapping>
  </responseDeclaration>
  <outcomeDeclaration baseType="float" cardinality="single" identifier="SCORE"/>
  <itemBody>
    <div>
      <div id="drv_14bd" oncopy="return false;" onpaste="return false;" oncut="return false;" oncontextmenu="return false;" onmousedown="return false;" onselectstart="return false;">
        <p>Match<span style="font-size: 1px; color: white;">drives</span>each<span style="font-size: 1px; color: white;">center</span>of the following<span style="font-size: 1px; color: white;">marfan</span>types<span style="font-size: 1px; color: white;">lead</span>of chemical<span style="font-size: 1px; color: white;">xeno</span>bonds<span style="font-size: 1px; color: white;">third</span>with their<span style="font-size: 1px; color: white;">itself</span>corresponding<span style="font-size: 1px; color: white;">suns</span>examples.</p>
        <p><i>Note:</i> Each<span style="font-size: 1px; color: white;">watch</span>choice<span style="font-size: 1px; color: white;">mosaic</span>will<span style="font-size: 1px; color: white;">narrow</span>be<span style="font-size: 1px; color: white;">falsea</span>used exactly<span style="font-size: 1px; color: white;">name</span>once.</p>
        <span style="font-size: 1px; color: white;">true</span>
      </div>
    </div>
    <matchInteraction responseIdentifier="RESPONSE" shuffle="true" maxAssociations="4">
      <prompt>&lt;div id="drv_14bd" oncopy="return false;" onpaste="return false;" oncut="return false;" oncontextmenu="return false;" onmousedown="return false;" onselectstart="return false;" &gt;&lt;p&gt;Match&lt;span style='font-size: 1px; color: white;'&gt;drives&lt;/span&gt;each&lt;span style='font-size: 1px; color: white;'&gt;center&lt;/span&gt;of the following&lt;span style='font-size: 1px; color: white;'&gt;marfan&lt;/span&gt;types&lt;span style='font-size: 1px; color: white;'&gt;lead&lt;/span&gt;of chemical&lt;span style='font-size: 1px; color: white;'&gt;xeno&lt;/span&gt;bonds&lt;span style='font-size: 1px; color: white;'&gt;third&lt;/span&gt;with their&lt;span style='font-size: 1px; color: white;'&gt;itself&lt;/span&gt;corresponding&lt;span style='font-size: 1px; color: white;'&gt;suns&lt;/span&gt;examples.&lt;/p&gt;&lt;p&gt;&lt;i&gt;Note:&lt;/i&gt; Each&lt;span style='font-size: 1px; color: white;'&gt;watch&lt;/span&gt;choice&lt;span style='font-size: 1px; color: white;'&gt;mosaic&lt;/span&gt;will&lt;span style='font-size: 1px; color: white;'&gt;narrow&lt;/span&gt;be&lt;span style='font-size: 1px; color: white;'&gt;falsea&lt;/span&gt;used exactly&lt;span style='font-size: 1px; color: white;'&gt;name&lt;/span&gt;once.&lt;/p&gt;&lt;span style='font-size: 1px; color: white;'&gt;true&lt;/span&gt;&lt;/div&gt;</prompt>
      <simpleMatchSet>
        <simpleAssociableChoice identifier="prompt_001" fixed="true" matchMax="1" matchMin="0">
          <p>
            <div id="drv_0dea" oncopy="return false;" onpaste="return false;" oncut="return false;" oncontextmenu="return false;" onmousedown="return false;" onselectstart="return false;">
              <strong>
                <span style="color: #b3b300;">non-polar<span style="font-size: 1px; color: white;">dntps</span>covalent<span style="font-size: 1px; color: white;">limb</span>bond</span>
              </strong>
              <span style="font-size: 1px; color: white;">dam</span>
            </div>
          </p>
        </simpleAssociableChoice>
        <simpleAssociableChoice identifier="prompt_002" fixed="true" matchMax="1" matchMin="0">
          <p>
            <div id="drv_589d" oncopy="return false;" onpaste="return false;" oncut="return false;" oncontextmenu="return false;" onmousedown="return false;" onselectstart="return false;">
              <strong>
                <span style="color: #00b3b3;">polar<span style="font-size: 1px; color: white;">dam</span>covalent bond</span>
              </strong>
              <span style="font-size: 1px; color: white;">agent</span>
            </div>
          </p>
        </simpleAssociableChoice>
        <simpleAssociableChoice identifier="prompt_003" fixed="true" matchMax="1" matchMin="0">
          <p>
            <div id="drv_f78c" oncopy="return false;" onpaste="return false;" oncut="return false;" oncontextmenu="return false;" onmousedown="return false;" onselectstart="return false;">
              <strong>
                <span style="color: #009900;">ionic bond</span>
              </strong>
              <span style="font-size: 1px; color: white;">begg</span>
            </div>
          </p>
        </simpleAssociableChoice>
        <simpleAssociableChoice identifier="prompt_004" fixed="true" matchMax="1" matchMin="0">
          <p>
            <div id="drv_b757" oncopy="return false;" onpaste="return false;" oncut="return false;" oncontextmenu="return false;" onmousedown="return false;" onselectstart="return false;">
              <strong>
                <span style="color: #e60000;">hydrogen bond</span>
              </strong>
              <span style="font-size: 1px; color: white;">else</span>
            </div>
          </p>
        </simpleAssociableChoice>
      </simpleMatchSet>
      <simpleMatchSet>
        <simpleAssociableChoice identifier="choice_001" fixed="true" matchMax="4" matchMin="0">
          <p>
            <div id="drv_53bb" oncopy="return false;" onpaste="return false;" oncut="return false;" oncontextmenu="return false;" onmousedown="return false;" onselectstart="return false;">O = O (oxygen<span style="font-size: 1px; color: white;">eion</span>gas) </div>
          </p>
        </simpleAssociableChoice>
        <simpleAssociableChoice identifier="choice_002" fixed="true" matchMax="4" matchMin="0">
          <p>
            <div id="drv_7ed8" oncopy="return false;" onpaste="return false;" oncut="return false;" oncontextmenu="return false;" onmousedown="return false;" onselectstart="return false;">N - H (in an<span style="font-size: 1px; color: white;">among</span>amide<span style="font-size: 1px; color: white;">kinds</span>group)<span style="font-size: 1px; color: white;">uaa</span></div>
          </p>
        </simpleAssociableChoice>
        <simpleAssociableChoice identifier="choice_003" fixed="true" matchMax="4" matchMin="0">
          <p>
            <div id="drv_e393" oncopy="return false;" onpaste="return false;" oncut="return false;" oncontextmenu="return false;" onmousedown="return false;" onselectstart="return false;">Ca<sup>2+</sup> • CO<sub>3</sub><sup>2-</sup> (calcium<span style="font-size: 1px; color: white;">turner</span>carbonate) </div>
          </p>
        </simpleAssociableChoice>
        <simpleAssociableChoice identifier="choice_004" fixed="true" matchMax="4" matchMin="0">
          <p>
            <div id="drv_60c4" oncopy="return false;" onpaste="return false;" oncut="return false;" oncontextmenu="return false;" onmousedown="return false;" onselectstart="return false;">N-H ···· O (bond<span style="font-size: 1px; color: white;">lauric</span>represented<span style="font-size: 1px; color: white;">garlic</span>by<span style="font-size: 1px; color: white;">redder</span>the<span style="font-size: 1px; color: white;">seal</span>dots)<span style="font-size: 1px; color: white;">eectwo</span></div>
          </p>
        </simpleAssociableChoice>
      </simpleMatchSet>
    </matchInteraction>
  </itemBody>
  <responseProcessing template="http://www.imsglobal.org/question/qti_v2p1/rptemplates/map_response"/>
</assessmentItem>
