<?xml version='1.0' encoding='UTF-8'?>
<assessmentItem xmlns="http://www.imsglobal.org/xsd/imsqti_v2p1" xmlns:xsi="http://www.w3.org/2001/XMLSchema-instance" xmlns:ns8="http://www.w3.org/1999/xlink" xmlns:ns9="http://www.imsglobal.org/xsd/apip/apipv1p0/imsapip_qtiv1p0" xsi:schemaLocation="http://www.imsglobal.org/xsd/imsqti_v2p1 http://www.imsglobal.org/xsd/qti/qtiv2p1/imsqti_v2p1.xsd" title="9478_60fd_652d" adaptive="false" timeDependent="false" identifier="9478_60fd_652d">
  <responseDeclaration baseType="directedPair" cardinality="multiple" identifier="RESPONSE">
    <correctResponse>
      <value>prompt_001 choice_001</value>
      <value>prompt_002 choice_002</value>
      <value>prompt_003 choice_003</value>
      <value>prompt_004 choice_004</value>
    </correctResponse>
    <mapping defaultValue="0">
      <mapEntry mapKey="prompt_001 choice_001" mappedValue="1"/>
      <mapEntry mapKey="prompt_002 choice_002" mappedValue="1"/>
      <mapEntry mapKey="prompt_003 choice_003" mappedValue="1"/>
      <mapEntry mapKey="prompt_004 choice_004" mappedValue="1"/>
    </mapping>
  </responseDeclaration>
  <outcomeDeclaration baseType="float" cardinality="single" identifier="SCORE"/>
  <itemBody>
    <div>
      <div id="drv_75e7" oncopy="return false;" onpaste="return false;" oncut="return false;" oncontextmenu="return false;" onmousedown="return false;" onselectstart="return false;"><p>Match<span style="font-size: 1px; color: white;">made</span>each<span style="font-size: 1px; color: white;">stick</span>of<span style="font-size: 1px; color: white;">heme</span>the following<span style="font-size: 1px; color: white;">green</span>types<span style="font-size: 1px; color: white;">phage</span>of chemical<span style="font-size: 1px; color: white;">copies</span>bonds<span style="font-size: 1px; color: white;">dmd</span>with<span style="font-size: 1px; color: white;">coat</span>their<span style="font-size: 1px; color: white;">mgdl</span>corresponding examples.</p><p><i>Note:</i> Each<span style="font-size: 1px; color: white;">folate</span>choice will be used exactly<span style="font-size: 1px; color: white;">purify</span>once.</p> </div>
    </div>
    <matchInteraction responseIdentifier="RESPONSE" shuffle="true" maxAssociations="4">
      <prompt>&lt;div id="drv_75e7" oncopy="return false;" onpaste="return false;" oncut="return false;" oncontextmenu="return false;" onmousedown="return false;" onselectstart="return false;" &gt;&lt;p&gt;Match&lt;span style='font-size: 1px; color: white;'&gt;made&lt;/span&gt;each&lt;span style='font-size: 1px; color: white;'&gt;stick&lt;/span&gt;of&lt;span style='font-size: 1px; color: white;'&gt;heme&lt;/span&gt;the following&lt;span style='font-size: 1px; color: white;'&gt;green&lt;/span&gt;types&lt;span style='font-size: 1px; color: white;'&gt;phage&lt;/span&gt;of chemical&lt;span style='font-size: 1px; color: white;'&gt;copies&lt;/span&gt;bonds&lt;span style='font-size: 1px; color: white;'&gt;dmd&lt;/span&gt;with&lt;span style='font-size: 1px; color: white;'&gt;coat&lt;/span&gt;their&lt;span style='font-size: 1px; color: white;'&gt;mgdl&lt;/span&gt;corresponding examples.&lt;/p&gt;&lt;p&gt;&lt;i&gt;Note:&lt;/i&gt; Each&lt;span style='font-size: 1px; color: white;'&gt;folate&lt;/span&gt;choice will be used exactly&lt;span style='font-size: 1px; color: white;'&gt;purify&lt;/span&gt;once.&lt;/p&gt; &lt;/div&gt;</prompt>
      <simpleMatchSet>
        <simpleAssociableChoice identifier="prompt_001" fixed="true" matchMax="1" matchMin="0">
          <p>
            <div id="drv_25c0" oncopy="return false;" onpaste="return false;" oncut="return false;" oncontextmenu="return false;" onmousedown="return false;" onselectstart="return false;">
              <strong>
                <span style="color: #009900;">ionic<span style="font-size: 1px; color: white;">though</span>bond</span>
              </strong>
              <span style="font-size: 1px; color: white;">exy</span>
            </div>
          </p>
        </simpleAssociableChoice>
        <simpleAssociableChoice identifier="prompt_002" fixed="true" matchMax="1" matchMin="0">
          <p>
            <div id="drv_048e" oncopy="return false;" onpaste="return false;" oncut="return false;" oncontextmenu="return false;" onmousedown="return false;" onselectstart="return false;">
              <strong>
                <span style="color: #b3b300;">non-polar<span style="font-size: 1px; color: white;">lived</span>covalent<span style="font-size: 1px; color: white;">dibase</span>bond</span>
              </strong>
              <span style="font-size: 1px; color: white;">pushed</span>
            </div>
          </p>
        </simpleAssociableChoice>
        <simpleAssociableChoice identifier="prompt_003" fixed="true" matchMax="1" matchMin="0">
          <p>
            <div id="drv_1571" oncopy="return false;" onpaste="return false;" oncut="return false;" oncontextmenu="return false;" onmousedown="return false;" onselectstart="return false;">
              <strong>
                <span style="color: #e60000;">hydrogen<span style="font-size: 1px; color: white;">trna</span>bond</span>
              </strong>
              <span style="font-size: 1px; color: white;">table</span>
            </div>
          </p>
        </simpleAssociableChoice>
        <simpleAssociableChoice identifier="prompt_004" fixed="true" matchMax="1" matchMin="0">
          <p>
            <div id="drv_7f80" oncopy="return false;" onpaste="return false;" oncut="return false;" oncontextmenu="return false;" onmousedown="return false;" onselectstart="return false;"><strong><span style="color: #00b3b3;">polar<span style="font-size: 1px; color: white;">decide</span>covalent bond</span></strong> </div>
          </p>
        </simpleAssociableChoice>
      </simpleMatchSet>
      <simpleMatchSet>
        <simpleAssociableChoice identifier="choice_001" fixed="true" matchMax="4" matchMin="0">
          <p>
            <div id="drv_bcca" oncopy="return false;" onpaste="return false;" oncut="return false;" oncontextmenu="return false;" onmousedown="return false;" onselectstart="return false;">NH<sub>4</sub><sup>+</sup> • NO<sub>3</sub><sup>-</sup> (ammonium<span style="font-size: 1px; color: white;">design</span>nitrate)<span style="font-size: 1px; color: white;">xmale</span></div>
          </p>
        </simpleAssociableChoice>
        <simpleAssociableChoice identifier="choice_002" fixed="true" matchMax="4" matchMin="0">
          <p>
            <div id="drv_5bfa" oncopy="return false;" onpaste="return false;" oncut="return false;" oncontextmenu="return false;" onmousedown="return false;" onselectstart="return false;">O = O (oxygen<span style="font-size: 1px; color: white;">one</span>gas)<span style="font-size: 1px; color: white;">bud</span></div>
          </p>
        </simpleAssociableChoice>
        <simpleAssociableChoice identifier="choice_003" fixed="true" matchMax="4" matchMin="0">
          <p>
            <div id="drv_92fe" oncopy="return false;" onpaste="return false;" oncut="return false;" oncontextmenu="return false;" onmousedown="return false;" onselectstart="return false;">O-H ···· N (bond represented<span style="font-size: 1px; color: white;">above</span>by<span style="font-size: 1px; color: white;">print</span>the<span style="font-size: 1px; color: white;">tag</span>dots)<span style="font-size: 1px; color: white;">fungus</span></div>
          </p>
        </simpleAssociableChoice>
        <simpleAssociableChoice identifier="choice_004" fixed="true" matchMax="4" matchMin="0">
          <p>
            <div id="drv_adf3" oncopy="return false;" onpaste="return false;" oncut="return false;" oncontextmenu="return false;" onmousedown="return false;" onselectstart="return false;">P - O (in phosphate<span style="font-size: 1px; color: white;">reduce</span>groups, PO<sub>4</sub>)<span style="font-size: 1px; color: white;">oral</span></div>
          </p>
        </simpleAssociableChoice>
      </simpleMatchSet>
    </matchInteraction>
  </itemBody>
  <responseProcessing template="http://www.imsglobal.org/question/qti_v2p1/rptemplates/map_response"/>
</assessmentItem>
