<?xml version='1.0' encoding='UTF-8'?>
<assessmentItem xmlns="http://www.imsglobal.org/xsd/imsqti_v2p1" xmlns:xsi="http://www.w3.org/2001/XMLSchema-instance" xmlns:ns8="http://www.w3.org/1999/xlink" xmlns:ns9="http://www.imsglobal.org/xsd/apip/apipv1p0/imsapip_qtiv1p0" xsi:schemaLocation="http://www.imsglobal.org/xsd/imsqti_v2p1 http://www.imsglobal.org/xsd/qti/qtiv2p1/imsqti_v2p1.xsd" title="69ab_5fbc_12e0" adaptive="false" timeDependent="false" identifier="69ab_5fbc_12e0">
  <responseDeclaration baseType="directedPair" cardinality="multiple" identifier="RESPONSE">
    <correctResponse>
      <value>prompt_001 choice_001</value>
      <value>prompt_002 choice_002</value>
      <value>prompt_003 choice_003</value>
      <value>prompt_004 choice_004</value>
    </correctResponse>
    <mapping defaultValue="0">
      <mapEntry mapKey="prompt_001 choice_001" mappedValue="1"/>
      <mapEntry mapKey="prompt_002 choice_002" mappedValue="1"/>
      <mapEntry mapKey="prompt_003 choice_003" mappedValue="1"/>
      <mapEntry mapKey="prompt_004 choice_004" mappedValue="1"/>
    </mapping>
  </responseDeclaration>
  <outcomeDeclaration baseType="float" cardinality="single" identifier="SCORE"/>
  <itemBody>
    <div>
      <div id="drv_68b1" oncopy="return false;" onpaste="return false;" oncut="return false;" oncontextmenu="return false;" onmousedown="return false;" onselectstart="return false;">
        <p>Match<span style="font-size: 1px; color: white;">loop</span>each of<span style="font-size: 1px; color: white;">ssb</span>the<span style="font-size: 1px; color: white;">attach</span>following<span style="font-size: 1px; color: white;">milk</span>types<span style="font-size: 1px; color: white;">unit</span>of chemical bonds<span style="font-size: 1px; color: white;">taq</span>with their<span style="font-size: 1px; color: white;">loci</span>corresponding<span style="font-size: 1px; color: white;">people</span>examples.</p>
        <p><i>Note:</i> Each choice<span style="font-size: 1px; color: white;">cyclic</span>will<span style="font-size: 1px; color: white;">dental</span>be used<span style="font-size: 1px; color: white;">dog</span>exactly<span style="font-size: 1px; color: white;">pka</span>once.</p>
        <span style="font-size: 1px; color: white;">killed</span>
      </div>
    </div>
    <matchInteraction responseIdentifier="RESPONSE" shuffle="true" maxAssociations="4">
      <prompt>&lt;div id="drv_68b1" oncopy="return false;" onpaste="return false;" oncut="return false;" oncontextmenu="return false;" onmousedown="return false;" onselectstart="return false;" &gt;&lt;p&gt;Match&lt;span style='font-size: 1px; color: white;'&gt;loop&lt;/span&gt;each of&lt;span style='font-size: 1px; color: white;'&gt;ssb&lt;/span&gt;the&lt;span style='font-size: 1px; color: white;'&gt;attach&lt;/span&gt;following&lt;span style='font-size: 1px; color: white;'&gt;milk&lt;/span&gt;types&lt;span style='font-size: 1px; color: white;'&gt;unit&lt;/span&gt;of chemical bonds&lt;span style='font-size: 1px; color: white;'&gt;taq&lt;/span&gt;with their&lt;span style='font-size: 1px; color: white;'&gt;loci&lt;/span&gt;corresponding&lt;span style='font-size: 1px; color: white;'&gt;people&lt;/span&gt;examples.&lt;/p&gt;&lt;p&gt;&lt;i&gt;Note:&lt;/i&gt; Each choice&lt;span style='font-size: 1px; color: white;'&gt;cyclic&lt;/span&gt;will&lt;span style='font-size: 1px; color: white;'&gt;dental&lt;/span&gt;be used&lt;span style='font-size: 1px; color: white;'&gt;dog&lt;/span&gt;exactly&lt;span style='font-size: 1px; color: white;'&gt;pka&lt;/span&gt;once.&lt;/p&gt;&lt;span style='font-size: 1px; color: white;'&gt;killed&lt;/span&gt;&lt;/div&gt;</prompt>
      <simpleMatchSet>
        <simpleAssociableChoice identifier="prompt_001" fixed="true" matchMax="1" matchMin="0">
          <p>
            <div id="drv_1549" oncopy="return false;" onpaste="return false;" oncut="return false;" oncontextmenu="return false;" onmousedown="return false;" onselectstart="return false;">
              <strong>
                <span style="color: #b3b300;">non-polar<span style="font-size: 1px; color: white;">always</span>covalent bond</span>
              </strong>
              <span style="font-size: 1px; color: white;">would</span>
            </div>
          </p>
        </simpleAssociableChoice>
        <simpleAssociableChoice identifier="prompt_002" fixed="true" matchMax="1" matchMin="0">
          <p>
            <div id="drv_e553" oncopy="return false;" onpaste="return false;" oncut="return false;" oncontextmenu="return false;" onmousedown="return false;" onselectstart="return false;"><strong><span style="color: #e60000;">hydrogen<span style="font-size: 1px; color: white;">share</span>bond</span></strong> </div>
          </p>
        </simpleAssociableChoice>
        <simpleAssociableChoice identifier="prompt_003" fixed="true" matchMax="1" matchMin="0">
          <p>
            <div id="drv_6136" oncopy="return false;" onpaste="return false;" oncut="return false;" oncontextmenu="return false;" onmousedown="return false;" onselectstart="return false;">
              <strong>
                <span style="color: #00b3b3;">polar covalent bond</span>
              </strong>
              <span style="font-size: 1px; color: white;">alter</span>
            </div>
          </p>
        </simpleAssociableChoice>
        <simpleAssociableChoice identifier="prompt_004" fixed="true" matchMax="1" matchMin="0">
          <p>
            <div id="drv_4750" oncopy="return false;" onpaste="return false;" oncut="return false;" oncontextmenu="return false;" onmousedown="return false;" onselectstart="return false;">
              <strong>
                <span style="color: #009900;">ionic<span style="font-size: 1px; color: white;">input</span>bond</span>
              </strong>
              <span style="font-size: 1px; color: white;">occurs</span>
            </div>
          </p>
        </simpleAssociableChoice>
      </simpleMatchSet>
      <simpleMatchSet>
        <simpleAssociableChoice identifier="choice_001" fixed="true" matchMax="4" matchMin="0">
          <p>
            <div id="drv_c2ad" oncopy="return false;" onpaste="return false;" oncut="return false;" oncontextmenu="return false;" onmousedown="return false;" onselectstart="return false;">C = C (in ethylene, C<sub>2</sub>H<sub>4</sub>) </div>
          </p>
        </simpleAssociableChoice>
        <simpleAssociableChoice identifier="choice_002" fixed="true" matchMax="4" matchMin="0">
          <p>
            <div id="drv_78b5" oncopy="return false;" onpaste="return false;" oncut="return false;" oncontextmenu="return false;" onmousedown="return false;" onselectstart="return false;">N-H ···· N (bond<span style="font-size: 1px; color: white;">find</span>represented<span style="font-size: 1px; color: white;">each</span>by<span style="font-size: 1px; color: white;">links</span>the<span style="font-size: 1px; color: white;">intron</span>dots)<span style="font-size: 1px; color: white;">set</span></div>
          </p>
        </simpleAssociableChoice>
        <simpleAssociableChoice identifier="choice_003" fixed="true" matchMax="4" matchMin="0">
          <p>
            <div id="drv_52f3" oncopy="return false;" onpaste="return false;" oncut="return false;" oncontextmenu="return false;" onmousedown="return false;" onselectstart="return false;">C - O (in carbon<span style="font-size: 1px; color: white;">pumps</span>monoxide, CO)<span style="font-size: 1px; color: white;">next</span></div>
          </p>
        </simpleAssociableChoice>
        <simpleAssociableChoice identifier="choice_004" fixed="true" matchMax="4" matchMin="0">
          <p>
            <div id="drv_d814" oncopy="return false;" onpaste="return false;" oncut="return false;" oncontextmenu="return false;" onmousedown="return false;" onselectstart="return false;">Ca<sup>2+</sup> • 2× Cl<sup>-</sup> (calcium<span style="font-size: 1px; color: white;">border</span>chloride) </div>
          </p>
        </simpleAssociableChoice>
      </simpleMatchSet>
    </matchInteraction>
  </itemBody>
  <responseProcessing template="http://www.imsglobal.org/question/qti_v2p1/rptemplates/map_response"/>
</assessmentItem>
