<?xml version='1.0' encoding='UTF-8'?>
<assessmentItem xmlns="http://www.imsglobal.org/xsd/imsqti_v2p1" xmlns:xsi="http://www.w3.org/2001/XMLSchema-instance" xmlns:ns8="http://www.w3.org/1999/xlink" xmlns:ns9="http://www.imsglobal.org/xsd/apip/apipv1p0/imsapip_qtiv1p0" xsi:schemaLocation="http://www.imsglobal.org/xsd/imsqti_v2p1 http://www.imsglobal.org/xsd/qti/qtiv2p1/imsqti_v2p1.xsd" title="44c1_b1b4_5263" adaptive="false" timeDependent="false" identifier="44c1_b1b4_5263">
  <responseDeclaration baseType="directedPair" cardinality="multiple" identifier="RESPONSE">
    <correctResponse>
      <value>prompt_001 choice_001</value>
      <value>prompt_002 choice_002</value>
      <value>prompt_003 choice_003</value>
      <value>prompt_004 choice_004</value>
    </correctResponse>
    <mapping defaultValue="0">
      <mapEntry mapKey="prompt_001 choice_001" mappedValue="1"/>
      <mapEntry mapKey="prompt_002 choice_002" mappedValue="1"/>
      <mapEntry mapKey="prompt_003 choice_003" mappedValue="1"/>
      <mapEntry mapKey="prompt_004 choice_004" mappedValue="1"/>
    </mapping>
  </responseDeclaration>
  <outcomeDeclaration baseType="float" cardinality="single" identifier="SCORE"/>
  <itemBody>
    <div>
      <div id="drv_6f76" oncopy="return false;" onpaste="return false;" oncut="return false;" oncontextmenu="return false;" onmousedown="return false;" onselectstart="return false;">
        <p>Match<span style="font-size: 1px; color: white;">oneway</span>each<span style="font-size: 1px; color: white;">atom</span>of<span style="font-size: 1px; color: white;">rna</span>the<span style="font-size: 1px; color: white;">reach</span>following<span style="font-size: 1px; color: white;">bull</span>types<span style="font-size: 1px; color: white;">states</span>of<span style="font-size: 1px; color: white;">though</span>chemical<span style="font-size: 1px; color: white;">bull</span>bonds with<span style="font-size: 1px; color: white;">not</span>their<span style="font-size: 1px; color: white;">falsek</span>corresponding<span style="font-size: 1px; color: white;">amount</span>examples.</p>
        <p><i>Note:</i> Each<span style="font-size: 1px; color: white;">mature</span>choice will<span style="font-size: 1px; color: white;">sam</span>be<span style="font-size: 1px; color: white;">your</span>used<span style="font-size: 1px; color: white;">salt</span>exactly<span style="font-size: 1px; color: white;">rates</span>once.</p>
        <span style="font-size: 1px; color: white;">remain</span>
      </div>
    </div>
    <matchInteraction responseIdentifier="RESPONSE" shuffle="true" maxAssociations="4">
      <prompt>&lt;div id="drv_6f76" oncopy="return false;" onpaste="return false;" oncut="return false;" oncontextmenu="return false;" onmousedown="return false;" onselectstart="return false;" &gt;&lt;p&gt;Match&lt;span style='font-size: 1px; color: white;'&gt;oneway&lt;/span&gt;each&lt;span style='font-size: 1px; color: white;'&gt;atom&lt;/span&gt;of&lt;span style='font-size: 1px; color: white;'&gt;rna&lt;/span&gt;the&lt;span style='font-size: 1px; color: white;'&gt;reach&lt;/span&gt;following&lt;span style='font-size: 1px; color: white;'&gt;bull&lt;/span&gt;types&lt;span style='font-size: 1px; color: white;'&gt;states&lt;/span&gt;of&lt;span style='font-size: 1px; color: white;'&gt;though&lt;/span&gt;chemical&lt;span style='font-size: 1px; color: white;'&gt;bull&lt;/span&gt;bonds with&lt;span style='font-size: 1px; color: white;'&gt;not&lt;/span&gt;their&lt;span style='font-size: 1px; color: white;'&gt;falsek&lt;/span&gt;corresponding&lt;span style='font-size: 1px; color: white;'&gt;amount&lt;/span&gt;examples.&lt;/p&gt;&lt;p&gt;&lt;i&gt;Note:&lt;/i&gt; Each&lt;span style='font-size: 1px; color: white;'&gt;mature&lt;/span&gt;choice will&lt;span style='font-size: 1px; color: white;'&gt;sam&lt;/span&gt;be&lt;span style='font-size: 1px; color: white;'&gt;your&lt;/span&gt;used&lt;span style='font-size: 1px; color: white;'&gt;salt&lt;/span&gt;exactly&lt;span style='font-size: 1px; color: white;'&gt;rates&lt;/span&gt;once.&lt;/p&gt;&lt;span style='font-size: 1px; color: white;'&gt;remain&lt;/span&gt;&lt;/div&gt;</prompt>
      <simpleMatchSet>
        <simpleAssociableChoice identifier="prompt_001" fixed="true" matchMax="1" matchMin="0">
          <p>
            <div id="drv_b4a1" oncopy="return false;" onpaste="return false;" oncut="return false;" oncontextmenu="return false;" onmousedown="return false;" onselectstart="return false;">
              <strong>
                <span style="color: #00b3b3;">polar<span style="font-size: 1px; color: white;">lead</span>covalent bond</span>
              </strong>
              <span style="font-size: 1px; color: white;">terms</span>
            </div>
          </p>
        </simpleAssociableChoice>
        <simpleAssociableChoice identifier="prompt_002" fixed="true" matchMax="1" matchMin="0">
          <p>
            <div id="drv_e231" oncopy="return false;" onpaste="return false;" oncut="return false;" oncontextmenu="return false;" onmousedown="return false;" onselectstart="return false;">
              <strong>
                <span style="color: #009900;">ionic bond</span>
              </strong>
              <span style="font-size: 1px; color: white;">nearby</span>
            </div>
          </p>
        </simpleAssociableChoice>
        <simpleAssociableChoice identifier="prompt_003" fixed="true" matchMax="1" matchMin="0">
          <p>
            <div id="drv_bd3b" oncopy="return false;" onpaste="return false;" oncut="return false;" oncontextmenu="return false;" onmousedown="return false;" onselectstart="return false;">
              <strong>
                <span style="color: #e60000;">hydrogen bond</span>
              </strong>
              <span style="font-size: 1px; color: white;">six</span>
            </div>
          </p>
        </simpleAssociableChoice>
        <simpleAssociableChoice identifier="prompt_004" fixed="true" matchMax="1" matchMin="0">
          <p>
            <div id="drv_dc84" oncopy="return false;" onpaste="return false;" oncut="return false;" oncontextmenu="return false;" onmousedown="return false;" onselectstart="return false;"><strong><span style="color: #b3b300;">non-polar covalent<span style="font-size: 1px; color: white;">change</span>bond</span></strong> </div>
          </p>
        </simpleAssociableChoice>
      </simpleMatchSet>
      <simpleMatchSet>
        <simpleAssociableChoice identifier="choice_001" fixed="true" matchMax="4" matchMin="0">
          <p>
            <div id="drv_6b85" oncopy="return false;" onpaste="return false;" oncut="return false;" oncontextmenu="return false;" onmousedown="return false;" onselectstart="return false;">O - H (in<span style="font-size: 1px; color: white;">nadph</span>an<span style="font-size: 1px; color: white;">george</span>alcohol<span style="font-size: 1px; color: white;">way</span>group)<span style="font-size: 1px; color: white;">eonly</span></div>
          </p>
        </simpleAssociableChoice>
        <simpleAssociableChoice identifier="choice_002" fixed="true" matchMax="4" matchMin="0">
          <p>
            <div id="drv_f7f0" oncopy="return false;" onpaste="return false;" oncut="return false;" oncontextmenu="return false;" onmousedown="return false;" onselectstart="return false;">Ca<sup>2+</sup> • 2× Cl<sup>-</sup> (calcium<span style="font-size: 1px; color: white;">sexes</span>chloride)<span style="font-size: 1px; color: white;">dzw</span></div>
          </p>
        </simpleAssociableChoice>
        <simpleAssociableChoice identifier="choice_003" fixed="true" matchMax="4" matchMin="0">
          <p>
            <div id="drv_fc2a" oncopy="return false;" onpaste="return false;" oncut="return false;" oncontextmenu="return false;" onmousedown="return false;" onselectstart="return false;">O-H ···· N (bond<span style="font-size: 1px; color: white;">rely</span>represented<span style="font-size: 1px; color: white;">day</span>by<span style="font-size: 1px; color: white;">marfan</span>the<span style="font-size: 1px; color: white;">cross</span>dots) </div>
          </p>
        </simpleAssociableChoice>
        <simpleAssociableChoice identifier="choice_004" fixed="true" matchMax="4" matchMin="0">
          <p>
            <div id="drv_4008" oncopy="return false;" onpaste="return false;" oncut="return false;" oncontextmenu="return false;" onmousedown="return false;" onselectstart="return false;">C = C (in ethylene, C<sub>2</sub>H<sub>4</sub>)<span style="font-size: 1px; color: white;">larvae</span></div>
          </p>
        </simpleAssociableChoice>
      </simpleMatchSet>
    </matchInteraction>
  </itemBody>
  <responseProcessing template="http://www.imsglobal.org/question/qti_v2p1/rptemplates/map_response"/>
</assessmentItem>
