<?xml version='1.0' encoding='UTF-8'?>
<assessmentItem xmlns="http://www.imsglobal.org/xsd/imsqti_v2p1" xmlns:xsi="http://www.w3.org/2001/XMLSchema-instance" xmlns:ns8="http://www.w3.org/1999/xlink" xmlns:ns9="http://www.imsglobal.org/xsd/apip/apipv1p0/imsapip_qtiv1p0" xsi:schemaLocation="http://www.imsglobal.org/xsd/imsqti_v2p1 http://www.imsglobal.org/xsd/qti/qtiv2p1/imsqti_v2p1.xsd" title="aadc_cade_5b36" adaptive="false" timeDependent="false" identifier="aadc_cade_5b36">
  <responseDeclaration baseType="directedPair" cardinality="multiple" identifier="RESPONSE">
    <correctResponse>
      <value>prompt_001 choice_001</value>
      <value>prompt_002 choice_002</value>
      <value>prompt_003 choice_003</value>
      <value>prompt_004 choice_004</value>
    </correctResponse>
    <mapping defaultValue="0">
      <mapEntry mapKey="prompt_001 choice_001" mappedValue="1"/>
      <mapEntry mapKey="prompt_002 choice_002" mappedValue="1"/>
      <mapEntry mapKey="prompt_003 choice_003" mappedValue="1"/>
      <mapEntry mapKey="prompt_004 choice_004" mappedValue="1"/>
    </mapping>
  </responseDeclaration>
  <outcomeDeclaration baseType="float" cardinality="single" identifier="SCORE"/>
  <itemBody>
    <div>
      <div id="drv_6cf6" oncopy="return false;" onpaste="return false;" oncut="return false;" oncontextmenu="return false;" onmousedown="return false;" onselectstart="return false;">
        <p>Match<span style="font-size: 1px; color: white;">number</span>each<span style="font-size: 1px; color: white;">fibers</span>of the<span style="font-size: 1px; color: white;">tandem</span>following<span style="font-size: 1px; color: white;">forkbr</span>types<span style="font-size: 1px; color: white;">wine</span>of chemical<span style="font-size: 1px; color: white;">wind</span>bonds<span style="font-size: 1px; color: white;">copy</span>with their<span style="font-size: 1px; color: white;">carbon</span>corresponding<span style="font-size: 1px; color: white;">larger</span>examples.</p>
        <p><i>Note:</i> Each<span style="font-size: 1px; color: white;">smart</span>choice<span style="font-size: 1px; color: white;">bcell</span>will<span style="font-size: 1px; color: white;">relys</span>be<span style="font-size: 1px; color: white;">cotton</span>used<span style="font-size: 1px; color: white;">side</span>exactly once.</p>
        <span style="font-size: 1px; color: white;">nadph</span>
      </div>
    </div>
    <matchInteraction responseIdentifier="RESPONSE" shuffle="true" maxAssociations="4">
      <prompt>&lt;div id="drv_6cf6" oncopy="return false;" onpaste="return false;" oncut="return false;" oncontextmenu="return false;" onmousedown="return false;" onselectstart="return false;" &gt;&lt;p&gt;Match&lt;span style='font-size: 1px; color: white;'&gt;number&lt;/span&gt;each&lt;span style='font-size: 1px; color: white;'&gt;fibers&lt;/span&gt;of the&lt;span style='font-size: 1px; color: white;'&gt;tandem&lt;/span&gt;following&lt;span style='font-size: 1px; color: white;'&gt;forkbr&lt;/span&gt;types&lt;span style='font-size: 1px; color: white;'&gt;wine&lt;/span&gt;of chemical&lt;span style='font-size: 1px; color: white;'&gt;wind&lt;/span&gt;bonds&lt;span style='font-size: 1px; color: white;'&gt;copy&lt;/span&gt;with their&lt;span style='font-size: 1px; color: white;'&gt;carbon&lt;/span&gt;corresponding&lt;span style='font-size: 1px; color: white;'&gt;larger&lt;/span&gt;examples.&lt;/p&gt;&lt;p&gt;&lt;i&gt;Note:&lt;/i&gt; Each&lt;span style='font-size: 1px; color: white;'&gt;smart&lt;/span&gt;choice&lt;span style='font-size: 1px; color: white;'&gt;bcell&lt;/span&gt;will&lt;span style='font-size: 1px; color: white;'&gt;relys&lt;/span&gt;be&lt;span style='font-size: 1px; color: white;'&gt;cotton&lt;/span&gt;used&lt;span style='font-size: 1px; color: white;'&gt;side&lt;/span&gt;exactly once.&lt;/p&gt;&lt;span style='font-size: 1px; color: white;'&gt;nadph&lt;/span&gt;&lt;/div&gt;</prompt>
      <simpleMatchSet>
        <simpleAssociableChoice identifier="prompt_001" fixed="true" matchMax="1" matchMin="0">
          <p>
            <div id="drv_2b53" oncopy="return false;" onpaste="return false;" oncut="return false;" oncontextmenu="return false;" onmousedown="return false;" onselectstart="return false;"><strong><span style="color: #b3b300;">non-polar covalent bond</span></strong> </div>
          </p>
        </simpleAssociableChoice>
        <simpleAssociableChoice identifier="prompt_002" fixed="true" matchMax="1" matchMin="0">
          <p>
            <div id="drv_32e8" oncopy="return false;" onpaste="return false;" oncut="return false;" oncontextmenu="return false;" onmousedown="return false;" onselectstart="return false;">
              <strong>
                <span style="color: #009900;">ionic<span style="font-size: 1px; color: white;">ring</span>bond</span>
              </strong>
              <span style="font-size: 1px; color: white;">keto</span>
            </div>
          </p>
        </simpleAssociableChoice>
        <simpleAssociableChoice identifier="prompt_003" fixed="true" matchMax="1" matchMin="0">
          <p>
            <div id="drv_a4fd" oncopy="return false;" onpaste="return false;" oncut="return false;" oncontextmenu="return false;" onmousedown="return false;" onselectstart="return false;"><strong><span style="color: #00b3b3;">polar<span style="font-size: 1px; color: white;">rich</span>covalent bond</span></strong> </div>
          </p>
        </simpleAssociableChoice>
        <simpleAssociableChoice identifier="prompt_004" fixed="true" matchMax="1" matchMin="0">
          <p>
            <div id="drv_a02b" oncopy="return false;" onpaste="return false;" oncut="return false;" oncontextmenu="return false;" onmousedown="return false;" onselectstart="return false;">
              <strong>
                <span style="color: #e60000;">hydrogen bond</span>
              </strong>
              <span style="font-size: 1px; color: white;">new</span>
            </div>
          </p>
        </simpleAssociableChoice>
      </simpleMatchSet>
      <simpleMatchSet>
        <simpleAssociableChoice identifier="choice_001" fixed="true" matchMax="4" matchMin="0">
          <p>
            <div id="drv_3b3b" oncopy="return false;" onpaste="return false;" oncut="return false;" oncontextmenu="return false;" onmousedown="return false;" onselectstart="return false;">C - C (in<span style="font-size: 1px; color: white;">effect</span>ethane, C<sub>2</sub>H<sub>6</sub>)<span style="font-size: 1px; color: white;">local</span></div>
          </p>
        </simpleAssociableChoice>
        <simpleAssociableChoice identifier="choice_002" fixed="true" matchMax="4" matchMin="0">
          <p>
            <div id="drv_3eeb" oncopy="return false;" onpaste="return false;" oncut="return false;" oncontextmenu="return false;" onmousedown="return false;" onselectstart="return false;">Na<sup>+</sup> • Cl<sup>-</sup> (sodium<span style="font-size: 1px; color: white;">germ</span>chloride) </div>
          </p>
        </simpleAssociableChoice>
        <simpleAssociableChoice identifier="choice_003" fixed="true" matchMax="4" matchMin="0">
          <p>
            <div id="drv_7a20" oncopy="return false;" onpaste="return false;" oncut="return false;" oncontextmenu="return false;" onmousedown="return false;" onselectstart="return false;">P - O (in<span style="font-size: 1px; color: white;">need</span>phosphate<span style="font-size: 1px; color: white;">bell</span>groups, PO<sub>4</sub>)<span style="font-size: 1px; color: white;">known</span></div>
          </p>
        </simpleAssociableChoice>
        <simpleAssociableChoice identifier="choice_004" fixed="true" matchMax="4" matchMin="0">
          <p>
            <div id="drv_7066" oncopy="return false;" onpaste="return false;" oncut="return false;" oncontextmenu="return false;" onmousedown="return false;" onselectstart="return false;">O-H ···· N (bond<span style="font-size: 1px; color: white;">krebs</span>represented by the<span style="font-size: 1px; color: white;">repeat</span>dots)<span style="font-size: 1px; color: white;">dhea</span></div>
          </p>
        </simpleAssociableChoice>
      </simpleMatchSet>
    </matchInteraction>
  </itemBody>
  <responseProcessing template="http://www.imsglobal.org/question/qti_v2p1/rptemplates/map_response"/>
</assessmentItem>
