<?xml version='1.0' encoding='UTF-8'?>
<assessmentItem xmlns="http://www.imsglobal.org/xsd/imsqti_v2p1" xmlns:xsi="http://www.w3.org/2001/XMLSchema-instance" xmlns:ns8="http://www.w3.org/1999/xlink" xmlns:ns9="http://www.imsglobal.org/xsd/apip/apipv1p0/imsapip_qtiv1p0" xsi:schemaLocation="http://www.imsglobal.org/xsd/imsqti_v2p1 http://www.imsglobal.org/xsd/qti/qtiv2p1/imsqti_v2p1.xsd" title="bfb7_0e96_e859" adaptive="false" timeDependent="false" identifier="bfb7_0e96_e859">
  <responseDeclaration baseType="directedPair" cardinality="multiple" identifier="RESPONSE">
    <correctResponse>
      <value>prompt_001 choice_001</value>
      <value>prompt_002 choice_002</value>
      <value>prompt_003 choice_003</value>
      <value>prompt_004 choice_004</value>
    </correctResponse>
    <mapping defaultValue="0">
      <mapEntry mapKey="prompt_001 choice_001" mappedValue="1"/>
      <mapEntry mapKey="prompt_002 choice_002" mappedValue="1"/>
      <mapEntry mapKey="prompt_003 choice_003" mappedValue="1"/>
      <mapEntry mapKey="prompt_004 choice_004" mappedValue="1"/>
    </mapping>
  </responseDeclaration>
  <outcomeDeclaration baseType="float" cardinality="single" identifier="SCORE"/>
  <itemBody>
    <div>
      <div id="drv_bfca" oncopy="return false;" onpaste="return false;" oncut="return false;" oncontextmenu="return false;" onmousedown="return false;" onselectstart="return false;">
        <p>Match<span style="font-size: 1px; color: white;">amanda</span>each of the<span style="font-size: 1px; color: white;">stands</span>following<span style="font-size: 1px; color: white;">bgel</span>types<span style="font-size: 1px; color: white;">hulu</span>of chemical bonds with<span style="font-size: 1px; color: white;">page</span>their<span style="font-size: 1px; color: white;">safe</span>corresponding<span style="font-size: 1px; color: white;">impact</span>examples.</p>
        <p><i>Note:</i> Each<span style="font-size: 1px; color: white;">six</span>choice<span style="font-size: 1px; color: white;">turn</span>will<span style="font-size: 1px; color: white;">ddna</span>be<span style="font-size: 1px; color: white;">gtp</span>used<span style="font-size: 1px; color: white;">batp</span>exactly<span style="font-size: 1px; color: white;">point</span>once.</p>
        <span style="font-size: 1px; color: white;">eion</span>
      </div>
    </div>
    <matchInteraction responseIdentifier="RESPONSE" shuffle="true" maxAssociations="4">
      <prompt>&lt;div id="drv_bfca" oncopy="return false;" onpaste="return false;" oncut="return false;" oncontextmenu="return false;" onmousedown="return false;" onselectstart="return false;" &gt;&lt;p&gt;Match&lt;span style='font-size: 1px; color: white;'&gt;amanda&lt;/span&gt;each of the&lt;span style='font-size: 1px; color: white;'&gt;stands&lt;/span&gt;following&lt;span style='font-size: 1px; color: white;'&gt;bgel&lt;/span&gt;types&lt;span style='font-size: 1px; color: white;'&gt;hulu&lt;/span&gt;of chemical bonds with&lt;span style='font-size: 1px; color: white;'&gt;page&lt;/span&gt;their&lt;span style='font-size: 1px; color: white;'&gt;safe&lt;/span&gt;corresponding&lt;span style='font-size: 1px; color: white;'&gt;impact&lt;/span&gt;examples.&lt;/p&gt;&lt;p&gt;&lt;i&gt;Note:&lt;/i&gt; Each&lt;span style='font-size: 1px; color: white;'&gt;six&lt;/span&gt;choice&lt;span style='font-size: 1px; color: white;'&gt;turn&lt;/span&gt;will&lt;span style='font-size: 1px; color: white;'&gt;ddna&lt;/span&gt;be&lt;span style='font-size: 1px; color: white;'&gt;gtp&lt;/span&gt;used&lt;span style='font-size: 1px; color: white;'&gt;batp&lt;/span&gt;exactly&lt;span style='font-size: 1px; color: white;'&gt;point&lt;/span&gt;once.&lt;/p&gt;&lt;span style='font-size: 1px; color: white;'&gt;eion&lt;/span&gt;&lt;/div&gt;</prompt>
      <simpleMatchSet>
        <simpleAssociableChoice identifier="prompt_001" fixed="true" matchMax="1" matchMin="0">
          <p>
            <div id="drv_8875" oncopy="return false;" onpaste="return false;" oncut="return false;" oncontextmenu="return false;" onmousedown="return false;" onselectstart="return false;">
              <strong>
                <span style="color: #009900;">ionic<span style="font-size: 1px; color: white;">masks</span>bond</span>
              </strong>
              <span style="font-size: 1px; color: white;">krebs</span>
            </div>
          </p>
        </simpleAssociableChoice>
        <simpleAssociableChoice identifier="prompt_002" fixed="true" matchMax="1" matchMin="0">
          <p>
            <div id="drv_1dcf" oncopy="return false;" onpaste="return false;" oncut="return false;" oncontextmenu="return false;" onmousedown="return false;" onselectstart="return false;"><strong><span style="color: #e60000;">hydrogen bond</span></strong> </div>
          </p>
        </simpleAssociableChoice>
        <simpleAssociableChoice identifier="prompt_003" fixed="true" matchMax="1" matchMin="0">
          <p>
            <div id="drv_af22" oncopy="return false;" onpaste="return false;" oncut="return false;" oncontextmenu="return false;" onmousedown="return false;" onselectstart="return false;">
              <strong>
                <span style="color: #00b3b3;">polar<span style="font-size: 1px; color: white;">joins</span>covalent bond</span>
              </strong>
              <span style="font-size: 1px; color: white;">region</span>
            </div>
          </p>
        </simpleAssociableChoice>
        <simpleAssociableChoice identifier="prompt_004" fixed="true" matchMax="1" matchMin="0">
          <p>
            <div id="drv_9db2" oncopy="return false;" onpaste="return false;" oncut="return false;" oncontextmenu="return false;" onmousedown="return false;" onselectstart="return false;">
              <strong>
                <span style="color: #b3b300;">non-polar covalent<span style="font-size: 1px; color: white;">gapdh</span>bond</span>
              </strong>
              <span style="font-size: 1px; color: white;">sky</span>
            </div>
          </p>
        </simpleAssociableChoice>
      </simpleMatchSet>
      <simpleMatchSet>
        <simpleAssociableChoice identifier="choice_001" fixed="true" matchMax="4" matchMin="0">
          <p>
            <div id="drv_a22d" oncopy="return false;" onpaste="return false;" oncut="return false;" oncontextmenu="return false;" onmousedown="return false;" onselectstart="return false;">Na<sup>+</sup> • Cl<sup>-</sup> (sodium<span style="font-size: 1px; color: white;">thus</span>chloride)<span style="font-size: 1px; color: white;">over</span></div>
          </p>
        </simpleAssociableChoice>
        <simpleAssociableChoice identifier="choice_002" fixed="true" matchMax="4" matchMin="0">
          <p>
            <div id="drv_8b31" oncopy="return false;" onpaste="return false;" oncut="return false;" oncontextmenu="return false;" onmousedown="return false;" onselectstart="return false;">O-H ···· N (bond represented by<span style="font-size: 1px; color: white;">capric</span>the dots) </div>
          </p>
        </simpleAssociableChoice>
        <simpleAssociableChoice identifier="choice_003" fixed="true" matchMax="4" matchMin="0">
          <p>
            <div id="drv_55ca" oncopy="return false;" onpaste="return false;" oncut="return false;" oncontextmenu="return false;" onmousedown="return false;" onselectstart="return false;">P - O (in<span style="font-size: 1px; color: white;">iiei</span>phosphate<span style="font-size: 1px; color: white;">derive</span>groups, PO<sub>4</sub>)<span style="font-size: 1px; color: white;">rarr</span></div>
          </p>
        </simpleAssociableChoice>
        <simpleAssociableChoice identifier="choice_004" fixed="true" matchMax="4" matchMin="0">
          <p>
            <div id="drv_189c" oncopy="return false;" onpaste="return false;" oncut="return false;" oncontextmenu="return false;" onmousedown="return false;" onselectstart="return false;">C - C (in<span style="font-size: 1px; color: white;">stable</span>ethane, C<sub>2</sub>H<sub>6</sub>)<span style="font-size: 1px; color: white;">eyes</span></div>
          </p>
        </simpleAssociableChoice>
      </simpleMatchSet>
    </matchInteraction>
  </itemBody>
  <responseProcessing template="http://www.imsglobal.org/question/qti_v2p1/rptemplates/map_response"/>
</assessmentItem>
