<?xml version='1.0' encoding='UTF-8'?>
<assessmentItem xmlns="http://www.imsglobal.org/xsd/imsqti_v2p1" xmlns:xsi="http://www.w3.org/2001/XMLSchema-instance" xmlns:ns8="http://www.w3.org/1999/xlink" xmlns:ns9="http://www.imsglobal.org/xsd/apip/apipv1p0/imsapip_qtiv1p0" xsi:schemaLocation="http://www.imsglobal.org/xsd/imsqti_v2p1 http://www.imsglobal.org/xsd/qti/qtiv2p1/imsqti_v2p1.xsd" title="99f4_779e_6709" adaptive="false" timeDependent="false" identifier="99f4_779e_6709">
  <responseDeclaration baseType="directedPair" cardinality="multiple" identifier="RESPONSE">
    <correctResponse>
      <value>prompt_001 choice_001</value>
      <value>prompt_002 choice_002</value>
      <value>prompt_003 choice_003</value>
      <value>prompt_004 choice_004</value>
    </correctResponse>
    <mapping defaultValue="0">
      <mapEntry mapKey="prompt_001 choice_001" mappedValue="1"/>
      <mapEntry mapKey="prompt_002 choice_002" mappedValue="1"/>
      <mapEntry mapKey="prompt_003 choice_003" mappedValue="1"/>
      <mapEntry mapKey="prompt_004 choice_004" mappedValue="1"/>
    </mapping>
  </responseDeclaration>
  <outcomeDeclaration baseType="float" cardinality="single" identifier="SCORE"/>
  <itemBody>
    <div>
      <div id="drv_9899" oncopy="return false;" onpaste="return false;" oncut="return false;" oncontextmenu="return false;" onmousedown="return false;" onselectstart="return false;">
        <p>Match<span style="font-size: 1px; color: white;">should</span>each of<span style="font-size: 1px; color: white;">having</span>the<span style="font-size: 1px; color: white;">better</span>following<span style="font-size: 1px; color: white;">decide</span>types of<span style="font-size: 1px; color: white;">rather</span>chemical bonds with<span style="font-size: 1px; color: white;">trnas</span>their corresponding<span style="font-size: 1px; color: white;">biotin</span>examples.</p>
        <p><i>Note:</i> Each<span style="font-size: 1px; color: white;">stages</span>choice<span style="font-size: 1px; color: white;">fixed</span>will<span style="font-size: 1px; color: white;">bpm</span>be<span style="font-size: 1px; color: white;">unite</span>used<span style="font-size: 1px; color: white;">person</span>exactly<span style="font-size: 1px; color: white;">tipoff</span>once.</p>
        <span style="font-size: 1px; color: white;">relies</span>
      </div>
    </div>
    <matchInteraction responseIdentifier="RESPONSE" shuffle="true" maxAssociations="4">
      <prompt>&lt;div id="drv_9899" oncopy="return false;" onpaste="return false;" oncut="return false;" oncontextmenu="return false;" onmousedown="return false;" onselectstart="return false;" &gt;&lt;p&gt;Match&lt;span style='font-size: 1px; color: white;'&gt;should&lt;/span&gt;each of&lt;span style='font-size: 1px; color: white;'&gt;having&lt;/span&gt;the&lt;span style='font-size: 1px; color: white;'&gt;better&lt;/span&gt;following&lt;span style='font-size: 1px; color: white;'&gt;decide&lt;/span&gt;types of&lt;span style='font-size: 1px; color: white;'&gt;rather&lt;/span&gt;chemical bonds with&lt;span style='font-size: 1px; color: white;'&gt;trnas&lt;/span&gt;their corresponding&lt;span style='font-size: 1px; color: white;'&gt;biotin&lt;/span&gt;examples.&lt;/p&gt;&lt;p&gt;&lt;i&gt;Note:&lt;/i&gt; Each&lt;span style='font-size: 1px; color: white;'&gt;stages&lt;/span&gt;choice&lt;span style='font-size: 1px; color: white;'&gt;fixed&lt;/span&gt;will&lt;span style='font-size: 1px; color: white;'&gt;bpm&lt;/span&gt;be&lt;span style='font-size: 1px; color: white;'&gt;unite&lt;/span&gt;used&lt;span style='font-size: 1px; color: white;'&gt;person&lt;/span&gt;exactly&lt;span style='font-size: 1px; color: white;'&gt;tipoff&lt;/span&gt;once.&lt;/p&gt;&lt;span style='font-size: 1px; color: white;'&gt;relies&lt;/span&gt;&lt;/div&gt;</prompt>
      <simpleMatchSet>
        <simpleAssociableChoice identifier="prompt_001" fixed="true" matchMax="1" matchMin="0">
          <p>
            <div id="drv_551a" oncopy="return false;" onpaste="return false;" oncut="return false;" oncontextmenu="return false;" onmousedown="return false;" onselectstart="return false;">
              <strong>
                <span style="color: #e60000;">hydrogen bond</span>
              </strong>
              <span style="font-size: 1px; color: white;">left</span>
            </div>
          </p>
        </simpleAssociableChoice>
        <simpleAssociableChoice identifier="prompt_002" fixed="true" matchMax="1" matchMin="0">
          <p>
            <div id="drv_4ba4" oncopy="return false;" onpaste="return false;" oncut="return false;" oncontextmenu="return false;" onmousedown="return false;" onselectstart="return false;">
              <strong>
                <span style="color: #00b3b3;">polar covalent bond</span>
              </strong>
              <span style="font-size: 1px; color: white;">clot</span>
            </div>
          </p>
        </simpleAssociableChoice>
        <simpleAssociableChoice identifier="prompt_003" fixed="true" matchMax="1" matchMin="0">
          <p>
            <div id="drv_de47" oncopy="return false;" onpaste="return false;" oncut="return false;" oncontextmenu="return false;" onmousedown="return false;" onselectstart="return false;"><strong><span style="color: #b3b300;">non-polar<span style="font-size: 1px; color: white;">truthk</span>covalent<span style="font-size: 1px; color: white;">none</span>bond</span></strong> </div>
          </p>
        </simpleAssociableChoice>
        <simpleAssociableChoice identifier="prompt_004" fixed="true" matchMax="1" matchMin="0">
          <p>
            <div id="drv_2e67" oncopy="return false;" onpaste="return false;" oncut="return false;" oncontextmenu="return false;" onmousedown="return false;" onselectstart="return false;">
              <strong>
                <span style="color: #009900;">ionic bond</span>
              </strong>
              <span style="font-size: 1px; color: white;">area</span>
            </div>
          </p>
        </simpleAssociableChoice>
      </simpleMatchSet>
      <simpleMatchSet>
        <simpleAssociableChoice identifier="choice_001" fixed="true" matchMax="4" matchMin="0">
          <p>
            <div id="drv_23e4" oncopy="return false;" onpaste="return false;" oncut="return false;" oncontextmenu="return false;" onmousedown="return false;" onselectstart="return false;">O-H ···· O (bond<span style="font-size: 1px; color: white;">runs</span>represented<span style="font-size: 1px; color: white;">create</span>by<span style="font-size: 1px; color: white;">keep</span>the dots)<span style="font-size: 1px; color: white;">larger</span></div>
          </p>
        </simpleAssociableChoice>
        <simpleAssociableChoice identifier="choice_002" fixed="true" matchMax="4" matchMin="0">
          <p>
            <div id="drv_5611" oncopy="return false;" onpaste="return false;" oncut="return false;" oncontextmenu="return false;" onmousedown="return false;" onselectstart="return false;">O - H (in an alcohol<span style="font-size: 1px; color: white;">thus</span>group) </div>
          </p>
        </simpleAssociableChoice>
        <simpleAssociableChoice identifier="choice_003" fixed="true" matchMax="4" matchMin="0">
          <p>
            <div id="drv_7e28" oncopy="return false;" onpaste="return false;" oncut="return false;" oncontextmenu="return false;" onmousedown="return false;" onselectstart="return false;">C - C (in benzene, C<sub>6</sub>H<sub>6</sub>)<span style="font-size: 1px; color: white;">deltah</span></div>
          </p>
        </simpleAssociableChoice>
        <simpleAssociableChoice identifier="choice_004" fixed="true" matchMax="4" matchMin="0">
          <p>
            <div id="drv_56a8" oncopy="return false;" onpaste="return false;" oncut="return false;" oncontextmenu="return false;" onmousedown="return false;" onselectstart="return false;">Ca<sup>2+</sup> • CO<sub>3</sub><sup>2-</sup> (calcium<span style="font-size: 1px; color: white;">sip</span>carbonate) </div>
          </p>
        </simpleAssociableChoice>
      </simpleMatchSet>
    </matchInteraction>
  </itemBody>
  <responseProcessing template="http://www.imsglobal.org/question/qti_v2p1/rptemplates/map_response"/>
</assessmentItem>
