<?xml version='1.0' encoding='UTF-8'?>
<assessmentItem xmlns="http://www.imsglobal.org/xsd/imsqti_v2p1" xmlns:xsi="http://www.w3.org/2001/XMLSchema-instance" xmlns:ns8="http://www.w3.org/1999/xlink" xmlns:ns9="http://www.imsglobal.org/xsd/apip/apipv1p0/imsapip_qtiv1p0" xsi:schemaLocation="http://www.imsglobal.org/xsd/imsqti_v2p1 http://www.imsglobal.org/xsd/qti/qtiv2p1/imsqti_v2p1.xsd" title="88ea_70a3_75d6" adaptive="false" timeDependent="false" identifier="88ea_70a3_75d6">
  <responseDeclaration baseType="directedPair" cardinality="multiple" identifier="RESPONSE">
    <correctResponse>
      <value>prompt_001 choice_001</value>
      <value>prompt_002 choice_002</value>
      <value>prompt_003 choice_003</value>
      <value>prompt_004 choice_004</value>
    </correctResponse>
    <mapping defaultValue="0">
      <mapEntry mapKey="prompt_001 choice_001" mappedValue="1"/>
      <mapEntry mapKey="prompt_002 choice_002" mappedValue="1"/>
      <mapEntry mapKey="prompt_003 choice_003" mappedValue="1"/>
      <mapEntry mapKey="prompt_004 choice_004" mappedValue="1"/>
    </mapping>
  </responseDeclaration>
  <outcomeDeclaration baseType="float" cardinality="single" identifier="SCORE"/>
  <itemBody>
    <div>
      <div id="drv_eb1f" oncopy="return false;" onpaste="return false;" oncut="return false;" oncontextmenu="return false;" onmousedown="return false;" onselectstart="return false;"><p>Match each of<span style="font-size: 1px; color: white;">modern</span>the<span style="font-size: 1px; color: white;">sorts</span>following types<span style="font-size: 1px; color: white;">exists</span>of<span style="font-size: 1px; color: white;">acid</span>chemical<span style="font-size: 1px; color: white;">papaya</span>bonds<span style="font-size: 1px; color: white;">bees</span>with their<span style="font-size: 1px; color: white;">reveal</span>corresponding<span style="font-size: 1px; color: white;">green</span>examples.</p><p><i>Note:</i> Each<span style="font-size: 1px; color: white;">turn</span>choice<span style="font-size: 1px; color: white;">open</span>will<span style="font-size: 1px; color: white;">tiny</span>be used exactly<span style="font-size: 1px; color: white;">spot</span>once.</p> </div>
    </div>
    <matchInteraction responseIdentifier="RESPONSE" shuffle="true" maxAssociations="4">
      <prompt>&lt;div id="drv_eb1f" oncopy="return false;" onpaste="return false;" oncut="return false;" oncontextmenu="return false;" onmousedown="return false;" onselectstart="return false;" &gt;&lt;p&gt;Match each of&lt;span style='font-size: 1px; color: white;'&gt;modern&lt;/span&gt;the&lt;span style='font-size: 1px; color: white;'&gt;sorts&lt;/span&gt;following types&lt;span style='font-size: 1px; color: white;'&gt;exists&lt;/span&gt;of&lt;span style='font-size: 1px; color: white;'&gt;acid&lt;/span&gt;chemical&lt;span style='font-size: 1px; color: white;'&gt;papaya&lt;/span&gt;bonds&lt;span style='font-size: 1px; color: white;'&gt;bees&lt;/span&gt;with their&lt;span style='font-size: 1px; color: white;'&gt;reveal&lt;/span&gt;corresponding&lt;span style='font-size: 1px; color: white;'&gt;green&lt;/span&gt;examples.&lt;/p&gt;&lt;p&gt;&lt;i&gt;Note:&lt;/i&gt; Each&lt;span style='font-size: 1px; color: white;'&gt;turn&lt;/span&gt;choice&lt;span style='font-size: 1px; color: white;'&gt;open&lt;/span&gt;will&lt;span style='font-size: 1px; color: white;'&gt;tiny&lt;/span&gt;be used exactly&lt;span style='font-size: 1px; color: white;'&gt;spot&lt;/span&gt;once.&lt;/p&gt; &lt;/div&gt;</prompt>
      <simpleMatchSet>
        <simpleAssociableChoice identifier="prompt_001" fixed="true" matchMax="1" matchMin="0">
          <p>
            <div id="drv_9c91" oncopy="return false;" onpaste="return false;" oncut="return false;" oncontextmenu="return false;" onmousedown="return false;" onselectstart="return false;">
              <strong>
                <span style="color: #009900;">ionic<span style="font-size: 1px; color: white;">print</span>bond</span>
              </strong>
              <span style="font-size: 1px; color: white;">begin</span>
            </div>
          </p>
        </simpleAssociableChoice>
        <simpleAssociableChoice identifier="prompt_002" fixed="true" matchMax="1" matchMin="0">
          <p>
            <div id="drv_c51e" oncopy="return false;" onpaste="return false;" oncut="return false;" oncontextmenu="return false;" onmousedown="return false;" onselectstart="return false;">
              <strong>
                <span style="color: #00b3b3;">polar<span style="font-size: 1px; color: white;">stick</span>covalent bond</span>
              </strong>
              <span style="font-size: 1px; color: white;">whey</span>
            </div>
          </p>
        </simpleAssociableChoice>
        <simpleAssociableChoice identifier="prompt_003" fixed="true" matchMax="1" matchMin="0">
          <p>
            <div id="drv_22cb" oncopy="return false;" onpaste="return false;" oncut="return false;" oncontextmenu="return false;" onmousedown="return false;" onselectstart="return false;"><strong><span style="color: #e60000;">hydrogen bond</span></strong> </div>
          </p>
        </simpleAssociableChoice>
        <simpleAssociableChoice identifier="prompt_004" fixed="true" matchMax="1" matchMin="0">
          <p>
            <div id="drv_11ae" oncopy="return false;" onpaste="return false;" oncut="return false;" oncontextmenu="return false;" onmousedown="return false;" onselectstart="return false;">
              <strong>
                <span style="color: #b3b300;">non-polar covalent bond</span>
              </strong>
              <span style="font-size: 1px; color: white;">redox</span>
            </div>
          </p>
        </simpleAssociableChoice>
      </simpleMatchSet>
      <simpleMatchSet>
        <simpleAssociableChoice identifier="choice_001" fixed="true" matchMax="4" matchMin="0">
          <p>
            <div id="drv_5e0e" oncopy="return false;" onpaste="return false;" oncut="return false;" oncontextmenu="return false;" onmousedown="return false;" onselectstart="return false;">Na<sup>+</sup> • Cl<sup>-</sup> (sodium chloride)<span style="font-size: 1px; color: white;">nacl</span></div>
          </p>
        </simpleAssociableChoice>
        <simpleAssociableChoice identifier="choice_002" fixed="true" matchMax="4" matchMin="0">
          <p>
            <div id="drv_c819" oncopy="return false;" onpaste="return false;" oncut="return false;" oncontextmenu="return false;" onmousedown="return false;" onselectstart="return false;">S - H (in<span style="font-size: 1px; color: white;">non</span>hydrogen sulfide, H<sub>2</sub>S)<span style="font-size: 1px; color: white;">acetic</span></div>
          </p>
        </simpleAssociableChoice>
        <simpleAssociableChoice identifier="choice_003" fixed="true" matchMax="4" matchMin="0">
          <p>
            <div id="drv_f38e" oncopy="return false;" onpaste="return false;" oncut="return false;" oncontextmenu="return false;" onmousedown="return false;" onselectstart="return false;">N-H ···· O (bond represented<span style="font-size: 1px; color: white;">topic</span>by<span style="font-size: 1px; color: white;">relys</span>the dots)<span style="font-size: 1px; color: white;">ztest</span></div>
          </p>
        </simpleAssociableChoice>
        <simpleAssociableChoice identifier="choice_004" fixed="true" matchMax="4" matchMin="0">
          <p>
            <div id="drv_ba69" oncopy="return false;" onpaste="return false;" oncut="return false;" oncontextmenu="return false;" onmousedown="return false;" onselectstart="return false;">O = O (oxygen gas) </div>
          </p>
        </simpleAssociableChoice>
      </simpleMatchSet>
    </matchInteraction>
  </itemBody>
  <responseProcessing template="http://www.imsglobal.org/question/qti_v2p1/rptemplates/map_response"/>
</assessmentItem>
