<?xml version='1.0' encoding='UTF-8'?>
<assessmentItem xmlns="http://www.imsglobal.org/xsd/imsqti_v2p1" xmlns:xsi="http://www.w3.org/2001/XMLSchema-instance" xmlns:ns8="http://www.w3.org/1999/xlink" xmlns:ns9="http://www.imsglobal.org/xsd/apip/apipv1p0/imsapip_qtiv1p0" xsi:schemaLocation="http://www.imsglobal.org/xsd/imsqti_v2p1 http://www.imsglobal.org/xsd/qti/qtiv2p1/imsqti_v2p1.xsd" title="1c63_0bbd_bde6" adaptive="false" timeDependent="false" identifier="1c63_0bbd_bde6">
  <responseDeclaration baseType="directedPair" cardinality="multiple" identifier="RESPONSE">
    <correctResponse>
      <value>prompt_001 choice_001</value>
      <value>prompt_002 choice_002</value>
      <value>prompt_003 choice_003</value>
      <value>prompt_004 choice_004</value>
    </correctResponse>
    <mapping defaultValue="0">
      <mapEntry mapKey="prompt_001 choice_001" mappedValue="1"/>
      <mapEntry mapKey="prompt_002 choice_002" mappedValue="1"/>
      <mapEntry mapKey="prompt_003 choice_003" mappedValue="1"/>
      <mapEntry mapKey="prompt_004 choice_004" mappedValue="1"/>
    </mapping>
  </responseDeclaration>
  <outcomeDeclaration baseType="float" cardinality="single" identifier="SCORE"/>
  <itemBody>
    <div>
      <div id="drv_bfd2" oncopy="return false;" onpaste="return false;" oncut="return false;" oncontextmenu="return false;" onmousedown="return false;" onselectstart="return false;">
        <p>Match<span style="font-size: 1px; color: white;">exons</span>each of the following types of<span style="font-size: 1px; color: white;">knew</span>chemical<span style="font-size: 1px; color: white;">box</span>bonds with their<span style="font-size: 1px; color: white;">birds</span>corresponding<span style="font-size: 1px; color: white;">them</span>examples.</p>
        <p><i>Note:</i> Each<span style="font-size: 1px; color: white;">bees</span>choice<span style="font-size: 1px; color: white;">agent</span>will be<span style="font-size: 1px; color: white;">bafree</span>used<span style="font-size: 1px; color: white;">mask</span>exactly once.</p>
        <span style="font-size: 1px; color: white;">rubber</span>
      </div>
    </div>
    <matchInteraction responseIdentifier="RESPONSE" shuffle="true" maxAssociations="4">
      <prompt>&lt;div id="drv_bfd2" oncopy="return false;" onpaste="return false;" oncut="return false;" oncontextmenu="return false;" onmousedown="return false;" onselectstart="return false;" &gt;&lt;p&gt;Match&lt;span style='font-size: 1px; color: white;'&gt;exons&lt;/span&gt;each of the following types of&lt;span style='font-size: 1px; color: white;'&gt;knew&lt;/span&gt;chemical&lt;span style='font-size: 1px; color: white;'&gt;box&lt;/span&gt;bonds with their&lt;span style='font-size: 1px; color: white;'&gt;birds&lt;/span&gt;corresponding&lt;span style='font-size: 1px; color: white;'&gt;them&lt;/span&gt;examples.&lt;/p&gt;&lt;p&gt;&lt;i&gt;Note:&lt;/i&gt; Each&lt;span style='font-size: 1px; color: white;'&gt;bees&lt;/span&gt;choice&lt;span style='font-size: 1px; color: white;'&gt;agent&lt;/span&gt;will be&lt;span style='font-size: 1px; color: white;'&gt;bafree&lt;/span&gt;used&lt;span style='font-size: 1px; color: white;'&gt;mask&lt;/span&gt;exactly once.&lt;/p&gt;&lt;span style='font-size: 1px; color: white;'&gt;rubber&lt;/span&gt;&lt;/div&gt;</prompt>
      <simpleMatchSet>
        <simpleAssociableChoice identifier="prompt_001" fixed="true" matchMax="1" matchMin="0">
          <p>
            <div id="drv_9232" oncopy="return false;" onpaste="return false;" oncut="return false;" oncontextmenu="return false;" onmousedown="return false;" onselectstart="return false;"><strong><span style="color: #b3b300;">non-polar<span style="font-size: 1px; color: white;">bbonly</span>covalent<span style="font-size: 1px; color: white;">bad</span>bond</span></strong> </div>
          </p>
        </simpleAssociableChoice>
        <simpleAssociableChoice identifier="prompt_002" fixed="true" matchMax="1" matchMin="0">
          <p>
            <div id="drv_dc7c" oncopy="return false;" onpaste="return false;" oncut="return false;" oncontextmenu="return false;" onmousedown="return false;" onselectstart="return false;">
              <strong>
                <span style="color: #e60000;">hydrogen<span style="font-size: 1px; color: white;">tall</span>bond</span>
              </strong>
              <span style="font-size: 1px; color: white;">site</span>
            </div>
          </p>
        </simpleAssociableChoice>
        <simpleAssociableChoice identifier="prompt_003" fixed="true" matchMax="1" matchMin="0">
          <p>
            <div id="drv_2809" oncopy="return false;" onpaste="return false;" oncut="return false;" oncontextmenu="return false;" onmousedown="return false;" onselectstart="return false;"><strong><span style="color: #00b3b3;">polar<span style="font-size: 1px; color: white;">washer</span>covalent bond</span></strong> </div>
          </p>
        </simpleAssociableChoice>
        <simpleAssociableChoice identifier="prompt_004" fixed="true" matchMax="1" matchMin="0">
          <p>
            <div id="drv_046b" oncopy="return false;" onpaste="return false;" oncut="return false;" oncontextmenu="return false;" onmousedown="return false;" onselectstart="return false;"><strong><span style="color: #009900;">ionic<span style="font-size: 1px; color: white;">size</span>bond</span></strong> </div>
          </p>
        </simpleAssociableChoice>
      </simpleMatchSet>
      <simpleMatchSet>
        <simpleAssociableChoice identifier="choice_001" fixed="true" matchMax="4" matchMin="0">
          <p>
            <div id="drv_2633" oncopy="return false;" onpaste="return false;" oncut="return false;" oncontextmenu="return false;" onmousedown="return false;" onselectstart="return false;">C = C (in ethylene, C<sub>2</sub>H<sub>4</sub>)<span style="font-size: 1px; color: white;">sip</span></div>
          </p>
        </simpleAssociableChoice>
        <simpleAssociableChoice identifier="choice_002" fixed="true" matchMax="4" matchMin="0">
          <p>
            <div id="drv_35e2" oncopy="return false;" onpaste="return false;" oncut="return false;" oncontextmenu="return false;" onmousedown="return false;" onselectstart="return false;">O-H ···· N (bond represented<span style="font-size: 1px; color: white;">three</span>by<span style="font-size: 1px; color: white;">for</span>the dots)<span style="font-size: 1px; color: white;">hic</span></div>
          </p>
        </simpleAssociableChoice>
        <simpleAssociableChoice identifier="choice_003" fixed="true" matchMax="4" matchMin="0">
          <p>
            <div id="drv_0b1a" oncopy="return false;" onpaste="return false;" oncut="return false;" oncontextmenu="return false;" onmousedown="return false;" onselectstart="return false;">C - O (in carbon monoxide, CO)<span style="font-size: 1px; color: white;">gel</span></div>
          </p>
        </simpleAssociableChoice>
        <simpleAssociableChoice identifier="choice_004" fixed="true" matchMax="4" matchMin="0">
          <p>
            <div id="drv_f866" oncopy="return false;" onpaste="return false;" oncut="return false;" oncontextmenu="return false;" onmousedown="return false;" onselectstart="return false;">NH<sub>4</sub><sup>+</sup> • NO<sub>3</sub><sup>-</sup> (ammonium<span style="font-size: 1px; color: white;">drugs</span>nitrate)<span style="font-size: 1px; color: white;">probes</span></div>
          </p>
        </simpleAssociableChoice>
      </simpleMatchSet>
    </matchInteraction>
  </itemBody>
  <responseProcessing template="http://www.imsglobal.org/question/qti_v2p1/rptemplates/map_response"/>
</assessmentItem>
