<?xml version='1.0' encoding='UTF-8'?>
<assessmentItem xmlns="http://www.imsglobal.org/xsd/imsqti_v2p1" xmlns:xsi="http://www.w3.org/2001/XMLSchema-instance" xmlns:ns8="http://www.w3.org/1999/xlink" xmlns:ns9="http://www.imsglobal.org/xsd/apip/apipv1p0/imsapip_qtiv1p0" xsi:schemaLocation="http://www.imsglobal.org/xsd/imsqti_v2p1 http://www.imsglobal.org/xsd/qti/qtiv2p1/imsqti_v2p1.xsd" title="cc51_8c58_6d6b" adaptive="false" timeDependent="false" identifier="cc51_8c58_6d6b">
  <responseDeclaration baseType="directedPair" cardinality="multiple" identifier="RESPONSE">
    <correctResponse>
      <value>prompt_001 choice_001</value>
      <value>prompt_002 choice_002</value>
      <value>prompt_003 choice_003</value>
      <value>prompt_004 choice_004</value>
    </correctResponse>
    <mapping defaultValue="0">
      <mapEntry mapKey="prompt_001 choice_001" mappedValue="1"/>
      <mapEntry mapKey="prompt_002 choice_002" mappedValue="1"/>
      <mapEntry mapKey="prompt_003 choice_003" mappedValue="1"/>
      <mapEntry mapKey="prompt_004 choice_004" mappedValue="1"/>
    </mapping>
  </responseDeclaration>
  <outcomeDeclaration baseType="float" cardinality="single" identifier="SCORE"/>
  <itemBody>
    <div>
      <div id="drv_9f01" oncopy="return false;" onpaste="return false;" oncut="return false;" oncontextmenu="return false;" onmousedown="return false;" onselectstart="return false;">
        <p>Match<span style="font-size: 1px; color: white;">gcdotu</span>each<span style="font-size: 1px; color: white;">loci</span>of<span style="font-size: 1px; color: white;">day</span>the<span style="font-size: 1px; color: white;">french</span>following<span style="font-size: 1px; color: white;">result</span>types<span style="font-size: 1px; color: white;">bulb</span>of<span style="font-size: 1px; color: white;">ttest</span>chemical<span style="font-size: 1px; color: white;">her</span>bonds<span style="font-size: 1px; color: white;">rare</span>with<span style="font-size: 1px; color: white;">masks</span>their<span style="font-size: 1px; color: white;">bursts</span>corresponding<span style="font-size: 1px; color: white;">dna</span>examples.</p>
        <p><i>Note:</i> Each<span style="font-size: 1px; color: white;">crops</span>choice will<span style="font-size: 1px; color: white;">lyxose</span>be<span style="font-size: 1px; color: white;">crispr</span>used exactly once.</p>
        <span style="font-size: 1px; color: white;">evolve</span>
      </div>
    </div>
    <matchInteraction responseIdentifier="RESPONSE" shuffle="true" maxAssociations="4">
      <prompt>&lt;div id="drv_9f01" oncopy="return false;" onpaste="return false;" oncut="return false;" oncontextmenu="return false;" onmousedown="return false;" onselectstart="return false;" &gt;&lt;p&gt;Match&lt;span style='font-size: 1px; color: white;'&gt;gcdotu&lt;/span&gt;each&lt;span style='font-size: 1px; color: white;'&gt;loci&lt;/span&gt;of&lt;span style='font-size: 1px; color: white;'&gt;day&lt;/span&gt;the&lt;span style='font-size: 1px; color: white;'&gt;french&lt;/span&gt;following&lt;span style='font-size: 1px; color: white;'&gt;result&lt;/span&gt;types&lt;span style='font-size: 1px; color: white;'&gt;bulb&lt;/span&gt;of&lt;span style='font-size: 1px; color: white;'&gt;ttest&lt;/span&gt;chemical&lt;span style='font-size: 1px; color: white;'&gt;her&lt;/span&gt;bonds&lt;span style='font-size: 1px; color: white;'&gt;rare&lt;/span&gt;with&lt;span style='font-size: 1px; color: white;'&gt;masks&lt;/span&gt;their&lt;span style='font-size: 1px; color: white;'&gt;bursts&lt;/span&gt;corresponding&lt;span style='font-size: 1px; color: white;'&gt;dna&lt;/span&gt;examples.&lt;/p&gt;&lt;p&gt;&lt;i&gt;Note:&lt;/i&gt; Each&lt;span style='font-size: 1px; color: white;'&gt;crops&lt;/span&gt;choice will&lt;span style='font-size: 1px; color: white;'&gt;lyxose&lt;/span&gt;be&lt;span style='font-size: 1px; color: white;'&gt;crispr&lt;/span&gt;used exactly once.&lt;/p&gt;&lt;span style='font-size: 1px; color: white;'&gt;evolve&lt;/span&gt;&lt;/div&gt;</prompt>
      <simpleMatchSet>
        <simpleAssociableChoice identifier="prompt_001" fixed="true" matchMax="1" matchMin="0">
          <p>
            <div id="drv_1495" oncopy="return false;" onpaste="return false;" oncut="return false;" oncontextmenu="return false;" onmousedown="return false;" onselectstart="return false;">
              <strong>
                <span style="color: #b3b300;">non-polar<span style="font-size: 1px; color: white;">lipid</span>covalent<span style="font-size: 1px; color: white;">leonor</span>bond</span>
              </strong>
              <span style="font-size: 1px; color: white;">cat</span>
            </div>
          </p>
        </simpleAssociableChoice>
        <simpleAssociableChoice identifier="prompt_002" fixed="true" matchMax="1" matchMin="0">
          <p>
            <div id="drv_c381" oncopy="return false;" onpaste="return false;" oncut="return false;" oncontextmenu="return false;" onmousedown="return false;" onselectstart="return false;">
              <strong>
                <span style="color: #e60000;">hydrogen<span style="font-size: 1px; color: white;">glass</span>bond</span>
              </strong>
              <span style="font-size: 1px; color: white;">harass</span>
            </div>
          </p>
        </simpleAssociableChoice>
        <simpleAssociableChoice identifier="prompt_003" fixed="true" matchMax="1" matchMin="0">
          <p>
            <div id="drv_2c84" oncopy="return false;" onpaste="return false;" oncut="return false;" oncontextmenu="return false;" onmousedown="return false;" onselectstart="return false;">
              <strong>
                <span style="color: #00b3b3;">polar<span style="font-size: 1px; color: white;">civil</span>covalent bond</span>
              </strong>
              <span style="font-size: 1px; color: white;">sugars</span>
            </div>
          </p>
        </simpleAssociableChoice>
        <simpleAssociableChoice identifier="prompt_004" fixed="true" matchMax="1" matchMin="0">
          <p>
            <div id="drv_9b02" oncopy="return false;" onpaste="return false;" oncut="return false;" oncontextmenu="return false;" onmousedown="return false;" onselectstart="return false;">
              <strong>
                <span style="color: #009900;">ionic<span style="font-size: 1px; color: white;">useful</span>bond</span>
              </strong>
              <span style="font-size: 1px; color: white;">start</span>
            </div>
          </p>
        </simpleAssociableChoice>
      </simpleMatchSet>
      <simpleMatchSet>
        <simpleAssociableChoice identifier="choice_001" fixed="true" matchMax="4" matchMin="0">
          <p>
            <div id="drv_3d4e" oncopy="return false;" onpaste="return false;" oncut="return false;" oncontextmenu="return false;" onmousedown="return false;" onselectstart="return false;">C = C (in<span style="font-size: 1px; color: white;">elaw</span>ethylene, C<sub>2</sub>H<sub>4</sub>)<span style="font-size: 1px; color: white;">ccmrna</span></div>
          </p>
        </simpleAssociableChoice>
        <simpleAssociableChoice identifier="choice_002" fixed="true" matchMax="4" matchMin="0">
          <p>
            <div id="drv_3d5f" oncopy="return false;" onpaste="return false;" oncut="return false;" oncontextmenu="return false;" onmousedown="return false;" onselectstart="return false;">O-H ···· N (bond<span style="font-size: 1px; color: white;">ten</span>represented<span style="font-size: 1px; color: white;">hard</span>by<span style="font-size: 1px; color: white;">higher</span>the<span style="font-size: 1px; color: white;">derive</span>dots)<span style="font-size: 1px; color: white;">fan</span></div>
          </p>
        </simpleAssociableChoice>
        <simpleAssociableChoice identifier="choice_003" fixed="true" matchMax="4" matchMin="0">
          <p>
            <div id="drv_25b3" oncopy="return false;" onpaste="return false;" oncut="return false;" oncontextmenu="return false;" onmousedown="return false;" onselectstart="return false;">C - O (in<span style="font-size: 1px; color: white;">crybt</span>carbon<span style="font-size: 1px; color: white;">falseg</span>monoxide, CO) </div>
          </p>
        </simpleAssociableChoice>
        <simpleAssociableChoice identifier="choice_004" fixed="true" matchMax="4" matchMin="0">
          <p>
            <div id="drv_e43d" oncopy="return false;" onpaste="return false;" oncut="return false;" oncontextmenu="return false;" onmousedown="return false;" onselectstart="return false;">Ca<sup>2+</sup> • 2× Cl<sup>-</sup> (calcium<span style="font-size: 1px; color: white;">bfsex</span>chloride)<span style="font-size: 1px; color: white;">top</span></div>
          </p>
        </simpleAssociableChoice>
      </simpleMatchSet>
    </matchInteraction>
  </itemBody>
  <responseProcessing template="http://www.imsglobal.org/question/qti_v2p1/rptemplates/map_response"/>
</assessmentItem>
