<?xml version='1.0' encoding='UTF-8'?>
<assessmentItem xmlns="http://www.imsglobal.org/xsd/imsqti_v2p1" xmlns:xsi="http://www.w3.org/2001/XMLSchema-instance" xmlns:ns8="http://www.w3.org/1999/xlink" xmlns:ns9="http://www.imsglobal.org/xsd/apip/apipv1p0/imsapip_qtiv1p0" xsi:schemaLocation="http://www.imsglobal.org/xsd/imsqti_v2p1 http://www.imsglobal.org/xsd/qti/qtiv2p1/imsqti_v2p1.xsd" title="ee1b_5871_ebab" adaptive="false" timeDependent="false" identifier="ee1b_5871_ebab">
  <responseDeclaration baseType="directedPair" cardinality="multiple" identifier="RESPONSE">
    <correctResponse>
      <value>prompt_001 choice_001</value>
      <value>prompt_002 choice_002</value>
      <value>prompt_003 choice_003</value>
      <value>prompt_004 choice_004</value>
    </correctResponse>
    <mapping defaultValue="0">
      <mapEntry mapKey="prompt_001 choice_001" mappedValue="1"/>
      <mapEntry mapKey="prompt_002 choice_002" mappedValue="1"/>
      <mapEntry mapKey="prompt_003 choice_003" mappedValue="1"/>
      <mapEntry mapKey="prompt_004 choice_004" mappedValue="1"/>
    </mapping>
  </responseDeclaration>
  <outcomeDeclaration baseType="float" cardinality="single" identifier="SCORE"/>
  <itemBody>
    <div>
      <div id="drv_cc3d" oncopy="return false;" onpaste="return false;" oncut="return false;" oncontextmenu="return false;" onmousedown="return false;" onselectstart="return false;"><p>Match<span style="font-size: 1px; color: white;">how</span>each of<span style="font-size: 1px; color: white;">liver</span>the<span style="font-size: 1px; color: white;">actual</span>following<span style="font-size: 1px; color: white;">van</span>types of<span style="font-size: 1px; color: white;">any</span>chemical bonds<span style="font-size: 1px; color: white;">check</span>with their corresponding<span style="font-size: 1px; color: white;">larger</span>examples.</p><p><i>Note:</i> Each<span style="font-size: 1px; color: white;">roto</span>choice will be<span style="font-size: 1px; color: white;">term</span>used<span style="font-size: 1px; color: white;">area</span>exactly<span style="font-size: 1px; color: white;">dob</span>once.</p> </div>
    </div>
    <matchInteraction responseIdentifier="RESPONSE" shuffle="true" maxAssociations="4">
      <prompt>&lt;div id="drv_cc3d" oncopy="return false;" onpaste="return false;" oncut="return false;" oncontextmenu="return false;" onmousedown="return false;" onselectstart="return false;" &gt;&lt;p&gt;Match&lt;span style='font-size: 1px; color: white;'&gt;how&lt;/span&gt;each of&lt;span style='font-size: 1px; color: white;'&gt;liver&lt;/span&gt;the&lt;span style='font-size: 1px; color: white;'&gt;actual&lt;/span&gt;following&lt;span style='font-size: 1px; color: white;'&gt;van&lt;/span&gt;types of&lt;span style='font-size: 1px; color: white;'&gt;any&lt;/span&gt;chemical bonds&lt;span style='font-size: 1px; color: white;'&gt;check&lt;/span&gt;with their corresponding&lt;span style='font-size: 1px; color: white;'&gt;larger&lt;/span&gt;examples.&lt;/p&gt;&lt;p&gt;&lt;i&gt;Note:&lt;/i&gt; Each&lt;span style='font-size: 1px; color: white;'&gt;roto&lt;/span&gt;choice will be&lt;span style='font-size: 1px; color: white;'&gt;term&lt;/span&gt;used&lt;span style='font-size: 1px; color: white;'&gt;area&lt;/span&gt;exactly&lt;span style='font-size: 1px; color: white;'&gt;dob&lt;/span&gt;once.&lt;/p&gt; &lt;/div&gt;</prompt>
      <simpleMatchSet>
        <simpleAssociableChoice identifier="prompt_001" fixed="true" matchMax="1" matchMin="0">
          <p>
            <div id="drv_54d6" oncopy="return false;" onpaste="return false;" oncut="return false;" oncontextmenu="return false;" onmousedown="return false;" onselectstart="return false;">
              <strong>
                <span style="color: #00b3b3;">polar<span style="font-size: 1px; color: white;">him</span>covalent bond</span>
              </strong>
              <span style="font-size: 1px; color: white;">sperm</span>
            </div>
          </p>
        </simpleAssociableChoice>
        <simpleAssociableChoice identifier="prompt_002" fixed="true" matchMax="1" matchMin="0">
          <p>
            <div id="drv_c4b1" oncopy="return false;" onpaste="return false;" oncut="return false;" oncontextmenu="return false;" onmousedown="return false;" onselectstart="return false;">
              <strong>
                <span style="color: #e60000;">hydrogen<span style="font-size: 1px; color: white;">bulb</span>bond</span>
              </strong>
              <span style="font-size: 1px; color: white;">affect</span>
            </div>
          </p>
        </simpleAssociableChoice>
        <simpleAssociableChoice identifier="prompt_003" fixed="true" matchMax="1" matchMin="0">
          <p>
            <div id="drv_81b8" oncopy="return false;" onpaste="return false;" oncut="return false;" oncontextmenu="return false;" onmousedown="return false;" onselectstart="return false;">
              <strong>
                <span style="color: #b3b300;">non-polar<span style="font-size: 1px; color: white;">falsea</span>covalent<span style="font-size: 1px; color: white;">access</span>bond</span>
              </strong>
              <span style="font-size: 1px; color: white;">valine</span>
            </div>
          </p>
        </simpleAssociableChoice>
        <simpleAssociableChoice identifier="prompt_004" fixed="true" matchMax="1" matchMin="0">
          <p>
            <div id="drv_5edf" oncopy="return false;" onpaste="return false;" oncut="return false;" oncontextmenu="return false;" onmousedown="return false;" onselectstart="return false;">
              <strong>
                <span style="color: #009900;">ionic<span style="font-size: 1px; color: white;">form</span>bond</span>
              </strong>
              <span style="font-size: 1px; color: white;">enol</span>
            </div>
          </p>
        </simpleAssociableChoice>
      </simpleMatchSet>
      <simpleMatchSet>
        <simpleAssociableChoice identifier="choice_001" fixed="true" matchMax="4" matchMin="0">
          <p>
            <div id="drv_38df" oncopy="return false;" onpaste="return false;" oncut="return false;" oncontextmenu="return false;" onmousedown="return false;" onselectstart="return false;">P - O (in<span style="font-size: 1px; color: white;">brain</span>phosphate groups, PO<sub>4</sub>) </div>
          </p>
        </simpleAssociableChoice>
        <simpleAssociableChoice identifier="choice_002" fixed="true" matchMax="4" matchMin="0">
          <p>
            <div id="drv_829f" oncopy="return false;" onpaste="return false;" oncut="return false;" oncontextmenu="return false;" onmousedown="return false;" onselectstart="return false;">O-H ···· O (bond<span style="font-size: 1px; color: white;">rarr</span>represented by<span style="font-size: 1px; color: white;">rich</span>the<span style="font-size: 1px; color: white;">free</span>dots) </div>
          </p>
        </simpleAssociableChoice>
        <simpleAssociableChoice identifier="choice_003" fixed="true" matchMax="4" matchMin="0">
          <p>
            <div id="drv_8486" oncopy="return false;" onpaste="return false;" oncut="return false;" oncontextmenu="return false;" onmousedown="return false;" onselectstart="return false;">C = C (in<span style="font-size: 1px; color: white;">ztest</span>ethylene, C<sub>2</sub>H<sub>4</sub>) </div>
          </p>
        </simpleAssociableChoice>
        <simpleAssociableChoice identifier="choice_004" fixed="true" matchMax="4" matchMin="0">
          <p>
            <div id="drv_e78c" oncopy="return false;" onpaste="return false;" oncut="return false;" oncontextmenu="return false;" onmousedown="return false;" onselectstart="return false;">Na<sup>+</sup> • Cl<sup>-</sup> (sodium<span style="font-size: 1px; color: white;">trutha</span>chloride) </div>
          </p>
        </simpleAssociableChoice>
      </simpleMatchSet>
    </matchInteraction>
  </itemBody>
  <responseProcessing template="http://www.imsglobal.org/question/qti_v2p1/rptemplates/map_response"/>
</assessmentItem>
