<?xml version='1.0' encoding='UTF-8'?>
<assessmentItem xmlns="http://www.imsglobal.org/xsd/imsqti_v2p1" xmlns:xsi="http://www.w3.org/2001/XMLSchema-instance" xmlns:ns8="http://www.w3.org/1999/xlink" xmlns:ns9="http://www.imsglobal.org/xsd/apip/apipv1p0/imsapip_qtiv1p0" xsi:schemaLocation="http://www.imsglobal.org/xsd/imsqti_v2p1 http://www.imsglobal.org/xsd/qti/qtiv2p1/imsqti_v2p1.xsd" title="f80f_1c0f_4f2e" adaptive="false" timeDependent="false" identifier="f80f_1c0f_4f2e">
  <responseDeclaration baseType="directedPair" cardinality="multiple" identifier="RESPONSE">
    <correctResponse>
      <value>prompt_001 choice_001</value>
      <value>prompt_002 choice_002</value>
      <value>prompt_003 choice_003</value>
      <value>prompt_004 choice_004</value>
    </correctResponse>
    <mapping defaultValue="0">
      <mapEntry mapKey="prompt_001 choice_001" mappedValue="1"/>
      <mapEntry mapKey="prompt_002 choice_002" mappedValue="1"/>
      <mapEntry mapKey="prompt_003 choice_003" mappedValue="1"/>
      <mapEntry mapKey="prompt_004 choice_004" mappedValue="1"/>
    </mapping>
  </responseDeclaration>
  <outcomeDeclaration baseType="float" cardinality="single" identifier="SCORE"/>
  <itemBody>
    <div>
      <div id="drv_ced1" oncopy="return false;" onpaste="return false;" oncut="return false;" oncontextmenu="return false;" onmousedown="return false;" onselectstart="return false;">
        <p>Match<span style="font-size: 1px; color: white;">room</span>each<span style="font-size: 1px; color: white;">clean</span>of<span style="font-size: 1px; color: white;">have</span>the<span style="font-size: 1px; color: white;">band</span>following<span style="font-size: 1px; color: white;">falsea</span>types of chemical<span style="font-size: 1px; color: white;">middle</span>bonds<span style="font-size: 1px; color: white;">strand</span>with<span style="font-size: 1px; color: white;">less</span>their<span style="font-size: 1px; color: white;">bone</span>corresponding<span style="font-size: 1px; color: white;">makeup</span>examples.</p>
        <p><i>Note:</i> Each<span style="font-size: 1px; color: white;">polar</span>choice<span style="font-size: 1px; color: white;">lulu</span>will<span style="font-size: 1px; color: white;">piece</span>be<span style="font-size: 1px; color: white;">etest</span>used exactly<span style="font-size: 1px; color: white;">cyclic</span>once.</p>
        <span style="font-size: 1px; color: white;">takes</span>
      </div>
    </div>
    <matchInteraction responseIdentifier="RESPONSE" shuffle="true" maxAssociations="4">
      <prompt>&lt;div id="drv_ced1" oncopy="return false;" onpaste="return false;" oncut="return false;" oncontextmenu="return false;" onmousedown="return false;" onselectstart="return false;" &gt;&lt;p&gt;Match&lt;span style='font-size: 1px; color: white;'&gt;room&lt;/span&gt;each&lt;span style='font-size: 1px; color: white;'&gt;clean&lt;/span&gt;of&lt;span style='font-size: 1px; color: white;'&gt;have&lt;/span&gt;the&lt;span style='font-size: 1px; color: white;'&gt;band&lt;/span&gt;following&lt;span style='font-size: 1px; color: white;'&gt;falsea&lt;/span&gt;types of chemical&lt;span style='font-size: 1px; color: white;'&gt;middle&lt;/span&gt;bonds&lt;span style='font-size: 1px; color: white;'&gt;strand&lt;/span&gt;with&lt;span style='font-size: 1px; color: white;'&gt;less&lt;/span&gt;their&lt;span style='font-size: 1px; color: white;'&gt;bone&lt;/span&gt;corresponding&lt;span style='font-size: 1px; color: white;'&gt;makeup&lt;/span&gt;examples.&lt;/p&gt;&lt;p&gt;&lt;i&gt;Note:&lt;/i&gt; Each&lt;span style='font-size: 1px; color: white;'&gt;polar&lt;/span&gt;choice&lt;span style='font-size: 1px; color: white;'&gt;lulu&lt;/span&gt;will&lt;span style='font-size: 1px; color: white;'&gt;piece&lt;/span&gt;be&lt;span style='font-size: 1px; color: white;'&gt;etest&lt;/span&gt;used exactly&lt;span style='font-size: 1px; color: white;'&gt;cyclic&lt;/span&gt;once.&lt;/p&gt;&lt;span style='font-size: 1px; color: white;'&gt;takes&lt;/span&gt;&lt;/div&gt;</prompt>
      <simpleMatchSet>
        <simpleAssociableChoice identifier="prompt_001" fixed="true" matchMax="1" matchMin="0">
          <p>
            <div id="drv_46b7" oncopy="return false;" onpaste="return false;" oncut="return false;" oncontextmenu="return false;" onmousedown="return false;" onselectstart="return false;">
              <strong>
                <span style="color: #00b3b3;">polar<span style="font-size: 1px; color: white;">pod</span>covalent bond</span>
              </strong>
              <span style="font-size: 1px; color: white;">press</span>
            </div>
          </p>
        </simpleAssociableChoice>
        <simpleAssociableChoice identifier="prompt_002" fixed="true" matchMax="1" matchMin="0">
          <p>
            <div id="drv_6fde" oncopy="return false;" onpaste="return false;" oncut="return false;" oncontextmenu="return false;" onmousedown="return false;" onselectstart="return false;">
              <strong>
                <span style="color: #009900;">ionic<span style="font-size: 1px; color: white;">gdp</span>bond</span>
              </strong>
              <span style="font-size: 1px; color: white;">scents</span>
            </div>
          </p>
        </simpleAssociableChoice>
        <simpleAssociableChoice identifier="prompt_003" fixed="true" matchMax="1" matchMin="0">
          <p>
            <div id="drv_9318" oncopy="return false;" onpaste="return false;" oncut="return false;" oncontextmenu="return false;" onmousedown="return false;" onselectstart="return false;">
              <strong>
                <span style="color: #b3b300;">non-polar covalent<span style="font-size: 1px; color: white;">unit</span>bond</span>
              </strong>
              <span style="font-size: 1px; color: white;">ionic</span>
            </div>
          </p>
        </simpleAssociableChoice>
        <simpleAssociableChoice identifier="prompt_004" fixed="true" matchMax="1" matchMin="0">
          <p>
            <div id="drv_9c2c" oncopy="return false;" onpaste="return false;" oncut="return false;" oncontextmenu="return false;" onmousedown="return false;" onselectstart="return false;"><strong><span style="color: #e60000;">hydrogen<span style="font-size: 1px; color: white;">rattat</span>bond</span></strong> </div>
          </p>
        </simpleAssociableChoice>
      </simpleMatchSet>
      <simpleMatchSet>
        <simpleAssociableChoice identifier="choice_001" fixed="true" matchMax="4" matchMin="0">
          <p>
            <div id="drv_2431" oncopy="return false;" onpaste="return false;" oncut="return false;" oncontextmenu="return false;" onmousedown="return false;" onselectstart="return false;">S - H (in<span style="font-size: 1px; color: white;">rattat</span>hydrogen sulfide, H<sub>2</sub>S)<span style="font-size: 1px; color: white;">all</span></div>
          </p>
        </simpleAssociableChoice>
        <simpleAssociableChoice identifier="choice_002" fixed="true" matchMax="4" matchMin="0">
          <p>
            <div id="drv_f875" oncopy="return false;" onpaste="return false;" oncut="return false;" oncontextmenu="return false;" onmousedown="return false;" onselectstart="return false;">NH<sub>4</sub><sup>+</sup> • NO<sub>3</sub><sup>-</sup> (ammonium nitrate)<span style="font-size: 1px; color: white;">talose</span></div>
          </p>
        </simpleAssociableChoice>
        <simpleAssociableChoice identifier="choice_003" fixed="true" matchMax="4" matchMin="0">
          <p>
            <div id="drv_bfc3" oncopy="return false;" onpaste="return false;" oncut="return false;" oncontextmenu="return false;" onmousedown="return false;" onselectstart="return false;">C = C (in ethylene, C<sub>2</sub>H<sub>4</sub>)<span style="font-size: 1px; color: white;">dmd</span></div>
          </p>
        </simpleAssociableChoice>
        <simpleAssociableChoice identifier="choice_004" fixed="true" matchMax="4" matchMin="0">
          <p>
            <div id="drv_a34c" oncopy="return false;" onpaste="return false;" oncut="return false;" oncontextmenu="return false;" onmousedown="return false;" onselectstart="return false;">O-H ···· O (bond represented<span style="font-size: 1px; color: white;">sanger</span>by<span style="font-size: 1px; color: white;">would</span>the<span style="font-size: 1px; color: white;">happen</span>dots) </div>
          </p>
        </simpleAssociableChoice>
      </simpleMatchSet>
    </matchInteraction>
  </itemBody>
  <responseProcessing template="http://www.imsglobal.org/question/qti_v2p1/rptemplates/map_response"/>
</assessmentItem>
