<?xml version='1.0' encoding='UTF-8'?>
<assessmentItem xmlns="http://www.imsglobal.org/xsd/imsqti_v2p1" xmlns:xsi="http://www.w3.org/2001/XMLSchema-instance" xmlns:ns8="http://www.w3.org/1999/xlink" xmlns:ns9="http://www.imsglobal.org/xsd/apip/apipv1p0/imsapip_qtiv1p0" xsi:schemaLocation="http://www.imsglobal.org/xsd/imsqti_v2p1 http://www.imsglobal.org/xsd/qti/qtiv2p1/imsqti_v2p1.xsd" title="95e3_db31_7bf9" adaptive="false" timeDependent="false" identifier="95e3_db31_7bf9">
  <responseDeclaration baseType="directedPair" cardinality="multiple" identifier="RESPONSE">
    <correctResponse>
      <value>prompt_001 choice_001</value>
      <value>prompt_002 choice_002</value>
      <value>prompt_003 choice_003</value>
      <value>prompt_004 choice_004</value>
    </correctResponse>
    <mapping defaultValue="0">
      <mapEntry mapKey="prompt_001 choice_001" mappedValue="1"/>
      <mapEntry mapKey="prompt_002 choice_002" mappedValue="1"/>
      <mapEntry mapKey="prompt_003 choice_003" mappedValue="1"/>
      <mapEntry mapKey="prompt_004 choice_004" mappedValue="1"/>
    </mapping>
  </responseDeclaration>
  <outcomeDeclaration baseType="float" cardinality="single" identifier="SCORE"/>
  <itemBody>
    <div>
      <div id="drv_be71" oncopy="return false;" onpaste="return false;" oncut="return false;" oncontextmenu="return false;" onmousedown="return false;" onselectstart="return false;">
        <p>Match each<span style="font-size: 1px; color: white;">must</span>of<span style="font-size: 1px; color: white;">forces</span>the<span style="font-size: 1px; color: white;">rest</span>following types<span style="font-size: 1px; color: white;">alpha</span>of<span style="font-size: 1px; color: white;">plays</span>chemical bonds with<span style="font-size: 1px; color: white;">asking</span>their<span style="font-size: 1px; color: white;">intron</span>corresponding examples.</p>
        <p><i>Note:</i> Each choice<span style="font-size: 1px; color: white;">which</span>will<span style="font-size: 1px; color: white;">ice</span>be used<span style="font-size: 1px; color: white;">resin</span>exactly once.</p>
        <span style="font-size: 1px; color: white;">maize</span>
      </div>
    </div>
    <matchInteraction responseIdentifier="RESPONSE" shuffle="true" maxAssociations="4">
      <prompt>&lt;div id="drv_be71" oncopy="return false;" onpaste="return false;" oncut="return false;" oncontextmenu="return false;" onmousedown="return false;" onselectstart="return false;" &gt;&lt;p&gt;Match each&lt;span style='font-size: 1px; color: white;'&gt;must&lt;/span&gt;of&lt;span style='font-size: 1px; color: white;'&gt;forces&lt;/span&gt;the&lt;span style='font-size: 1px; color: white;'&gt;rest&lt;/span&gt;following types&lt;span style='font-size: 1px; color: white;'&gt;alpha&lt;/span&gt;of&lt;span style='font-size: 1px; color: white;'&gt;plays&lt;/span&gt;chemical bonds with&lt;span style='font-size: 1px; color: white;'&gt;asking&lt;/span&gt;their&lt;span style='font-size: 1px; color: white;'&gt;intron&lt;/span&gt;corresponding examples.&lt;/p&gt;&lt;p&gt;&lt;i&gt;Note:&lt;/i&gt; Each choice&lt;span style='font-size: 1px; color: white;'&gt;which&lt;/span&gt;will&lt;span style='font-size: 1px; color: white;'&gt;ice&lt;/span&gt;be used&lt;span style='font-size: 1px; color: white;'&gt;resin&lt;/span&gt;exactly once.&lt;/p&gt;&lt;span style='font-size: 1px; color: white;'&gt;maize&lt;/span&gt;&lt;/div&gt;</prompt>
      <simpleMatchSet>
        <simpleAssociableChoice identifier="prompt_001" fixed="true" matchMax="1" matchMin="0">
          <p>
            <div id="drv_1765" oncopy="return false;" onpaste="return false;" oncut="return false;" oncontextmenu="return false;" onmousedown="return false;" onselectstart="return false;">
              <strong>
                <span style="color: #e60000;">hydrogen bond</span>
              </strong>
              <span style="font-size: 1px; color: white;">ligand</span>
            </div>
          </p>
        </simpleAssociableChoice>
        <simpleAssociableChoice identifier="prompt_002" fixed="true" matchMax="1" matchMin="0">
          <p>
            <div id="drv_b517" oncopy="return false;" onpaste="return false;" oncut="return false;" oncontextmenu="return false;" onmousedown="return false;" onselectstart="return false;"><strong><span style="color: #009900;">ionic<span style="font-size: 1px; color: white;">lac</span>bond</span></strong> </div>
          </p>
        </simpleAssociableChoice>
        <simpleAssociableChoice identifier="prompt_003" fixed="true" matchMax="1" matchMin="0">
          <p>
            <div id="drv_7da4" oncopy="return false;" onpaste="return false;" oncut="return false;" oncontextmenu="return false;" onmousedown="return false;" onselectstart="return false;"><strong><span style="color: #b3b300;">non-polar<span style="font-size: 1px; color: white;">savory</span>covalent<span style="font-size: 1px; color: white;">ion</span>bond</span></strong> </div>
          </p>
        </simpleAssociableChoice>
        <simpleAssociableChoice identifier="prompt_004" fixed="true" matchMax="1" matchMin="0">
          <p>
            <div id="drv_d998" oncopy="return false;" onpaste="return false;" oncut="return false;" oncontextmenu="return false;" onmousedown="return false;" onselectstart="return false;">
              <strong>
                <span style="color: #00b3b3;">polar covalent bond</span>
              </strong>
              <span style="font-size: 1px; color: white;">patent</span>
            </div>
          </p>
        </simpleAssociableChoice>
      </simpleMatchSet>
      <simpleMatchSet>
        <simpleAssociableChoice identifier="choice_001" fixed="true" matchMax="4" matchMin="0">
          <p>
            <div id="drv_e179" oncopy="return false;" onpaste="return false;" oncut="return false;" oncontextmenu="return false;" onmousedown="return false;" onselectstart="return false;">N-H ···· O (bond<span style="font-size: 1px; color: white;">mow</span>represented by the dots) </div>
          </p>
        </simpleAssociableChoice>
        <simpleAssociableChoice identifier="choice_002" fixed="true" matchMax="4" matchMin="0">
          <p>
            <div id="drv_14ed" oncopy="return false;" onpaste="return false;" oncut="return false;" oncontextmenu="return false;" onmousedown="return false;" onselectstart="return false;">Na<sup>+</sup> • Cl<sup>-</sup> (sodium<span style="font-size: 1px; color: white;">exam</span>chloride) </div>
          </p>
        </simpleAssociableChoice>
        <simpleAssociableChoice identifier="choice_003" fixed="true" matchMax="4" matchMin="0">
          <p>
            <div id="drv_90e4" oncopy="return false;" onpaste="return false;" oncut="return false;" oncontextmenu="return false;" onmousedown="return false;" onselectstart="return false;">C ≡ C (in<span style="font-size: 1px; color: white;">esspan</span>acetylene, C<sub>2</sub>H<sub>2</sub>) </div>
          </p>
        </simpleAssociableChoice>
        <simpleAssociableChoice identifier="choice_004" fixed="true" matchMax="4" matchMin="0">
          <p>
            <div id="drv_1bc4" oncopy="return false;" onpaste="return false;" oncut="return false;" oncontextmenu="return false;" onmousedown="return false;" onselectstart="return false;">H - O - H (water)<span style="font-size: 1px; color: white;">former</span></div>
          </p>
        </simpleAssociableChoice>
      </simpleMatchSet>
    </matchInteraction>
  </itemBody>
  <responseProcessing template="http://www.imsglobal.org/question/qti_v2p1/rptemplates/map_response"/>
</assessmentItem>
