<?xml version='1.0' encoding='UTF-8'?>
<assessmentItem xmlns="http://www.imsglobal.org/xsd/imsqti_v2p1" xmlns:xsi="http://www.w3.org/2001/XMLSchema-instance" xmlns:ns8="http://www.w3.org/1999/xlink" xmlns:ns9="http://www.imsglobal.org/xsd/apip/apipv1p0/imsapip_qtiv1p0" xsi:schemaLocation="http://www.imsglobal.org/xsd/imsqti_v2p1 http://www.imsglobal.org/xsd/qti/qtiv2p1/imsqti_v2p1.xsd" title="1824_f788_09f2" adaptive="false" timeDependent="false" identifier="1824_f788_09f2">
  <responseDeclaration baseType="directedPair" cardinality="multiple" identifier="RESPONSE">
    <correctResponse>
      <value>prompt_001 choice_001</value>
      <value>prompt_002 choice_002</value>
      <value>prompt_003 choice_003</value>
      <value>prompt_004 choice_004</value>
    </correctResponse>
    <mapping defaultValue="0">
      <mapEntry mapKey="prompt_001 choice_001" mappedValue="1"/>
      <mapEntry mapKey="prompt_002 choice_002" mappedValue="1"/>
      <mapEntry mapKey="prompt_003 choice_003" mappedValue="1"/>
      <mapEntry mapKey="prompt_004 choice_004" mappedValue="1"/>
    </mapping>
  </responseDeclaration>
  <outcomeDeclaration baseType="float" cardinality="single" identifier="SCORE"/>
  <itemBody>
    <div>
      <div id="drv_a479" oncopy="return false;" onpaste="return false;" oncut="return false;" oncontextmenu="return false;" onmousedown="return false;" onselectstart="return false;">
        <p>Match<span style="font-size: 1px; color: white;">shows</span>each<span style="font-size: 1px; color: white;">xmales</span>of<span style="font-size: 1px; color: white;">bafree</span>the<span style="font-size: 1px; color: white;">lyxose</span>following<span style="font-size: 1px; color: white;">rna</span>types<span style="font-size: 1px; color: white;">germ</span>of<span style="font-size: 1px; color: white;">acetyl</span>chemical<span style="font-size: 1px; color: white;">code</span>bonds with their corresponding<span style="font-size: 1px; color: white;">syrup</span>examples.</p>
        <p><i>Note:</i> Each<span style="font-size: 1px; color: white;">pod</span>choice<span style="font-size: 1px; color: white;">ethane</span>will<span style="font-size: 1px; color: white;">access</span>be used exactly<span style="font-size: 1px; color: white;">counts</span>once.</p>
        <span style="font-size: 1px; color: white;">muscle</span>
      </div>
    </div>
    <matchInteraction responseIdentifier="RESPONSE" shuffle="true" maxAssociations="4">
      <prompt>&lt;div id="drv_a479" oncopy="return false;" onpaste="return false;" oncut="return false;" oncontextmenu="return false;" onmousedown="return false;" onselectstart="return false;" &gt;&lt;p&gt;Match&lt;span style='font-size: 1px; color: white;'&gt;shows&lt;/span&gt;each&lt;span style='font-size: 1px; color: white;'&gt;xmales&lt;/span&gt;of&lt;span style='font-size: 1px; color: white;'&gt;bafree&lt;/span&gt;the&lt;span style='font-size: 1px; color: white;'&gt;lyxose&lt;/span&gt;following&lt;span style='font-size: 1px; color: white;'&gt;rna&lt;/span&gt;types&lt;span style='font-size: 1px; color: white;'&gt;germ&lt;/span&gt;of&lt;span style='font-size: 1px; color: white;'&gt;acetyl&lt;/span&gt;chemical&lt;span style='font-size: 1px; color: white;'&gt;code&lt;/span&gt;bonds with their corresponding&lt;span style='font-size: 1px; color: white;'&gt;syrup&lt;/span&gt;examples.&lt;/p&gt;&lt;p&gt;&lt;i&gt;Note:&lt;/i&gt; Each&lt;span style='font-size: 1px; color: white;'&gt;pod&lt;/span&gt;choice&lt;span style='font-size: 1px; color: white;'&gt;ethane&lt;/span&gt;will&lt;span style='font-size: 1px; color: white;'&gt;access&lt;/span&gt;be used exactly&lt;span style='font-size: 1px; color: white;'&gt;counts&lt;/span&gt;once.&lt;/p&gt;&lt;span style='font-size: 1px; color: white;'&gt;muscle&lt;/span&gt;&lt;/div&gt;</prompt>
      <simpleMatchSet>
        <simpleAssociableChoice identifier="prompt_001" fixed="true" matchMax="1" matchMin="0">
          <p>
            <div id="drv_4fbd" oncopy="return false;" onpaste="return false;" oncut="return false;" oncontextmenu="return false;" onmousedown="return false;" onselectstart="return false;"><strong><span style="color: #009900;">ionic<span style="font-size: 1px; color: white;">dough</span>bond</span></strong> </div>
          </p>
        </simpleAssociableChoice>
        <simpleAssociableChoice identifier="prompt_002" fixed="true" matchMax="1" matchMin="0">
          <p>
            <div id="drv_c8b0" oncopy="return false;" onpaste="return false;" oncut="return false;" oncontextmenu="return false;" onmousedown="return false;" onselectstart="return false;"><strong><span style="color: #e60000;">hydrogen bond</span></strong> </div>
          </p>
        </simpleAssociableChoice>
        <simpleAssociableChoice identifier="prompt_003" fixed="true" matchMax="1" matchMin="0">
          <p>
            <div id="drv_6574" oncopy="return false;" onpaste="return false;" oncut="return false;" oncontextmenu="return false;" onmousedown="return false;" onselectstart="return false;">
              <strong>
                <span style="color: #b3b300;">non-polar<span style="font-size: 1px; color: white;">methyl</span>covalent<span style="font-size: 1px; color: white;">very</span>bond</span>
              </strong>
              <span style="font-size: 1px; color: white;">embryo</span>
            </div>
          </p>
        </simpleAssociableChoice>
        <simpleAssociableChoice identifier="prompt_004" fixed="true" matchMax="1" matchMin="0">
          <p>
            <div id="drv_0b37" oncopy="return false;" onpaste="return false;" oncut="return false;" oncontextmenu="return false;" onmousedown="return false;" onselectstart="return false;">
              <strong>
                <span style="color: #00b3b3;">polar covalent bond</span>
              </strong>
              <span style="font-size: 1px; color: white;">car</span>
            </div>
          </p>
        </simpleAssociableChoice>
      </simpleMatchSet>
      <simpleMatchSet>
        <simpleAssociableChoice identifier="choice_001" fixed="true" matchMax="4" matchMin="0">
          <p>
            <div id="drv_cbf2" oncopy="return false;" onpaste="return false;" oncut="return false;" oncontextmenu="return false;" onmousedown="return false;" onselectstart="return false;">NH<sub>4</sub><sup>+</sup> • NO<sub>3</sub><sup>-</sup> (ammonium<span style="font-size: 1px; color: white;">crack</span>nitrate)<span style="font-size: 1px; color: white;">yaml</span></div>
          </p>
        </simpleAssociableChoice>
        <simpleAssociableChoice identifier="choice_002" fixed="true" matchMax="4" matchMin="0">
          <p>
            <div id="drv_06ec" oncopy="return false;" onpaste="return false;" oncut="return false;" oncontextmenu="return false;" onmousedown="return false;" onselectstart="return false;">N-H ···· O (bond represented<span style="font-size: 1px; color: white;">prior</span>by<span style="font-size: 1px; color: white;">adding</span>the<span style="font-size: 1px; color: white;">brain</span>dots) </div>
          </p>
        </simpleAssociableChoice>
        <simpleAssociableChoice identifier="choice_003" fixed="true" matchMax="4" matchMin="0">
          <p>
            <div id="drv_59f1" oncopy="return false;" onpaste="return false;" oncut="return false;" oncontextmenu="return false;" onmousedown="return false;" onselectstart="return false;">C - C (in benzene, C<sub>6</sub>H<sub>6</sub>) </div>
          </p>
        </simpleAssociableChoice>
        <simpleAssociableChoice identifier="choice_004" fixed="true" matchMax="4" matchMin="0">
          <p>
            <div id="drv_6aae" oncopy="return false;" onpaste="return false;" oncut="return false;" oncontextmenu="return false;" onmousedown="return false;" onselectstart="return false;">S - H (in<span style="font-size: 1px; color: white;">olive</span>hydrogen<span style="font-size: 1px; color: white;">diver</span>sulfide, H<sub>2</sub>S)<span style="font-size: 1px; color: white;">coli</span></div>
          </p>
        </simpleAssociableChoice>
      </simpleMatchSet>
    </matchInteraction>
  </itemBody>
  <responseProcessing template="http://www.imsglobal.org/question/qti_v2p1/rptemplates/map_response"/>
</assessmentItem>
