<?xml version='1.0' encoding='UTF-8'?>
<assessmentItem xmlns="http://www.imsglobal.org/xsd/imsqti_v2p1" xmlns:xsi="http://www.w3.org/2001/XMLSchema-instance" xmlns:ns8="http://www.w3.org/1999/xlink" xmlns:ns9="http://www.imsglobal.org/xsd/apip/apipv1p0/imsapip_qtiv1p0" xsi:schemaLocation="http://www.imsglobal.org/xsd/imsqti_v2p1 http://www.imsglobal.org/xsd/qti/qtiv2p1/imsqti_v2p1.xsd" title="d716_4d65_8e56" adaptive="false" timeDependent="false" identifier="d716_4d65_8e56">
  <responseDeclaration baseType="identifier" cardinality="single" identifier="RESPONSE">
    <correctResponse>
      <value>answer_001</value>
    </correctResponse>
  </responseDeclaration>
  <outcomeDeclaration baseType="float" cardinality="single" identifier="SCORE"/>
  <itemBody>
    <div>
      <div id="drv_926c" oncopy="return false;" onpaste="return false;" oncut="return false;" oncontextmenu="return false;" onmousedown="return false;" onselectstart="return false;"><h4>Based<span style="font-size: 1px; color: white;">exists</span>on<span style="font-size: 1px; color: white;">pest</span>their<span style="font-size: 1px; color: white;">error</span>molecular<span style="font-size: 1px; color: white;">maple</span>formula, which<span style="font-size: 1px; color: white;">add</span>one<span style="font-size: 1px; color: white;">gets</span>of<span style="font-size: 1px; color: white;">takes</span>the following<span style="font-size: 1px; color: white;">german</span>compounds<span style="font-size: 1px; color: white;">films</span>is<span style="font-size: 1px; color: white;">female</span>most<span style="font-size: 1px; color: white;">mutant</span>likely<span style="font-size: 1px; color: white;">joy</span>hydrophobic?</h4> </div>
    </div>
    <choiceInteraction maxChoices="1" responseIdentifier="RESPONSE" shuffle="true">
      <simpleChoice fixed="true" identifier="answer_1">
        <p>
          <div id="drv_84ea" oncopy="return false;" onpaste="return false;" oncut="return false;" oncontextmenu="return false;" onmousedown="return false;" onselectstart="return false;">octane, CH<sub>3</sub>(CH<sub>2</sub>)<sub>6</sub>CH<sub>3</sub> </div>
        </p>
      </simpleChoice>
      <simpleChoice fixed="true" identifier="answer_2">
        <p>
          <div id="drv_b2c7" oncopy="return false;" onpaste="return false;" oncut="return false;" oncontextmenu="return false;" onmousedown="return false;" onselectstart="return false;">acetate, C<sub>2</sub>H<sub>3</sub>O<sub>2</sub> </div>
        </p>
      </simpleChoice>
      <simpleChoice fixed="true" identifier="answer_3">
        <p>
          <div id="drv_67b7" oncopy="return false;" onpaste="return false;" oncut="return false;" oncontextmenu="return false;" onmousedown="return false;" onselectstart="return false;">glycerol, C<sub>3</sub>H<sub>8</sub>O<sub>3</sub> </div>
        </p>
      </simpleChoice>
      <simpleChoice fixed="true" identifier="answer_4">
        <p>
          <div id="drv_a6b7" oncopy="return false;" onpaste="return false;" oncut="return false;" oncontextmenu="return false;" onmousedown="return false;" onselectstart="return false;">phosphoric<span style="font-size: 1px; color: white;">tmspan</span>acid, H<sub>3</sub>PO<sub>4</sub> </div>
        </p>
      </simpleChoice>
      <simpleChoice fixed="true" identifier="answer_5">
        <p>
          <div id="drv_48a4" oncopy="return false;" onpaste="return false;" oncut="return false;" oncontextmenu="return false;" onmousedown="return false;" onselectstart="return false;">erythrose, C<sub>4</sub>H<sub>8</sub>O<sub>4</sub> </div>
        </p>
      </simpleChoice>
    </choiceInteraction>
  </itemBody>
  <responseProcessing>
    <responseCondition>
      <responseIf>
        <match>
          <variable identifier="RESPONSE"/>
          <correct identifier="RESPONSE"/>
        </match>
      </responseIf>
    </responseCondition>
  </responseProcessing>
</assessmentItem>
