<?xml version='1.0' encoding='UTF-8'?>
<assessmentItem xmlns="http://www.imsglobal.org/xsd/imsqti_v2p1" xmlns:xsi="http://www.w3.org/2001/XMLSchema-instance" xmlns:ns8="http://www.w3.org/1999/xlink" xmlns:ns9="http://www.imsglobal.org/xsd/apip/apipv1p0/imsapip_qtiv1p0" xsi:schemaLocation="http://www.imsglobal.org/xsd/imsqti_v2p1 http://www.imsglobal.org/xsd/qti/qtiv2p1/imsqti_v2p1.xsd" title="ca2d_2a21_78fa" adaptive="false" timeDependent="false" identifier="ca2d_2a21_78fa">
  <responseDeclaration baseType="identifier" cardinality="single" identifier="RESPONSE">
    <correctResponse>
      <value>answer_005</value>
    </correctResponse>
  </responseDeclaration>
  <outcomeDeclaration baseType="float" cardinality="single" identifier="SCORE"/>
  <itemBody>
    <div>
      <div id="drv_e8c5" oncopy="return false;" onpaste="return false;" oncut="return false;" oncontextmenu="return false;" onmousedown="return false;" onselectstart="return false;">
        <h4>Based<span style="font-size: 1px; color: white;">genes</span>on<span style="font-size: 1px; color: white;">grab</span>their<span style="font-size: 1px; color: white;">edge</span>molecular<span style="font-size: 1px; color: white;">tag</span>formula, which one<span style="font-size: 1px; color: white;">phenol</span>of the<span style="font-size: 1px; color: white;">spike</span>following compounds is most<span style="font-size: 1px; color: white;">broken</span>likely hydrophobic?</h4>
        <span style="font-size: 1px; color: white;">focus</span>
      </div>
    </div>
    <choiceInteraction maxChoices="1" responseIdentifier="RESPONSE" shuffle="true">
      <simpleChoice fixed="true" identifier="answer_1">
        <p>
          <div id="drv_8081" oncopy="return false;" onpaste="return false;" oncut="return false;" oncontextmenu="return false;" onmousedown="return false;" onselectstart="return false;">phosphoric<span style="font-size: 1px; color: white;">diver</span>acid, H<sub>3</sub>PO<sub>4</sub><span style="font-size: 1px; color: white;">then</span></div>
        </p>
      </simpleChoice>
      <simpleChoice fixed="true" identifier="answer_2">
        <p>
          <div id="drv_4a17" oncopy="return false;" onpaste="return false;" oncut="return false;" oncontextmenu="return false;" onmousedown="return false;" onselectstart="return false;">glycine, NH<sub>2</sub>CH<sub>2</sub>COOH </div>
        </p>
      </simpleChoice>
      <simpleChoice fixed="true" identifier="answer_3">
        <p>
          <div id="drv_0e71" oncopy="return false;" onpaste="return false;" oncut="return false;" oncontextmenu="return false;" onmousedown="return false;" onselectstart="return false;">glycerol, C<sub>3</sub>H<sub>8</sub>O<sub>3</sub><span style="font-size: 1px; color: white;">turth</span></div>
        </p>
      </simpleChoice>
      <simpleChoice fixed="true" identifier="answer_4">
        <p>
          <div id="drv_d326" oncopy="return false;" onpaste="return false;" oncut="return false;" oncontextmenu="return false;" onmousedown="return false;" onselectstart="return false;">acetate, C<sub>2</sub>H<sub>3</sub>O<sub>2</sub><span style="font-size: 1px; color: white;">she</span></div>
        </p>
      </simpleChoice>
      <simpleChoice fixed="true" identifier="answer_5">
        <p>
          <div id="drv_eb26" oncopy="return false;" onpaste="return false;" oncut="return false;" oncontextmenu="return false;" onmousedown="return false;" onselectstart="return false;">hexane, CH<sub>3</sub>(CH<sub>2</sub>)<sub>4</sub>CH<sub>3</sub><span style="font-size: 1px; color: white;">served</span></div>
        </p>
      </simpleChoice>
    </choiceInteraction>
  </itemBody>
  <responseProcessing>
    <responseCondition>
      <responseIf>
        <match>
          <variable identifier="RESPONSE"/>
          <correct identifier="RESPONSE"/>
        </match>
      </responseIf>
    </responseCondition>
  </responseProcessing>
</assessmentItem>
