<?xml version='1.0' encoding='UTF-8'?>
<assessmentItem xmlns="http://www.imsglobal.org/xsd/imsqti_v2p1" xmlns:xsi="http://www.w3.org/2001/XMLSchema-instance" xmlns:ns8="http://www.w3.org/1999/xlink" xmlns:ns9="http://www.imsglobal.org/xsd/apip/apipv1p0/imsapip_qtiv1p0" xsi:schemaLocation="http://www.imsglobal.org/xsd/imsqti_v2p1 http://www.imsglobal.org/xsd/qti/qtiv2p1/imsqti_v2p1.xsd" title="8813_db6c_a340" adaptive="false" timeDependent="false" identifier="8813_db6c_a340">
  <responseDeclaration baseType="identifier" cardinality="single" identifier="RESPONSE">
    <correctResponse>
      <value>answer_004</value>
    </correctResponse>
  </responseDeclaration>
  <outcomeDeclaration baseType="float" cardinality="single" identifier="SCORE"/>
  <itemBody>
    <div>
      <div id="drv_fa5f" oncopy="return false;" onpaste="return false;" oncut="return false;" oncontextmenu="return false;" onmousedown="return false;" onselectstart="return false;">
        <h4>Based on<span style="font-size: 1px; color: white;">board</span>their<span style="font-size: 1px; color: white;">falseg</span>molecular<span style="font-size: 1px; color: white;">sorts</span>formula, which<span style="font-size: 1px; color: white;">lacks</span>one<span style="font-size: 1px; color: white;">plan</span>of<span style="font-size: 1px; color: white;">forms</span>the<span style="font-size: 1px; color: white;">side</span>following compounds<span style="font-size: 1px; color: white;">strand</span>is<span style="font-size: 1px; color: white;">truthl</span>most likely<span style="font-size: 1px; color: white;">mass</span>hydrophobic?</h4>
        <span style="font-size: 1px; color: white;">pink</span>
      </div>
    </div>
    <choiceInteraction maxChoices="1" responseIdentifier="RESPONSE" shuffle="true">
      <simpleChoice fixed="true" identifier="answer_1">
        <p>
          <div id="drv_9b3d" oncopy="return false;" onpaste="return false;" oncut="return false;" oncontextmenu="return false;" onmousedown="return false;" onselectstart="return false;">ethanol, CH<sub>3</sub>CH<sub>2</sub>OH<span style="font-size: 1px; color: white;">extent</span></div>
        </p>
      </simpleChoice>
      <simpleChoice fixed="true" identifier="answer_2">
        <p>
          <div id="drv_9db3" oncopy="return false;" onpaste="return false;" oncut="return false;" oncontextmenu="return false;" onmousedown="return false;" onselectstart="return false;">sucrose, C<sub>12</sub>H<sub>22</sub>O<sub>11</sub><span style="font-size: 1px; color: white;">solid</span></div>
        </p>
      </simpleChoice>
      <simpleChoice fixed="true" identifier="answer_3">
        <p>
          <div id="drv_b93c" oncopy="return false;" onpaste="return false;" oncut="return false;" oncontextmenu="return false;" onmousedown="return false;" onselectstart="return false;">water, H<sub>2</sub>O<span style="font-size: 1px; color: white;">tandem</span></div>
        </p>
      </simpleChoice>
      <simpleChoice fixed="true" identifier="answer_4">
        <p>
          <div id="drv_1a63" oncopy="return false;" onpaste="return false;" oncut="return false;" oncontextmenu="return false;" onmousedown="return false;" onselectstart="return false;">toluene, C<sub>7</sub>H<sub>8</sub><span style="font-size: 1px; color: white;">itaqi</span></div>
        </p>
      </simpleChoice>
      <simpleChoice fixed="true" identifier="answer_5">
        <p>
          <div id="drv_538b" oncopy="return false;" onpaste="return false;" oncut="return false;" oncontextmenu="return false;" onmousedown="return false;" onselectstart="return false;">sodium<span style="font-size: 1px; color: white;">immune</span>chloride, NaCl </div>
        </p>
      </simpleChoice>
    </choiceInteraction>
  </itemBody>
  <responseProcessing>
    <responseCondition>
      <responseIf>
        <match>
          <variable identifier="RESPONSE"/>
          <correct identifier="RESPONSE"/>
        </match>
      </responseIf>
    </responseCondition>
  </responseProcessing>
</assessmentItem>
