<?xml version='1.0' encoding='UTF-8'?>
<assessmentItem xmlns="http://www.imsglobal.org/xsd/imsqti_v2p1" xmlns:xsi="http://www.w3.org/2001/XMLSchema-instance" xmlns:ns8="http://www.w3.org/1999/xlink" xmlns:ns9="http://www.imsglobal.org/xsd/apip/apipv1p0/imsapip_qtiv1p0" xsi:schemaLocation="http://www.imsglobal.org/xsd/imsqti_v2p1 http://www.imsglobal.org/xsd/qti/qtiv2p1/imsqti_v2p1.xsd" title="68ae_8a61_8d1d" adaptive="false" timeDependent="false" identifier="68ae_8a61_8d1d">
  <responseDeclaration baseType="identifier" cardinality="single" identifier="RESPONSE">
    <correctResponse>
      <value>answer_002</value>
    </correctResponse>
  </responseDeclaration>
  <outcomeDeclaration baseType="float" cardinality="single" identifier="SCORE"/>
  <itemBody>
    <div>
      <div id="drv_f9b2" oncopy="return false;" onpaste="return false;" oncut="return false;" oncontextmenu="return false;" onmousedown="return false;" onselectstart="return false;"><h4>Based<span style="font-size: 1px; color: white;">amide</span>on<span style="font-size: 1px; color: white;">embryo</span>their<span style="font-size: 1px; color: white;">clear</span>molecular formula, which<span style="font-size: 1px; color: white;">fatty</span>one<span style="font-size: 1px; color: white;">packed</span>of<span style="font-size: 1px; color: white;">mgdl</span>the<span style="font-size: 1px; color: white;">folded</span>following compounds is<span style="font-size: 1px; color: white;">fenull</span>most<span style="font-size: 1px; color: white;">offset</span>likely hydrophobic?</h4> </div>
    </div>
    <choiceInteraction maxChoices="1" responseIdentifier="RESPONSE" shuffle="true">
      <simpleChoice fixed="true" identifier="answer_1">
        <p>
          <div id="drv_cb08" oncopy="return false;" onpaste="return false;" oncut="return false;" oncontextmenu="return false;" onmousedown="return false;" onselectstart="return false;">urea, CO(NH<sub>2</sub>)<sub>2</sub><span style="font-size: 1px; color: white;">lac</span></div>
        </p>
      </simpleChoice>
      <simpleChoice fixed="true" identifier="answer_2">
        <p>
          <div id="drv_afa5" oncopy="return false;" onpaste="return false;" oncut="return false;" oncontextmenu="return false;" onmousedown="return false;" onselectstart="return false;">benzene, C<sub>6</sub>H<sub>6</sub> </div>
        </p>
      </simpleChoice>
      <simpleChoice fixed="true" identifier="answer_3">
        <p>
          <div id="drv_661d" oncopy="return false;" onpaste="return false;" oncut="return false;" oncontextmenu="return false;" onmousedown="return false;" onselectstart="return false;">phosphoric<span style="font-size: 1px; color: white;">ztest</span>acid, H<sub>3</sub>PO<sub>4</sub><span style="font-size: 1px; color: white;">ones</span></div>
        </p>
      </simpleChoice>
      <simpleChoice fixed="true" identifier="answer_4">
        <p>
          <div id="drv_fb3b" oncopy="return false;" onpaste="return false;" oncut="return false;" oncontextmenu="return false;" onmousedown="return false;" onselectstart="return false;">sucrose, C<sub>12</sub>H<sub>22</sub>O<sub>11</sub><span style="font-size: 1px; color: white;">exist</span></div>
        </p>
      </simpleChoice>
      <simpleChoice fixed="true" identifier="answer_5">
        <p>
          <div id="drv_2239" oncopy="return false;" onpaste="return false;" oncut="return false;" oncontextmenu="return false;" onmousedown="return false;" onselectstart="return false;">erythrose, C<sub>4</sub>H<sub>8</sub>O<sub>4</sub><span style="font-size: 1px; color: white;">before</span></div>
        </p>
      </simpleChoice>
    </choiceInteraction>
  </itemBody>
  <responseProcessing>
    <responseCondition>
      <responseIf>
        <match>
          <variable identifier="RESPONSE"/>
          <correct identifier="RESPONSE"/>
        </match>
      </responseIf>
    </responseCondition>
  </responseProcessing>
</assessmentItem>
