<?xml version='1.0' encoding='UTF-8'?>
<assessmentItem xmlns="http://www.imsglobal.org/xsd/imsqti_v2p1" xmlns:xsi="http://www.w3.org/2001/XMLSchema-instance" xmlns:ns8="http://www.w3.org/1999/xlink" xmlns:ns9="http://www.imsglobal.org/xsd/apip/apipv1p0/imsapip_qtiv1p0" xsi:schemaLocation="http://www.imsglobal.org/xsd/imsqti_v2p1 http://www.imsglobal.org/xsd/qti/qtiv2p1/imsqti_v2p1.xsd" title="7211_7c6d_775f" adaptive="false" timeDependent="false" identifier="7211_7c6d_775f">
  <responseDeclaration baseType="identifier" cardinality="single" identifier="RESPONSE">
    <correctResponse>
      <value>answer_002</value>
    </correctResponse>
  </responseDeclaration>
  <outcomeDeclaration baseType="float" cardinality="single" identifier="SCORE"/>
  <itemBody>
    <div>
      <div id="drv_6cec" oncopy="return false;" onpaste="return false;" oncut="return false;" oncontextmenu="return false;" onmousedown="return false;" onselectstart="return false;"><h4>Based<span style="font-size: 1px; color: white;">book</span>on<span style="font-size: 1px; color: white;">with</span>their<span style="font-size: 1px; color: white;">retain</span>molecular formula, which<span style="font-size: 1px; color: white;">metal</span>one<span style="font-size: 1px; color: white;">safe</span>of<span style="font-size: 1px; color: white;">avoid</span>the<span style="font-size: 1px; color: white;">trace</span>following<span style="font-size: 1px; color: white;">damm</span>compounds<span style="font-size: 1px; color: white;">solve</span>is<span style="font-size: 1px; color: white;">needle</span>most<span style="font-size: 1px; color: white;">inner</span>likely<span style="font-size: 1px; color: white;">glands</span>hydrophobic?</h4> </div>
    </div>
    <choiceInteraction maxChoices="1" responseIdentifier="RESPONSE" shuffle="true">
      <simpleChoice fixed="true" identifier="answer_1">
        <p>
          <div id="drv_91b2" oncopy="return false;" onpaste="return false;" oncut="return false;" oncontextmenu="return false;" onmousedown="return false;" onselectstart="return false;">ethanol, CH<sub>3</sub>CH<sub>2</sub>OH<span style="font-size: 1px; color: white;">acetyl</span></div>
        </p>
      </simpleChoice>
      <simpleChoice fixed="true" identifier="answer_2">
        <p>
          <div id="drv_de80" oncopy="return false;" onpaste="return false;" oncut="return false;" oncontextmenu="return false;" onmousedown="return false;" onselectstart="return false;">ethylene, CH<sub>2</sub>CH<sub>2</sub><span style="font-size: 1px; color: white;">forest</span></div>
        </p>
      </simpleChoice>
      <simpleChoice fixed="true" identifier="answer_3">
        <p>
          <div id="drv_73b6" oncopy="return false;" onpaste="return false;" oncut="return false;" oncontextmenu="return false;" onmousedown="return false;" onselectstart="return false;">sodium<span style="font-size: 1px; color: white;">anova</span>chloride, NaCl<span style="font-size: 1px; color: white;">take</span></div>
        </p>
      </simpleChoice>
      <simpleChoice fixed="true" identifier="answer_4">
        <p>
          <div id="drv_fea2" oncopy="return false;" onpaste="return false;" oncut="return false;" oncontextmenu="return false;" onmousedown="return false;" onselectstart="return false;">sucrose, C<sub>12</sub>H<sub>22</sub>O<sub>11</sub><span style="font-size: 1px; color: white;">bitter</span></div>
        </p>
      </simpleChoice>
      <simpleChoice fixed="true" identifier="answer_5">
        <p>
          <div id="drv_460d" oncopy="return false;" onpaste="return false;" oncut="return false;" oncontextmenu="return false;" onmousedown="return false;" onselectstart="return false;">phosphoric<span style="font-size: 1px; color: white;">happen</span>acid, H<sub>3</sub>PO<sub>4</sub><span style="font-size: 1px; color: white;">lac</span></div>
        </p>
      </simpleChoice>
    </choiceInteraction>
  </itemBody>
  <responseProcessing>
    <responseCondition>
      <responseIf>
        <match>
          <variable identifier="RESPONSE"/>
          <correct identifier="RESPONSE"/>
        </match>
      </responseIf>
    </responseCondition>
  </responseProcessing>
</assessmentItem>
