<?xml version='1.0' encoding='UTF-8'?>
<assessmentItem xmlns="http://www.imsglobal.org/xsd/imsqti_v2p1" xmlns:xsi="http://www.w3.org/2001/XMLSchema-instance" xmlns:ns8="http://www.w3.org/1999/xlink" xmlns:ns9="http://www.imsglobal.org/xsd/apip/apipv1p0/imsapip_qtiv1p0" xsi:schemaLocation="http://www.imsglobal.org/xsd/imsqti_v2p1 http://www.imsglobal.org/xsd/qti/qtiv2p1/imsqti_v2p1.xsd" title="4abd_9406_9631" adaptive="false" timeDependent="false" identifier="4abd_9406_9631">
  <responseDeclaration baseType="float" cardinality="single" identifier="RESPONSE">
    <correctResponse>
      <value>15.0</value>
    </correctResponse>
  </responseDeclaration>
  <outcomeDeclaration baseType="float" cardinality="single" identifier="SCORE"/>
  <itemBody>
    <div>
      <table border="1" cellpadding="4" cellspacing="0" style="border-collapse: collapse; margin-top: 6px;">
        <tr>
          <td colspan="2" style="font-weight: bold; background-color: #efefef; text-align: center;">Magnesium sulfate (MgSO<sub>4</sub>)</td>
        </tr>
        <tr>
          <td style="font-weight: bold; background-color: #f7f7f7;">Volume</td>
          <td>
            <span style="font-family: monospace;">30 mL</span>
          </td>
        </tr>
        <tr>
          <td style="font-weight: bold; background-color: #f7f7f7;">Concentration</td>
          <td>
            <span style="font-family: monospace;">50% (w/v)</span>
          </td>
        </tr>
        <tr>
          <td style="font-weight: bold; background-color: #f7f7f7;">Molecular weight</td>
          <td>
            <span style="font-family: monospace;">120.37 g/mol</span>
          </td>
        </tr>
        <tr>
          <td style="font-weight: bold; background-color: #f7f7f7;">State</td>
          <td>Solid powder at room temperature</td>
        </tr>
      </table>
      <p>How many grams (g) of magnesium sulfate (MgSO<sub>4</sub>) you would need to make <strong><span style="font-size: 1.05em;"><span style="font-family: monospace;">30 mL</span> of a <span style="font-family: monospace;">50% (w/v)</span></span></strong> MgSO<sub>4</sub> solution?</p>
      <p>
        <i>Note: answers need to be within 7% of the correct number to be correct.</i>
      </p>
    </div>
    <p>
      <textEntryInteraction responseIdentifier="RESPONSE"/>
    </p>
  </itemBody>
  <responseProcessing>
    <responseCondition>
      <responseIf>
        <equal toleranceMode="absolute" tolerance="0.9 0.9" includeLowerBound="true" includeUpperBound="true">
          <variable identifier="RESPONSE"/>
          <correct identifier="RESPONSE"/>
        </equal>
        <setOutcomeValue identifier="SCORE">
          <baseValue baseType="float">100</baseValue>
        </setOutcomeValue>
      </responseIf>
      <responseElse>
        <setOutcomeValue identifier="SCORE">
          <baseValue baseType="float">0</baseValue>
        </setOutcomeValue>
      </responseElse>
    </responseCondition>
  </responseProcessing>
</assessmentItem>
