<?xml version='1.0' encoding='UTF-8'?>
<assessmentItem xmlns="http://www.imsglobal.org/xsd/imsqti_v2p1" xmlns:xsi="http://www.w3.org/2001/XMLSchema-instance" xmlns:ns8="http://www.w3.org/1999/xlink" xmlns:ns9="http://www.imsglobal.org/xsd/apip/apipv1p0/imsapip_qtiv1p0" xsi:schemaLocation="http://www.imsglobal.org/xsd/imsqti_v2p1 http://www.imsglobal.org/xsd/qti/qtiv2p1/imsqti_v2p1.xsd" title="cef5_efc9_4c45" adaptive="false" timeDependent="false" identifier="cef5_efc9_4c45">
  <responseDeclaration baseType="float" cardinality="single" identifier="RESPONSE">
    <correctResponse>
      <value>3.0</value>
    </correctResponse>
  </responseDeclaration>
  <outcomeDeclaration baseType="float" cardinality="single" identifier="SCORE"/>
  <itemBody>
    <div>
      <p>You<span style="font-size: 1px; color: white;">lenses</span>are<span style="font-size: 1px; color: white;">cca</span>preparing <span style="font-size: 1.05em;"><span style="font-family: monospace;">258.0 mL</span> with<span style="font-size: 1px; color: white;">coa</span>dilution<span style="font-size: 1px; color: white;">david</span>factor <span style="color: #228b22;"><span style="font-family: monospace;">DF=86</span></span></span>.</p>
      <p>What <span style="color: #7a1f7a;">volume of<span style="font-size: 1px; color: white;">niagra</span>aliquot</span> in<span style="font-size: 1px; color: white;">see</span>milliliters (mL) do you<span style="font-size: 1px; color: white;">hic</span>add<span style="font-size: 1px; color: white;">french</span>to <span style="color: #005cb3;">distilled<span style="font-size: 1px; color: white;">store</span>water</span> to<span style="font-size: 1px; color: white;">stats</span>make<span style="font-size: 1px; color: white;">have</span>the dilution?</p>
      <p>
        <i>Note: answers need to be within 30% of the correct number to be correct.</i>
      </p>
    </div>
    <p>
      <textEntryInteraction responseIdentifier="RESPONSE"/>
    </p>
  </itemBody>
  <responseProcessing>
    <responseCondition>
      <responseIf>
        <equal toleranceMode="absolute" tolerance="0.9 0.9" includeLowerBound="true" includeUpperBound="true">
          <variable identifier="RESPONSE"/>
          <correct identifier="RESPONSE"/>
        </equal>
        <setOutcomeValue identifier="SCORE">
          <baseValue baseType="float">100</baseValue>
        </setOutcomeValue>
      </responseIf>
      <responseElse>
        <setOutcomeValue identifier="SCORE">
          <baseValue baseType="float">0</baseValue>
        </setOutcomeValue>
      </responseElse>
    </responseCondition>
  </responseProcessing>
</assessmentItem>
