<?xml version='1.0' encoding='UTF-8'?>
<assessmentItem xmlns="http://www.imsglobal.org/xsd/imsqti_v2p1" xmlns:xsi="http://www.w3.org/2001/XMLSchema-instance" xmlns:ns8="http://www.w3.org/1999/xlink" xmlns:ns9="http://www.imsglobal.org/xsd/apip/apipv1p0/imsapip_qtiv1p0" xsi:schemaLocation="http://www.imsglobal.org/xsd/imsqti_v2p1 http://www.imsglobal.org/xsd/qti/qtiv2p1/imsqti_v2p1.xsd" title="5e5f_4b0c_0496" adaptive="false" timeDependent="false" identifier="5e5f_4b0c_0496">
  <responseDeclaration baseType="float" cardinality="single" identifier="RESPONSE">
    <correctResponse>
      <value>4.6</value>
    </correctResponse>
  </responseDeclaration>
  <outcomeDeclaration baseType="float" cardinality="single" identifier="SCORE"/>
  <itemBody>
    <div>
      <p>You<span style="font-size: 1px; color: white;">them</span>are<span style="font-size: 1px; color: white;">lauric</span>preparing <span style="font-size: 1.05em;"><span style="font-family: monospace;">161.0 mL</span> with<span style="font-size: 1px; color: white;">xxy</span>dilution<span style="font-size: 1px; color: white;">begg</span>factor <span style="color: #228b22;"><span style="font-family: monospace;">DF=35</span></span></span>.</p>
      <p>What <span style="color: #7a1f7a;">volume<span style="font-size: 1px; color: white;">rows</span>of aliquot</span> in milliliters (mL) do<span style="font-size: 1px; color: white;">share</span>you<span style="font-size: 1px; color: white;">ssb</span>add<span style="font-size: 1px; color: white;">spins</span>to <span style="color: #005cb3;">distilled<span style="font-size: 1px; color: white;">zinc</span>water</span> to<span style="font-size: 1px; color: white;">just</span>make the dilution?</p>
      <span style="font-size: 1px; color: white;">nerve</span>
      <p>
        <i>Note: answers need to be within 20% of the correct number to be correct.</i>
      </p>
    </div>
    <p>
      <textEntryInteraction responseIdentifier="RESPONSE"/>
    </p>
  </itemBody>
  <responseProcessing>
    <responseCondition>
      <responseIf>
        <equal toleranceMode="absolute" tolerance="0.9 0.9" includeLowerBound="true" includeUpperBound="true">
          <variable identifier="RESPONSE"/>
          <correct identifier="RESPONSE"/>
        </equal>
        <setOutcomeValue identifier="SCORE">
          <baseValue baseType="float">100</baseValue>
        </setOutcomeValue>
      </responseIf>
      <responseElse>
        <setOutcomeValue identifier="SCORE">
          <baseValue baseType="float">0</baseValue>
        </setOutcomeValue>
      </responseElse>
    </responseCondition>
  </responseProcessing>
</assessmentItem>
