<?xml version='1.0' encoding='UTF-8'?>
<assessmentItem xmlns="http://www.imsglobal.org/xsd/imsqti_v2p1" xmlns:xsi="http://www.w3.org/2001/XMLSchema-instance" xmlns:ns8="http://www.w3.org/1999/xlink" xmlns:ns9="http://www.imsglobal.org/xsd/apip/apipv1p0/imsapip_qtiv1p0" xsi:schemaLocation="http://www.imsglobal.org/xsd/imsqti_v2p1 http://www.imsglobal.org/xsd/qti/qtiv2p1/imsqti_v2p1.xsd" title="dbc5_2168_5f7b" adaptive="false" timeDependent="false" identifier="dbc5_2168_5f7b">
  <responseDeclaration baseType="float" cardinality="single" identifier="RESPONSE">
    <correctResponse>
      <value>8.7</value>
    </correctResponse>
  </responseDeclaration>
  <outcomeDeclaration baseType="float" cardinality="single" identifier="SCORE"/>
  <itemBody>
    <div>
      <p>You<span style="font-size: 1px; color: white;">entire</span>are<span style="font-size: 1px; color: white;">hired</span>preparing <span style="font-size: 1.05em;"><span style="font-family: monospace;">261.0 mL</span> with<span style="font-size: 1px; color: white;">dogma</span>dilution<span style="font-size: 1px; color: white;">half</span>factor <span style="color: #228b22;"><span style="font-family: monospace;">DF=30</span></span></span>.</p>
      <p>What <span style="color: #7a1f7a;">volume of<span style="font-size: 1px; color: white;">string</span>aliquot</span> in<span style="font-size: 1px; color: white;">uses</span>milliliters (mL) do<span style="font-size: 1px; color: white;">many</span>you<span style="font-size: 1px; color: white;">fuisz</span>add<span style="font-size: 1px; color: white;">sulfur</span>to <span style="color: #005cb3;">distilled<span style="font-size: 1px; color: white;">run</span>water</span> to<span style="font-size: 1px; color: white;">sos</span>make<span style="font-size: 1px; color: white;">city</span>the<span style="font-size: 1px; color: white;">valine</span>dilution?</p>
      <span style="font-size: 1px; color: white;">shapes</span>
      <p>
        <i>Note: answers need to be within 11% of the correct number to be correct.</i>
      </p>
    </div>
    <p>
      <textEntryInteraction responseIdentifier="RESPONSE"/>
    </p>
  </itemBody>
  <responseProcessing>
    <responseCondition>
      <responseIf>
        <equal toleranceMode="absolute" tolerance="0.9 0.9" includeLowerBound="true" includeUpperBound="true">
          <variable identifier="RESPONSE"/>
          <correct identifier="RESPONSE"/>
        </equal>
        <setOutcomeValue identifier="SCORE">
          <baseValue baseType="float">100</baseValue>
        </setOutcomeValue>
      </responseIf>
      <responseElse>
        <setOutcomeValue identifier="SCORE">
          <baseValue baseType="float">0</baseValue>
        </setOutcomeValue>
      </responseElse>
    </responseCondition>
  </responseProcessing>
</assessmentItem>
