<?xml version='1.0' encoding='UTF-8'?>
<assessmentItem xmlns="http://www.imsglobal.org/xsd/imsqti_v2p1" xmlns:xsi="http://www.w3.org/2001/XMLSchema-instance" xmlns:ns8="http://www.w3.org/1999/xlink" xmlns:ns9="http://www.imsglobal.org/xsd/apip/apipv1p0/imsapip_qtiv1p0" xsi:schemaLocation="http://www.imsglobal.org/xsd/imsqti_v2p1 http://www.imsglobal.org/xsd/qti/qtiv2p1/imsqti_v2p1.xsd" title="47d4_6cb1_31fb" adaptive="false" timeDependent="false" identifier="47d4_6cb1_31fb">
  <responseDeclaration baseType="float" cardinality="single" identifier="RESPONSE">
    <correctResponse>
      <value>8.5</value>
    </correctResponse>
  </responseDeclaration>
  <outcomeDeclaration baseType="float" cardinality="single" identifier="SCORE"/>
  <itemBody>
    <div>
      <p>You<span style="font-size: 1px; color: white;">germ</span>are<span style="font-size: 1px; color: white;">color</span>preparing <span style="font-size: 1.05em;"><span style="font-family: monospace;">68.0 mL</span> with dilution<span style="font-size: 1px; color: white;">skier</span>factor <span style="color: #228b22;"><span style="font-family: monospace;">DF=8</span></span></span>.</p>
      <p>What <span style="color: #7a1f7a;">volume<span style="font-size: 1px; color: white;">evolve</span>of aliquot</span> in<span style="font-size: 1px; color: white;">bow</span>milliliters (mL) do<span style="font-size: 1px; color: white;">flower</span>you add to <span style="color: #005cb3;">distilled<span style="font-size: 1px; color: white;">hill</span>water</span> to<span style="font-size: 1px; color: white;">served</span>make<span style="font-size: 1px; color: white;">mating</span>the dilution?</p>
      <span style="font-size: 1px; color: white;">rise</span>
      <p>
        <i>Note: answers need to be within 11% of the correct number to be correct.</i>
      </p>
    </div>
    <p>
      <textEntryInteraction responseIdentifier="RESPONSE"/>
    </p>
  </itemBody>
  <responseProcessing>
    <responseCondition>
      <responseIf>
        <equal toleranceMode="absolute" tolerance="0.9 0.9" includeLowerBound="true" includeUpperBound="true">
          <variable identifier="RESPONSE"/>
          <correct identifier="RESPONSE"/>
        </equal>
        <setOutcomeValue identifier="SCORE">
          <baseValue baseType="float">100</baseValue>
        </setOutcomeValue>
      </responseIf>
      <responseElse>
        <setOutcomeValue identifier="SCORE">
          <baseValue baseType="float">0</baseValue>
        </setOutcomeValue>
      </responseElse>
    </responseCondition>
  </responseProcessing>
</assessmentItem>
