<?xml version='1.0' encoding='UTF-8'?>
<assessmentItem xmlns="http://www.imsglobal.org/xsd/imsqti_v2p1" xmlns:xsi="http://www.w3.org/2001/XMLSchema-instance" xmlns:ns8="http://www.w3.org/1999/xlink" xmlns:ns9="http://www.imsglobal.org/xsd/apip/apipv1p0/imsapip_qtiv1p0" xsi:schemaLocation="http://www.imsglobal.org/xsd/imsqti_v2p1 http://www.imsglobal.org/xsd/qti/qtiv2p1/imsqti_v2p1.xsd" title="38eb_89ed_90b7" adaptive="false" timeDependent="false" identifier="38eb_89ed_90b7">
  <responseDeclaration baseType="float" cardinality="single" identifier="RESPONSE">
    <correctResponse>
      <value>6.5</value>
    </correctResponse>
  </responseDeclaration>
  <outcomeDeclaration baseType="float" cardinality="single" identifier="SCORE"/>
  <itemBody>
    <div>
      <p>You<span style="font-size: 1px; color: white;">gapdh</span>are<span style="font-size: 1px; color: white;">means</span>preparing <span style="font-size: 1.05em;"><span style="font-family: monospace;">364.0 mL</span> with dilution<span style="font-size: 1px; color: white;">lime</span>factor <span style="color: #228b22;"><span style="font-family: monospace;">DF=56</span></span></span>.</p>
      <p>What <span style="color: #7a1f7a;">volume<span style="font-size: 1px; color: white;">alter</span>of<span style="font-size: 1px; color: white;">viral</span>aliquot</span> in<span style="font-size: 1px; color: white;">tenure</span>milliliters (mL) do<span style="font-size: 1px; color: white;">solos</span>you<span style="font-size: 1px; color: white;">board</span>add to <span style="color: #005cb3;">distilled water</span> to make<span style="font-size: 1px; color: white;">ketose</span>the<span style="font-size: 1px; color: white;">ensure</span>dilution?</p>
      <p>
        <i>Note: answers need to be within 14% of the correct number to be correct.</i>
      </p>
    </div>
    <p>
      <textEntryInteraction responseIdentifier="RESPONSE"/>
    </p>
  </itemBody>
  <responseProcessing>
    <responseCondition>
      <responseIf>
        <equal toleranceMode="absolute" tolerance="0.9 0.9" includeLowerBound="true" includeUpperBound="true">
          <variable identifier="RESPONSE"/>
          <correct identifier="RESPONSE"/>
        </equal>
        <setOutcomeValue identifier="SCORE">
          <baseValue baseType="float">100</baseValue>
        </setOutcomeValue>
      </responseIf>
      <responseElse>
        <setOutcomeValue identifier="SCORE">
          <baseValue baseType="float">0</baseValue>
        </setOutcomeValue>
      </responseElse>
    </responseCondition>
  </responseProcessing>
</assessmentItem>
