<?xml version='1.0' encoding='UTF-8'?>
<manifest xmlns="http://www.imsglobal.org/xsd/imscp_v1p1" xmlns:lom="http://ltsc.ieee.org/xsd/LOM" xmlns:imsmd="http://www.imsglobal.org/xsd/imsmd_v1p2" xmlns:xsi="http://www.w3.org/2001/XMLSchema-instance" identifier="main manifest" xsi:schemaLocation="http://www.imsglobal.org/xsd/imscp_v1p1 http://www.imsglobal.org/xsd/imscp_v1p1.xsd http://www.imsglobal.org/xsd/imsmd_v1p2 http://www.imsglobal.org/xsd/imsmd_v1p2.xsd http://ltsc.ieee.org/xsd/LOM http://ieee-sa.imeetcentral.com/ltsc/">
  <metadata>
    <schema>QTIv2.1</schema>
    <schemaversion>2.0</schemaversion>
    <imsmd:lom>
      <imsmd:general>
        <imsmd:title>
          <imsmd:string>classify_Haworth-FURAN</imsmd:string>
        </imsmd:title>
      </imsmd:general>
      <imsmd:lifeCycle>
        <imsmd:contribute>
          <imsmd:date>
            <imsmd:dateTime>2025-03-28</imsmd:dateTime>
          </imsmd:date>
        </imsmd:contribute>
      </imsmd:lifeCycle>
      <imsmd:rights>
        <imsmd:description>
          <imsmd:string>CC Attribution - http://creativecommons.org/licenses/by/4.0</imsmd:string>
        </imsmd:description>
      </imsmd:rights>
    </imsmd:lom>
  </metadata>
  <resources>
    <resource href="qti21_items/item_00001.xml" identifier="item_00001" type="imsqti_item_xmlv2p1">
      <file href="qti21_items/item_00001.xml"/>
      <dependency identifierref="assessment_meta"/>
    </resource>
    <resource href="qti21_items/item_00002.xml" identifier="item_00002" type="imsqti_item_xmlv2p1">
      <file href="qti21_items/item_00002.xml"/>
      <dependency identifierref="assessment_meta"/>
    </resource>
    <resource href="qti21_items/item_00003.xml" identifier="item_00003" type="imsqti_item_xmlv2p1">
      <file href="qti21_items/item_00003.xml"/>
      <dependency identifierref="assessment_meta"/>
    </resource>
    <resource href="qti21_items/item_00004.xml" identifier="item_00004" type="imsqti_item_xmlv2p1">
      <file href="qti21_items/item_00004.xml"/>
      <dependency identifierref="assessment_meta"/>
    </resource>
    <resource href="qti21_items/item_00005.xml" identifier="item_00005" type="imsqti_item_xmlv2p1">
      <file href="qti21_items/item_00005.xml"/>
      <dependency identifierref="assessment_meta"/>
    </resource>
    <resource href="qti21_items/item_00006.xml" identifier="item_00006" type="imsqti_item_xmlv2p1">
      <file href="qti21_items/item_00006.xml"/>
      <dependency identifierref="assessment_meta"/>
    </resource>
    <resource href="qti21_items/item_00007.xml" identifier="item_00007" type="imsqti_item_xmlv2p1">
      <file href="qti21_items/item_00007.xml"/>
      <dependency identifierref="assessment_meta"/>
    </resource>
    <resource href="qti21_items/item_00008.xml" identifier="item_00008" type="imsqti_item_xmlv2p1">
      <file href="qti21_items/item_00008.xml"/>
      <dependency identifierref="assessment_meta"/>
    </resource>
    <resource href="qti21_items/item_00009.xml" identifier="item_00009" type="imsqti_item_xmlv2p1">
      <file href="qti21_items/item_00009.xml"/>
      <dependency identifierref="assessment_meta"/>
    </resource>
    <resource href="qti21_items/item_00010.xml" identifier="item_00010" type="imsqti_item_xmlv2p1">
      <file href="qti21_items/item_00010.xml"/>
      <dependency identifierref="assessment_meta"/>
    </resource>
    <resource href="qti21_items/item_00011.xml" identifier="item_00011" type="imsqti_item_xmlv2p1">
      <file href="qti21_items/item_00011.xml"/>
      <dependency identifierref="assessment_meta"/>
    </resource>
    <resource href="qti21_items/item_00012.xml" identifier="item_00012" type="imsqti_item_xmlv2p1">
      <file href="qti21_items/item_00012.xml"/>
      <dependency identifierref="assessment_meta"/>
    </resource>
    <resource href="qti21_items/item_00013.xml" identifier="item_00013" type="imsqti_item_xmlv2p1">
      <file href="qti21_items/item_00013.xml"/>
      <dependency identifierref="assessment_meta"/>
    </resource>
    <resource href="qti21_items/item_00014.xml" identifier="item_00014" type="imsqti_item_xmlv2p1">
      <file href="qti21_items/item_00014.xml"/>
      <dependency identifierref="assessment_meta"/>
    </resource>
    <resource href="qti21_items/item_00015.xml" identifier="item_00015" type="imsqti_item_xmlv2p1">
      <file href="qti21_items/item_00015.xml"/>
      <dependency identifierref="assessment_meta"/>
    </resource>
    <resource href="qti21_items/item_00016.xml" identifier="item_00016" type="imsqti_item_xmlv2p1">
      <file href="qti21_items/item_00016.xml"/>
      <dependency identifierref="assessment_meta"/>
    </resource>
    <resource href="qti21_items/item_00017.xml" identifier="item_00017" type="imsqti_item_xmlv2p1">
      <file href="qti21_items/item_00017.xml"/>
      <dependency identifierref="assessment_meta"/>
    </resource>
    <resource href="qti21_items/item_00018.xml" identifier="item_00018" type="imsqti_item_xmlv2p1">
      <file href="qti21_items/item_00018.xml"/>
      <dependency identifierref="assessment_meta"/>
    </resource>
    <resource href="qti21_items/item_00019.xml" identifier="item_00019" type="imsqti_item_xmlv2p1">
      <file href="qti21_items/item_00019.xml"/>
      <dependency identifierref="assessment_meta"/>
    </resource>
    <resource href="qti21_items/item_00020.xml" identifier="item_00020" type="imsqti_item_xmlv2p1">
      <file href="qti21_items/item_00020.xml"/>
      <dependency identifierref="assessment_meta"/>
    </resource>
    <resource href="qti21_items/item_00021.xml" identifier="item_00021" type="imsqti_item_xmlv2p1">
      <file href="qti21_items/item_00021.xml"/>
      <dependency identifierref="assessment_meta"/>
    </resource>
    <resource href="qti21_items/item_00022.xml" identifier="item_00022" type="imsqti_item_xmlv2p1">
      <file href="qti21_items/item_00022.xml"/>
      <dependency identifierref="assessment_meta"/>
    </resource>
    <resource href="qti21_items/item_00023.xml" identifier="item_00023" type="imsqti_item_xmlv2p1">
      <file href="qti21_items/item_00023.xml"/>
      <dependency identifierref="assessment_meta"/>
    </resource>
    <resource href="qti21_items/item_00024.xml" identifier="item_00024" type="imsqti_item_xmlv2p1">
      <file href="qti21_items/item_00024.xml"/>
      <dependency identifierref="assessment_meta"/>
    </resource>
    <resource href="qti21_items/item_00025.xml" identifier="item_00025" type="imsqti_item_xmlv2p1">
      <file href="qti21_items/item_00025.xml"/>
      <dependency identifierref="assessment_meta"/>
    </resource>
    <resource href="qti21_items/item_00026.xml" identifier="item_00026" type="imsqti_item_xmlv2p1">
      <file href="qti21_items/item_00026.xml"/>
      <dependency identifierref="assessment_meta"/>
    </resource>
    <resource href="qti21_items/item_00027.xml" identifier="item_00027" type="imsqti_item_xmlv2p1">
      <file href="qti21_items/item_00027.xml"/>
      <dependency identifierref="assessment_meta"/>
    </resource>
    <resource href="qti21_items/item_00028.xml" identifier="item_00028" type="imsqti_item_xmlv2p1">
      <file href="qti21_items/item_00028.xml"/>
      <dependency identifierref="assessment_meta"/>
    </resource>
    <resource href="qti21_items/item_00029.xml" identifier="item_00029" type="imsqti_item_xmlv2p1">
      <file href="qti21_items/item_00029.xml"/>
      <dependency identifierref="assessment_meta"/>
    </resource>
    <resource href="qti21_items/item_00030.xml" identifier="item_00030" type="imsqti_item_xmlv2p1">
      <file href="qti21_items/item_00030.xml"/>
      <dependency identifierref="assessment_meta"/>
    </resource>
    <resource href="qti21_items/item_00031.xml" identifier="item_00031" type="imsqti_item_xmlv2p1">
      <file href="qti21_items/item_00031.xml"/>
      <dependency identifierref="assessment_meta"/>
    </resource>
    <resource href="qti21_items/item_00032.xml" identifier="item_00032" type="imsqti_item_xmlv2p1">
      <file href="qti21_items/item_00032.xml"/>
      <dependency identifierref="assessment_meta"/>
    </resource>
    <resource href="qti21_items/assessment_meta.xml" identifier="assessment_meta" type="imsqti_test_xmlv2p1">
      <file href="qti21_items/assessment_meta.xml"/>
      <dependency identifierref="item_00001"/>
      <dependency identifierref="item_00002"/>
      <dependency identifierref="item_00003"/>
      <dependency identifierref="item_00004"/>
      <dependency identifierref="item_00005"/>
      <dependency identifierref="item_00006"/>
      <dependency identifierref="item_00007"/>
      <dependency identifierref="item_00008"/>
      <dependency identifierref="item_00009"/>
      <dependency identifierref="item_00010"/>
      <dependency identifierref="item_00011"/>
      <dependency identifierref="item_00012"/>
      <dependency identifierref="item_00013"/>
      <dependency identifierref="item_00014"/>
      <dependency identifierref="item_00015"/>
      <dependency identifierref="item_00016"/>
      <dependency identifierref="item_00017"/>
      <dependency identifierref="item_00018"/>
      <dependency identifierref="item_00019"/>
      <dependency identifierref="item_00020"/>
      <dependency identifierref="item_00021"/>
      <dependency identifierref="item_00022"/>
      <dependency identifierref="item_00023"/>
      <dependency identifierref="item_00024"/>
      <dependency identifierref="item_00025"/>
      <dependency identifierref="item_00026"/>
      <dependency identifierref="item_00027"/>
      <dependency identifierref="item_00028"/>
      <dependency identifierref="item_00029"/>
      <dependency identifierref="item_00030"/>
      <dependency identifierref="item_00031"/>
      <dependency identifierref="item_00032"/>
    </resource>
  </resources>
</manifest>
