subject,topic,script,flags,input,notes
other,cell_biology,{bp_root}/cell_biology-problems/cell_surf-to-vol_ratio.py,,,
other,cell_biology,YMATCH,,{bp_match}/cell_biology/cell_receptors.yml  ,
other,cell_biology,YMATCH,,{bp_match}/cell_biology/cellular_structures.yml,
other,cell_biology,YMATCH,,{bp_match}/cell_biology/intercellular_junctions.yml,
other,cell_biology,YMATCH,,{bp_match}/cell_biology/trophic_classes.yml,
other,cell_biology,YMATCH,,{bp_match}/cell_biology/trophic_organisms.yml,
other,cell_biology,YMCS,,{bp_mcs}/cell_biology/cell_theory.yml,
other,cell_biology,YMCS,,{bp_mcs}/cell_biology/secondary_messenger.yml,
other,cell_biology,YMCS,,{bp_mcs}/cell_biology/fluid_mosaic_model.yml,
other,cell_biology,YMCS,,{bp_mcs}/cell_biology/membrane_diffusion.yml,
other,cell_biology,YMCS,,{bp_mcs}/cell_biology/membrane_protein_functions.yml,
other,cell_biology,YMCS,,{bp_mcs}/cell_biology/mitosis_and_meiosis.yml,
other,cell_biology,YMCS,,{bp_mcs}/cell_biology/senses_chemosensation_smell_taste.yml,
other,cell_biology,YMCS,,{bp_mcs}/cell_biology/senses_smell_vs_taste.yml,
other,cell_biology,YMCS,,{bp_mcs}/cell_biology/senses_vision_hearing.yml,
other,cell_biology,YMATCH,,{bp_match}/cell_biology/senses_receptor_types_by_modality.yml,
other,cell_biology,YMATCH,,{bp_match}/cell_biology/senses_signal_transduction_matching_set.yml,
other,cell_biology,YMATCH,,{bp_match}/cell_biology/senses_taste_quality_to_stimulus.yml,
other,cell_biology,YMATCH,,{bp_match}/cell_biology/stem_cell_potency.yml,
,,,,,
other,biophysics,{bp_root}/biophysics-problems/fret_overlap_colors.py,,,
other,biophysics,{bp_root}/biophysics-problems/fret_permute_colors.py,,,
