<?xml version='1.0' encoding='UTF-8'?>
<assessmentTest xmlns="http://www.imsglobal.org/xsd/imsqti_v2p1" xmlns:xsi="http://www.w3.org/2001/XMLSchema-instance" xsi:schemaLocation="http://www.imsglobal.org/xsd/imsqti_v2p1 http://www.imsglobal.org/xsd/qti/qtiv2p1/imsqti_v2p1.xsd" identifier="assessment_meta" title="MATCH-energy_terms">
  <testPart identifier="test_part" navigationMode="nonlinear" submissionMode="simultaneous">
    <assessmentSection identifier="section_part" visible="false" title="Question Pool">
      <assessmentItemRef identifier="item_00001" href="item_00001.xml"/>
      <assessmentItemRef identifier="item_00002" href="item_00002.xml"/>
      <assessmentItemRef identifier="item_00003" href="item_00003.xml"/>
      <assessmentItemRef identifier="item_00004" href="item_00004.xml"/>
      <assessmentItemRef identifier="item_00005" href="item_00005.xml"/>
      <assessmentItemRef identifier="item_00006" href="item_00006.xml"/>
      <assessmentItemRef identifier="item_00007" href="item_00007.xml"/>
      <assessmentItemRef identifier="item_00008" href="item_00008.xml"/>
      <assessmentItemRef identifier="item_00009" href="item_00009.xml"/>
      <assessmentItemRef identifier="item_00010" href="item_00010.xml"/>
      <assessmentItemRef identifier="item_00011" href="item_00011.xml"/>
      <assessmentItemRef identifier="item_00012" href="item_00012.xml"/>
      <assessmentItemRef identifier="item_00013" href="item_00013.xml"/>
      <assessmentItemRef identifier="item_00014" href="item_00014.xml"/>
      <assessmentItemRef identifier="item_00015" href="item_00015.xml"/>
      <assessmentItemRef identifier="item_00016" href="item_00016.xml"/>
      <assessmentItemRef identifier="item_00017" href="item_00017.xml"/>
      <assessmentItemRef identifier="item_00018" href="item_00018.xml"/>
      <assessmentItemRef identifier="item_00019" href="item_00019.xml"/>
      <assessmentItemRef identifier="item_00020" href="item_00020.xml"/>
      <assessmentItemRef identifier="item_00021" href="item_00021.xml"/>
      <assessmentItemRef identifier="item_00022" href="item_00022.xml"/>
      <assessmentItemRef identifier="item_00023" href="item_00023.xml"/>
      <assessmentItemRef identifier="item_00024" href="item_00024.xml"/>
      <assessmentItemRef identifier="item_00025" href="item_00025.xml"/>
      <assessmentItemRef identifier="item_00026" href="item_00026.xml"/>
      <assessmentItemRef identifier="item_00027" href="item_00027.xml"/>
      <assessmentItemRef identifier="item_00028" href="item_00028.xml"/>
      <assessmentItemRef identifier="item_00029" href="item_00029.xml"/>
      <assessmentItemRef identifier="item_00030" href="item_00030.xml"/>
      <assessmentItemRef identifier="item_00031" href="item_00031.xml"/>
      <assessmentItemRef identifier="item_00032" href="item_00032.xml"/>
      <assessmentItemRef identifier="item_00033" href="item_00033.xml"/>
      <assessmentItemRef identifier="item_00034" href="item_00034.xml"/>
      <assessmentItemRef identifier="item_00035" href="item_00035.xml"/>
      <assessmentItemRef identifier="item_00036" href="item_00036.xml"/>
      <assessmentItemRef identifier="item_00037" href="item_00037.xml"/>
      <assessmentItemRef identifier="item_00038" href="item_00038.xml"/>
      <assessmentItemRef identifier="item_00039" href="item_00039.xml"/>
      <assessmentItemRef identifier="item_00040" href="item_00040.xml"/>
      <assessmentItemRef identifier="item_00041" href="item_00041.xml"/>
      <assessmentItemRef identifier="item_00042" href="item_00042.xml"/>
      <assessmentItemRef identifier="item_00043" href="item_00043.xml"/>
      <assessmentItemRef identifier="item_00044" href="item_00044.xml"/>
      <assessmentItemRef identifier="item_00045" href="item_00045.xml"/>
      <assessmentItemRef identifier="item_00046" href="item_00046.xml"/>
      <assessmentItemRef identifier="item_00047" href="item_00047.xml"/>
      <assessmentItemRef identifier="item_00048" href="item_00048.xml"/>
      <assessmentItemRef identifier="item_00049" href="item_00049.xml"/>
      <assessmentItemRef identifier="item_00050" href="item_00050.xml"/>
      <assessmentItemRef identifier="item_00051" href="item_00051.xml"/>
      <assessmentItemRef identifier="item_00052" href="item_00052.xml"/>
      <assessmentItemRef identifier="item_00053" href="item_00053.xml"/>
      <assessmentItemRef identifier="item_00054" href="item_00054.xml"/>
      <assessmentItemRef identifier="item_00055" href="item_00055.xml"/>
      <assessmentItemRef identifier="item_00056" href="item_00056.xml"/>
      <assessmentItemRef identifier="item_00057" href="item_00057.xml"/>
      <assessmentItemRef identifier="item_00058" href="item_00058.xml"/>
      <assessmentItemRef identifier="item_00059" href="item_00059.xml"/>
      <assessmentItemRef identifier="item_00060" href="item_00060.xml"/>
      <assessmentItemRef identifier="item_00061" href="item_00061.xml"/>
      <assessmentItemRef identifier="item_00062" href="item_00062.xml"/>
      <assessmentItemRef identifier="item_00063" href="item_00063.xml"/>
      <assessmentItemRef identifier="item_00064" href="item_00064.xml"/>
      <assessmentItemRef identifier="item_00065" href="item_00065.xml"/>
      <assessmentItemRef identifier="item_00066" href="item_00066.xml"/>
      <assessmentItemRef identifier="item_00067" href="item_00067.xml"/>
      <assessmentItemRef identifier="item_00068" href="item_00068.xml"/>
      <assessmentItemRef identifier="item_00069" href="item_00069.xml"/>
      <assessmentItemRef identifier="item_00070" href="item_00070.xml"/>
      <assessmentItemRef identifier="item_00071" href="item_00071.xml"/>
      <assessmentItemRef identifier="item_00072" href="item_00072.xml"/>
      <assessmentItemRef identifier="item_00073" href="item_00073.xml"/>
      <assessmentItemRef identifier="item_00074" href="item_00074.xml"/>
      <assessmentItemRef identifier="item_00075" href="item_00075.xml"/>
      <assessmentItemRef identifier="item_00076" href="item_00076.xml"/>
      <assessmentItemRef identifier="item_00077" href="item_00077.xml"/>
      <assessmentItemRef identifier="item_00078" href="item_00078.xml"/>
      <assessmentItemRef identifier="item_00079" href="item_00079.xml"/>
      <assessmentItemRef identifier="item_00080" href="item_00080.xml"/>
      <assessmentItemRef identifier="item_00081" href="item_00081.xml"/>
      <assessmentItemRef identifier="item_00082" href="item_00082.xml"/>
      <assessmentItemRef identifier="item_00083" href="item_00083.xml"/>
      <assessmentItemRef identifier="item_00084" href="item_00084.xml"/>
      <assessmentItemRef identifier="item_00085" href="item_00085.xml"/>
      <assessmentItemRef identifier="item_00086" href="item_00086.xml"/>
      <assessmentItemRef identifier="item_00087" href="item_00087.xml"/>
      <assessmentItemRef identifier="item_00088" href="item_00088.xml"/>
      <assessmentItemRef identifier="item_00089" href="item_00089.xml"/>
      <assessmentItemRef identifier="item_00090" href="item_00090.xml"/>
      <assessmentItemRef identifier="item_00091" href="item_00091.xml"/>
      <assessmentItemRef identifier="item_00092" href="item_00092.xml"/>
      <assessmentItemRef identifier="item_00093" href="item_00093.xml"/>
      <assessmentItemRef identifier="item_00094" href="item_00094.xml"/>
      <assessmentItemRef identifier="item_00095" href="item_00095.xml"/>
      <assessmentItemRef identifier="item_00096" href="item_00096.xml"/>
      <assessmentItemRef identifier="item_00097" href="item_00097.xml"/>
      <assessmentItemRef identifier="item_00098" href="item_00098.xml"/>
      <assessmentItemRef identifier="item_00099" href="item_00099.xml"/>
      <assessmentItemRef identifier="item_00100" href="item_00100.xml"/>
      <assessmentItemRef identifier="item_00101" href="item_00101.xml"/>
      <assessmentItemRef identifier="item_00102" href="item_00102.xml"/>
      <assessmentItemRef identifier="item_00103" href="item_00103.xml"/>
      <assessmentItemRef identifier="item_00104" href="item_00104.xml"/>
      <assessmentItemRef identifier="item_00105" href="item_00105.xml"/>
      <assessmentItemRef identifier="item_00106" href="item_00106.xml"/>
      <assessmentItemRef identifier="item_00107" href="item_00107.xml"/>
      <assessmentItemRef identifier="item_00108" href="item_00108.xml"/>
      <assessmentItemRef identifier="item_00109" href="item_00109.xml"/>
      <assessmentItemRef identifier="item_00110" href="item_00110.xml"/>
      <assessmentItemRef identifier="item_00111" href="item_00111.xml"/>
      <assessmentItemRef identifier="item_00112" href="item_00112.xml"/>
      <assessmentItemRef identifier="item_00113" href="item_00113.xml"/>
      <assessmentItemRef identifier="item_00114" href="item_00114.xml"/>
      <assessmentItemRef identifier="item_00115" href="item_00115.xml"/>
      <assessmentItemRef identifier="item_00116" href="item_00116.xml"/>
      <assessmentItemRef identifier="item_00117" href="item_00117.xml"/>
      <assessmentItemRef identifier="item_00118" href="item_00118.xml"/>
      <assessmentItemRef identifier="item_00119" href="item_00119.xml"/>
      <assessmentItemRef identifier="item_00120" href="item_00120.xml"/>
      <assessmentItemRef identifier="item_00121" href="item_00121.xml"/>
      <assessmentItemRef identifier="item_00122" href="item_00122.xml"/>
      <assessmentItemRef identifier="item_00123" href="item_00123.xml"/>
      <assessmentItemRef identifier="item_00124" href="item_00124.xml"/>
      <assessmentItemRef identifier="item_00125" href="item_00125.xml"/>
      <assessmentItemRef identifier="item_00126" href="item_00126.xml"/>
      <assessmentItemRef identifier="item_00127" href="item_00127.xml"/>
      <assessmentItemRef identifier="item_00128" href="item_00128.xml"/>
      <assessmentItemRef identifier="item_00129" href="item_00129.xml"/>
      <assessmentItemRef identifier="item_00130" href="item_00130.xml"/>
      <assessmentItemRef identifier="item_00131" href="item_00131.xml"/>
      <assessmentItemRef identifier="item_00132" href="item_00132.xml"/>
      <assessmentItemRef identifier="item_00133" href="item_00133.xml"/>
      <assessmentItemRef identifier="item_00134" href="item_00134.xml"/>
      <assessmentItemRef identifier="item_00135" href="item_00135.xml"/>
      <assessmentItemRef identifier="item_00136" href="item_00136.xml"/>
      <assessmentItemRef identifier="item_00137" href="item_00137.xml"/>
      <assessmentItemRef identifier="item_00138" href="item_00138.xml"/>
      <assessmentItemRef identifier="item_00139" href="item_00139.xml"/>
      <assessmentItemRef identifier="item_00140" href="item_00140.xml"/>
      <assessmentItemRef identifier="item_00141" href="item_00141.xml"/>
      <assessmentItemRef identifier="item_00142" href="item_00142.xml"/>
      <assessmentItemRef identifier="item_00143" href="item_00143.xml"/>
      <assessmentItemRef identifier="item_00144" href="item_00144.xml"/>
      <assessmentItemRef identifier="item_00145" href="item_00145.xml"/>
      <assessmentItemRef identifier="item_00146" href="item_00146.xml"/>
      <assessmentItemRef identifier="item_00147" href="item_00147.xml"/>
      <assessmentItemRef identifier="item_00148" href="item_00148.xml"/>
      <assessmentItemRef identifier="item_00149" href="item_00149.xml"/>
      <assessmentItemRef identifier="item_00150" href="item_00150.xml"/>
      <assessmentItemRef identifier="item_00151" href="item_00151.xml"/>
      <assessmentItemRef identifier="item_00152" href="item_00152.xml"/>
      <assessmentItemRef identifier="item_00153" href="item_00153.xml"/>
      <assessmentItemRef identifier="item_00154" href="item_00154.xml"/>
      <assessmentItemRef identifier="item_00155" href="item_00155.xml"/>
    </assessmentSection>
  </testPart>
</assessmentTest>
