<?xml version='1.0' encoding='UTF-8'?>
<assessmentItem xmlns="http://www.imsglobal.org/xsd/imsqti_v2p1" xmlns:xsi="http://www.w3.org/2001/XMLSchema-instance" xmlns:ns8="http://www.w3.org/1999/xlink" xmlns:ns9="http://www.imsglobal.org/xsd/apip/apipv1p0/imsapip_qtiv1p0" xsi:schemaLocation="http://www.imsglobal.org/xsd/imsqti_v2p1 http://www.imsglobal.org/xsd/qti/qtiv2p1/imsqti_v2p1.xsd" title="a606_cb49_3c69" adaptive="false" timeDependent="false" identifier="a606_cb49_3c69">
  <responseDeclaration baseType="identifier" cardinality="single" identifier="RESPONSE">
    <correctResponse>
      <value>answer_004</value>
    </correctResponse>
  </responseDeclaration>

  <outcomeDeclaration baseType="float" cardinality="single" identifier="SCORE"/>

  <itemBody>
    <div>
      <p>Which one of the following statements is<strong> <span style="color: #ba372a;"><strong>FALSE</strong></span> </strong> concerning <strong><span style="color: #bb5d00;"><strong><span style="color: #bb5d00;"><strong><span style="color: #bb5d00;"><strong><span style="color: #bb5d00;"><strong><span style="color: #bb5d00;"><strong><span style="color: #bb5d00;"><strong><span style="color: #bb5d00;">thermodynamics</span></strong></span></strong></span></strong></span></strong></span></strong></span></strong></span></strong> and <strong><span style="color: #56225d;"><strong><span style="color: #56225d;"><strong><span style="color: #56225d;"><strong><span style="color: #56225d;"><strong><span style="color: #56225d;"><strong><span style="color: #56225d;"><strong><span style="color: #56225d;">kinetics</span></strong></span></strong></span></strong></span></strong></span></strong></span></strong></span></strong>?</p>
    </div>
    <choiceInteraction maxChoices="1" responseIdentifier="RESPONSE" shuffle="true">
      <simpleChoice fixed="true" identifier="answer_1">
        <p><strong> </strong>Enzymes do<strong> <strong>NOT</strong> </strong>affect the <strong><span style="color: #bb5d00;">thermodynamics</span></strong> of a <strong><span style="color: #008a75;">reaction</span></strong>.  </p>
      </simpleChoice>
      <simpleChoice fixed="true" identifier="answer_2">
        <p><strong> </strong>The second law of <strong><span style="color: #bb5d00;">thermodynamics</span></strong> states that the total <strong><span style="color: #b77b04;">entropy</span></strong> of a closed system will always increase.  </p>
      </simpleChoice>
      <simpleChoice fixed="true" identifier="answer_3">
        <p><strong> </strong>The <strong><span style="color: #478d1b;">equilibrium</span></strong> constant (K′<sub>eq</sub>) is related to the standard change in free energy (ΔG°′) of a <strong><span style="color: #008a75;">reaction</span></strong>.  </p>
      </simpleChoice>
      <simpleChoice fixed="true" identifier="answer_4">
        <p><strong> </strong>The activation energy of a <strong><span style="color: #008a75;"><strong><span style="color: #008a75;">reaction</span></strong></span></strong> is related to the concentration of reactants.  </p>
      </simpleChoice>
      <simpleChoice fixed="true" identifier="answer_5">
        <p><strong> </strong>The change in Gibbs free energy (ΔG) of a <strong><span style="color: #008a75;">reaction</span></strong> is related to the <strong><span style="color: #0078a3;">enthalpy</span></strong> and <strong><span style="color: #b77b04;">entropy</span></strong> changes of the <strong><span style="color: #008a75;">reaction</span></strong>.  </p>
      </simpleChoice>
    </choiceInteraction>
  </itemBody>

  <responseProcessing>
    <responseCondition>
      <responseIf>
        <match>
          <variable identifier="RESPONSE"/>
          <correct identifier="RESPONSE"/>
        </match>
      </responseIf>
    </responseCondition>
  </responseProcessing>
</assessmentItem>
