<?xml version='1.0' encoding='UTF-8'?>
<assessmentItem xmlns="http://www.imsglobal.org/xsd/imsqti_v2p1" xmlns:xsi="http://www.w3.org/2001/XMLSchema-instance" xmlns:ns8="http://www.w3.org/1999/xlink" xmlns:ns9="http://www.imsglobal.org/xsd/apip/apipv1p0/imsapip_qtiv1p0" xsi:schemaLocation="http://www.imsglobal.org/xsd/imsqti_v2p1 http://www.imsglobal.org/xsd/qti/qtiv2p1/imsqti_v2p1.xsd" title="934e_c6f7_bf37" adaptive="false" timeDependent="false" identifier="934e_c6f7_bf37">
  <responseDeclaration baseType="identifier" cardinality="single" identifier="RESPONSE">
    <correctResponse>
      <value>answer_005</value>
    </correctResponse>
  </responseDeclaration>
  <outcomeDeclaration baseType="float" cardinality="single" identifier="SCORE"/>
  <itemBody>
    <div>
      <div id="drv_b5da" oncopy="return false;" onpaste="return false;" oncut="return false;" oncontextmenu="return false;" onmousedown="return false;" onselectstart="return false;"><p><strong>Pyrophosphoric acid</strong> and its<span style="font-size: 1px; color: white;">holds</span>conjugate base, pyrophosphate, is<span style="font-size: 1px; color: white;">shear</span>abbreviated PP<sub>i</sub> and<span style="font-size: 1px; color: white;">stop</span>is<span style="font-size: 1px; color: white;">discs</span>formed<span style="font-size: 1px; color: white;">genome</span>by<span style="font-size: 1px; color: white;">krebs</span>cells from<span style="font-size: 1px; color: white;">extra</span>the hydrolysis<span style="font-size: 1px; color: white;">yellow</span>of ATP into AMP.</p> <p>Pyrophosphoric<span style="font-size: 1px; color: white;">touch</span>acid<span style="font-size: 1px; color: white;">likely</span>is<span style="font-size: 1px; color: white;">not</span>tetraprotic<span style="font-size: 1px; color: white;">fine</span>with<span style="font-size: 1px; color: white;">most</span>pK<sub>a</sub> values<span style="font-size: 1px; color: white;">rules</span>of <strong>0.91</strong>, <strong>2.10</strong>, <strong>6.70</strong>, and <strong>9.32</strong>.</p> <p>Pyrophosphoric<span style="font-size: 1px; color: white;">lived</span>acid<span style="font-size: 1px; color: white;">law</span>has<span style="font-size: 1px; color: white;">halves</span>five possible<span style="font-size: 1px; color: white;">get</span>protonation<span style="font-size: 1px; color: white;">mixed</span>states<span style="font-size: 1px; color: white;">made</span>in<span style="font-size: 1px; color: white;">adapt</span>the<span style="font-size: 1px; color: white;">stage</span>choices below.</p> <p>Which<span style="font-size: 1px; color: white;">ovum</span>one of<span style="font-size: 1px; color: white;">cliff</span>the following<span style="font-size: 1px; color: white;">bulb</span>protonation<span style="font-size: 1px; color: white;">group</span>states is<span style="font-size: 1px; color: white;">radar</span>the<span style="font-size: 1px; color: white;">inner</span>most abundant<span style="font-size: 1px; color: white;">solid</span>at <strong>pH 10.0</strong>?</p> <span style="font-size: 1px; color: white;">bone</span></div>
    </div>
    <choiceInteraction maxChoices="1" responseIdentifier="RESPONSE" shuffle="true">
      <simpleChoice fixed="true" identifier="answer_1">
        <p>
          <div id="drv_9c57" oncopy="return false;" onpaste="return false;" oncut="return false;" oncontextmenu="return false;" onmousedown="return false;" onselectstart="return false;"><span style="color: #00008B">H<sub>4</sub>P<sub>2</sub>O<sub>7</sub></span> </div>
        </p>
      </simpleChoice>
      <simpleChoice fixed="true" identifier="answer_2">
        <p>
          <div id="drv_15a2" oncopy="return false;" onpaste="return false;" oncut="return false;" oncontextmenu="return false;" onmousedown="return false;" onselectstart="return false;">
            <span style="color: #202060">H<sub>3</sub>P<sub>2</sub>O<sub>7</sub><sup>-</sup></span>
            <span style="font-size: 1px; color: white;">deltas</span>
          </div>
        </p>
      </simpleChoice>
      <simpleChoice fixed="true" identifier="answer_3">
        <p>
          <div id="drv_0445" oncopy="return false;" onpaste="return false;" oncut="return false;" oncontextmenu="return false;" onmousedown="return false;" onselectstart="return false;">
            <span style="color: #404040">H<sub>2</sub>P<sub>2</sub>O<sub>7</sub><sup>2-</sup></span>
            <span style="font-size: 1px; color: white;">glands</span>
          </div>
        </p>
      </simpleChoice>
      <simpleChoice fixed="true" identifier="answer_4">
        <p>
          <div id="drv_ed34" oncopy="return false;" onpaste="return false;" oncut="return false;" oncontextmenu="return false;" onmousedown="return false;" onselectstart="return false;"><span style="color: #602020">HP<sub>2</sub>O<sub>7</sub><sup>3-</sup></span> </div>
        </p>
      </simpleChoice>
      <simpleChoice fixed="true" identifier="answer_5">
        <p>
          <div id="drv_3f21" oncopy="return false;" onpaste="return false;" oncut="return false;" oncontextmenu="return false;" onmousedown="return false;" onselectstart="return false;"><span style="color: #8B0000">P<sub>2</sub>O<sub>7</sub><sup>4-</sup></span> </div>
        </p>
      </simpleChoice>
    </choiceInteraction>
  </itemBody>
  <responseProcessing>
    <responseCondition>
      <responseIf>
        <match>
          <variable identifier="RESPONSE"/>
          <correct identifier="RESPONSE"/>
        </match>
      </responseIf>
    </responseCondition>
  </responseProcessing>
</assessmentItem>
