<?xml version='1.0' encoding='UTF-8'?>
<assessmentItem xmlns="http://www.imsglobal.org/xsd/imsqti_v2p1" xmlns:xsi="http://www.w3.org/2001/XMLSchema-instance" xmlns:ns8="http://www.w3.org/1999/xlink" xmlns:ns9="http://www.imsglobal.org/xsd/apip/apipv1p0/imsapip_qtiv1p0" xsi:schemaLocation="http://www.imsglobal.org/xsd/imsqti_v2p1 http://www.imsglobal.org/xsd/qti/qtiv2p1/imsqti_v2p1.xsd" title="19ab_761a_bcc1" adaptive="false" timeDependent="false" identifier="19ab_761a_bcc1">
  <responseDeclaration baseType="identifier" cardinality="single" identifier="RESPONSE">
    <correctResponse>
      <value>answer_002</value>
    </correctResponse>
  </responseDeclaration>
  <outcomeDeclaration baseType="float" cardinality="single" identifier="SCORE"/>
  <itemBody>
    <div>
      <div id="drv_95df" oncopy="return false;" onpaste="return false;" oncut="return false;" oncontextmenu="return false;" onmousedown="return false;" onselectstart="return false;"><p><strong>Ethylenediaminetetraacetic<span style="font-size: 1px; color: white;">edge</span>acid</strong> and<span style="font-size: 1px; color: white;">copies</span>its<span style="font-size: 1px; color: white;">fusion</span>conjugate<span style="font-size: 1px; color: white;">sense</span>base, EDTA, is<span style="font-size: 1px; color: white;">still</span>commonly<span style="font-size: 1px; color: white;">list</span>used in<span style="font-size: 1px; color: white;">dob</span>chelation<span style="font-size: 1px; color: white;">sulfur</span>therapy and<span style="font-size: 1px; color: white;">adopts</span>as<span style="font-size: 1px; color: white;">fine</span>a chelating<span style="font-size: 1px; color: white;">heme</span>agent<span style="font-size: 1px; color: white;">cyclic</span>in<span style="font-size: 1px; color: white;">vdw</span>biochemical<span style="font-size: 1px; color: white;">unlit</span>experiments..</p> <p>Ethylenediaminetetraacetic<span style="font-size: 1px; color: white;">cut</span>acid<span style="font-size: 1px; color: white;">arid</span>is tetraprotic<span style="font-size: 1px; color: white;">down</span>with pK<sub>a</sub> values<span style="font-size: 1px; color: white;">anemia</span>of <strong>2.00</strong>, <strong>2.67</strong>, <strong>6.16</strong>, and <strong>10.26</strong>.</p> <p>Ethylenediaminetetraacetic<span style="font-size: 1px; color: white;">single</span>acid<span style="font-size: 1px; color: white;">truthf</span>has<span style="font-size: 1px; color: white;">erna</span>five<span style="font-size: 1px; color: white;">remedy</span>possible<span style="font-size: 1px; color: white;">sorts</span>protonation states in<span style="font-size: 1px; color: white;">offset</span>the<span style="font-size: 1px; color: white;">soil</span>choices<span style="font-size: 1px; color: white;">patau</span>below.</p> <p>Which<span style="font-size: 1px; color: white;">device</span>one of<span style="font-size: 1px; color: white;">redox</span>the following<span style="font-size: 1px; color: white;">diver</span>protonation<span style="font-size: 1px; color: white;">loss</span>states<span style="font-size: 1px; color: white;">via</span>is the most<span style="font-size: 1px; color: white;">earth</span>abundant<span style="font-size: 1px; color: white;">hans</span>at <strong>pH 8.0</strong>?</p> <span style="font-size: 1px; color: white;">cause</span></div>
    </div>
    <choiceInteraction maxChoices="1" responseIdentifier="RESPONSE" shuffle="true">
      <simpleChoice fixed="true" identifier="answer_1">
        <p>
          <div id="drv_cb31" oncopy="return false;" onpaste="return false;" oncut="return false;" oncontextmenu="return false;" onmousedown="return false;" onselectstart="return false;"><span style="color: #8B0000">C<sub>1</sub><sub>0</sub>H<sub>1</sub><sub>2</sub>N<sub>2</sub>O<sub>8</sub><sup>4-</sup></span> </div>
        </p>
      </simpleChoice>
      <simpleChoice fixed="true" identifier="answer_2">
        <p>
          <div id="drv_e38a" oncopy="return false;" onpaste="return false;" oncut="return false;" oncontextmenu="return false;" onmousedown="return false;" onselectstart="return false;">
            <span style="color: #602020">C<sub>1</sub><sub>0</sub>H<sub>1</sub><sub>3</sub>N<sub>2</sub>O<sub>8</sub><sup>3-</sup></span>
            <span style="font-size: 1px; color: white;">such</span>
          </div>
        </p>
      </simpleChoice>
      <simpleChoice fixed="true" identifier="answer_3">
        <p>
          <div id="drv_900c" oncopy="return false;" onpaste="return false;" oncut="return false;" oncontextmenu="return false;" onmousedown="return false;" onselectstart="return false;"><span style="color: #404040">C<sub>1</sub><sub>0</sub>H<sub>1</sub><sub>4</sub>N<sub>2</sub>O<sub>8</sub><sup>2-</sup></span> </div>
        </p>
      </simpleChoice>
      <simpleChoice fixed="true" identifier="answer_4">
        <p>
          <div id="drv_8aea" oncopy="return false;" onpaste="return false;" oncut="return false;" oncontextmenu="return false;" onmousedown="return false;" onselectstart="return false;">
            <span style="color: #202060">C<sub>1</sub><sub>0</sub>H<sub>1</sub><sub>5</sub>N<sub>2</sub>O<sub>8</sub><sup>-</sup></span>
            <span style="font-size: 1px; color: white;">heavy</span>
          </div>
        </p>
      </simpleChoice>
      <simpleChoice fixed="true" identifier="answer_5">
        <p>
          <div id="drv_d8b6" oncopy="return false;" onpaste="return false;" oncut="return false;" oncontextmenu="return false;" onmousedown="return false;" onselectstart="return false;">
            <span style="color: #00008B">C<sub>1</sub><sub>0</sub>H<sub>1</sub><sub>6</sub>N<sub>2</sub>O<sub>8</sub></span>
            <span style="font-size: 1px; color: white;">oils</span>
          </div>
        </p>
      </simpleChoice>
    </choiceInteraction>
  </itemBody>
  <responseProcessing>
    <responseCondition>
      <responseIf>
        <match>
          <variable identifier="RESPONSE"/>
          <correct identifier="RESPONSE"/>
        </match>
      </responseIf>
    </responseCondition>
  </responseProcessing>
</assessmentItem>
