<?xml version='1.0' encoding='UTF-8'?>
<assessmentItem xmlns="http://www.imsglobal.org/xsd/imsqti_v2p1" xmlns:xsi="http://www.w3.org/2001/XMLSchema-instance" xmlns:ns8="http://www.w3.org/1999/xlink" xmlns:ns9="http://www.imsglobal.org/xsd/apip/apipv1p0/imsapip_qtiv1p0" xsi:schemaLocation="http://www.imsglobal.org/xsd/imsqti_v2p1 http://www.imsglobal.org/xsd/qti/qtiv2p1/imsqti_v2p1.xsd" title="0a26_7924_d99f" adaptive="false" timeDependent="false" identifier="0a26_7924_d99f">
  <responseDeclaration baseType="identifier" cardinality="single" identifier="RESPONSE">
    <correctResponse>
      <value>answer_003</value>
    </correctResponse>
  </responseDeclaration>
  <outcomeDeclaration baseType="float" cardinality="single" identifier="SCORE"/>
  <itemBody>
    <div>
      <div id="drv_aa9f" oncopy="return false;" onpaste="return false;" oncut="return false;" oncontextmenu="return false;" onmousedown="return false;" onselectstart="return false;"><p><strong>Ethylenediaminetetraacetic acid</strong> and<span style="font-size: 1px; color: white;">source</span>its conjugate<span style="font-size: 1px; color: white;">basic</span>base, EDTA, is<span style="font-size: 1px; color: white;">light</span>commonly<span style="font-size: 1px; color: white;">gas</span>used in chelation<span style="font-size: 1px; color: white;">mates</span>therapy<span style="font-size: 1px; color: white;">ginger</span>and<span style="font-size: 1px; color: white;">zero</span>as<span style="font-size: 1px; color: white;">mali</span>a chelating<span style="font-size: 1px; color: white;">falseq</span>agent in<span style="font-size: 1px; color: white;">swims</span>biochemical experiments..</p> <p>Ethylenediaminetetraacetic<span style="font-size: 1px; color: white;">saliva</span>acid<span style="font-size: 1px; color: white;">goes</span>is<span style="font-size: 1px; color: white;">frame</span>tetraprotic<span style="font-size: 1px; color: white;">basis</span>with pK<sub>a</sub> values<span style="font-size: 1px; color: white;">they</span>of <strong>2.00</strong>, <strong>2.67</strong>, <strong>6.16</strong>, and <strong>10.26</strong>.</p> <p>Ethylenediaminetetraacetic<span style="font-size: 1px; color: white;">along</span>acid has five<span style="font-size: 1px; color: white;">impact</span>possible<span style="font-size: 1px; color: white;">viral</span>protonation<span style="font-size: 1px; color: white;">must</span>states in<span style="font-size: 1px; color: white;">meters</span>the<span style="font-size: 1px; color: white;">sperm</span>choices below.</p> <p>Which one<span style="font-size: 1px; color: white;">yeast</span>of<span style="font-size: 1px; color: white;">primer</span>the<span style="font-size: 1px; color: white;">our</span>following<span style="font-size: 1px; color: white;">bform</span>protonation<span style="font-size: 1px; color: white;">tca</span>states<span style="font-size: 1px; color: white;">step</span>is<span style="font-size: 1px; color: white;">chat</span>the<span style="font-size: 1px; color: white;">hill</span>most<span style="font-size: 1px; color: white;">hot</span>abundant<span style="font-size: 1px; color: white;">weaker</span>at <strong>pH 5.5</strong>?</p> <span style="font-size: 1px; color: white;">exam</span></div>
    </div>
    <choiceInteraction maxChoices="1" responseIdentifier="RESPONSE" shuffle="true">
      <simpleChoice fixed="true" identifier="answer_1">
        <p>
          <div id="drv_c4c8" oncopy="return false;" onpaste="return false;" oncut="return false;" oncontextmenu="return false;" onmousedown="return false;" onselectstart="return false;"><span style="color: #00008B">C<sub>1</sub><sub>0</sub>H<sub>1</sub><sub>6</sub>N<sub>2</sub>O<sub>8</sub></span> </div>
        </p>
      </simpleChoice>
      <simpleChoice fixed="true" identifier="answer_2">
        <p>
          <div id="drv_68bb" oncopy="return false;" onpaste="return false;" oncut="return false;" oncontextmenu="return false;" onmousedown="return false;" onselectstart="return false;">
            <span style="color: #202060">C<sub>1</sub><sub>0</sub>H<sub>1</sub><sub>5</sub>N<sub>2</sub>O<sub>8</sub><sup>-</sup></span>
            <span style="font-size: 1px; color: white;">lipid</span>
          </div>
        </p>
      </simpleChoice>
      <simpleChoice fixed="true" identifier="answer_3">
        <p>
          <div id="drv_a9f5" oncopy="return false;" onpaste="return false;" oncut="return false;" oncontextmenu="return false;" onmousedown="return false;" onselectstart="return false;">
            <span style="color: #404040">C<sub>1</sub><sub>0</sub>H<sub>1</sub><sub>4</sub>N<sub>2</sub>O<sub>8</sub><sup>2-</sup></span>
            <span style="font-size: 1px; color: white;">ice</span>
          </div>
        </p>
      </simpleChoice>
      <simpleChoice fixed="true" identifier="answer_4">
        <p>
          <div id="drv_6709" oncopy="return false;" onpaste="return false;" oncut="return false;" oncontextmenu="return false;" onmousedown="return false;" onselectstart="return false;">
            <span style="color: #602020">C<sub>1</sub><sub>0</sub>H<sub>1</sub><sub>3</sub>N<sub>2</sub>O<sub>8</sub><sup>3-</sup></span>
            <span style="font-size: 1px; color: white;">cord</span>
          </div>
        </p>
      </simpleChoice>
      <simpleChoice fixed="true" identifier="answer_5">
        <p>
          <div id="drv_eccd" oncopy="return false;" onpaste="return false;" oncut="return false;" oncontextmenu="return false;" onmousedown="return false;" onselectstart="return false;">
            <span style="color: #8B0000">C<sub>1</sub><sub>0</sub>H<sub>1</sub><sub>2</sub>N<sub>2</sub>O<sub>8</sub><sup>4-</sup></span>
            <span style="font-size: 1px; color: white;">tracks</span>
          </div>
        </p>
      </simpleChoice>
    </choiceInteraction>
  </itemBody>
  <responseProcessing>
    <responseCondition>
      <responseIf>
        <match>
          <variable identifier="RESPONSE"/>
          <correct identifier="RESPONSE"/>
        </match>
      </responseIf>
    </responseCondition>
  </responseProcessing>
</assessmentItem>
