<?xml version='1.0' encoding='UTF-8'?>
<assessmentItem xmlns="http://www.imsglobal.org/xsd/imsqti_v2p1" xmlns:xsi="http://www.w3.org/2001/XMLSchema-instance" xmlns:ns8="http://www.w3.org/1999/xlink" xmlns:ns9="http://www.imsglobal.org/xsd/apip/apipv1p0/imsapip_qtiv1p0" xsi:schemaLocation="http://www.imsglobal.org/xsd/imsqti_v2p1 http://www.imsglobal.org/xsd/qti/qtiv2p1/imsqti_v2p1.xsd" title="7afb_5e37_29d8" adaptive="false" timeDependent="false" identifier="7afb_5e37_29d8">
  <responseDeclaration baseType="identifier" cardinality="single" identifier="RESPONSE">
    <correctResponse>
      <value>answer_003</value>
    </correctResponse>
  </responseDeclaration>
  <outcomeDeclaration baseType="float" cardinality="single" identifier="SCORE"/>
  <itemBody>
    <div>
      <div id="drv_7fd5" oncopy="return false;" onpaste="return false;" oncut="return false;" oncontextmenu="return false;" onmousedown="return false;" onselectstart="return false;"><p><strong>Ethylenediaminetetraacetic acid</strong> and<span style="font-size: 1px; color: white;">hiv</span>its<span style="font-size: 1px; color: white;">bpm</span>conjugate<span style="font-size: 1px; color: white;">copied</span>base, EDTA, is commonly<span style="font-size: 1px; color: white;">amide</span>used<span style="font-size: 1px; color: white;">german</span>in chelation<span style="font-size: 1px; color: white;">model</span>therapy<span style="font-size: 1px; color: white;">bursts</span>and as<span style="font-size: 1px; color: white;">easily</span>a chelating<span style="font-size: 1px; color: white;">unable</span>agent<span style="font-size: 1px; color: white;">test</span>in biochemical<span style="font-size: 1px; color: white;">what</span>experiments..</p> <p>Ethylenediaminetetraacetic acid<span style="font-size: 1px; color: white;">roche</span>is<span style="font-size: 1px; color: white;">sheet</span>tetraprotic<span style="font-size: 1px; color: white;">yeast</span>with<span style="font-size: 1px; color: white;">high</span>pK<sub>a</sub> values of <strong>2.00</strong>, <strong>2.67</strong>, <strong>6.16</strong>, and <strong>10.26</strong>.</p> <p>Ethylenediaminetetraacetic<span style="font-size: 1px; color: white;">egel</span>acid<span style="font-size: 1px; color: white;">reveal</span>has five possible<span style="font-size: 1px; color: white;">birds</span>protonation<span style="font-size: 1px; color: white;">long</span>states<span style="font-size: 1px; color: white;">chat</span>in<span style="font-size: 1px; color: white;">common</span>the choices<span style="font-size: 1px; color: white;">longer</span>below.</p> <p>Which<span style="font-size: 1px; color: white;">swims</span>one<span style="font-size: 1px; color: white;">make</span>of<span style="font-size: 1px; color: white;">adopt</span>the following<span style="font-size: 1px; color: white;">mendel</span>protonation<span style="font-size: 1px; color: white;">cannot</span>states<span style="font-size: 1px; color: white;">energy</span>is<span style="font-size: 1px; color: white;">sister</span>the<span style="font-size: 1px; color: white;">tracks</span>most<span style="font-size: 1px; color: white;">blocks</span>abundant at <strong>pH 3.5</strong>?</p> <span style="font-size: 1px; color: white;">last</span></div>
    </div>
    <choiceInteraction maxChoices="1" responseIdentifier="RESPONSE" shuffle="true">
      <simpleChoice fixed="true" identifier="answer_1">
        <p>
          <div id="drv_aacb" oncopy="return false;" onpaste="return false;" oncut="return false;" oncontextmenu="return false;" onmousedown="return false;" onselectstart="return false;">
            <span style="color: #8B0000">C<sub>1</sub><sub>0</sub>H<sub>1</sub><sub>2</sub>N<sub>2</sub>O<sub>8</sub><sup>4-</sup></span>
            <span style="font-size: 1px; color: white;">ccmrna</span>
          </div>
        </p>
      </simpleChoice>
      <simpleChoice fixed="true" identifier="answer_2">
        <p>
          <div id="drv_e100" oncopy="return false;" onpaste="return false;" oncut="return false;" oncontextmenu="return false;" onmousedown="return false;" onselectstart="return false;">
            <span style="color: #602020">C<sub>1</sub><sub>0</sub>H<sub>1</sub><sub>3</sub>N<sub>2</sub>O<sub>8</sub><sup>3-</sup></span>
            <span style="font-size: 1px; color: white;">phi</span>
          </div>
        </p>
      </simpleChoice>
      <simpleChoice fixed="true" identifier="answer_3">
        <p>
          <div id="drv_ca64" oncopy="return false;" onpaste="return false;" oncut="return false;" oncontextmenu="return false;" onmousedown="return false;" onselectstart="return false;">
            <span style="color: #404040">C<sub>1</sub><sub>0</sub>H<sub>1</sub><sub>4</sub>N<sub>2</sub>O<sub>8</sub><sup>2-</sup></span>
            <span style="font-size: 1px; color: white;">black</span>
          </div>
        </p>
      </simpleChoice>
      <simpleChoice fixed="true" identifier="answer_4">
        <p>
          <div id="drv_4bfd" oncopy="return false;" onpaste="return false;" oncut="return false;" oncontextmenu="return false;" onmousedown="return false;" onselectstart="return false;"><span style="color: #202060">C<sub>1</sub><sub>0</sub>H<sub>1</sub><sub>5</sub>N<sub>2</sub>O<sub>8</sub><sup>-</sup></span> </div>
        </p>
      </simpleChoice>
      <simpleChoice fixed="true" identifier="answer_5">
        <p>
          <div id="drv_1457" oncopy="return false;" onpaste="return false;" oncut="return false;" oncontextmenu="return false;" onmousedown="return false;" onselectstart="return false;"><span style="color: #00008B">C<sub>1</sub><sub>0</sub>H<sub>1</sub><sub>6</sub>N<sub>2</sub>O<sub>8</sub></span> </div>
        </p>
      </simpleChoice>
    </choiceInteraction>
  </itemBody>
  <responseProcessing>
    <responseCondition>
      <responseIf>
        <match>
          <variable identifier="RESPONSE"/>
          <correct identifier="RESPONSE"/>
        </match>
      </responseIf>
    </responseCondition>
  </responseProcessing>
</assessmentItem>
