<?xml version='1.0' encoding='UTF-8'?>
<assessmentItem xmlns="http://www.imsglobal.org/xsd/imsqti_v2p1" xmlns:xsi="http://www.w3.org/2001/XMLSchema-instance" xmlns:ns8="http://www.w3.org/1999/xlink" xmlns:ns9="http://www.imsglobal.org/xsd/apip/apipv1p0/imsapip_qtiv1p0" xsi:schemaLocation="http://www.imsglobal.org/xsd/imsqti_v2p1 http://www.imsglobal.org/xsd/qti/qtiv2p1/imsqti_v2p1.xsd" title="f5d5_3e51_97ca" adaptive="false" timeDependent="false" identifier="f5d5_3e51_97ca">
  <responseDeclaration baseType="identifier" cardinality="single" identifier="RESPONSE">
    <correctResponse>
      <value>answer_004</value>
    </correctResponse>
  </responseDeclaration>
  <outcomeDeclaration baseType="float" cardinality="single" identifier="SCORE"/>
  <itemBody>
    <div>
      <div id="drv_f6a6" oncopy="return false;" onpaste="return false;" oncut="return false;" oncontextmenu="return false;" onmousedown="return false;" onselectstart="return false;"><p><strong>Ethylenediaminetetraacetic acid</strong> and<span style="font-size: 1px; color: white;">herpes</span>its<span style="font-size: 1px; color: white;">maize</span>conjugate<span style="font-size: 1px; color: white;">nail</span>base, EDTA, is<span style="font-size: 1px; color: white;">daily</span>commonly used<span style="font-size: 1px; color: white;">toxins</span>in<span style="font-size: 1px; color: white;">falsec</span>chelation<span style="font-size: 1px; color: white;">sweat</span>therapy<span style="font-size: 1px; color: white;">oxygen</span>and as<span style="font-size: 1px; color: white;">mix</span>a chelating agent<span style="font-size: 1px; color: white;">exist</span>in<span style="font-size: 1px; color: white;">purify</span>biochemical<span style="font-size: 1px; color: white;">goes</span>experiments..</p> <p>Ethylenediaminetetraacetic<span style="font-size: 1px; color: white;">pitch</span>acid<span style="font-size: 1px; color: white;">bubble</span>is<span style="font-size: 1px; color: white;">forces</span>tetraprotic<span style="font-size: 1px; color: white;">exy</span>with<span style="font-size: 1px; color: white;">drives</span>pK<sub>a</sub> values of <strong>2.00</strong>, <strong>2.67</strong>, <strong>6.16</strong>, and <strong>10.26</strong>.</p> <p>Ethylenediaminetetraacetic<span style="font-size: 1px; color: white;">bone</span>acid has<span style="font-size: 1px; color: white;">make</span>five<span style="font-size: 1px; color: white;">names</span>possible<span style="font-size: 1px; color: white;">vdw</span>protonation<span style="font-size: 1px; color: white;">signal</span>states in<span style="font-size: 1px; color: white;">each</span>the<span style="font-size: 1px; color: white;">factor</span>choices<span style="font-size: 1px; color: white;">epspan</span>below.</p> <p>Which<span style="font-size: 1px; color: white;">opens</span>one of the<span style="font-size: 1px; color: white;">low</span>following protonation<span style="font-size: 1px; color: white;">mortar</span>states is<span style="font-size: 1px; color: white;">althyp</span>the most<span style="font-size: 1px; color: white;">total</span>abundant<span style="font-size: 1px; color: white;">both</span>at <strong>pH 8.5</strong>?</p> <span style="font-size: 1px; color: white;">caused</span></div>
    </div>
    <choiceInteraction maxChoices="1" responseIdentifier="RESPONSE" shuffle="true">
      <simpleChoice fixed="true" identifier="answer_1">
        <p>
          <div id="drv_e7d0" oncopy="return false;" onpaste="return false;" oncut="return false;" oncontextmenu="return false;" onmousedown="return false;" onselectstart="return false;">
            <span style="color: #00008B">C<sub>1</sub><sub>0</sub>H<sub>1</sub><sub>6</sub>N<sub>2</sub>O<sub>8</sub></span>
            <span style="font-size: 1px; color: white;">castor</span>
          </div>
        </p>
      </simpleChoice>
      <simpleChoice fixed="true" identifier="answer_2">
        <p>
          <div id="drv_839e" oncopy="return false;" onpaste="return false;" oncut="return false;" oncontextmenu="return false;" onmousedown="return false;" onselectstart="return false;">
            <span style="color: #202060">C<sub>1</sub><sub>0</sub>H<sub>1</sub><sub>5</sub>N<sub>2</sub>O<sub>8</sub><sup>-</sup></span>
            <span style="font-size: 1px; color: white;">yaml</span>
          </div>
        </p>
      </simpleChoice>
      <simpleChoice fixed="true" identifier="answer_3">
        <p>
          <div id="drv_2a5d" oncopy="return false;" onpaste="return false;" oncut="return false;" oncontextmenu="return false;" onmousedown="return false;" onselectstart="return false;">
            <span style="color: #404040">C<sub>1</sub><sub>0</sub>H<sub>1</sub><sub>4</sub>N<sub>2</sub>O<sub>8</sub><sup>2-</sup></span>
            <span style="font-size: 1px; color: white;">killed</span>
          </div>
        </p>
      </simpleChoice>
      <simpleChoice fixed="true" identifier="answer_4">
        <p>
          <div id="drv_e61c" oncopy="return false;" onpaste="return false;" oncut="return false;" oncontextmenu="return false;" onmousedown="return false;" onselectstart="return false;"><span style="color: #602020">C<sub>1</sub><sub>0</sub>H<sub>1</sub><sub>3</sub>N<sub>2</sub>O<sub>8</sub><sup>3-</sup></span> </div>
        </p>
      </simpleChoice>
      <simpleChoice fixed="true" identifier="answer_5">
        <p>
          <div id="drv_9f0e" oncopy="return false;" onpaste="return false;" oncut="return false;" oncontextmenu="return false;" onmousedown="return false;" onselectstart="return false;"><span style="color: #8B0000">C<sub>1</sub><sub>0</sub>H<sub>1</sub><sub>2</sub>N<sub>2</sub>O<sub>8</sub><sup>4-</sup></span> </div>
        </p>
      </simpleChoice>
    </choiceInteraction>
  </itemBody>
  <responseProcessing>
    <responseCondition>
      <responseIf>
        <match>
          <variable identifier="RESPONSE"/>
          <correct identifier="RESPONSE"/>
        </match>
      </responseIf>
    </responseCondition>
  </responseProcessing>
</assessmentItem>
