<?xml version='1.0' encoding='UTF-8'?>
<assessmentItem xmlns="http://www.imsglobal.org/xsd/imsqti_v2p1" xmlns:xsi="http://www.w3.org/2001/XMLSchema-instance" xmlns:ns8="http://www.w3.org/1999/xlink" xmlns:ns9="http://www.imsglobal.org/xsd/apip/apipv1p0/imsapip_qtiv1p0" xsi:schemaLocation="http://www.imsglobal.org/xsd/imsqti_v2p1 http://www.imsglobal.org/xsd/qti/qtiv2p1/imsqti_v2p1.xsd" title="4c01_569b_cd30" adaptive="false" timeDependent="false" identifier="4c01_569b_cd30">
  <responseDeclaration baseType="identifier" cardinality="single" identifier="RESPONSE">
    <correctResponse>
      <value>answer_003</value>
    </correctResponse>
  </responseDeclaration>
  <outcomeDeclaration baseType="float" cardinality="single" identifier="SCORE"/>
  <itemBody>
    <div>
      <div id="drv_f959" oncopy="return false;" onpaste="return false;" oncut="return false;" oncontextmenu="return false;" onmousedown="return false;" onselectstart="return false;"><p><strong>Pyrophosphoric<span style="font-size: 1px; color: white;">valine</span>acid</strong> and its<span style="font-size: 1px; color: white;">solos</span>conjugate<span style="font-size: 1px; color: white;">bow</span>base, pyrophosphate, is abbreviated PP<sub>i</sub> and is<span style="font-size: 1px; color: white;">plan</span>formed by<span style="font-size: 1px; color: white;">marrow</span>cells<span style="font-size: 1px; color: white;">camp</span>from<span style="font-size: 1px; color: white;">algae</span>the hydrolysis of ATP into AMP.</p> <p>Pyrophosphoric<span style="font-size: 1px; color: white;">center</span>acid<span style="font-size: 1px; color: white;">root</span>is tetraprotic<span style="font-size: 1px; color: white;">data</span>with<span style="font-size: 1px; color: white;">eion</span>pK<sub>a</sub> values<span style="font-size: 1px; color: white;">bop</span>of <strong>0.91</strong>, <strong>2.10</strong>, <strong>6.70</strong>, and <strong>9.32</strong>.</p> <p>Pyrophosphoric<span style="font-size: 1px; color: white;">act</span>acid<span style="font-size: 1px; color: white;">waals</span>has<span style="font-size: 1px; color: white;">river</span>five<span style="font-size: 1px; color: white;">lyxose</span>possible<span style="font-size: 1px; color: white;">water</span>protonation states<span style="font-size: 1px; color: white;">single</span>in<span style="font-size: 1px; color: white;">mean</span>the choices<span style="font-size: 1px; color: white;">wraps</span>below.</p> <p>Which<span style="font-size: 1px; color: white;">does</span>one<span style="font-size: 1px; color: white;">tea</span>of<span style="font-size: 1px; color: white;">series</span>the following protonation<span style="font-size: 1px; color: white;">falseq</span>states<span style="font-size: 1px; color: white;">wine</span>is<span style="font-size: 1px; color: white;">gamete</span>the<span style="font-size: 1px; color: white;">hold</span>most<span style="font-size: 1px; color: white;">fan</span>abundant<span style="font-size: 1px; color: white;">limb</span>at <strong>pH 3.5</strong>?</p> <span style="font-size: 1px; color: white;">make</span></div>
    </div>
    <choiceInteraction maxChoices="1" responseIdentifier="RESPONSE" shuffle="true">
      <simpleChoice fixed="true" identifier="answer_1">
        <p>
          <div id="drv_5012" oncopy="return false;" onpaste="return false;" oncut="return false;" oncontextmenu="return false;" onmousedown="return false;" onselectstart="return false;"><span style="color: #00008B">H<sub>4</sub>P<sub>2</sub>O<sub>7</sub></span> </div>
        </p>
      </simpleChoice>
      <simpleChoice fixed="true" identifier="answer_2">
        <p>
          <div id="drv_8fbb" oncopy="return false;" onpaste="return false;" oncut="return false;" oncontextmenu="return false;" onmousedown="return false;" onselectstart="return false;">
            <span style="color: #202060">H<sub>3</sub>P<sub>2</sub>O<sub>7</sub><sup>-</sup></span>
            <span style="font-size: 1px; color: white;">living</span>
          </div>
        </p>
      </simpleChoice>
      <simpleChoice fixed="true" identifier="answer_3">
        <p>
          <div id="drv_07b3" oncopy="return false;" onpaste="return false;" oncut="return false;" oncontextmenu="return false;" onmousedown="return false;" onselectstart="return false;">
            <span style="color: #404040">H<sub>2</sub>P<sub>2</sub>O<sub>7</sub><sup>2-</sup></span>
            <span style="font-size: 1px; color: white;">xmales</span>
          </div>
        </p>
      </simpleChoice>
      <simpleChoice fixed="true" identifier="answer_4">
        <p>
          <div id="drv_2ece" oncopy="return false;" onpaste="return false;" oncut="return false;" oncontextmenu="return false;" onmousedown="return false;" onselectstart="return false;">
            <span style="color: #602020">HP<sub>2</sub>O<sub>7</sub><sup>3-</sup></span>
            <span style="font-size: 1px; color: white;">taste</span>
          </div>
        </p>
      </simpleChoice>
      <simpleChoice fixed="true" identifier="answer_5">
        <p>
          <div id="drv_b6aa" oncopy="return false;" onpaste="return false;" oncut="return false;" oncontextmenu="return false;" onmousedown="return false;" onselectstart="return false;"><span style="color: #8B0000">P<sub>2</sub>O<sub>7</sub><sup>4-</sup></span> </div>
        </p>
      </simpleChoice>
    </choiceInteraction>
  </itemBody>
  <responseProcessing>
    <responseCondition>
      <responseIf>
        <match>
          <variable identifier="RESPONSE"/>
          <correct identifier="RESPONSE"/>
        </match>
      </responseIf>
    </responseCondition>
  </responseProcessing>
</assessmentItem>
