<?xml version='1.0' encoding='UTF-8'?>
<assessmentItem xmlns="http://www.imsglobal.org/xsd/imsqti_v2p1" xmlns:xsi="http://www.w3.org/2001/XMLSchema-instance" xmlns:ns8="http://www.w3.org/1999/xlink" xmlns:ns9="http://www.imsglobal.org/xsd/apip/apipv1p0/imsapip_qtiv1p0" xsi:schemaLocation="http://www.imsglobal.org/xsd/imsqti_v2p1 http://www.imsglobal.org/xsd/qti/qtiv2p1/imsqti_v2p1.xsd" title="1498_9066_4299" adaptive="false" timeDependent="false" identifier="1498_9066_4299">
  <responseDeclaration baseType="identifier" cardinality="single" identifier="RESPONSE">
    <correctResponse>
      <value>answer_003</value>
    </correctResponse>
  </responseDeclaration>
  <outcomeDeclaration baseType="float" cardinality="single" identifier="SCORE"/>
  <itemBody>
    <div>
      <div id="drv_8c36" oncopy="return false;" onpaste="return false;" oncut="return false;" oncontextmenu="return false;" onmousedown="return false;" onselectstart="return false;"><p><strong>Pyrophosphoric<span style="font-size: 1px; color: white;">differ</span>acid</strong> and<span style="font-size: 1px; color: white;">based</span>its conjugate<span style="font-size: 1px; color: white;">betame</span>base, pyrophosphate, is abbreviated PP<sub>i</sub> and<span style="font-size: 1px; color: white;">watch</span>is<span style="font-size: 1px; color: white;">event</span>formed<span style="font-size: 1px; color: white;">mutant</span>by<span style="font-size: 1px; color: white;">copied</span>cells from<span style="font-size: 1px; color: white;">front</span>the<span style="font-size: 1px; color: white;">stain</span>hydrolysis<span style="font-size: 1px; color: white;">called</span>of ATP into AMP.</p> <p>Pyrophosphoric acid<span style="font-size: 1px; color: white;">aldose</span>is tetraprotic with<span style="font-size: 1px; color: white;">idose</span>pK<sub>a</sub> values<span style="font-size: 1px; color: white;">rare</span>of <strong>0.91</strong>, <strong>2.10</strong>, <strong>6.70</strong>, and <strong>9.32</strong>.</p> <p>Pyrophosphoric acid<span style="font-size: 1px; color: white;">gpcrzz</span>has<span style="font-size: 1px; color: white;">ribose</span>five<span style="font-size: 1px; color: white;">forms</span>possible<span style="font-size: 1px; color: white;">exert</span>protonation<span style="font-size: 1px; color: white;">ceo</span>states<span style="font-size: 1px; color: white;">fields</span>in<span style="font-size: 1px; color: white;">andor</span>the<span style="font-size: 1px; color: white;">ddna</span>choices<span style="font-size: 1px; color: white;">charge</span>below.</p> <p>Which<span style="font-size: 1px; color: white;">legs</span>one<span style="font-size: 1px; color: white;">ends</span>of<span style="font-size: 1px; color: white;">sound</span>the<span style="font-size: 1px; color: white;">cheese</span>following<span style="font-size: 1px; color: white;">rapid</span>protonation<span style="font-size: 1px; color: white;">folic</span>states<span style="font-size: 1px; color: white;">switch</span>is<span style="font-size: 1px; color: white;">cancer</span>the<span style="font-size: 1px; color: white;">castor</span>most<span style="font-size: 1px; color: white;">blend</span>abundant<span style="font-size: 1px; color: white;">does</span>at <strong>pH 5.5</strong>?</p> <span style="font-size: 1px; color: white;">marrow</span></div>
    </div>
    <choiceInteraction maxChoices="1" responseIdentifier="RESPONSE" shuffle="true">
      <simpleChoice fixed="true" identifier="answer_1">
        <p>
          <div id="drv_a2f6" oncopy="return false;" onpaste="return false;" oncut="return false;" oncontextmenu="return false;" onmousedown="return false;" onselectstart="return false;"><span style="color: #8B0000">P<sub>2</sub>O<sub>7</sub><sup>4-</sup></span> </div>
        </p>
      </simpleChoice>
      <simpleChoice fixed="true" identifier="answer_2">
        <p>
          <div id="drv_0844" oncopy="return false;" onpaste="return false;" oncut="return false;" oncontextmenu="return false;" onmousedown="return false;" onselectstart="return false;">
            <span style="color: #602020">HP<sub>2</sub>O<sub>7</sub><sup>3-</sup></span>
            <span style="font-size: 1px; color: white;">asking</span>
          </div>
        </p>
      </simpleChoice>
      <simpleChoice fixed="true" identifier="answer_3">
        <p>
          <div id="drv_ae1e" oncopy="return false;" onpaste="return false;" oncut="return false;" oncontextmenu="return false;" onmousedown="return false;" onselectstart="return false;">
            <span style="color: #404040">H<sub>2</sub>P<sub>2</sub>O<sub>7</sub><sup>2-</sup></span>
            <span style="font-size: 1px; color: white;">fan</span>
          </div>
        </p>
      </simpleChoice>
      <simpleChoice fixed="true" identifier="answer_4">
        <p>
          <div id="drv_438c" oncopy="return false;" onpaste="return false;" oncut="return false;" oncontextmenu="return false;" onmousedown="return false;" onselectstart="return false;">
            <span style="color: #202060">H<sub>3</sub>P<sub>2</sub>O<sub>7</sub><sup>-</sup></span>
            <span style="font-size: 1px; color: white;">combat</span>
          </div>
        </p>
      </simpleChoice>
      <simpleChoice fixed="true" identifier="answer_5">
        <p>
          <div id="drv_5a22" oncopy="return false;" onpaste="return false;" oncut="return false;" oncontextmenu="return false;" onmousedown="return false;" onselectstart="return false;"><span style="color: #00008B">H<sub>4</sub>P<sub>2</sub>O<sub>7</sub></span> </div>
        </p>
      </simpleChoice>
    </choiceInteraction>
  </itemBody>
  <responseProcessing>
    <responseCondition>
      <responseIf>
        <match>
          <variable identifier="RESPONSE"/>
          <correct identifier="RESPONSE"/>
        </match>
      </responseIf>
    </responseCondition>
  </responseProcessing>
</assessmentItem>
