<?xml version='1.0' encoding='UTF-8'?>
<assessmentItem xmlns="http://www.imsglobal.org/xsd/imsqti_v2p1" xmlns:xsi="http://www.w3.org/2001/XMLSchema-instance" xmlns:ns8="http://www.w3.org/1999/xlink" xmlns:ns9="http://www.imsglobal.org/xsd/apip/apipv1p0/imsapip_qtiv1p0" xsi:schemaLocation="http://www.imsglobal.org/xsd/imsqti_v2p1 http://www.imsglobal.org/xsd/qti/qtiv2p1/imsqti_v2p1.xsd" title="9281_0ef3_5c25" adaptive="false" timeDependent="false" identifier="9281_0ef3_5c25">
  <responseDeclaration baseType="identifier" cardinality="single" identifier="RESPONSE">
    <correctResponse>
      <value>answer_005</value>
    </correctResponse>
  </responseDeclaration>
  <outcomeDeclaration baseType="float" cardinality="single" identifier="SCORE"/>
  <itemBody>
    <div>
      <div id="drv_8a01" oncopy="return false;" onpaste="return false;" oncut="return false;" oncontextmenu="return false;" onmousedown="return false;" onselectstart="return false;"><p><strong>Pyrophosphoric<span style="font-size: 1px; color: white;">ligase</span>acid</strong> and<span style="font-size: 1px; color: white;">yield</span>its conjugate base, pyrophosphate, is abbreviated PP<sub>i</sub> and<span style="font-size: 1px; color: white;">lacks</span>is<span style="font-size: 1px; color: white;">touch</span>formed by<span style="font-size: 1px; color: white;">safe</span>cells<span style="font-size: 1px; color: white;">lowest</span>from<span style="font-size: 1px; color: white;">exon</span>the hydrolysis<span style="font-size: 1px; color: white;">adding</span>of ATP into AMP.</p> <p>Pyrophosphoric acid<span style="font-size: 1px; color: white;">never</span>is tetraprotic<span style="font-size: 1px; color: white;">group</span>with pK<sub>a</sub> values of <strong>0.91</strong>, <strong>2.10</strong>, <strong>6.70</strong>, and <strong>9.32</strong>.</p> <p>Pyrophosphoric<span style="font-size: 1px; color: white;">faster</span>acid has<span style="font-size: 1px; color: white;">waals</span>five<span style="font-size: 1px; color: white;">naming</span>possible<span style="font-size: 1px; color: white;">fad</span>protonation states<span style="font-size: 1px; color: white;">box</span>in the<span style="font-size: 1px; color: white;">eye</span>choices<span style="font-size: 1px; color: white;">truthg</span>below.</p> <p>Which one<span style="font-size: 1px; color: white;">likely</span>of<span style="font-size: 1px; color: white;">ecm</span>the<span style="font-size: 1px; color: white;">dntp</span>following<span style="font-size: 1px; color: white;">biotin</span>protonation<span style="font-size: 1px; color: white;">father</span>states is<span style="font-size: 1px; color: white;">valve</span>the most abundant<span style="font-size: 1px; color: white;">syrup</span>at <strong>pH 10.5</strong>?</p> <span style="font-size: 1px; color: white;">dna</span></div>
    </div>
    <choiceInteraction maxChoices="1" responseIdentifier="RESPONSE" shuffle="true">
      <simpleChoice fixed="true" identifier="answer_1">
        <p>
          <div id="drv_cca8" oncopy="return false;" onpaste="return false;" oncut="return false;" oncontextmenu="return false;" onmousedown="return false;" onselectstart="return false;">
            <span style="color: #00008B">H<sub>4</sub>P<sub>2</sub>O<sub>7</sub></span>
            <span style="font-size: 1px; color: white;">angle</span>
          </div>
        </p>
      </simpleChoice>
      <simpleChoice fixed="true" identifier="answer_2">
        <p>
          <div id="drv_8095" oncopy="return false;" onpaste="return false;" oncut="return false;" oncontextmenu="return false;" onmousedown="return false;" onselectstart="return false;">
            <span style="color: #202060">H<sub>3</sub>P<sub>2</sub>O<sub>7</sub><sup>-</sup></span>
            <span style="font-size: 1px; color: white;">named</span>
          </div>
        </p>
      </simpleChoice>
      <simpleChoice fixed="true" identifier="answer_3">
        <p>
          <div id="drv_27f4" oncopy="return false;" onpaste="return false;" oncut="return false;" oncontextmenu="return false;" onmousedown="return false;" onselectstart="return false;">
            <span style="color: #404040">H<sub>2</sub>P<sub>2</sub>O<sub>7</sub><sup>2-</sup></span>
            <span style="font-size: 1px; color: white;">loss</span>
          </div>
        </p>
      </simpleChoice>
      <simpleChoice fixed="true" identifier="answer_4">
        <p>
          <div id="drv_c154" oncopy="return false;" onpaste="return false;" oncut="return false;" oncontextmenu="return false;" onmousedown="return false;" onselectstart="return false;"><span style="color: #602020">HP<sub>2</sub>O<sub>7</sub><sup>3-</sup></span> </div>
        </p>
      </simpleChoice>
      <simpleChoice fixed="true" identifier="answer_5">
        <p>
          <div id="drv_b214" oncopy="return false;" onpaste="return false;" oncut="return false;" oncontextmenu="return false;" onmousedown="return false;" onselectstart="return false;"><span style="color: #8B0000">P<sub>2</sub>O<sub>7</sub><sup>4-</sup></span> </div>
        </p>
      </simpleChoice>
    </choiceInteraction>
  </itemBody>
  <responseProcessing>
    <responseCondition>
      <responseIf>
        <match>
          <variable identifier="RESPONSE"/>
          <correct identifier="RESPONSE"/>
        </match>
      </responseIf>
    </responseCondition>
  </responseProcessing>
</assessmentItem>
