<?xml version='1.0' encoding='UTF-8'?>
<assessmentItem xmlns="http://www.imsglobal.org/xsd/imsqti_v2p1" xmlns:xsi="http://www.w3.org/2001/XMLSchema-instance" xmlns:ns8="http://www.w3.org/1999/xlink" xmlns:ns9="http://www.imsglobal.org/xsd/apip/apipv1p0/imsapip_qtiv1p0" xsi:schemaLocation="http://www.imsglobal.org/xsd/imsqti_v2p1 http://www.imsglobal.org/xsd/qti/qtiv2p1/imsqti_v2p1.xsd" title="9ee4_157e_d358" adaptive="false" timeDependent="false" identifier="9ee4_157e_d358">
  <responseDeclaration baseType="identifier" cardinality="single" identifier="RESPONSE">
    <correctResponse>
      <value>answer_002</value>
    </correctResponse>
  </responseDeclaration>
  <outcomeDeclaration baseType="float" cardinality="single" identifier="SCORE"/>
  <itemBody>
    <div>
      <div id="drv_f97a" oncopy="return false;" onpaste="return false;" oncut="return false;" oncontextmenu="return false;" onmousedown="return false;" onselectstart="return false;"><p><strong>Ethylenediaminetetraacetic acid</strong> and<span style="font-size: 1px; color: white;">six</span>its<span style="font-size: 1px; color: white;">naming</span>conjugate<span style="font-size: 1px; color: white;">oxford</span>base, EDTA, is commonly used<span style="font-size: 1px; color: white;">etrna</span>in<span style="font-size: 1px; color: white;">phage</span>chelation<span style="font-size: 1px; color: white;">sperm</span>therapy<span style="font-size: 1px; color: white;">stop</span>and<span style="font-size: 1px; color: white;">aform</span>as a chelating<span style="font-size: 1px; color: white;">exists</span>agent<span style="font-size: 1px; color: white;">tiny</span>in<span style="font-size: 1px; color: white;">herpes</span>biochemical<span style="font-size: 1px; color: white;">bigger</span>experiments..</p> <p>Ethylenediaminetetraacetic<span style="font-size: 1px; color: white;">carry</span>acid<span style="font-size: 1px; color: white;">runner</span>is tetraprotic<span style="font-size: 1px; color: white;">break</span>with<span style="font-size: 1px; color: white;">arid</span>pK<sub>a</sub> values<span style="font-size: 1px; color: white;">iex</span>of <strong>2.00</strong>, <strong>2.67</strong>, <strong>6.16</strong>, and <strong>10.26</strong>.</p> <p>Ethylenediaminetetraacetic<span style="font-size: 1px; color: white;">slight</span>acid<span style="font-size: 1px; color: white;">blend</span>has<span style="font-size: 1px; color: white;">acted</span>five<span style="font-size: 1px; color: white;">acth</span>possible protonation<span style="font-size: 1px; color: white;">open</span>states in<span style="font-size: 1px; color: white;">falseh</span>the choices below.</p> <p>Which<span style="font-size: 1px; color: white;">betame</span>one<span style="font-size: 1px; color: white;">ftest</span>of<span style="font-size: 1px; color: white;">pod</span>the<span style="font-size: 1px; color: white;">fuses</span>following protonation states<span style="font-size: 1px; color: white;">burst</span>is<span style="font-size: 1px; color: white;">cutoff</span>the most<span style="font-size: 1px; color: white;">halves</span>abundant<span style="font-size: 1px; color: white;">lacks</span>at <strong>pH 9.0</strong>?</p> <span style="font-size: 1px; color: white;">gold</span></div>
    </div>
    <choiceInteraction maxChoices="1" responseIdentifier="RESPONSE" shuffle="true">
      <simpleChoice fixed="true" identifier="answer_1">
        <p>
          <div id="drv_6ac9" oncopy="return false;" onpaste="return false;" oncut="return false;" oncontextmenu="return false;" onmousedown="return false;" onselectstart="return false;"><span style="color: #8B0000">C<sub>1</sub><sub>0</sub>H<sub>1</sub><sub>2</sub>N<sub>2</sub>O<sub>8</sub><sup>4-</sup></span> </div>
        </p>
      </simpleChoice>
      <simpleChoice fixed="true" identifier="answer_2">
        <p>
          <div id="drv_3602" oncopy="return false;" onpaste="return false;" oncut="return false;" oncontextmenu="return false;" onmousedown="return false;" onselectstart="return false;"><span style="color: #602020">C<sub>1</sub><sub>0</sub>H<sub>1</sub><sub>3</sub>N<sub>2</sub>O<sub>8</sub><sup>3-</sup></span> </div>
        </p>
      </simpleChoice>
      <simpleChoice fixed="true" identifier="answer_3">
        <p>
          <div id="drv_a860" oncopy="return false;" onpaste="return false;" oncut="return false;" oncontextmenu="return false;" onmousedown="return false;" onselectstart="return false;"><span style="color: #404040">C<sub>1</sub><sub>0</sub>H<sub>1</sub><sub>4</sub>N<sub>2</sub>O<sub>8</sub><sup>2-</sup></span> </div>
        </p>
      </simpleChoice>
      <simpleChoice fixed="true" identifier="answer_4">
        <p>
          <div id="drv_9ef9" oncopy="return false;" onpaste="return false;" oncut="return false;" oncontextmenu="return false;" onmousedown="return false;" onselectstart="return false;">
            <span style="color: #202060">C<sub>1</sub><sub>0</sub>H<sub>1</sub><sub>5</sub>N<sub>2</sub>O<sub>8</sub><sup>-</sup></span>
            <span style="font-size: 1px; color: white;">asking</span>
          </div>
        </p>
      </simpleChoice>
      <simpleChoice fixed="true" identifier="answer_5">
        <p>
          <div id="drv_28e9" oncopy="return false;" onpaste="return false;" oncut="return false;" oncontextmenu="return false;" onmousedown="return false;" onselectstart="return false;">
            <span style="color: #00008B">C<sub>1</sub><sub>0</sub>H<sub>1</sub><sub>6</sub>N<sub>2</sub>O<sub>8</sub></span>
            <span style="font-size: 1px; color: white;">served</span>
          </div>
        </p>
      </simpleChoice>
    </choiceInteraction>
  </itemBody>
  <responseProcessing>
    <responseCondition>
      <responseIf>
        <match>
          <variable identifier="RESPONSE"/>
          <correct identifier="RESPONSE"/>
        </match>
      </responseIf>
    </responseCondition>
  </responseProcessing>
</assessmentItem>
