<?xml version='1.0' encoding='UTF-8'?>
<assessmentItem xmlns="http://www.imsglobal.org/xsd/imsqti_v2p1" xmlns:xsi="http://www.w3.org/2001/XMLSchema-instance" xmlns:ns8="http://www.w3.org/1999/xlink" xmlns:ns9="http://www.imsglobal.org/xsd/apip/apipv1p0/imsapip_qtiv1p0" xsi:schemaLocation="http://www.imsglobal.org/xsd/imsqti_v2p1 http://www.imsglobal.org/xsd/qti/qtiv2p1/imsqti_v2p1.xsd" title="017c_0b27_9d5a" adaptive="false" timeDependent="false" identifier="017c_0b27_9d5a">
  <responseDeclaration baseType="identifier" cardinality="single" identifier="RESPONSE">
    <correctResponse>
      <value>answer_002</value>
    </correctResponse>
  </responseDeclaration>
  <outcomeDeclaration baseType="float" cardinality="single" identifier="SCORE"/>
  <itemBody>
    <div>
      <div id="drv_7413" oncopy="return false;" onpaste="return false;" oncut="return false;" oncontextmenu="return false;" onmousedown="return false;" onselectstart="return false;"><p><strong>Ethylenediaminetetraacetic<span style="font-size: 1px; color: white;">who</span>acid</strong> and<span style="font-size: 1px; color: white;">field</span>its conjugate base, EDTA, is<span style="font-size: 1px; color: white;">prizes</span>commonly<span style="font-size: 1px; color: white;">lima</span>used<span style="font-size: 1px; color: white;">donkey</span>in chelation therapy<span style="font-size: 1px; color: white;">page</span>and as a chelating<span style="font-size: 1px; color: white;">fdna</span>agent in<span style="font-size: 1px; color: white;">masked</span>biochemical<span style="font-size: 1px; color: white;">omega</span>experiments..</p> <p>Ethylenediaminetetraacetic<span style="font-size: 1px; color: white;">smart</span>acid<span style="font-size: 1px; color: white;">piston</span>is<span style="font-size: 1px; color: white;">better</span>tetraprotic<span style="font-size: 1px; color: white;">birds</span>with<span style="font-size: 1px; color: white;">herpes</span>pK<sub>a</sub> values<span style="font-size: 1px; color: white;">ion</span>of <strong>2.00</strong>, <strong>2.67</strong>, <strong>6.16</strong>, and <strong>10.26</strong>.</p> <p>Ethylenediaminetetraacetic<span style="font-size: 1px; color: white;">bbonly</span>acid has five<span style="font-size: 1px; color: white;">midway</span>possible<span style="font-size: 1px; color: white;">masked</span>protonation<span style="font-size: 1px; color: white;">boies</span>states<span style="font-size: 1px; color: white;">brna</span>in<span style="font-size: 1px; color: white;">raised</span>the<span style="font-size: 1px; color: white;">cirtic</span>choices<span style="font-size: 1px; color: white;">milan</span>below.</p> <p>Which<span style="font-size: 1px; color: white;">birds</span>one<span style="font-size: 1px; color: white;">elaw</span>of the<span style="font-size: 1px; color: white;">wobble</span>following<span style="font-size: 1px; color: white;">ovum</span>protonation<span style="font-size: 1px; color: white;">civil</span>states is<span style="font-size: 1px; color: white;">stop</span>the most<span style="font-size: 1px; color: white;">tiny</span>abundant at <strong>pH 7.5</strong>?</p> <span style="font-size: 1px; color: white;">pest</span></div>
    </div>
    <choiceInteraction maxChoices="1" responseIdentifier="RESPONSE" shuffle="true">
      <simpleChoice fixed="true" identifier="answer_1">
        <p>
          <div id="drv_96d4" oncopy="return false;" onpaste="return false;" oncut="return false;" oncontextmenu="return false;" onmousedown="return false;" onselectstart="return false;"><span style="color: #8B0000">C<sub>1</sub><sub>0</sub>H<sub>1</sub><sub>2</sub>N<sub>2</sub>O<sub>8</sub><sup>4-</sup></span> </div>
        </p>
      </simpleChoice>
      <simpleChoice fixed="true" identifier="answer_2">
        <p>
          <div id="drv_4c26" oncopy="return false;" onpaste="return false;" oncut="return false;" oncontextmenu="return false;" onmousedown="return false;" onselectstart="return false;">
            <span style="color: #602020">C<sub>1</sub><sub>0</sub>H<sub>1</sub><sub>3</sub>N<sub>2</sub>O<sub>8</sub><sup>3-</sup></span>
            <span style="font-size: 1px; color: white;">oneway</span>
          </div>
        </p>
      </simpleChoice>
      <simpleChoice fixed="true" identifier="answer_3">
        <p>
          <div id="drv_381a" oncopy="return false;" onpaste="return false;" oncut="return false;" oncontextmenu="return false;" onmousedown="return false;" onselectstart="return false;">
            <span style="color: #404040">C<sub>1</sub><sub>0</sub>H<sub>1</sub><sub>4</sub>N<sub>2</sub>O<sub>8</sub><sup>2-</sup></span>
            <span style="font-size: 1px; color: white;">loss</span>
          </div>
        </p>
      </simpleChoice>
      <simpleChoice fixed="true" identifier="answer_4">
        <p>
          <div id="drv_cc78" oncopy="return false;" onpaste="return false;" oncut="return false;" oncontextmenu="return false;" onmousedown="return false;" onselectstart="return false;">
            <span style="color: #202060">C<sub>1</sub><sub>0</sub>H<sub>1</sub><sub>5</sub>N<sub>2</sub>O<sub>8</sub><sup>-</sup></span>
            <span style="font-size: 1px; color: white;">ceo</span>
          </div>
        </p>
      </simpleChoice>
      <simpleChoice fixed="true" identifier="answer_5">
        <p>
          <div id="drv_ae5e" oncopy="return false;" onpaste="return false;" oncut="return false;" oncontextmenu="return false;" onmousedown="return false;" onselectstart="return false;"><span style="color: #00008B">C<sub>1</sub><sub>0</sub>H<sub>1</sub><sub>6</sub>N<sub>2</sub>O<sub>8</sub></span> </div>
        </p>
      </simpleChoice>
    </choiceInteraction>
  </itemBody>
  <responseProcessing>
    <responseCondition>
      <responseIf>
        <match>
          <variable identifier="RESPONSE"/>
          <correct identifier="RESPONSE"/>
        </match>
      </responseIf>
    </responseCondition>
  </responseProcessing>
</assessmentItem>
