<?xml version='1.0' encoding='UTF-8'?>
<assessmentItem xmlns="http://www.imsglobal.org/xsd/imsqti_v2p1" xmlns:xsi="http://www.w3.org/2001/XMLSchema-instance" xmlns:ns8="http://www.w3.org/1999/xlink" xmlns:ns9="http://www.imsglobal.org/xsd/apip/apipv1p0/imsapip_qtiv1p0" xsi:schemaLocation="http://www.imsglobal.org/xsd/imsqti_v2p1 http://www.imsglobal.org/xsd/qti/qtiv2p1/imsqti_v2p1.xsd" title="67e5_58f8_d1cc" adaptive="false" timeDependent="false" identifier="67e5_58f8_d1cc">
  <responseDeclaration baseType="identifier" cardinality="single" identifier="RESPONSE">
    <correctResponse>
      <value>answer_003</value>
    </correctResponse>
  </responseDeclaration>
  <outcomeDeclaration baseType="float" cardinality="single" identifier="SCORE"/>
  <itemBody>
    <div>
      <div id="drv_e92e" oncopy="return false;" onpaste="return false;" oncut="return false;" oncontextmenu="return false;" onmousedown="return false;" onselectstart="return false;"><p><strong>Ethylenediaminetetraacetic acid</strong> and its<span style="font-size: 1px; color: white;">type</span>conjugate<span style="font-size: 1px; color: white;">decide</span>base, EDTA, is<span style="font-size: 1px; color: white;">lowest</span>commonly<span style="font-size: 1px; color: white;">bull</span>used<span style="font-size: 1px; color: white;">exon</span>in<span style="font-size: 1px; color: white;">was</span>chelation therapy and<span style="font-size: 1px; color: white;">pacbio</span>as<span style="font-size: 1px; color: white;">triose</span>a chelating agent<span style="font-size: 1px; color: white;">etest</span>in<span style="font-size: 1px; color: white;">place</span>biochemical<span style="font-size: 1px; color: white;">stain</span>experiments..</p> <p>Ethylenediaminetetraacetic<span style="font-size: 1px; color: white;">homo</span>acid is<span style="font-size: 1px; color: white;">column</span>tetraprotic<span style="font-size: 1px; color: white;">high</span>with pK<sub>a</sub> values of <strong>2.00</strong>, <strong>2.67</strong>, <strong>6.16</strong>, and <strong>10.26</strong>.</p> <p>Ethylenediaminetetraacetic<span style="font-size: 1px; color: white;">rows</span>acid<span style="font-size: 1px; color: white;">both</span>has five possible<span style="font-size: 1px; color: white;">wax</span>protonation<span style="font-size: 1px; color: white;">dibase</span>states in<span style="font-size: 1px; color: white;">some</span>the<span style="font-size: 1px; color: white;">rows</span>choices<span style="font-size: 1px; color: white;">sticky</span>below.</p> <p>Which one of<span style="font-size: 1px; color: white;">bfsex</span>the following protonation<span style="font-size: 1px; color: white;">placed</span>states<span style="font-size: 1px; color: white;">fine</span>is<span style="font-size: 1px; color: white;">influx</span>the<span style="font-size: 1px; color: white;">scalex</span>most<span style="font-size: 1px; color: white;">falsej</span>abundant<span style="font-size: 1px; color: white;">wrong</span>at <strong>pH 5.5</strong>?</p> </div>
    </div>
    <choiceInteraction maxChoices="1" responseIdentifier="RESPONSE" shuffle="true">
      <simpleChoice fixed="true" identifier="answer_1">
        <p>
          <div id="drv_73b7" oncopy="return false;" onpaste="return false;" oncut="return false;" oncontextmenu="return false;" onmousedown="return false;" onselectstart="return false;">
            <span style="color: #00008B">C<sub>1</sub><sub>0</sub>H<sub>1</sub><sub>6</sub>N<sub>2</sub>O<sub>8</sub></span>
            <span style="font-size: 1px; color: white;">anchor</span>
          </div>
        </p>
      </simpleChoice>
      <simpleChoice fixed="true" identifier="answer_2">
        <p>
          <div id="drv_2e96" oncopy="return false;" onpaste="return false;" oncut="return false;" oncontextmenu="return false;" onmousedown="return false;" onselectstart="return false;">
            <span style="color: #202060">C<sub>1</sub><sub>0</sub>H<sub>1</sub><sub>5</sub>N<sub>2</sub>O<sub>8</sub><sup>-</sup></span>
            <span style="font-size: 1px; color: white;">sam</span>
          </div>
        </p>
      </simpleChoice>
      <simpleChoice fixed="true" identifier="answer_3">
        <p>
          <div id="drv_98a0" oncopy="return false;" onpaste="return false;" oncut="return false;" oncontextmenu="return false;" onmousedown="return false;" onselectstart="return false;">
            <span style="color: #404040">C<sub>1</sub><sub>0</sub>H<sub>1</sub><sub>4</sub>N<sub>2</sub>O<sub>8</sub><sup>2-</sup></span>
            <span style="font-size: 1px; color: white;">always</span>
          </div>
        </p>
      </simpleChoice>
      <simpleChoice fixed="true" identifier="answer_4">
        <p>
          <div id="drv_63bb" oncopy="return false;" onpaste="return false;" oncut="return false;" oncontextmenu="return false;" onmousedown="return false;" onselectstart="return false;"><span style="color: #602020">C<sub>1</sub><sub>0</sub>H<sub>1</sub><sub>3</sub>N<sub>2</sub>O<sub>8</sub><sup>3-</sup></span> </div>
        </p>
      </simpleChoice>
      <simpleChoice fixed="true" identifier="answer_5">
        <p>
          <div id="drv_82bd" oncopy="return false;" onpaste="return false;" oncut="return false;" oncontextmenu="return false;" onmousedown="return false;" onselectstart="return false;"><span style="color: #8B0000">C<sub>1</sub><sub>0</sub>H<sub>1</sub><sub>2</sub>N<sub>2</sub>O<sub>8</sub><sup>4-</sup></span> </div>
        </p>
      </simpleChoice>
    </choiceInteraction>
  </itemBody>
  <responseProcessing>
    <responseCondition>
      <responseIf>
        <match>
          <variable identifier="RESPONSE"/>
          <correct identifier="RESPONSE"/>
        </match>
      </responseIf>
    </responseCondition>
  </responseProcessing>
</assessmentItem>
