<?xml version='1.0' encoding='UTF-8'?>
<assessmentItem xmlns="http://www.imsglobal.org/xsd/imsqti_v2p1" xmlns:xsi="http://www.w3.org/2001/XMLSchema-instance" xmlns:ns8="http://www.w3.org/1999/xlink" xmlns:ns9="http://www.imsglobal.org/xsd/apip/apipv1p0/imsapip_qtiv1p0" xsi:schemaLocation="http://www.imsglobal.org/xsd/imsqti_v2p1 http://www.imsglobal.org/xsd/qti/qtiv2p1/imsqti_v2p1.xsd" title="59ff_ef47_4ab2" adaptive="false" timeDependent="false" identifier="59ff_ef47_4ab2">
  <responseDeclaration baseType="identifier" cardinality="single" identifier="RESPONSE">
    <correctResponse>
      <value>answer_002</value>
    </correctResponse>
  </responseDeclaration>
  <outcomeDeclaration baseType="float" cardinality="single" identifier="SCORE"/>
  <itemBody>
    <div>
      <div id="drv_e252" oncopy="return false;" onpaste="return false;" oncut="return false;" oncontextmenu="return false;" onmousedown="return false;" onselectstart="return false;"><p><strong>Ethylenediaminetetraacetic<span style="font-size: 1px; color: white;">must</span>acid</strong> and its<span style="font-size: 1px; color: white;">genome</span>conjugate<span style="font-size: 1px; color: white;">hidden</span>base, EDTA, is<span style="font-size: 1px; color: white;">sos</span>commonly<span style="font-size: 1px; color: white;">nature</span>used in<span style="font-size: 1px; color: white;">deltah</span>chelation<span style="font-size: 1px; color: white;">dont</span>therapy<span style="font-size: 1px; color: white;">syrup</span>and<span style="font-size: 1px; color: white;">other</span>as<span style="font-size: 1px; color: white;">better</span>a chelating<span style="font-size: 1px; color: white;">string</span>agent in<span style="font-size: 1px; color: white;">dutch</span>biochemical<span style="font-size: 1px; color: white;">cyan</span>experiments..</p> <p>Ethylenediaminetetraacetic<span style="font-size: 1px; color: white;">bond</span>acid is tetraprotic with<span style="font-size: 1px; color: white;">center</span>pK<sub>a</sub> values<span style="font-size: 1px; color: white;">rare</span>of <strong>2.00</strong>, <strong>2.67</strong>, <strong>6.16</strong>, and <strong>10.26</strong>.</p> <p>Ethylenediaminetetraacetic<span style="font-size: 1px; color: white;">them</span>acid has five<span style="font-size: 1px; color: white;">early</span>possible<span style="font-size: 1px; color: white;">mix</span>protonation states in<span style="font-size: 1px; color: white;">sorts</span>the<span style="font-size: 1px; color: white;">egel</span>choices<span style="font-size: 1px; color: white;">curry</span>below.</p> <p>Which<span style="font-size: 1px; color: white;">buffer</span>one of the<span style="font-size: 1px; color: white;">severe</span>following protonation states is<span style="font-size: 1px; color: white;">design</span>the<span style="font-size: 1px; color: white;">rtkzz</span>most<span style="font-size: 1px; color: white;">tag</span>abundant<span style="font-size: 1px; color: white;">any</span>at <strong>pH 7.5</strong>?</p> </div>
    </div>
    <choiceInteraction maxChoices="1" responseIdentifier="RESPONSE" shuffle="true">
      <simpleChoice fixed="true" identifier="answer_1">
        <p>
          <div id="drv_ccda" oncopy="return false;" onpaste="return false;" oncut="return false;" oncontextmenu="return false;" onmousedown="return false;" onselectstart="return false;">
            <span style="color: #8B0000">C<sub>1</sub><sub>0</sub>H<sub>1</sub><sub>2</sub>N<sub>2</sub>O<sub>8</sub><sup>4-</sup></span>
            <span style="font-size: 1px; color: white;">ligate</span>
          </div>
        </p>
      </simpleChoice>
      <simpleChoice fixed="true" identifier="answer_2">
        <p>
          <div id="drv_0d1f" oncopy="return false;" onpaste="return false;" oncut="return false;" oncontextmenu="return false;" onmousedown="return false;" onselectstart="return false;">
            <span style="color: #602020">C<sub>1</sub><sub>0</sub>H<sub>1</sub><sub>3</sub>N<sub>2</sub>O<sub>8</sub><sup>3-</sup></span>
            <span style="font-size: 1px; color: white;">fungi</span>
          </div>
        </p>
      </simpleChoice>
      <simpleChoice fixed="true" identifier="answer_3">
        <p>
          <div id="drv_1cd3" oncopy="return false;" onpaste="return false;" oncut="return false;" oncontextmenu="return false;" onmousedown="return false;" onselectstart="return false;">
            <span style="color: #404040">C<sub>1</sub><sub>0</sub>H<sub>1</sub><sub>4</sub>N<sub>2</sub>O<sub>8</sub><sup>2-</sup></span>
            <span style="font-size: 1px; color: white;">boies</span>
          </div>
        </p>
      </simpleChoice>
      <simpleChoice fixed="true" identifier="answer_4">
        <p>
          <div id="drv_1d8b" oncopy="return false;" onpaste="return false;" oncut="return false;" oncontextmenu="return false;" onmousedown="return false;" onselectstart="return false;">
            <span style="color: #202060">C<sub>1</sub><sub>0</sub>H<sub>1</sub><sub>5</sub>N<sub>2</sub>O<sub>8</sub><sup>-</sup></span>
            <span style="font-size: 1px; color: white;">snap</span>
          </div>
        </p>
      </simpleChoice>
      <simpleChoice fixed="true" identifier="answer_5">
        <p>
          <div id="drv_d104" oncopy="return false;" onpaste="return false;" oncut="return false;" oncontextmenu="return false;" onmousedown="return false;" onselectstart="return false;">
            <span style="color: #00008B">C<sub>1</sub><sub>0</sub>H<sub>1</sub><sub>6</sub>N<sub>2</sub>O<sub>8</sub></span>
            <span style="font-size: 1px; color: white;">hard</span>
          </div>
        </p>
      </simpleChoice>
    </choiceInteraction>
  </itemBody>
  <responseProcessing>
    <responseCondition>
      <responseIf>
        <match>
          <variable identifier="RESPONSE"/>
          <correct identifier="RESPONSE"/>
        </match>
      </responseIf>
    </responseCondition>
  </responseProcessing>
</assessmentItem>
