<?xml version='1.0' encoding='UTF-8'?>
<assessmentItem xmlns="http://www.imsglobal.org/xsd/imsqti_v2p1" xmlns:xsi="http://www.w3.org/2001/XMLSchema-instance" xmlns:ns8="http://www.w3.org/1999/xlink" xmlns:ns9="http://www.imsglobal.org/xsd/apip/apipv1p0/imsapip_qtiv1p0" xsi:schemaLocation="http://www.imsglobal.org/xsd/imsqti_v2p1 http://www.imsglobal.org/xsd/qti/qtiv2p1/imsqti_v2p1.xsd" title="e62e_dfc1_193c" adaptive="false" timeDependent="false" identifier="e62e_dfc1_193c">
  <responseDeclaration baseType="identifier" cardinality="single" identifier="RESPONSE">
    <correctResponse>
      <value>answer_003</value>
    </correctResponse>
  </responseDeclaration>
  <outcomeDeclaration baseType="float" cardinality="single" identifier="SCORE"/>
  <itemBody>
    <div>
      <div id="drv_6645" oncopy="return false;" onpaste="return false;" oncut="return false;" oncontextmenu="return false;" onmousedown="return false;" onselectstart="return false;"><p><strong>Pyrophosphoric<span style="font-size: 1px; color: white;">gets</span>acid</strong> and<span style="font-size: 1px; color: white;">mask</span>its<span style="font-size: 1px; color: white;">tca</span>conjugate<span style="font-size: 1px; color: white;">born</span>base, pyrophosphate, is abbreviated PP<sub>i</sub> and<span style="font-size: 1px; color: white;">umami</span>is<span style="font-size: 1px; color: white;">this</span>formed<span style="font-size: 1px; color: white;">alpha</span>by<span style="font-size: 1px; color: white;">place</span>cells<span style="font-size: 1px; color: white;">see</span>from<span style="font-size: 1px; color: white;">knew</span>the<span style="font-size: 1px; color: white;">ensure</span>hydrolysis<span style="font-size: 1px; color: white;">too</span>of ATP into AMP.</p> <p>Pyrophosphoric<span style="font-size: 1px; color: white;">order</span>acid is<span style="font-size: 1px; color: white;">store</span>tetraprotic<span style="font-size: 1px; color: white;">purify</span>with<span style="font-size: 1px; color: white;">play</span>pK<sub>a</sub> values of <strong>0.91</strong>, <strong>2.10</strong>, <strong>6.70</strong>, and <strong>9.32</strong>.</p> <p>Pyrophosphoric acid<span style="font-size: 1px; color: white;">keto</span>has five<span style="font-size: 1px; color: white;">rules</span>possible<span style="font-size: 1px; color: white;">thrive</span>protonation<span style="font-size: 1px; color: white;">zinc</span>states<span style="font-size: 1px; color: white;">sperm</span>in<span style="font-size: 1px; color: white;">psi</span>the<span style="font-size: 1px; color: white;">fills</span>choices below.</p> <p>Which<span style="font-size: 1px; color: white;">whose</span>one<span style="font-size: 1px; color: white;">carbon</span>of the following<span style="font-size: 1px; color: white;">avp</span>protonation states is the<span style="font-size: 1px; color: white;">amine</span>most<span style="font-size: 1px; color: white;">gfc</span>abundant<span style="font-size: 1px; color: white;">name</span>at <strong>pH 4.5</strong>?</p> <span style="font-size: 1px; color: white;">ttest</span></div>
    </div>
    <choiceInteraction maxChoices="1" responseIdentifier="RESPONSE" shuffle="true">
      <simpleChoice fixed="true" identifier="answer_1">
        <p>
          <div id="drv_a537" oncopy="return false;" onpaste="return false;" oncut="return false;" oncontextmenu="return false;" onmousedown="return false;" onselectstart="return false;">
            <span style="color: #00008B">H<sub>4</sub>P<sub>2</sub>O<sub>7</sub></span>
            <span style="font-size: 1px; color: white;">genes</span>
          </div>
        </p>
      </simpleChoice>
      <simpleChoice fixed="true" identifier="answer_2">
        <p>
          <div id="drv_e31a" oncopy="return false;" onpaste="return false;" oncut="return false;" oncontextmenu="return false;" onmousedown="return false;" onselectstart="return false;"><span style="color: #202060">H<sub>3</sub>P<sub>2</sub>O<sub>7</sub><sup>-</sup></span> </div>
        </p>
      </simpleChoice>
      <simpleChoice fixed="true" identifier="answer_3">
        <p>
          <div id="drv_f1bd" oncopy="return false;" onpaste="return false;" oncut="return false;" oncontextmenu="return false;" onmousedown="return false;" onselectstart="return false;"><span style="color: #404040">H<sub>2</sub>P<sub>2</sub>O<sub>7</sub><sup>2-</sup></span> </div>
        </p>
      </simpleChoice>
      <simpleChoice fixed="true" identifier="answer_4">
        <p>
          <div id="drv_6e2e" oncopy="return false;" onpaste="return false;" oncut="return false;" oncontextmenu="return false;" onmousedown="return false;" onselectstart="return false;">
            <span style="color: #602020">HP<sub>2</sub>O<sub>7</sub><sup>3-</sup></span>
            <span style="font-size: 1px; color: white;">feel</span>
          </div>
        </p>
      </simpleChoice>
      <simpleChoice fixed="true" identifier="answer_5">
        <p>
          <div id="drv_c483" oncopy="return false;" onpaste="return false;" oncut="return false;" oncontextmenu="return false;" onmousedown="return false;" onselectstart="return false;">
            <span style="color: #8B0000">P<sub>2</sub>O<sub>7</sub><sup>4-</sup></span>
            <span style="font-size: 1px; color: white;">stuck</span>
          </div>
        </p>
      </simpleChoice>
    </choiceInteraction>
  </itemBody>
  <responseProcessing>
    <responseCondition>
      <responseIf>
        <match>
          <variable identifier="RESPONSE"/>
          <correct identifier="RESPONSE"/>
        </match>
      </responseIf>
    </responseCondition>
  </responseProcessing>
</assessmentItem>
