<?xml version='1.0' encoding='UTF-8'?>
<assessmentItem xmlns="http://www.imsglobal.org/xsd/imsqti_v2p1" xmlns:xsi="http://www.w3.org/2001/XMLSchema-instance" xmlns:ns8="http://www.w3.org/1999/xlink" xmlns:ns9="http://www.imsglobal.org/xsd/apip/apipv1p0/imsapip_qtiv1p0" xsi:schemaLocation="http://www.imsglobal.org/xsd/imsqti_v2p1 http://www.imsglobal.org/xsd/qti/qtiv2p1/imsqti_v2p1.xsd" title="e939_c1dc_a50d" adaptive="false" timeDependent="false" identifier="e939_c1dc_a50d">
  <responseDeclaration baseType="identifier" cardinality="single" identifier="RESPONSE">
    <correctResponse>
      <value>answer_003</value>
    </correctResponse>
  </responseDeclaration>
  <outcomeDeclaration baseType="float" cardinality="single" identifier="SCORE"/>
  <itemBody>
    <div>
      <div id="drv_ee09" oncopy="return false;" onpaste="return false;" oncut="return false;" oncontextmenu="return false;" onmousedown="return false;" onselectstart="return false;"><p><strong>Ethylenediaminetetraacetic acid</strong> and<span style="font-size: 1px; color: white;">dimer</span>its<span style="font-size: 1px; color: white;">ligate</span>conjugate base, EDTA, is<span style="font-size: 1px; color: white;">father</span>commonly<span style="font-size: 1px; color: white;">trnas</span>used<span style="font-size: 1px; color: white;">rna</span>in<span style="font-size: 1px; color: white;">she</span>chelation<span style="font-size: 1px; color: white;">genome</span>therapy and<span style="font-size: 1px; color: white;">takes</span>as a chelating<span style="font-size: 1px; color: white;">als</span>agent<span style="font-size: 1px; color: white;">would</span>in biochemical experiments..</p> <p>Ethylenediaminetetraacetic<span style="font-size: 1px; color: white;">high</span>acid<span style="font-size: 1px; color: white;">human</span>is<span style="font-size: 1px; color: white;">double</span>tetraprotic<span style="font-size: 1px; color: white;">head</span>with<span style="font-size: 1px; color: white;">tough</span>pK<sub>a</sub> values of <strong>2.00</strong>, <strong>2.67</strong>, <strong>6.16</strong>, and <strong>10.26</strong>.</p> <p>Ethylenediaminetetraacetic<span style="font-size: 1px; color: white;">source</span>acid has five<span style="font-size: 1px; color: white;">become</span>possible protonation<span style="font-size: 1px; color: white;">hydrid</span>states<span style="font-size: 1px; color: white;">halves</span>in<span style="font-size: 1px; color: white;">pain</span>the<span style="font-size: 1px; color: white;">wraps</span>choices below.</p> <p>Which<span style="font-size: 1px; color: white;">ginger</span>one<span style="font-size: 1px; color: white;">pumps</span>of<span style="font-size: 1px; color: white;">could</span>the<span style="font-size: 1px; color: white;">grow</span>following<span style="font-size: 1px; color: white;">cliff</span>protonation<span style="font-size: 1px; color: white;">our</span>states<span style="font-size: 1px; color: white;">allow</span>is<span style="font-size: 1px; color: white;">pitch</span>the most<span style="font-size: 1px; color: white;">uaa</span>abundant at <strong>pH 3.5</strong>?</p> </div>
    </div>
    <choiceInteraction maxChoices="1" responseIdentifier="RESPONSE" shuffle="true">
      <simpleChoice fixed="true" identifier="answer_1">
        <p>
          <div id="drv_7a53" oncopy="return false;" onpaste="return false;" oncut="return false;" oncontextmenu="return false;" onmousedown="return false;" onselectstart="return false;">
            <span style="color: #8B0000">C<sub>1</sub><sub>0</sub>H<sub>1</sub><sub>2</sub>N<sub>2</sub>O<sub>8</sub><sup>4-</sup></span>
            <span style="font-size: 1px; color: white;">webbed</span>
          </div>
        </p>
      </simpleChoice>
      <simpleChoice fixed="true" identifier="answer_2">
        <p>
          <div id="drv_b7c5" oncopy="return false;" onpaste="return false;" oncut="return false;" oncontextmenu="return false;" onmousedown="return false;" onselectstart="return false;"><span style="color: #602020">C<sub>1</sub><sub>0</sub>H<sub>1</sub><sub>3</sub>N<sub>2</sub>O<sub>8</sub><sup>3-</sup></span> </div>
        </p>
      </simpleChoice>
      <simpleChoice fixed="true" identifier="answer_3">
        <p>
          <div id="drv_9f4a" oncopy="return false;" onpaste="return false;" oncut="return false;" oncontextmenu="return false;" onmousedown="return false;" onselectstart="return false;">
            <span style="color: #404040">C<sub>1</sub><sub>0</sub>H<sub>1</sub><sub>4</sub>N<sub>2</sub>O<sub>8</sub><sup>2-</sup></span>
            <span style="font-size: 1px; color: white;">loop</span>
          </div>
        </p>
      </simpleChoice>
      <simpleChoice fixed="true" identifier="answer_4">
        <p>
          <div id="drv_fe2a" oncopy="return false;" onpaste="return false;" oncut="return false;" oncontextmenu="return false;" onmousedown="return false;" onselectstart="return false;">
            <span style="color: #202060">C<sub>1</sub><sub>0</sub>H<sub>1</sub><sub>5</sub>N<sub>2</sub>O<sub>8</sub><sup>-</sup></span>
            <span style="font-size: 1px; color: white;">mates</span>
          </div>
        </p>
      </simpleChoice>
      <simpleChoice fixed="true" identifier="answer_5">
        <p>
          <div id="drv_69e6" oncopy="return false;" onpaste="return false;" oncut="return false;" oncontextmenu="return false;" onmousedown="return false;" onselectstart="return false;">
            <span style="color: #00008B">C<sub>1</sub><sub>0</sub>H<sub>1</sub><sub>6</sub>N<sub>2</sub>O<sub>8</sub></span>
            <span style="font-size: 1px; color: white;">touch</span>
          </div>
        </p>
      </simpleChoice>
    </choiceInteraction>
  </itemBody>
  <responseProcessing>
    <responseCondition>
      <responseIf>
        <match>
          <variable identifier="RESPONSE"/>
          <correct identifier="RESPONSE"/>
        </match>
      </responseIf>
    </responseCondition>
  </responseProcessing>
</assessmentItem>
