<?xml version='1.0' encoding='UTF-8'?>
<assessmentItem xmlns="http://www.imsglobal.org/xsd/imsqti_v2p1" xmlns:xsi="http://www.w3.org/2001/XMLSchema-instance" xmlns:ns8="http://www.w3.org/1999/xlink" xmlns:ns9="http://www.imsglobal.org/xsd/apip/apipv1p0/imsapip_qtiv1p0" xsi:schemaLocation="http://www.imsglobal.org/xsd/imsqti_v2p1 http://www.imsglobal.org/xsd/qti/qtiv2p1/imsqti_v2p1.xsd" title="9cd7_497c_7d2f" adaptive="false" timeDependent="false" identifier="9cd7_497c_7d2f">
  <responseDeclaration baseType="identifier" cardinality="single" identifier="RESPONSE">
    <correctResponse>
      <value>answer_003</value>
    </correctResponse>
  </responseDeclaration>
  <outcomeDeclaration baseType="float" cardinality="single" identifier="SCORE"/>
  <itemBody>
    <div>
      <div id="drv_2426" oncopy="return false;" onpaste="return false;" oncut="return false;" oncontextmenu="return false;" onmousedown="return false;" onselectstart="return false;"><p><strong>Pyrophosphoric<span style="font-size: 1px; color: white;">cotton</span>acid</strong> and<span style="font-size: 1px; color: white;">herpes</span>its conjugate<span style="font-size: 1px; color: white;">ftest</span>base, pyrophosphate, is<span style="font-size: 1px; color: white;">psi</span>abbreviated PP<sub>i</sub> and is<span style="font-size: 1px; color: white;">embryo</span>formed<span style="font-size: 1px; color: white;">bred</span>by<span style="font-size: 1px; color: white;">adapt</span>cells<span style="font-size: 1px; color: white;">swims</span>from<span style="font-size: 1px; color: white;">before</span>the hydrolysis of ATP into AMP.</p> <p>Pyrophosphoric<span style="font-size: 1px; color: white;">net</span>acid<span style="font-size: 1px; color: white;">cells</span>is<span style="font-size: 1px; color: white;">gels</span>tetraprotic with<span style="font-size: 1px; color: white;">cri</span>pK<sub>a</sub> values of <strong>0.91</strong>, <strong>2.10</strong>, <strong>6.70</strong>, and <strong>9.32</strong>.</p> <p>Pyrophosphoric<span style="font-size: 1px; color: white;">week</span>acid<span style="font-size: 1px; color: white;">reach</span>has<span style="font-size: 1px; color: white;">times</span>five<span style="font-size: 1px; color: white;">rise</span>possible<span style="font-size: 1px; color: white;">cri</span>protonation<span style="font-size: 1px; color: white;">grow</span>states<span style="font-size: 1px; color: white;">runway</span>in<span style="font-size: 1px; color: white;">cca</span>the<span style="font-size: 1px; color: white;">fills</span>choices below.</p> <p>Which<span style="font-size: 1px; color: white;">place</span>one<span style="font-size: 1px; color: white;">anchor</span>of the<span style="font-size: 1px; color: white;">plots</span>following protonation<span style="font-size: 1px; color: white;">only</span>states is the<span style="font-size: 1px; color: white;">but</span>most abundant<span style="font-size: 1px; color: white;">dof</span>at <strong>pH 6.0</strong>?</p> </div>
    </div>
    <choiceInteraction maxChoices="1" responseIdentifier="RESPONSE" shuffle="true">
      <simpleChoice fixed="true" identifier="answer_1">
        <p>
          <div id="drv_79cb" oncopy="return false;" onpaste="return false;" oncut="return false;" oncontextmenu="return false;" onmousedown="return false;" onselectstart="return false;">
            <span style="color: #00008B">H<sub>4</sub>P<sub>2</sub>O<sub>7</sub></span>
            <span style="font-size: 1px; color: white;">ssb</span>
          </div>
        </p>
      </simpleChoice>
      <simpleChoice fixed="true" identifier="answer_2">
        <p>
          <div id="drv_3af0" oncopy="return false;" onpaste="return false;" oncut="return false;" oncontextmenu="return false;" onmousedown="return false;" onselectstart="return false;"><span style="color: #202060">H<sub>3</sub>P<sub>2</sub>O<sub>7</sub><sup>-</sup></span> </div>
        </p>
      </simpleChoice>
      <simpleChoice fixed="true" identifier="answer_3">
        <p>
          <div id="drv_d22f" oncopy="return false;" onpaste="return false;" oncut="return false;" oncontextmenu="return false;" onmousedown="return false;" onselectstart="return false;">
            <span style="color: #404040">H<sub>2</sub>P<sub>2</sub>O<sub>7</sub><sup>2-</sup></span>
            <span style="font-size: 1px; color: white;">factor</span>
          </div>
        </p>
      </simpleChoice>
      <simpleChoice fixed="true" identifier="answer_4">
        <p>
          <div id="drv_979f" oncopy="return false;" onpaste="return false;" oncut="return false;" oncontextmenu="return false;" onmousedown="return false;" onselectstart="return false;">
            <span style="color: #602020">HP<sub>2</sub>O<sub>7</sub><sup>3-</sup></span>
            <span style="font-size: 1px; color: white;">growth</span>
          </div>
        </p>
      </simpleChoice>
      <simpleChoice fixed="true" identifier="answer_5">
        <p>
          <div id="drv_ee0b" oncopy="return false;" onpaste="return false;" oncut="return false;" oncontextmenu="return false;" onmousedown="return false;" onselectstart="return false;">
            <span style="color: #8B0000">P<sub>2</sub>O<sub>7</sub><sup>4-</sup></span>
            <span style="font-size: 1px; color: white;">human</span>
          </div>
        </p>
      </simpleChoice>
    </choiceInteraction>
  </itemBody>
  <responseProcessing>
    <responseCondition>
      <responseIf>
        <match>
          <variable identifier="RESPONSE"/>
          <correct identifier="RESPONSE"/>
        </match>
      </responseIf>
    </responseCondition>
  </responseProcessing>
</assessmentItem>
