<?xml version='1.0' encoding='UTF-8'?>
<assessmentItem xmlns="http://www.imsglobal.org/xsd/imsqti_v2p1" xmlns:xsi="http://www.w3.org/2001/XMLSchema-instance" xmlns:ns8="http://www.w3.org/1999/xlink" xmlns:ns9="http://www.imsglobal.org/xsd/apip/apipv1p0/imsapip_qtiv1p0" xsi:schemaLocation="http://www.imsglobal.org/xsd/imsqti_v2p1 http://www.imsglobal.org/xsd/qti/qtiv2p1/imsqti_v2p1.xsd" title="2aac_c2f3_6af4" adaptive="false" timeDependent="false" identifier="2aac_c2f3_6af4">
  <responseDeclaration baseType="identifier" cardinality="single" identifier="RESPONSE">
    <correctResponse>
      <value>answer_1</value>
    </correctResponse>
  </responseDeclaration>
  <outcomeDeclaration baseType="float" cardinality="single" identifier="SCORE"/>
  <itemBody>
    <div><p>850d</p> <p>Which one of the following statements is<strong> <span style="color: #169179;"><strong>TRUE</strong></span> </strong> of Michaelis-Menten kinetics?</p></div>
    <choiceInteraction maxChoices="1" responseIdentifier="RESPONSE" shuffle="true">
      <simpleChoice fixed="true" identifier="answer_1">
        <p>A.<strong> </strong>The <strong><span style="color: #a1005e;"><strong><span style="color: #a1005e;">reaction rate</span></strong></span></strong> is <strong><span style="color: #009e4c;"><i><strong><span style="color: #009e4c;"><i>proportional</i></span></strong></i></span></strong> to the substrate <strong><span style="color: #ff0000;"><strong><span style="color: #ff0000;">concentration</span></strong></span></strong>.  </p>
      </simpleChoice>
      <simpleChoice fixed="true" identifier="answer_2">
        <p>B.<strong> </strong><strong><span style="color: #0d57a5;">M-M kinetics</span></strong> was developed by Greek economist Leo Michelis and Dutch bobsledder Hubert Menten in 1913.  </p>
      </simpleChoice>
      <simpleChoice fixed="true" identifier="answer_3">
        <p>C.<strong> </strong>When the substrate <strong><span style="color: #ff0000;">concentration</span></strong>, [S], is much larger than K<sub>M</sub>, the <strong><span style="color: #a1005e;">reaction rate</span></strong> is linear.  </p>
      </simpleChoice>
      <simpleChoice fixed="true" identifier="answer_4">
        <p>D.<strong> </strong><strong><span style="color: #0d57a5;">M-M kinetics</span></strong> assumes that the enzyme bound to the substrate [ES] is short lived and does<strong> <strong>NOT</strong> </strong>contribute to the <strong><span style="color: #a1005e;">reaction rate</span></strong>.  </p>
      </simpleChoice>
      <simpleChoice fixed="true" identifier="answer_5">
        <p>E.<strong> </strong><strong><span style="color: #0d57a5;">M-M kinetics</span></strong> assumes that the change in <strong><span style="color: #ff0000;">concentration</span></strong> of <strong><span style="color: #ff5e00;">enzyme-product complex [EP]</span></strong> does<strong> <strong>NOT</strong> </strong>change.  </p>
      </simpleChoice>
    </choiceInteraction>
  </itemBody>
  <responseProcessing>
    <responseCondition>
      <responseIf>
        <match>
          <variable identifier="RESPONSE"/>
          <correct identifier="RESPONSE"/>
        </match>
      </responseIf>
    </responseCondition>
  </responseProcessing>
</assessmentItem>
