<?xml version='1.0' encoding='UTF-8'?>
<assessmentItem xmlns="http://www.imsglobal.org/xsd/imsqti_v2p1" xmlns:xsi="http://www.w3.org/2001/XMLSchema-instance" xmlns:ns8="http://www.w3.org/1999/xlink" xmlns:ns9="http://www.imsglobal.org/xsd/apip/apipv1p0/imsapip_qtiv1p0" xsi:schemaLocation="http://www.imsglobal.org/xsd/imsqti_v2p1 http://www.imsglobal.org/xsd/qti/qtiv2p1/imsqti_v2p1.xsd" title="7d4a_4483_d220" adaptive="false" timeDependent="false" identifier="7d4a_4483_d220">
  <responseDeclaration baseType="identifier" cardinality="single" identifier="RESPONSE">
    <correctResponse>
      <value>answer_1</value>
    </correctResponse>
  </responseDeclaration>
  <outcomeDeclaration baseType="float" cardinality="single" identifier="SCORE"/>
  <itemBody>
    <div><p>c302</p> <p>Which one of the following statements is<strong> <span style="color: #ba372a;"><strong>FALSE</strong></span> </strong> about Michaelis-Menten kinetics?</p></div>
    <choiceInteraction maxChoices="1" responseIdentifier="RESPONSE" shuffle="true">
      <simpleChoice fixed="true" identifier="answer_1">
        <p>A.<strong> </strong><strong><span style="color: #0d57a5;"><strong><span style="color: #0d57a5;">M-M kinetics</span></strong></span></strong> assumes that the rate of breaking the <strong><span style="color: #ff5e00;"><strong><span style="color: #ff5e00;">enzyme-product complex [EP]</span></strong></span></strong> is equal to the rate of its formation.  </p>
      </simpleChoice>
      <simpleChoice fixed="true" identifier="answer_2">
        <p>B.<strong> </strong>When the substrate <strong><span style="color: #ff0000;">concentration</span></strong>, [S], is much smaller than K<sub>M</sub>, the <strong><span style="color: #a1005e;">reaction rate</span></strong> is linear.  </p>
      </simpleChoice>
      <simpleChoice fixed="true" identifier="answer_3">
        <p>C.<strong> </strong><strong><span style="color: #0d57a5;">M-M kinetics</span></strong> assumes that there is no product available and there is no measureable reverse <strong><span style="color: #a1005e;">reaction rate</span></strong>.  </p>
      </simpleChoice>
      <simpleChoice fixed="true" identifier="answer_4">
        <p>D.<strong> </strong><strong><span style="color: #0d57a5;">M-M kinetics</span></strong> assumes that the <strong><span style="color: #ff5e00;">enzyme-product complex [EP]</span></strong> is short lived and does<strong> <strong>NOT</strong> </strong>contribute to the <strong><span style="color: #a1005e;">reaction rate</span></strong>.  </p>
      </simpleChoice>
      <simpleChoice fixed="true" identifier="answer_5">
        <p>E.<strong> </strong><strong><span style="color: #0d57a5;">M-M kinetics</span></strong> was developed by German biochemist Leonor Michaelis and Canadian physician Maud Menten in 1913.  </p>
      </simpleChoice>
    </choiceInteraction>
  </itemBody>
  <responseProcessing>
    <responseCondition>
      <responseIf>
        <match>
          <variable identifier="RESPONSE"/>
          <correct identifier="RESPONSE"/>
        </match>
      </responseIf>
    </responseCondition>
  </responseProcessing>
</assessmentItem>
