<?xml version='1.0' encoding='UTF-8'?>
<assessmentItem xmlns="http://www.imsglobal.org/xsd/imsqti_v2p1" xmlns:xsi="http://www.w3.org/2001/XMLSchema-instance" xmlns:ns8="http://www.w3.org/1999/xlink" xmlns:ns9="http://www.imsglobal.org/xsd/apip/apipv1p0/imsapip_qtiv1p0" xsi:schemaLocation="http://www.imsglobal.org/xsd/imsqti_v2p1 http://www.imsglobal.org/xsd/qti/qtiv2p1/imsqti_v2p1.xsd" title="d44c_0859_b5d4" adaptive="false" timeDependent="false" identifier="d44c_0859_b5d4">
  <responseDeclaration baseType="identifier" cardinality="single" identifier="RESPONSE">
    <correctResponse>
      <value>answer_003</value>
    </correctResponse>
  </responseDeclaration>

  <outcomeDeclaration baseType="float" cardinality="single" identifier="SCORE"/>

  <itemBody>
    <div><p><strong>Pyrophosphoric acid</strong> and its conjugate base, pyrophosphate, is abbreviated PP<sub>i</sub> and is formed by cells from the hydrolysis of ATP into AMP.</p> <p>Pyrophosphoric acid is tetraprotic with pK<sub>a</sub> values of <strong>0.91</strong>, <strong>2.10</strong>, <strong>6.70</strong>, and <strong>9.32</strong>.</p> <p>Which one of the following pH values falls outside the optimal buffering rangeof Pyrophosphoric acid?</p></div>
    <choiceInteraction maxChoices="1" responseIdentifier="RESPONSE" shuffle="true">
      <simpleChoice fixed="true" identifier="answer_1">
        <p>pH <span style="color: #861c1c">0.6</span></p>
      </simpleChoice>
      <simpleChoice fixed="true" identifier="answer_2">
        <p>pH <span style="color: #771c1c">1.5</span></p>
      </simpleChoice>
      <simpleChoice fixed="true" identifier="answer_3">
        <p>pH <span style="color: #4e1c1c">4.0</span></p>
      </simpleChoice>
      <simpleChoice fixed="true" identifier="answer_4">
        <p>pH <span style="color: #2e1c1c">5.9</span></p>
      </simpleChoice>
      <simpleChoice fixed="true" identifier="answer_5">
        <p>pH <span style="color: #1c1c38">8.7</span></p>
      </simpleChoice>
    </choiceInteraction>
  </itemBody>

  <responseProcessing>
    <responseCondition>
      <responseIf>
        <match>
          <variable identifier="RESPONSE"/>
          <correct identifier="RESPONSE"/>
        </match>
      </responseIf>
    </responseCondition>
  </responseProcessing>
</assessmentItem>
