<?xml version='1.0' encoding='UTF-8'?>
<assessmentItem xmlns="http://www.imsglobal.org/xsd/imsqti_v2p1" xmlns:xsi="http://www.w3.org/2001/XMLSchema-instance" xmlns:ns8="http://www.w3.org/1999/xlink" xmlns:ns9="http://www.imsglobal.org/xsd/apip/apipv1p0/imsapip_qtiv1p0" xsi:schemaLocation="http://www.imsglobal.org/xsd/imsqti_v2p1 http://www.imsglobal.org/xsd/qti/qtiv2p1/imsqti_v2p1.xsd" title="d8d1_fda5_5d5f" adaptive="false" timeDependent="false" identifier="d8d1_fda5_5d5f">
  <responseDeclaration baseType="identifier" cardinality="multiple" identifier="RESPONSE">
    <correctResponse>
      <value>answer_001</value>
      <value>answer_007</value>
    </correctResponse>
  </responseDeclaration>
  <outcomeDeclaration baseType="float" cardinality="single" identifier="SCORE"/>
  <itemBody>
    <div>
      <div id="drv_5f4d" oncopy="return false;" onpaste="return false;" oncut="return false;" oncontextmenu="return false;" onmousedown="return false;" onselectstart="return false;">
        <p>When<span style="font-size: 1px; color: white;">merge</span>the pH is<span style="font-size: 1px; color: white;">aids</span>more<span style="font-size: 1px; color: white;">phi</span>than<span style="font-size: 1px; color: white;">become</span>two (2) pH units <span style="color:#d96500;font-weight:700;">ABOVE</span> the<span style="font-size: 1px; color: white;">forces</span>pKa<span style="font-size: 1px; color: white;">xdna</span>of<span style="font-size: 1px; color: white;">head</span>a <span style="color:#b58900;font-weight:700;">thiol group</span> (e.g., -SH), what<span style="font-size: 1px; color: white;">trutha</span>form<span style="font-size: 1px; color: white;">night</span>is the<span style="font-size: 1px; color: white;">treat</span>chemical group<span style="font-size: 1px; color: white;">need</span>in?</p>
        <p>Select <span style="font-weight:700;">BOTH</span> the <span style="color:#2f855a;font-weight:700;">number of hydrogens</span> and <span style="color:#6b21a8;font-weight:700;">its charge</span>; <span style="font-weight:700;">check<span style="font-size: 1px; color: white;">yeast</span>two boxes</span>.</p>
        <span style="font-size: 1px; color: white;">while</span>
      </div>
    </div>
    <choiceInteraction maxChoices="2" responseIdentifier="RESPONSE" shuffle="true">
      <simpleChoice fixed="true" identifier="answer_1">
        <p>
          <div id="drv_f833" oncopy="return false;" onpaste="return false;" oncut="return false;" oncontextmenu="return false;" onmousedown="return false;" onselectstart="return false;"><span style="color:#2f855a;font-weight:700;">no hydrogens (0 H)</span> </div>
        </p>
      </simpleChoice>
      <simpleChoice fixed="true" identifier="answer_2">
        <p>
          <div id="drv_b5ad" oncopy="return false;" onpaste="return false;" oncut="return false;" oncontextmenu="return false;" onmousedown="return false;" onselectstart="return false;">
            <span style="color:#2f855a;font-weight:700;">one<span style="font-size: 1px; color: white;">falseb</span>hydrogen (1 H)</span>
            <span style="font-size: 1px; color: white;">blend</span>
          </div>
        </p>
      </simpleChoice>
      <simpleChoice fixed="true" identifier="answer_3">
        <p>
          <div id="drv_8683" oncopy="return false;" onpaste="return false;" oncut="return false;" oncontextmenu="return false;" onmousedown="return false;" onselectstart="return false;">
            <span style="color:#2f855a;font-weight:700;">two hydrogens (2 H)</span>
            <span style="font-size: 1px; color: white;">early</span>
          </div>
        </p>
      </simpleChoice>
      <simpleChoice fixed="true" identifier="answer_4">
        <p>
          <div id="drv_96a1" oncopy="return false;" onpaste="return false;" oncut="return false;" oncontextmenu="return false;" onmousedown="return false;" onselectstart="return false;">
            <span style="color:#2f855a;font-weight:700;">three hydrogens (3 H)</span>
            <span style="font-size: 1px; color: white;">words</span>
          </div>
        </p>
      </simpleChoice>
      <simpleChoice fixed="true" identifier="answer_5">
        <p>
          <div id="drv_4f0a" oncopy="return false;" onpaste="return false;" oncut="return false;" oncontextmenu="return false;" onmousedown="return false;" onselectstart="return false;">
            <span style="color:#1f5aa6;font-weight:700;">positive<span style="font-size: 1px; color: white;">falsel</span>charge (+)</span>
            <span style="font-size: 1px; color: white;">solve</span>
          </div>
        </p>
      </simpleChoice>
      <simpleChoice fixed="true" identifier="answer_6">
        <p>
          <div id="drv_d32c" oncopy="return false;" onpaste="return false;" oncut="return false;" oncontextmenu="return false;" onmousedown="return false;" onselectstart="return false;">
            <span style="color:#111111;font-weight:700;">neutral<span style="font-size: 1px; color: white;">purine</span>charge (0)</span>
            <span style="font-size: 1px; color: white;">bfsex</span>
          </div>
        </p>
      </simpleChoice>
      <simpleChoice fixed="true" identifier="answer_7">
        <p>
          <div id="drv_2293" oncopy="return false;" onpaste="return false;" oncut="return false;" oncontextmenu="return false;" onmousedown="return false;" onselectstart="return false;">
            <span style="color:#c1121f;font-weight:700;">negative<span style="font-size: 1px; color: white;">gut</span>charge (-)</span>
            <span style="font-size: 1px; color: white;">head</span>
          </div>
        </p>
      </simpleChoice>
    </choiceInteraction>
  </itemBody>
  <responseProcessing>
    <responseCondition>
      <responseIf>
        <match>
          <variable identifier="RESPONSE"/>
          <correct identifier="RESPONSE"/>
        </match>
      </responseIf>
    </responseCondition>
  </responseProcessing>
</assessmentItem>
