<?xml version='1.0' encoding='UTF-8'?>
<assessmentItem xmlns="http://www.imsglobal.org/xsd/imsqti_v2p1" xmlns:xsi="http://www.w3.org/2001/XMLSchema-instance" xmlns:ns8="http://www.w3.org/1999/xlink" xmlns:ns9="http://www.imsglobal.org/xsd/apip/apipv1p0/imsapip_qtiv1p0" xsi:schemaLocation="http://www.imsglobal.org/xsd/imsqti_v2p1 http://www.imsglobal.org/xsd/qti/qtiv2p1/imsqti_v2p1.xsd" title="164f_4d00_a181" adaptive="false" timeDependent="false" identifier="164f_4d00_a181">
  <responseDeclaration baseType="identifier" cardinality="multiple" identifier="RESPONSE">
    <correctResponse>
      <value>answer_002</value>
      <value>answer_006</value>
    </correctResponse>
  </responseDeclaration>
  <outcomeDeclaration baseType="float" cardinality="single" identifier="SCORE"/>
  <itemBody>
    <div>
      <div id="drv_39e3" oncopy="return false;" onpaste="return false;" oncut="return false;" oncontextmenu="return false;" onmousedown="return false;" onselectstart="return false;">
        <p>When<span style="font-size: 1px; color: white;">stem</span>the<span style="font-size: 1px; color: white;">round</span>pH is more<span style="font-size: 1px; color: white;">oneway</span>than<span style="font-size: 1px; color: white;">single</span>two (2) pH units <span style="color:#1f7a1f;font-weight:700;">BELOW</span> the<span style="font-size: 1px; color: white;">global</span>pKa of a <span style="color:#c62828;font-weight:700;">carboxyl group</span> (e.g., -COOH), what form<span style="font-size: 1px; color: white;">dental</span>is<span style="font-size: 1px; color: white;">digest</span>the chemical<span style="font-size: 1px; color: white;">plants</span>group<span style="font-size: 1px; color: white;">rpc</span>in?</p>
        <p>Select <span style="font-weight:700;">BOTH</span> the <span style="color:#2f855a;font-weight:700;">number<span style="font-size: 1px; color: white;">dont</span>of<span style="font-size: 1px; color: white;">points</span>hydrogens</span> and <span style="color:#6b21a8;font-weight:700;">its charge</span>; <span style="font-weight:700;">check<span style="font-size: 1px; color: white;">pushes</span>two<span style="font-size: 1px; color: white;">polya</span>boxes</span>.</p>
        <span style="font-size: 1px; color: white;">focus</span>
      </div>
    </div>
    <choiceInteraction maxChoices="2" responseIdentifier="RESPONSE" shuffle="true">
      <simpleChoice fixed="true" identifier="answer_1">
        <p>
          <div id="drv_4f93" oncopy="return false;" onpaste="return false;" oncut="return false;" oncontextmenu="return false;" onmousedown="return false;" onselectstart="return false;">
            <span style="color:#2f855a;font-weight:700;">no<span style="font-size: 1px; color: white;">actin</span>hydrogens (0 H)</span>
            <span style="font-size: 1px; color: white;">kind</span>
          </div>
        </p>
      </simpleChoice>
      <simpleChoice fixed="true" identifier="answer_2">
        <p>
          <div id="drv_87ae" oncopy="return false;" onpaste="return false;" oncut="return false;" oncontextmenu="return false;" onmousedown="return false;" onselectstart="return false;">
            <span style="color:#2f855a;font-weight:700;">one<span style="font-size: 1px; color: white;">limbs</span>hydrogen (1 H)</span>
            <span style="font-size: 1px; color: white;">yellow</span>
          </div>
        </p>
      </simpleChoice>
      <simpleChoice fixed="true" identifier="answer_3">
        <p>
          <div id="drv_a0e2" oncopy="return false;" onpaste="return false;" oncut="return false;" oncontextmenu="return false;" onmousedown="return false;" onselectstart="return false;"><span style="color:#2f855a;font-weight:700;">two<span style="font-size: 1px; color: white;">plasma</span>hydrogens (2 H)</span> </div>
        </p>
      </simpleChoice>
      <simpleChoice fixed="true" identifier="answer_4">
        <p>
          <div id="drv_c500" oncopy="return false;" onpaste="return false;" oncut="return false;" oncontextmenu="return false;" onmousedown="return false;" onselectstart="return false;">
            <span style="color:#2f855a;font-weight:700;">three<span style="font-size: 1px; color: white;">ethane</span>hydrogens (3 H)</span>
            <span style="font-size: 1px; color: white;">metal</span>
          </div>
        </p>
      </simpleChoice>
      <simpleChoice fixed="true" identifier="answer_5">
        <p>
          <div id="drv_1268" oncopy="return false;" onpaste="return false;" oncut="return false;" oncontextmenu="return false;" onmousedown="return false;" onselectstart="return false;">
            <span style="color:#1f5aa6;font-weight:700;">positive<span style="font-size: 1px; color: white;">copy</span>charge (+)</span>
            <span style="font-size: 1px; color: white;">wobble</span>
          </div>
        </p>
      </simpleChoice>
      <simpleChoice fixed="true" identifier="answer_6">
        <p>
          <div id="drv_ac12" oncopy="return false;" onpaste="return false;" oncut="return false;" oncontextmenu="return false;" onmousedown="return false;" onselectstart="return false;">
            <span style="color:#111111;font-weight:700;">neutral<span style="font-size: 1px; color: white;">raise</span>charge (0)</span>
            <span style="font-size: 1px; color: white;">limb</span>
          </div>
        </p>
      </simpleChoice>
      <simpleChoice fixed="true" identifier="answer_7">
        <p>
          <div id="drv_d1cd" oncopy="return false;" onpaste="return false;" oncut="return false;" oncontextmenu="return false;" onmousedown="return false;" onselectstart="return false;"><span style="color:#c1121f;font-weight:700;">negative<span style="font-size: 1px; color: white;">takes</span>charge (-)</span> </div>
        </p>
      </simpleChoice>
    </choiceInteraction>
  </itemBody>
  <responseProcessing>
    <responseCondition>
      <responseIf>
        <match>
          <variable identifier="RESPONSE"/>
          <correct identifier="RESPONSE"/>
        </match>
      </responseIf>
    </responseCondition>
  </responseProcessing>
</assessmentItem>
