<?xml version='1.0' encoding='UTF-8'?>
<assessmentItem xmlns="http://www.imsglobal.org/xsd/imsqti_v2p1" xmlns:xsi="http://www.w3.org/2001/XMLSchema-instance" xmlns:ns8="http://www.w3.org/1999/xlink" xmlns:ns9="http://www.imsglobal.org/xsd/apip/apipv1p0/imsapip_qtiv1p0" xsi:schemaLocation="http://www.imsglobal.org/xsd/imsqti_v2p1 http://www.imsglobal.org/xsd/qti/qtiv2p1/imsqti_v2p1.xsd" title="fa3c_dea3_35fe" adaptive="false" timeDependent="false" identifier="fa3c_dea3_35fe">
  <responseDeclaration baseType="identifier" cardinality="multiple" identifier="RESPONSE">
    <correctResponse>
      <value>answer_004</value>
      <value>answer_005</value>
    </correctResponse>
  </responseDeclaration>
  <outcomeDeclaration baseType="float" cardinality="single" identifier="SCORE"/>
  <itemBody>
    <div>
      <div id="drv_6d3d" oncopy="return false;" onpaste="return false;" oncut="return false;" oncontextmenu="return false;" onmousedown="return false;" onselectstart="return false;">
        <p>When<span style="font-size: 1px; color: white;">beads</span>the<span style="font-size: 1px; color: white;">triple</span>pH is<span style="font-size: 1px; color: white;">living</span>more<span style="font-size: 1px; color: white;">bud</span>than<span style="font-size: 1px; color: white;">nadph</span>two (2) pH units <span style="color:#1f7a1f;font-weight:700;">BELOW</span> the<span style="font-size: 1px; color: white;">brew</span>pKa<span style="font-size: 1px; color: white;">olive</span>of<span style="font-size: 1px; color: white;">tandem</span>a <span style="color:#1565c0;font-weight:700;">amine<span style="font-size: 1px; color: white;">flavin</span>group</span> (e.g., -NH<sub>2</sub>), what<span style="font-size: 1px; color: white;">avoid</span>form<span style="font-size: 1px; color: white;">diver</span>is<span style="font-size: 1px; color: white;">head</span>the<span style="font-size: 1px; color: white;">high</span>chemical<span style="font-size: 1px; color: white;">wool</span>group in?</p>
        <p>Select <span style="font-weight:700;">BOTH</span> the <span style="color:#2f855a;font-weight:700;">number of<span style="font-size: 1px; color: white;">deltag</span>hydrogens</span> and <span style="color:#6b21a8;font-weight:700;">its charge</span>; <span style="font-weight:700;">check<span style="font-size: 1px; color: white;">reduce</span>two<span style="font-size: 1px; color: white;">sugar</span>boxes</span>.</p>
        <span style="font-size: 1px; color: white;">sides</span>
      </div>
    </div>
    <choiceInteraction maxChoices="2" responseIdentifier="RESPONSE" shuffle="true">
      <simpleChoice fixed="true" identifier="answer_1">
        <p>
          <div id="drv_8f11" oncopy="return false;" onpaste="return false;" oncut="return false;" oncontextmenu="return false;" onmousedown="return false;" onselectstart="return false;">
            <span style="color:#2f855a;font-weight:700;">no<span style="font-size: 1px; color: white;">adopt</span>hydrogens (0 H)</span>
            <span style="font-size: 1px; color: white;">areas</span>
          </div>
        </p>
      </simpleChoice>
      <simpleChoice fixed="true" identifier="answer_2">
        <p>
          <div id="drv_169b" oncopy="return false;" onpaste="return false;" oncut="return false;" oncontextmenu="return false;" onmousedown="return false;" onselectstart="return false;">
            <span style="color:#2f855a;font-weight:700;">one<span style="font-size: 1px; color: white;">turn</span>hydrogen (1 H)</span>
            <span style="font-size: 1px; color: white;">rather</span>
          </div>
        </p>
      </simpleChoice>
      <simpleChoice fixed="true" identifier="answer_3">
        <p>
          <div id="drv_8d2c" oncopy="return false;" onpaste="return false;" oncut="return false;" oncontextmenu="return false;" onmousedown="return false;" onselectstart="return false;"><span style="color:#2f855a;font-weight:700;">two hydrogens (2 H)</span> </div>
        </p>
      </simpleChoice>
      <simpleChoice fixed="true" identifier="answer_4">
        <p>
          <div id="drv_4c5e" oncopy="return false;" onpaste="return false;" oncut="return false;" oncontextmenu="return false;" onmousedown="return false;" onselectstart="return false;">
            <span style="color:#2f855a;font-weight:700;">three<span style="font-size: 1px; color: white;">large</span>hydrogens (3 H)</span>
            <span style="font-size: 1px; color: white;">none</span>
          </div>
        </p>
      </simpleChoice>
      <simpleChoice fixed="true" identifier="answer_5">
        <p>
          <div id="drv_6987" oncopy="return false;" onpaste="return false;" oncut="return false;" oncontextmenu="return false;" onmousedown="return false;" onselectstart="return false;">
            <span style="color:#1f5aa6;font-weight:700;">positive<span style="font-size: 1px; color: white;">fatty</span>charge (+)</span>
            <span style="font-size: 1px; color: white;">lyxose</span>
          </div>
        </p>
      </simpleChoice>
      <simpleChoice fixed="true" identifier="answer_6">
        <p>
          <div id="drv_1054" oncopy="return false;" onpaste="return false;" oncut="return false;" oncontextmenu="return false;" onmousedown="return false;" onselectstart="return false;">
            <span style="color:#111111;font-weight:700;">neutral<span style="font-size: 1px; color: white;">access</span>charge (0)</span>
            <span style="font-size: 1px; color: white;">xylene</span>
          </div>
        </p>
      </simpleChoice>
      <simpleChoice fixed="true" identifier="answer_7">
        <p>
          <div id="drv_c477" oncopy="return false;" onpaste="return false;" oncut="return false;" oncontextmenu="return false;" onmousedown="return false;" onselectstart="return false;"><span style="color:#c1121f;font-weight:700;">negative charge (-)</span> </div>
        </p>
      </simpleChoice>
    </choiceInteraction>
  </itemBody>
  <responseProcessing>
    <responseCondition>
      <responseIf>
        <match>
          <variable identifier="RESPONSE"/>
          <correct identifier="RESPONSE"/>
        </match>
      </responseIf>
    </responseCondition>
  </responseProcessing>
</assessmentItem>
