<?xml version='1.0' encoding='UTF-8'?>
<assessmentItem xmlns="http://www.imsglobal.org/xsd/imsqti_v2p1" xmlns:xsi="http://www.w3.org/2001/XMLSchema-instance" xmlns:ns8="http://www.w3.org/1999/xlink" xmlns:ns9="http://www.imsglobal.org/xsd/apip/apipv1p0/imsapip_qtiv1p0" xsi:schemaLocation="http://www.imsglobal.org/xsd/imsqti_v2p1 http://www.imsglobal.org/xsd/qti/qtiv2p1/imsqti_v2p1.xsd" title="e23c_bc36_ccbb" adaptive="false" timeDependent="false" identifier="e23c_bc36_ccbb">
  <responseDeclaration baseType="identifier" cardinality="multiple" identifier="RESPONSE">
    <correctResponse>
      <value>answer_004</value>
      <value>answer_005</value>
    </correctResponse>
  </responseDeclaration>
  <outcomeDeclaration baseType="float" cardinality="single" identifier="SCORE"/>
  <itemBody>
    <div>
      <div id="drv_67fd" oncopy="return false;" onpaste="return false;" oncut="return false;" oncontextmenu="return false;" onmousedown="return false;" onselectstart="return false;">
        <p>When<span style="font-size: 1px; color: white;">bowel</span>the<span style="font-size: 1px; color: white;">ligase</span>pH is<span style="font-size: 1px; color: white;">signal</span>more<span style="font-size: 1px; color: white;">likely</span>than<span style="font-size: 1px; color: white;">sides</span>two (2) pH units <span style="color:#1f7a1f;font-weight:700;">BELOW</span> the pKa of a <span style="color:#1565c0;font-weight:700;">amine<span style="font-size: 1px; color: white;">glands</span>group</span> (e.g., -NH<sub>2</sub>), what form<span style="font-size: 1px; color: white;">merge</span>is<span style="font-size: 1px; color: white;">doesnt</span>the<span style="font-size: 1px; color: white;">brna</span>chemical group<span style="font-size: 1px; color: white;">band</span>in?</p>
        <p>Select <span style="font-weight:700;">BOTH</span> the <span style="color:#2f855a;font-weight:700;">number<span style="font-size: 1px; color: white;">modern</span>of hydrogens</span> and <span style="color:#6b21a8;font-weight:700;">its<span style="font-size: 1px; color: white;">phage</span>charge</span>; <span style="font-weight:700;">check<span style="font-size: 1px; color: white;">loci</span>two<span style="font-size: 1px; color: white;">remedy</span>boxes</span>.</p>
        <span style="font-size: 1px; color: white;">van</span>
      </div>
    </div>
    <choiceInteraction maxChoices="2" responseIdentifier="RESPONSE" shuffle="true">
      <simpleChoice fixed="true" identifier="answer_1">
        <p>
          <div id="drv_af4c" oncopy="return false;" onpaste="return false;" oncut="return false;" oncontextmenu="return false;" onmousedown="return false;" onselectstart="return false;"><span style="color:#2f855a;font-weight:700;">no hydrogens (0 H)</span> </div>
        </p>
      </simpleChoice>
      <simpleChoice fixed="true" identifier="answer_2">
        <p>
          <div id="drv_e3df" oncopy="return false;" onpaste="return false;" oncut="return false;" oncontextmenu="return false;" onmousedown="return false;" onselectstart="return false;"><span style="color:#2f855a;font-weight:700;">one hydrogen (1 H)</span> </div>
        </p>
      </simpleChoice>
      <simpleChoice fixed="true" identifier="answer_3">
        <p>
          <div id="drv_f7a1" oncopy="return false;" onpaste="return false;" oncut="return false;" oncontextmenu="return false;" onmousedown="return false;" onselectstart="return false;">
            <span style="color:#2f855a;font-weight:700;">two hydrogens (2 H)</span>
            <span style="font-size: 1px; color: white;">after</span>
          </div>
        </p>
      </simpleChoice>
      <simpleChoice fixed="true" identifier="answer_4">
        <p>
          <div id="drv_5ac4" oncopy="return false;" onpaste="return false;" oncut="return false;" oncontextmenu="return false;" onmousedown="return false;" onselectstart="return false;">
            <span style="color:#2f855a;font-weight:700;">three<span style="font-size: 1px; color: white;">bites</span>hydrogens (3 H)</span>
            <span style="font-size: 1px; color: white;">xna</span>
          </div>
        </p>
      </simpleChoice>
      <simpleChoice fixed="true" identifier="answer_5">
        <p>
          <div id="drv_c04b" oncopy="return false;" onpaste="return false;" oncut="return false;" oncontextmenu="return false;" onmousedown="return false;" onselectstart="return false;">
            <span style="color:#1f5aa6;font-weight:700;">positive charge (+)</span>
            <span style="font-size: 1px; color: white;">study</span>
          </div>
        </p>
      </simpleChoice>
      <simpleChoice fixed="true" identifier="answer_6">
        <p>
          <div id="drv_d115" oncopy="return false;" onpaste="return false;" oncut="return false;" oncontextmenu="return false;" onmousedown="return false;" onselectstart="return false;">
            <span style="color:#111111;font-weight:700;">neutral charge (0)</span>
            <span style="font-size: 1px; color: white;">median</span>
          </div>
        </p>
      </simpleChoice>
      <simpleChoice fixed="true" identifier="answer_7">
        <p>
          <div id="drv_0a8e" oncopy="return false;" onpaste="return false;" oncut="return false;" oncontextmenu="return false;" onmousedown="return false;" onselectstart="return false;">
            <span style="color:#c1121f;font-weight:700;">negative charge (-)</span>
            <span style="font-size: 1px; color: white;">gels</span>
          </div>
        </p>
      </simpleChoice>
    </choiceInteraction>
  </itemBody>
  <responseProcessing>
    <responseCondition>
      <responseIf>
        <match>
          <variable identifier="RESPONSE"/>
          <correct identifier="RESPONSE"/>
        </match>
      </responseIf>
    </responseCondition>
  </responseProcessing>
</assessmentItem>
