<?xml version='1.0' encoding='UTF-8'?>
<assessmentItem xmlns="http://www.imsglobal.org/xsd/imsqti_v2p1" xmlns:xsi="http://www.w3.org/2001/XMLSchema-instance" xmlns:ns8="http://www.w3.org/1999/xlink" xmlns:ns9="http://www.imsglobal.org/xsd/apip/apipv1p0/imsapip_qtiv1p0" xsi:schemaLocation="http://www.imsglobal.org/xsd/imsqti_v2p1 http://www.imsglobal.org/xsd/qti/qtiv2p1/imsqti_v2p1.xsd" title="eaf7_d229_5c89" adaptive="false" timeDependent="false" identifier="eaf7_d229_5c89">
  <responseDeclaration baseType="identifier" cardinality="multiple" identifier="RESPONSE">
    <correctResponse>
      <value>answer_003</value>
      <value>answer_006</value>
    </correctResponse>
  </responseDeclaration>
  <outcomeDeclaration baseType="float" cardinality="single" identifier="SCORE"/>
  <itemBody>
    <div>
      <div id="drv_7fb5" oncopy="return false;" onpaste="return false;" oncut="return false;" oncontextmenu="return false;" onmousedown="return false;" onselectstart="return false;"><p>When<span style="font-size: 1px; color: white;">sunny</span>the<span style="font-size: 1px; color: white;">values</span>pH is<span style="font-size: 1px; color: white;">via</span>more than<span style="font-size: 1px; color: white;">derive</span>two (2) pH units <span style="color:#d96500;font-weight:700;">ABOVE</span> the<span style="font-size: 1px; color: white;">shows</span>pKa<span style="font-size: 1px; color: white;">etc</span>of<span style="font-size: 1px; color: white;">runway</span>a <span style="color:#1565c0;font-weight:700;">amine<span style="font-size: 1px; color: white;">mass</span>group</span> (e.g., -NH<sub>2</sub>), what<span style="font-size: 1px; color: white;">urine</span>form is<span style="font-size: 1px; color: white;">ketone</span>the<span style="font-size: 1px; color: white;">falsef</span>chemical<span style="font-size: 1px; color: white;">sec</span>group<span style="font-size: 1px; color: white;">dntp</span>in?</p><p>Select <span style="font-weight:700;">BOTH</span> the <span style="color:#2f855a;font-weight:700;">number<span style="font-size: 1px; color: white;">blocks</span>of<span style="font-size: 1px; color: white;">serine</span>hydrogens</span> and <span style="color:#6b21a8;font-weight:700;">its<span style="font-size: 1px; color: white;">exon</span>charge</span>; <span style="font-weight:700;">check<span style="font-size: 1px; color: white;">leak</span>two boxes</span>.</p> </div>
    </div>
    <choiceInteraction maxChoices="2" responseIdentifier="RESPONSE" shuffle="true">
      <simpleChoice fixed="true" identifier="answer_1">
        <p>
          <div id="drv_e3df" oncopy="return false;" onpaste="return false;" oncut="return false;" oncontextmenu="return false;" onmousedown="return false;" onselectstart="return false;">
            <span style="color:#2f855a;font-weight:700;">no hydrogens (0 H)</span>
            <span style="font-size: 1px; color: white;">brick</span>
          </div>
        </p>
      </simpleChoice>
      <simpleChoice fixed="true" identifier="answer_2">
        <p>
          <div id="drv_6109" oncopy="return false;" onpaste="return false;" oncut="return false;" oncontextmenu="return false;" onmousedown="return false;" onselectstart="return false;">
            <span style="color:#2f855a;font-weight:700;">one<span style="font-size: 1px; color: white;">along</span>hydrogen (1 H)</span>
            <span style="font-size: 1px; color: white;">sound</span>
          </div>
        </p>
      </simpleChoice>
      <simpleChoice fixed="true" identifier="answer_3">
        <p>
          <div id="drv_8937" oncopy="return false;" onpaste="return false;" oncut="return false;" oncontextmenu="return false;" onmousedown="return false;" onselectstart="return false;">
            <span style="color:#2f855a;font-weight:700;">two hydrogens (2 H)</span>
            <span style="font-size: 1px; color: white;">enol</span>
          </div>
        </p>
      </simpleChoice>
      <simpleChoice fixed="true" identifier="answer_4">
        <p>
          <div id="drv_86f1" oncopy="return false;" onpaste="return false;" oncut="return false;" oncontextmenu="return false;" onmousedown="return false;" onselectstart="return false;">
            <span style="color:#2f855a;font-weight:700;">three<span style="font-size: 1px; color: white;">gulose</span>hydrogens (3 H)</span>
            <span style="font-size: 1px; color: white;">stem</span>
          </div>
        </p>
      </simpleChoice>
      <simpleChoice fixed="true" identifier="answer_5">
        <p>
          <div id="drv_339f" oncopy="return false;" onpaste="return false;" oncut="return false;" oncontextmenu="return false;" onmousedown="return false;" onselectstart="return false;">
            <span style="color:#1f5aa6;font-weight:700;">positive<span style="font-size: 1px; color: white;">bread</span>charge (+)</span>
            <span style="font-size: 1px; color: white;">camp</span>
          </div>
        </p>
      </simpleChoice>
      <simpleChoice fixed="true" identifier="answer_6">
        <p>
          <div id="drv_cfa5" oncopy="return false;" onpaste="return false;" oncut="return false;" oncontextmenu="return false;" onmousedown="return false;" onselectstart="return false;"><span style="color:#111111;font-weight:700;">neutral<span style="font-size: 1px; color: white;">chi</span>charge (0)</span> </div>
        </p>
      </simpleChoice>
      <simpleChoice fixed="true" identifier="answer_7">
        <p>
          <div id="drv_7cca" oncopy="return false;" onpaste="return false;" oncut="return false;" oncontextmenu="return false;" onmousedown="return false;" onselectstart="return false;">
            <span style="color:#c1121f;font-weight:700;">negative<span style="font-size: 1px; color: white;">upside</span>charge (-)</span>
            <span style="font-size: 1px; color: white;">stand</span>
          </div>
        </p>
      </simpleChoice>
    </choiceInteraction>
  </itemBody>
  <responseProcessing>
    <responseCondition>
      <responseIf>
        <match>
          <variable identifier="RESPONSE"/>
          <correct identifier="RESPONSE"/>
        </match>
      </responseIf>
    </responseCondition>
  </responseProcessing>
</assessmentItem>
