<?xml version='1.0' encoding='UTF-8'?>
<assessmentItem xmlns="http://www.imsglobal.org/xsd/imsqti_v2p1" xmlns:xsi="http://www.w3.org/2001/XMLSchema-instance" xmlns:ns8="http://www.w3.org/1999/xlink" xmlns:ns9="http://www.imsglobal.org/xsd/apip/apipv1p0/imsapip_qtiv1p0" xsi:schemaLocation="http://www.imsglobal.org/xsd/imsqti_v2p1 http://www.imsglobal.org/xsd/qti/qtiv2p1/imsqti_v2p1.xsd" title="6cd1_c1aa_4dc5" adaptive="false" timeDependent="false" identifier="6cd1_c1aa_4dc5">
  <responseDeclaration baseType="identifier" cardinality="multiple" identifier="RESPONSE">
    <correctResponse>
      <value>answer_003</value>
      <value>answer_006</value>
    </correctResponse>
  </responseDeclaration>
  <outcomeDeclaration baseType="float" cardinality="single" identifier="SCORE"/>
  <itemBody>
    <div>
      <div id="drv_143e" oncopy="return false;" onpaste="return false;" oncut="return false;" oncontextmenu="return false;" onmousedown="return false;" onselectstart="return false;">
        <p>When the<span style="font-size: 1px; color: white;">higher</span>pH is<span style="font-size: 1px; color: white;">ttest</span>more<span style="font-size: 1px; color: white;">porous</span>than<span style="font-size: 1px; color: white;">plasma</span>two (2) pH units <span style="color:#d96500;font-weight:700;">ABOVE</span> the<span style="font-size: 1px; color: white;">ones</span>pKa<span style="font-size: 1px; color: white;">dfirst</span>of<span style="font-size: 1px; color: white;">filial</span>a <span style="color:#1565c0;font-weight:700;">amine<span style="font-size: 1px; color: white;">bonds</span>group</span> (e.g., -NH<sub>2</sub>), what form<span style="font-size: 1px; color: white;">factor</span>is<span style="font-size: 1px; color: white;">adopts</span>the<span style="font-size: 1px; color: white;">same</span>chemical<span style="font-size: 1px; color: white;">events</span>group<span style="font-size: 1px; color: white;">had</span>in?</p>
        <p>Select <span style="font-weight:700;">BOTH</span> the <span style="color:#2f855a;font-weight:700;">number<span style="font-size: 1px; color: white;">reject</span>of<span style="font-size: 1px; color: white;">early</span>hydrogens</span> and <span style="color:#6b21a8;font-weight:700;">its<span style="font-size: 1px; color: white;">bowel</span>charge</span>; <span style="font-weight:700;">check two<span style="font-size: 1px; color: white;">epspan</span>boxes</span>.</p>
        <span style="font-size: 1px; color: white;">band</span>
      </div>
    </div>
    <choiceInteraction maxChoices="2" responseIdentifier="RESPONSE" shuffle="true">
      <simpleChoice fixed="true" identifier="answer_1">
        <p>
          <div id="drv_0ca1" oncopy="return false;" onpaste="return false;" oncut="return false;" oncontextmenu="return false;" onmousedown="return false;" onselectstart="return false;">
            <span style="color:#2f855a;font-weight:700;">no<span style="font-size: 1px; color: white;">cancer</span>hydrogens (0 H)</span>
            <span style="font-size: 1px; color: white;">repeat</span>
          </div>
        </p>
      </simpleChoice>
      <simpleChoice fixed="true" identifier="answer_2">
        <p>
          <div id="drv_6895" oncopy="return false;" onpaste="return false;" oncut="return false;" oncontextmenu="return false;" onmousedown="return false;" onselectstart="return false;">
            <span style="color:#2f855a;font-weight:700;">one<span style="font-size: 1px; color: white;">larger</span>hydrogen (1 H)</span>
            <span style="font-size: 1px; color: white;">ratio</span>
          </div>
        </p>
      </simpleChoice>
      <simpleChoice fixed="true" identifier="answer_3">
        <p>
          <div id="drv_a7f1" oncopy="return false;" onpaste="return false;" oncut="return false;" oncontextmenu="return false;" onmousedown="return false;" onselectstart="return false;"><span style="color:#2f855a;font-weight:700;">two<span style="font-size: 1px; color: white;">nacl</span>hydrogens (2 H)</span> </div>
        </p>
      </simpleChoice>
      <simpleChoice fixed="true" identifier="answer_4">
        <p>
          <div id="drv_e0ac" oncopy="return false;" onpaste="return false;" oncut="return false;" oncontextmenu="return false;" onmousedown="return false;" onselectstart="return false;">
            <span style="color:#2f855a;font-weight:700;">three<span style="font-size: 1px; color: white;">wide</span>hydrogens (3 H)</span>
            <span style="font-size: 1px; color: white;">bursts</span>
          </div>
        </p>
      </simpleChoice>
      <simpleChoice fixed="true" identifier="answer_5">
        <p>
          <div id="drv_3eb3" oncopy="return false;" onpaste="return false;" oncut="return false;" oncontextmenu="return false;" onmousedown="return false;" onselectstart="return false;">
            <span style="color:#1f5aa6;font-weight:700;">positive<span style="font-size: 1px; color: white;">blades</span>charge (+)</span>
            <span style="font-size: 1px; color: white;">copper</span>
          </div>
        </p>
      </simpleChoice>
      <simpleChoice fixed="true" identifier="answer_6">
        <p>
          <div id="drv_ee00" oncopy="return false;" onpaste="return false;" oncut="return false;" oncontextmenu="return false;" onmousedown="return false;" onselectstart="return false;">
            <span style="color:#111111;font-weight:700;">neutral<span style="font-size: 1px; color: white;">xna</span>charge (0)</span>
            <span style="font-size: 1px; color: white;">cat</span>
          </div>
        </p>
      </simpleChoice>
      <simpleChoice fixed="true" identifier="answer_7">
        <p>
          <div id="drv_a6c2" oncopy="return false;" onpaste="return false;" oncut="return false;" oncontextmenu="return false;" onmousedown="return false;" onselectstart="return false;"><span style="color:#c1121f;font-weight:700;">negative charge (-)</span> </div>
        </p>
      </simpleChoice>
    </choiceInteraction>
  </itemBody>
  <responseProcessing>
    <responseCondition>
      <responseIf>
        <match>
          <variable identifier="RESPONSE"/>
          <correct identifier="RESPONSE"/>
        </match>
      </responseIf>
    </responseCondition>
  </responseProcessing>
</assessmentItem>
