<?xml version='1.0' encoding='UTF-8'?>
<assessmentItem xmlns="http://www.imsglobal.org/xsd/imsqti_v2p1" xmlns:xsi="http://www.w3.org/2001/XMLSchema-instance" xmlns:ns8="http://www.w3.org/1999/xlink" xmlns:ns9="http://www.imsglobal.org/xsd/apip/apipv1p0/imsapip_qtiv1p0" xsi:schemaLocation="http://www.imsglobal.org/xsd/imsqti_v2p1 http://www.imsglobal.org/xsd/qti/qtiv2p1/imsqti_v2p1.xsd" title="5491_afe0_493a" adaptive="false" timeDependent="false" identifier="5491_afe0_493a">
  <responseDeclaration baseType="identifier" cardinality="multiple" identifier="RESPONSE">
    <correctResponse>
      <value>answer_003</value>
      <value>answer_006</value>
    </correctResponse>
  </responseDeclaration>
  <outcomeDeclaration baseType="float" cardinality="single" identifier="SCORE"/>
  <itemBody>
    <div>
      <div id="drv_34e3" oncopy="return false;" onpaste="return false;" oncut="return false;" oncontextmenu="return false;" onmousedown="return false;" onselectstart="return false;">
        <p>When<span style="font-size: 1px; color: white;">bid</span>the<span style="font-size: 1px; color: white;">falsem</span>pH is more<span style="font-size: 1px; color: white;">redder</span>than two (2) pH units <span style="color:#d96500;font-weight:700;">ABOVE</span> the pKa of a <span style="color:#1565c0;font-weight:700;">amine<span style="font-size: 1px; color: white;">truthh</span>group</span> (e.g., -NH<sub>2</sub>), what form is the<span style="font-size: 1px; color: white;">masked</span>chemical group<span style="font-size: 1px; color: white;">feel</span>in?</p>
        <p>Select <span style="font-weight:700;">BOTH</span> the <span style="color:#2f855a;font-weight:700;">number<span style="font-size: 1px; color: white;">wraps</span>of hydrogens</span> and <span style="color:#6b21a8;font-weight:700;">its<span style="font-size: 1px; color: white;">insert</span>charge</span>; <span style="font-weight:700;">check<span style="font-size: 1px; color: white;">spot</span>two<span style="font-size: 1px; color: white;">health</span>boxes</span>.</p>
        <span style="font-size: 1px; color: white;">allows</span>
      </div>
    </div>
    <choiceInteraction maxChoices="2" responseIdentifier="RESPONSE" shuffle="true">
      <simpleChoice fixed="true" identifier="answer_1">
        <p>
          <div id="drv_43ec" oncopy="return false;" onpaste="return false;" oncut="return false;" oncontextmenu="return false;" onmousedown="return false;" onselectstart="return false;">
            <span style="color:#2f855a;font-weight:700;">no<span style="font-size: 1px; color: white;">meters</span>hydrogens (0 H)</span>
            <span style="font-size: 1px; color: white;">body</span>
          </div>
        </p>
      </simpleChoice>
      <simpleChoice fixed="true" identifier="answer_2">
        <p>
          <div id="drv_186c" oncopy="return false;" onpaste="return false;" oncut="return false;" oncontextmenu="return false;" onmousedown="return false;" onselectstart="return false;">
            <span style="color:#2f855a;font-weight:700;">one<span style="font-size: 1px; color: white;">exact</span>hydrogen (1 H)</span>
            <span style="font-size: 1px; color: white;">shows</span>
          </div>
        </p>
      </simpleChoice>
      <simpleChoice fixed="true" identifier="answer_3">
        <p>
          <div id="drv_86da" oncopy="return false;" onpaste="return false;" oncut="return false;" oncontextmenu="return false;" onmousedown="return false;" onselectstart="return false;">
            <span style="color:#2f855a;font-weight:700;">two<span style="font-size: 1px; color: white;">data</span>hydrogens (2 H)</span>
            <span style="font-size: 1px; color: white;">fenull</span>
          </div>
        </p>
      </simpleChoice>
      <simpleChoice fixed="true" identifier="answer_4">
        <p>
          <div id="drv_5371" oncopy="return false;" onpaste="return false;" oncut="return false;" oncontextmenu="return false;" onmousedown="return false;" onselectstart="return false;">
            <span style="color:#2f855a;font-weight:700;">three<span style="font-size: 1px; color: white;">lauric</span>hydrogens (3 H)</span>
            <span style="font-size: 1px; color: white;">clot</span>
          </div>
        </p>
      </simpleChoice>
      <simpleChoice fixed="true" identifier="answer_5">
        <p>
          <div id="drv_4bec" oncopy="return false;" onpaste="return false;" oncut="return false;" oncontextmenu="return false;" onmousedown="return false;" onselectstart="return false;">
            <span style="color:#1f5aa6;font-weight:700;">positive<span style="font-size: 1px; color: white;">gibbs</span>charge (+)</span>
            <span style="font-size: 1px; color: white;">intron</span>
          </div>
        </p>
      </simpleChoice>
      <simpleChoice fixed="true" identifier="answer_6">
        <p>
          <div id="drv_12cf" oncopy="return false;" onpaste="return false;" oncut="return false;" oncontextmenu="return false;" onmousedown="return false;" onselectstart="return false;">
            <span style="color:#111111;font-weight:700;">neutral<span style="font-size: 1px; color: white;">create</span>charge (0)</span>
            <span style="font-size: 1px; color: white;">adopts</span>
          </div>
        </p>
      </simpleChoice>
      <simpleChoice fixed="true" identifier="answer_7">
        <p>
          <div id="drv_3913" oncopy="return false;" onpaste="return false;" oncut="return false;" oncontextmenu="return false;" onmousedown="return false;" onselectstart="return false;">
            <span style="color:#c1121f;font-weight:700;">negative<span style="font-size: 1px; color: white;">square</span>charge (-)</span>
            <span style="font-size: 1px; color: white;">mow</span>
          </div>
        </p>
      </simpleChoice>
    </choiceInteraction>
  </itemBody>
  <responseProcessing>
    <responseCondition>
      <responseIf>
        <match>
          <variable identifier="RESPONSE"/>
          <correct identifier="RESPONSE"/>
        </match>
      </responseIf>
    </responseCondition>
  </responseProcessing>
</assessmentItem>
