<?xml version='1.0' encoding='UTF-8'?>
<assessmentItem xmlns="http://www.imsglobal.org/xsd/imsqti_v2p1" xmlns:xsi="http://www.w3.org/2001/XMLSchema-instance" xmlns:ns8="http://www.w3.org/1999/xlink" xmlns:ns9="http://www.imsglobal.org/xsd/apip/apipv1p0/imsapip_qtiv1p0" xsi:schemaLocation="http://www.imsglobal.org/xsd/imsqti_v2p1 http://www.imsglobal.org/xsd/qti/qtiv2p1/imsqti_v2p1.xsd" title="1e3b_938a_8048" adaptive="false" timeDependent="false" identifier="1e3b_938a_8048">
  <responseDeclaration baseType="identifier" cardinality="multiple" identifier="RESPONSE">
    <correctResponse>
      <value>answer_001</value>
      <value>answer_007</value>
    </correctResponse>
  </responseDeclaration>
  <outcomeDeclaration baseType="float" cardinality="single" identifier="SCORE"/>
  <itemBody>
    <div>
      <div id="drv_4d8a" oncopy="return false;" onpaste="return false;" oncut="return false;" oncontextmenu="return false;" onmousedown="return false;" onselectstart="return false;"><p>When<span style="font-size: 1px; color: white;">mendel</span>the<span style="font-size: 1px; color: white;">break</span>pH is<span style="font-size: 1px; color: white;">crops</span>more than<span style="font-size: 1px; color: white;">trnas</span>two (2) pH units <span style="color:#d96500;font-weight:700;">ABOVE</span> the pKa<span style="font-size: 1px; color: white;">and</span>of a <span style="color:#c62828;font-weight:700;">carboxyl<span style="font-size: 1px; color: white;">any</span>group</span> (e.g., -COOH), what<span style="font-size: 1px; color: white;">novel</span>form<span style="font-size: 1px; color: white;">yogurt</span>is<span style="font-size: 1px; color: white;">work</span>the<span style="font-size: 1px; color: white;">smart</span>chemical<span style="font-size: 1px; color: white;">leaves</span>group in?</p><p>Select <span style="font-weight:700;">BOTH</span> the <span style="color:#2f855a;font-weight:700;">number<span style="font-size: 1px; color: white;">dounce</span>of hydrogens</span> and <span style="color:#6b21a8;font-weight:700;">its charge</span>; <span style="font-weight:700;">check<span style="font-size: 1px; color: white;">bonded</span>two<span style="font-size: 1px; color: white;">region</span>boxes</span>.</p> </div>
    </div>
    <choiceInteraction maxChoices="2" responseIdentifier="RESPONSE" shuffle="true">
      <simpleChoice fixed="true" identifier="answer_1">
        <p>
          <div id="drv_434f" oncopy="return false;" onpaste="return false;" oncut="return false;" oncontextmenu="return false;" onmousedown="return false;" onselectstart="return false;"><span style="color:#2f855a;font-weight:700;">no<span style="font-size: 1px; color: white;">snp</span>hydrogens (0 H)</span> </div>
        </p>
      </simpleChoice>
      <simpleChoice fixed="true" identifier="answer_2">
        <p>
          <div id="drv_63d0" oncopy="return false;" onpaste="return false;" oncut="return false;" oncontextmenu="return false;" onmousedown="return false;" onselectstart="return false;"><span style="color:#2f855a;font-weight:700;">one<span style="font-size: 1px; color: white;">cheung</span>hydrogen (1 H)</span> </div>
        </p>
      </simpleChoice>
      <simpleChoice fixed="true" identifier="answer_3">
        <p>
          <div id="drv_d783" oncopy="return false;" onpaste="return false;" oncut="return false;" oncontextmenu="return false;" onmousedown="return false;" onselectstart="return false;"><span style="color:#2f855a;font-weight:700;">two<span style="font-size: 1px; color: white;">apples</span>hydrogens (2 H)</span> </div>
        </p>
      </simpleChoice>
      <simpleChoice fixed="true" identifier="answer_4">
        <p>
          <div id="drv_c664" oncopy="return false;" onpaste="return false;" oncut="return false;" oncontextmenu="return false;" onmousedown="return false;" onselectstart="return false;">
            <span style="color:#2f855a;font-weight:700;">three hydrogens (3 H)</span>
            <span style="font-size: 1px; color: white;">signal</span>
          </div>
        </p>
      </simpleChoice>
      <simpleChoice fixed="true" identifier="answer_5">
        <p>
          <div id="drv_d950" oncopy="return false;" onpaste="return false;" oncut="return false;" oncontextmenu="return false;" onmousedown="return false;" onselectstart="return false;">
            <span style="color:#1f5aa6;font-weight:700;">positive<span style="font-size: 1px; color: white;">kelvin</span>charge (+)</span>
            <span style="font-size: 1px; color: white;">angles</span>
          </div>
        </p>
      </simpleChoice>
      <simpleChoice fixed="true" identifier="answer_6">
        <p>
          <div id="drv_f87b" oncopy="return false;" onpaste="return false;" oncut="return false;" oncontextmenu="return false;" onmousedown="return false;" onselectstart="return false;"><span style="color:#111111;font-weight:700;">neutral charge (0)</span> </div>
        </p>
      </simpleChoice>
      <simpleChoice fixed="true" identifier="answer_7">
        <p>
          <div id="drv_3008" oncopy="return false;" onpaste="return false;" oncut="return false;" oncontextmenu="return false;" onmousedown="return false;" onselectstart="return false;">
            <span style="color:#c1121f;font-weight:700;">negative<span style="font-size: 1px; color: white;">maud</span>charge (-)</span>
            <span style="font-size: 1px; color: white;">amanda</span>
          </div>
        </p>
      </simpleChoice>
    </choiceInteraction>
  </itemBody>
  <responseProcessing>
    <responseCondition>
      <responseIf>
        <match>
          <variable identifier="RESPONSE"/>
          <correct identifier="RESPONSE"/>
        </match>
      </responseIf>
    </responseCondition>
  </responseProcessing>
</assessmentItem>
