<?xml version='1.0' encoding='UTF-8'?>
<assessmentItem xmlns="http://www.imsglobal.org/xsd/imsqti_v2p1" xmlns:xsi="http://www.w3.org/2001/XMLSchema-instance" xmlns:ns8="http://www.w3.org/1999/xlink" xmlns:ns9="http://www.imsglobal.org/xsd/apip/apipv1p0/imsapip_qtiv1p0" xsi:schemaLocation="http://www.imsglobal.org/xsd/imsqti_v2p1 http://www.imsglobal.org/xsd/qti/qtiv2p1/imsqti_v2p1.xsd" title="f02a_33b9_535c" adaptive="false" timeDependent="false" identifier="f02a_33b9_535c">
  <responseDeclaration baseType="identifier" cardinality="multiple" identifier="RESPONSE">
    <correctResponse>
      <value>answer_001</value>
      <value>answer_007</value>
    </correctResponse>
  </responseDeclaration>
  <outcomeDeclaration baseType="float" cardinality="single" identifier="SCORE"/>
  <itemBody>
    <div>
      <div id="drv_b45a" oncopy="return false;" onpaste="return false;" oncut="return false;" oncontextmenu="return false;" onmousedown="return false;" onselectstart="return false;">
        <p>When<span style="font-size: 1px; color: white;">itaqi</span>the<span style="font-size: 1px; color: white;">gas</span>pH is<span style="font-size: 1px; color: white;">copper</span>more<span style="font-size: 1px; color: white;">direct</span>than<span style="font-size: 1px; color: white;">skin</span>two (2) pH units <span style="color:#d96500;font-weight:700;">ABOVE</span> the pKa<span style="font-size: 1px; color: white;">each</span>of<span style="font-size: 1px; color: white;">cyclic</span>a <span style="color:#c62828;font-weight:700;">carboxyl group</span> (e.g., -COOH), what form<span style="font-size: 1px; color: white;">skier</span>is<span style="font-size: 1px; color: white;">health</span>the chemical<span style="font-size: 1px; color: white;">origin</span>group<span style="font-size: 1px; color: white;">anemia</span>in?</p>
        <p>Select <span style="font-weight:700;">BOTH</span> the <span style="color:#2f855a;font-weight:700;">number<span style="font-size: 1px; color: white;">falseb</span>of<span style="font-size: 1px; color: white;">solo</span>hydrogens</span> and <span style="color:#6b21a8;font-weight:700;">its<span style="font-size: 1px; color: white;">adopts</span>charge</span>; <span style="font-weight:700;">check<span style="font-size: 1px; color: white;">added</span>two boxes</span>.</p>
        <span style="font-size: 1px; color: white;">field</span>
      </div>
    </div>
    <choiceInteraction maxChoices="2" responseIdentifier="RESPONSE" shuffle="true">
      <simpleChoice fixed="true" identifier="answer_1">
        <p>
          <div id="drv_9e0a" oncopy="return false;" onpaste="return false;" oncut="return false;" oncontextmenu="return false;" onmousedown="return false;" onselectstart="return false;">
            <span style="color:#2f855a;font-weight:700;">no<span style="font-size: 1px; color: white;">work</span>hydrogens (0 H)</span>
            <span style="font-size: 1px; color: white;">bonds</span>
          </div>
        </p>
      </simpleChoice>
      <simpleChoice fixed="true" identifier="answer_2">
        <p>
          <div id="drv_4f24" oncopy="return false;" onpaste="return false;" oncut="return false;" oncontextmenu="return false;" onmousedown="return false;" onselectstart="return false;">
            <span style="color:#2f855a;font-weight:700;">one<span style="font-size: 1px; color: white;">agents</span>hydrogen (1 H)</span>
            <span style="font-size: 1px; color: white;">letter</span>
          </div>
        </p>
      </simpleChoice>
      <simpleChoice fixed="true" identifier="answer_3">
        <p>
          <div id="drv_aa6e" oncopy="return false;" onpaste="return false;" oncut="return false;" oncontextmenu="return false;" onmousedown="return false;" onselectstart="return false;">
            <span style="color:#2f855a;font-weight:700;">two hydrogens (2 H)</span>
            <span style="font-size: 1px; color: white;">play</span>
          </div>
        </p>
      </simpleChoice>
      <simpleChoice fixed="true" identifier="answer_4">
        <p>
          <div id="drv_78e0" oncopy="return false;" onpaste="return false;" oncut="return false;" oncontextmenu="return false;" onmousedown="return false;" onselectstart="return false;">
            <span style="color:#2f855a;font-weight:700;">three<span style="font-size: 1px; color: white;">unite</span>hydrogens (3 H)</span>
            <span style="font-size: 1px; color: white;">evolve</span>
          </div>
        </p>
      </simpleChoice>
      <simpleChoice fixed="true" identifier="answer_5">
        <p>
          <div id="drv_36b8" oncopy="return false;" onpaste="return false;" oncut="return false;" oncontextmenu="return false;" onmousedown="return false;" onselectstart="return false;">
            <span style="color:#1f5aa6;font-weight:700;">positive<span style="font-size: 1px; color: white;">change</span>charge (+)</span>
            <span style="font-size: 1px; color: white;">unite</span>
          </div>
        </p>
      </simpleChoice>
      <simpleChoice fixed="true" identifier="answer_6">
        <p>
          <div id="drv_7deb" oncopy="return false;" onpaste="return false;" oncut="return false;" oncontextmenu="return false;" onmousedown="return false;" onselectstart="return false;">
            <span style="color:#111111;font-weight:700;">neutral<span style="font-size: 1px; color: white;">needle</span>charge (0)</span>
            <span style="font-size: 1px; color: white;">stages</span>
          </div>
        </p>
      </simpleChoice>
      <simpleChoice fixed="true" identifier="answer_7">
        <p>
          <div id="drv_585e" oncopy="return false;" onpaste="return false;" oncut="return false;" oncontextmenu="return false;" onmousedown="return false;" onselectstart="return false;">
            <span style="color:#c1121f;font-weight:700;">negative<span style="font-size: 1px; color: white;">thf</span>charge (-)</span>
            <span style="font-size: 1px; color: white;">serine</span>
          </div>
        </p>
      </simpleChoice>
    </choiceInteraction>
  </itemBody>
  <responseProcessing>
    <responseCondition>
      <responseIf>
        <match>
          <variable identifier="RESPONSE"/>
          <correct identifier="RESPONSE"/>
        </match>
      </responseIf>
    </responseCondition>
  </responseProcessing>
</assessmentItem>
