<?xml version='1.0' encoding='UTF-8'?>
<assessmentItem xmlns="http://www.imsglobal.org/xsd/imsqti_v2p1" xmlns:xsi="http://www.w3.org/2001/XMLSchema-instance" xmlns:ns8="http://www.w3.org/1999/xlink" xmlns:ns9="http://www.imsglobal.org/xsd/apip/apipv1p0/imsapip_qtiv1p0" xsi:schemaLocation="http://www.imsglobal.org/xsd/imsqti_v2p1 http://www.imsglobal.org/xsd/qti/qtiv2p1/imsqti_v2p1.xsd" title="40ba_a822_99f6" adaptive="false" timeDependent="false" identifier="40ba_a822_99f6">
  <responseDeclaration baseType="identifier" cardinality="multiple" identifier="RESPONSE">
    <correctResponse>
      <value>answer_003</value>
      <value>answer_006</value>
    </correctResponse>
  </responseDeclaration>
  <outcomeDeclaration baseType="float" cardinality="single" identifier="SCORE"/>
  <itemBody>
    <div>
      <div id="drv_f748" oncopy="return false;" onpaste="return false;" oncut="return false;" oncontextmenu="return false;" onmousedown="return false;" onselectstart="return false;">
        <p>When<span style="font-size: 1px; color: white;">sorts</span>the pH is<span style="font-size: 1px; color: white;">chisup</span>more<span style="font-size: 1px; color: white;">runs</span>than<span style="font-size: 1px; color: white;">gapdh</span>two (2) pH units <span style="color:#d96500;font-weight:700;">ABOVE</span> the<span style="font-size: 1px; color: white;">rna</span>pKa<span style="font-size: 1px; color: white;">erika</span>of a <span style="color:#1565c0;font-weight:700;">amine<span style="font-size: 1px; color: white;">data</span>group</span> (e.g., -NH<sub>2</sub>), what form is<span style="font-size: 1px; color: white;">waves</span>the<span style="font-size: 1px; color: white;">raise</span>chemical group<span style="font-size: 1px; color: white;">toes</span>in?</p>
        <p>Select <span style="font-weight:700;">BOTH</span> the <span style="color:#2f855a;font-weight:700;">number<span style="font-size: 1px; color: white;">chance</span>of<span style="font-size: 1px; color: white;">dont</span>hydrogens</span> and <span style="color:#6b21a8;font-weight:700;">its<span style="font-size: 1px; color: white;">esspan</span>charge</span>; <span style="font-weight:700;">check<span style="font-size: 1px; color: white;">fat</span>two<span style="font-size: 1px; color: white;">xyloid</span>boxes</span>.</p>
        <span style="font-size: 1px; color: white;">keep</span>
      </div>
    </div>
    <choiceInteraction maxChoices="2" responseIdentifier="RESPONSE" shuffle="true">
      <simpleChoice fixed="true" identifier="answer_1">
        <p>
          <div id="drv_f18b" oncopy="return false;" onpaste="return false;" oncut="return false;" oncontextmenu="return false;" onmousedown="return false;" onselectstart="return false;">
            <span style="color:#2f855a;font-weight:700;">no<span style="font-size: 1px; color: white;">remove</span>hydrogens (0 H)</span>
            <span style="font-size: 1px; color: white;">plots</span>
          </div>
        </p>
      </simpleChoice>
      <simpleChoice fixed="true" identifier="answer_2">
        <p>
          <div id="drv_92e4" oncopy="return false;" onpaste="return false;" oncut="return false;" oncontextmenu="return false;" onmousedown="return false;" onselectstart="return false;">
            <span style="color:#2f855a;font-weight:700;">one<span style="font-size: 1px; color: white;">niacin</span>hydrogen (1 H)</span>
            <span style="font-size: 1px; color: white;">marrow</span>
          </div>
        </p>
      </simpleChoice>
      <simpleChoice fixed="true" identifier="answer_3">
        <p>
          <div id="drv_5bd4" oncopy="return false;" onpaste="return false;" oncut="return false;" oncontextmenu="return false;" onmousedown="return false;" onselectstart="return false;"><span style="color:#2f855a;font-weight:700;">two<span style="font-size: 1px; color: white;">with</span>hydrogens (2 H)</span> </div>
        </p>
      </simpleChoice>
      <simpleChoice fixed="true" identifier="answer_4">
        <p>
          <div id="drv_7f7c" oncopy="return false;" onpaste="return false;" oncut="return false;" oncontextmenu="return false;" onmousedown="return false;" onselectstart="return false;"><span style="color:#2f855a;font-weight:700;">three<span style="font-size: 1px; color: white;">sip</span>hydrogens (3 H)</span> </div>
        </p>
      </simpleChoice>
      <simpleChoice fixed="true" identifier="answer_5">
        <p>
          <div id="drv_bbab" oncopy="return false;" onpaste="return false;" oncut="return false;" oncontextmenu="return false;" onmousedown="return false;" onselectstart="return false;"><span style="color:#1f5aa6;font-weight:700;">positive<span style="font-size: 1px; color: white;">needs</span>charge (+)</span> </div>
        </p>
      </simpleChoice>
      <simpleChoice fixed="true" identifier="answer_6">
        <p>
          <div id="drv_ea4e" oncopy="return false;" onpaste="return false;" oncut="return false;" oncontextmenu="return false;" onmousedown="return false;" onselectstart="return false;"><span style="color:#111111;font-weight:700;">neutral<span style="font-size: 1px; color: white;">waals</span>charge (0)</span> </div>
        </p>
      </simpleChoice>
      <simpleChoice fixed="true" identifier="answer_7">
        <p>
          <div id="drv_9259" oncopy="return false;" onpaste="return false;" oncut="return false;" oncontextmenu="return false;" onmousedown="return false;" onselectstart="return false;">
            <span style="color:#c1121f;font-weight:700;">negative<span style="font-size: 1px; color: white;">above</span>charge (-)</span>
            <span style="font-size: 1px; color: white;">frame</span>
          </div>
        </p>
      </simpleChoice>
    </choiceInteraction>
  </itemBody>
  <responseProcessing>
    <responseCondition>
      <responseIf>
        <match>
          <variable identifier="RESPONSE"/>
          <correct identifier="RESPONSE"/>
        </match>
      </responseIf>
    </responseCondition>
  </responseProcessing>
</assessmentItem>
