<?xml version='1.0' encoding='UTF-8'?>
<assessmentItem xmlns="http://www.imsglobal.org/xsd/imsqti_v2p1" xmlns:xsi="http://www.w3.org/2001/XMLSchema-instance" xmlns:ns8="http://www.w3.org/1999/xlink" xmlns:ns9="http://www.imsglobal.org/xsd/apip/apipv1p0/imsapip_qtiv1p0" xsi:schemaLocation="http://www.imsglobal.org/xsd/imsqti_v2p1 http://www.imsglobal.org/xsd/qti/qtiv2p1/imsqti_v2p1.xsd" title="ca6b_7f0a_12dd" adaptive="false" timeDependent="false" identifier="ca6b_7f0a_12dd">
  <responseDeclaration baseType="identifier" cardinality="single" identifier="RESPONSE">
    <correctResponse>
      <value>answer_2</value>
    </correctResponse>
  </responseDeclaration>
  <outcomeDeclaration baseType="float" cardinality="single" identifier="SCORE"/>
  <itemBody>
    <div><p>7b19</p> <h4>Based on the chemical properties of amino acid side chains, which pair of amino acids listed below can form an ionic bond between their side chains?</h4></div>
    <choiceInteraction maxChoices="1" responseIdentifier="RESPONSE" shuffle="true">
      <simpleChoice fixed="true" identifier="answer_1">
        <p>A.  Valine and Isoleucine  </p>
      </simpleChoice>
      <simpleChoice fixed="true" identifier="answer_2">
        <p>B.  Histidine and Aspartic Acid  </p>
      </simpleChoice>
      <simpleChoice fixed="true" identifier="answer_3">
        <p>C.  Methionine and Aspartate  </p>
      </simpleChoice>
      <simpleChoice fixed="true" identifier="answer_4">
        <p>D.  Methionine and Lysine  </p>
      </simpleChoice>
      <simpleChoice fixed="true" identifier="answer_5">
        <p>E.  Methionine and Asparagine  </p>
      </simpleChoice>
    </choiceInteraction>
  </itemBody>
  <responseProcessing>
    <responseCondition>
      <responseIf>
        <match>
          <variable identifier="RESPONSE"/>
          <correct identifier="RESPONSE"/>
        </match>
      </responseIf>
    </responseCondition>
  </responseProcessing>
</assessmentItem>
