<?xml version='1.0' encoding='UTF-8'?>
<assessmentItem xmlns="http://www.imsglobal.org/xsd/imsqti_v2p1" xmlns:xsi="http://www.w3.org/2001/XMLSchema-instance" xmlns:ns8="http://www.w3.org/1999/xlink" xmlns:ns9="http://www.imsglobal.org/xsd/apip/apipv1p0/imsapip_qtiv1p0" xsi:schemaLocation="http://www.imsglobal.org/xsd/imsqti_v2p1 http://www.imsglobal.org/xsd/qti/qtiv2p1/imsqti_v2p1.xsd" title="a005_3ee7_efa6" adaptive="false" timeDependent="false" identifier="a005_3ee7_efa6">
  <responseDeclaration baseType="identifier" cardinality="multiple" identifier="RESPONSE">
    <correctResponse>
      <value>answer_002</value>
      <value>answer_006</value>
    </correctResponse>
  </responseDeclaration>

  <outcomeDeclaration baseType="float" cardinality="single" identifier="SCORE"/>

  <itemBody>
    <div>
      <p>When the pH is more than two (2) pH units <span style="color:#1f7a1f;font-weight:700;">BELOW</span> the pKa of a <span style="color:#c62828;font-weight:700;">carboxyl group</span> (e.g., -COOH), what form is the chemical group in?</p>
      <p>Select <span style="font-weight:700;">BOTH</span> the <span style="color:#2f855a;font-weight:700;">number of hydrogens</span> and <span style="color:#6b21a8;font-weight:700;">its charge</span>; <span style="font-weight:700;">check two boxes</span>.</p>
    </div>
    <choiceInteraction maxChoices="2" responseIdentifier="RESPONSE" shuffle="true">
      <simpleChoice fixed="true" identifier="answer_1">
        <p>
          <span style="color:#2f855a;font-weight:700;">no hydrogens (0 H)</span>
        </p>
      </simpleChoice>
      <simpleChoice fixed="true" identifier="answer_2">
        <p>
          <span style="color:#2f855a;font-weight:700;">one hydrogen (1 H)</span>
        </p>
      </simpleChoice>
      <simpleChoice fixed="true" identifier="answer_3">
        <p>
          <span style="color:#2f855a;font-weight:700;">two hydrogens (2 H)</span>
        </p>
      </simpleChoice>
      <simpleChoice fixed="true" identifier="answer_4">
        <p>
          <span style="color:#2f855a;font-weight:700;">three hydrogens (3 H)</span>
        </p>
      </simpleChoice>
      <simpleChoice fixed="true" identifier="answer_5">
        <p>
          <span style="color:#1f5aa6;font-weight:700;">positive charge (+)</span>
        </p>
      </simpleChoice>
      <simpleChoice fixed="true" identifier="answer_6">
        <p>
          <span style="color:#111111;font-weight:700;">neutral charge (0)</span>
        </p>
      </simpleChoice>
      <simpleChoice fixed="true" identifier="answer_7">
        <p>
          <span style="color:#c1121f;font-weight:700;">negative charge (-)</span>
        </p>
      </simpleChoice>
    </choiceInteraction>
  </itemBody>

  <responseProcessing>
    <responseCondition>
      <responseIf>
        <match>
          <variable identifier="RESPONSE"/>
          <correct identifier="RESPONSE"/>
        </match>
      </responseIf>
    </responseCondition>
  </responseProcessing>
</assessmentItem>
