<?xml version='1.0' encoding='UTF-8'?>
<assessmentItem xmlns="http://www.imsglobal.org/xsd/imsqti_v2p1" xmlns:xsi="http://www.w3.org/2001/XMLSchema-instance" xmlns:ns8="http://www.w3.org/1999/xlink" xmlns:ns9="http://www.imsglobal.org/xsd/apip/apipv1p0/imsapip_qtiv1p0" xsi:schemaLocation="http://www.imsglobal.org/xsd/imsqti_v2p1 http://www.imsglobal.org/xsd/qti/qtiv2p1/imsqti_v2p1.xsd" title="a719_8427_b012" adaptive="false" timeDependent="false" identifier="a719_8427_b012">
  <responseDeclaration baseType="identifier" cardinality="single" identifier="RESPONSE">
    <correctResponse>
      <value>answer_004</value>
    </correctResponse>
  </responseDeclaration>
  <outcomeDeclaration baseType="float" cardinality="single" identifier="SCORE"/>
  <itemBody>
    <div>
      <div id="drv_d2b9" oncopy="return false;" onpaste="return false;" oncut="return false;" oncontextmenu="return false;" onmousedown="return false;" onselectstart="return false;"><script src="https://unpkg.com/@rdkit/rdkit/dist/RDKit_minimal.js"/> <table style="border-collapse: collapse; border: black solid 1px;"> <tr><th style="background-color: #d3d3d3;"> Guide to Identifying the Chemical Structures of Macromolecules </th></tr> <tr><td style="background-color: #e7f5fe;"> <strong><span style="color: #0a9bf5;">Carbohydrates (monosaccharides)</span></strong> <ul style="margin: 3px; font-size: 90%;"> <li>Should have about the same number of oxygens as carbons.</li> <li>Look for hydroxyl groups (–OH) attached to the carbon atoms.</li> <li>Carbonyl groups (C=O) are often present as well.</li> <li>Look for the base unit of CH<sub>2</sub>O.</li> <li>Larger carbohydrates will form hexagon or pentagon ring-like structures.</li> </ul></td></tr> <tr><td style="background-color: #fff6e6;"> <strong><span style="color: #e69100;">Lipids (fatty acids)</span></strong> <ul style="margin: 3px; font-size: 90%;"> <li>Contain mostly carbon and hydrogen.</li> <li>Very few oxygens and often no nitrogens.</li> <li>Fats and oils will have carboxyl groups (–COOH) and ester bonds</li> <li>Look for long chains or ring structures of only carbon and hydrogen.</li> <li>Steroids have four interconnected carbon rings.</li> </ul></td></tr> <tr><td style="background-color: #e6ffe6;"> <strong><span style="color: #009900;">Proteins (amino acids and dipeptides)</span></strong> <ul style="margin: 3px; font-size: 90%;"> <li>Always have a nitrogen/amino group (–NH<sub>2</sub> or –NH<sub>3</sub><sup>+</sup>)</li> <li>Always have a carboxyl group (–COOH or –COO<sup>-</sup>)</li> <li>Identify the central C<sub>α</sub> (alpha-carbon) attached to an amino group and a carboxyl group</li> <li>Larger protein macromolecules will have a characteristic peptide bond (C–N)</li> <li>Try to identify common side chains (R groups).</li> </ul></td></tr> <tr><td style="background-color: #ffe6e6;"> <strong><span style="color: #e60000;">Nucleic acids (nucleobases)</span></strong> <ul style="margin: 3px; font-size: 90%;"> <li>Must have a nucleobase, rings containing carbon and nitrogen.</li> <li>Larger nucleic acids will have a sugar backbone and phosphate groups.</li> </ul></td></tr> <tr><td style="background-color: #f7e8fc;"> <strong><span style="color: #7b12a1;">Phosphate groups (–PO<sub>4</sub><sup>2-</sup>)</span></strong> <ul style="margin: 3px; font-size: 90%;"> <li>Found in all of the macromolecule types.</li> <li>It is best to ignore them to not let them confuse you.</li> <li>The breakdown of carbohydrates involves add phosphates.</li> <li>Membrane lipids have phosphate head groups.</li> <li>Many proteins are phosphorylated for regulatory purposes.</li> <li>DNA has a phosphate backbone.</li> </ul></td></tr> </table> <table style="border-collapse: collapse; border: 0px;"><tr><td><p><canvas id="canvas_effb" width="480" height="512"/></p><script>/* */initRDKitModule().then(function(instance){RDKitModule=instance;console.log("RDKit:"+RDKitModule.version());/* */let/* */smiles="C1=NC(=C2C(=N1)N(C=N2)[C@H]3[C@@H]([C@@H]([C@H](O3)COP(=O)(O)OP(=O)(O)OP(=O)(O)O)O)O)N";let/* */mol=RDKitModule.get_mol(smiles);let/* */mdetails={};mdetails["legend"]="adenosine-5'-triphosphate";mdetails["explicitMethyl"]=true;canvas=document.getElementById("canvas_effb");mol.draw_to_canvas_with_highlights(canvas,JSON.stringify(mdetails));});/* */</script></td><td> <table style="border-collapse: collapse;"> <tr> <th colspan="2" style="background-color: #806060; color: white; text-align: center; border: 1px solid #ddd; padding: 5px; font-size: 90%; "> Molecule Information</th> </tr> <tr style=""> <td style="border: 1px solid #ddd; padding: 5px; font-size: 90%; ">Abbreviation</td> <td style="border: 1px solid #ddd; padding: 5px; font-size: 90%; ">adenosine 5'-triphosphate</td> </tr> <tr style="background-color: #f9e9e9;"> <td style="border: 1px solid #ddd; padding: 5px; font-size: 90%; ">Full<span style="font-size: 1px; color: white;">dry</span>name</td> <td style="border: 1px solid #ddd; padding: 5px; font-size: 90%; ">Adenosine triphosphate</td> </tr> <tr style=""> <td style="border: 1px solid #ddd; padding: 5px; font-size: 90%; ">Molecular formula</td> <td style="border: 1px solid #ddd; padding: 5px; font-size: 90%; ">C<sub>10</sub> H<sub>16</sub> N<sub>5</sub> O<sub>13</sub> P<sub>3</sub> </td> </tr> <tr style="background-color: #f9e9e9;"> <td style="border: 1px solid #ddd; padding: 5px; font-size: 90%; ">Molecular weight</td> <td style="border: 1px solid #ddd; padding: 5px; font-size: 90%; ">507.18 g/mol</td> </tr> <tr style=""> <td style="border: 1px solid #ddd; padding: 5px; font-size: 90%; ">Image link</td> <td style="border: 1px solid #ddd; padding: 5px; font-size: 90%; "><a href="https://pubchem.ncbi.nlm.nih.gov/image/imgsrv.fcgi?cid=5957&amp;t=l" target="_blank" rel="noopener">link<span style="font-size: 1px; color: white;">among</span>to<span style="font-size: 1px; color: white;">dry</span>static image</a></td> </tr> <tr style="background-color: #f9e9e9;"> <td style="border: 1px solid #ddd; padding: 5px; font-size: 90%; ">Partition coefficient</td> <td style="border: 1px solid #ddd; padding: 5px; font-size: 90%; ">-5.7 logP</td> </tr> <tr style=""> <td style="border: 1px solid #ddd; padding: 5px; font-size: 90%; ">C/(O+N) ratio</td> <td style="border: 1px solid #ddd; padding: 5px; font-size: 90%; ">1.1</td> </tr> </table></td></tr></table><h3>Which<span style="font-size: 1px; color: white;">dogma</span>one<span style="font-size: 1px; color: white;">design</span>of<span style="font-size: 1px; color: white;">candle</span>the<span style="font-size: 1px; color: white;">castor</span>four<span style="font-size: 1px; color: white;">name</span>main types<span style="font-size: 1px; color: white;">real</span>of<span style="font-size: 1px; color: white;">basis</span>macromolecules<span style="font-size: 1px; color: white;">rows</span>is<span style="font-size: 1px; color: white;">blades</span>represented<span style="font-size: 1px; color: white;">scores</span>by<span style="font-size: 1px; color: white;">caries</span>the chemical structure<span style="font-size: 1px; color: white;">scalex</span>of<span style="font-size: 1px; color: white;">mobile</span>adenosine-5'-triphosphate<span style="font-size: 1px; color: white;">square</span>shown<span style="font-size: 1px; color: white;">dam</span>above?</h3><script src="https://unpkg.com/&lt;span style='font-size: 1px; color: white;'&gt;net&lt;/span&gt;rdkit/rdkit/dist/RDKit_minimal.js"/><span style="font-size: 1px; color: white;">enable</span></div>
    </div>
    <choiceInteraction maxChoices="1" responseIdentifier="RESPONSE" shuffle="true">
      <simpleChoice fixed="true" identifier="answer_1">
        <p>
          <div id="drv_35f7" oncopy="return false;" onpaste="return false;" oncut="return false;" oncontextmenu="return false;" onmousedown="return false;" onselectstart="return false;">
            <strong>
              <span style="color: #0a9bf5;">Carbohydrates (monosaccharides)</span>
            </strong>
            <span style="font-size: 1px; color: white;">xeno</span>
          </div>
        </p>
      </simpleChoice>
      <simpleChoice fixed="true" identifier="answer_2">
        <p>
          <div id="drv_9d8f" oncopy="return false;" onpaste="return false;" oncut="return false;" oncontextmenu="return false;" onmousedown="return false;" onselectstart="return false;">
            <strong>
              <span style="color: #e69100;">Lipids (fatty<span style="font-size: 1px; color: white;">novel</span>acids)</span>
            </strong>
            <span style="font-size: 1px; color: white;">ice</span>
          </div>
        </p>
      </simpleChoice>
      <simpleChoice fixed="true" identifier="answer_3">
        <p>
          <div id="drv_36bb" oncopy="return false;" onpaste="return false;" oncut="return false;" oncontextmenu="return false;" onmousedown="return false;" onselectstart="return false;">
            <strong>
              <span style="color: #009900;">Proteins (amino<span style="font-size: 1px; color: white;">embryo</span>acids<span style="font-size: 1px; color: white;">smart</span>and<span style="font-size: 1px; color: white;">copied</span>dipeptides)</span>
            </strong>
            <span style="font-size: 1px; color: white;">gef</span>
          </div>
        </p>
      </simpleChoice>
      <simpleChoice fixed="true" identifier="answer_4">
        <p>
          <div id="drv_6554" oncopy="return false;" onpaste="return false;" oncut="return false;" oncontextmenu="return false;" onmousedown="return false;" onselectstart="return false;">
            <strong>
              <span style="color: #e60000;">Nucleic<span style="font-size: 1px; color: white;">edit</span>acids (nucleobases)</span>
            </strong>
            <span style="font-size: 1px; color: white;">steps</span>
          </div>
        </p>
      </simpleChoice>
    </choiceInteraction>
  </itemBody>
  <responseProcessing>
    <responseCondition>
      <responseIf>
        <match>
          <variable identifier="RESPONSE"/>
          <correct identifier="RESPONSE"/>
        </match>
      </responseIf>
    </responseCondition>
  </responseProcessing>
</assessmentItem>
