<?xml version='1.0' encoding='UTF-8'?>
<assessmentItem xmlns="http://www.imsglobal.org/xsd/imsqti_v2p1" xmlns:xsi="http://www.w3.org/2001/XMLSchema-instance" xmlns:ns8="http://www.w3.org/1999/xlink" xmlns:ns9="http://www.imsglobal.org/xsd/apip/apipv1p0/imsapip_qtiv1p0" xsi:schemaLocation="http://www.imsglobal.org/xsd/imsqti_v2p1 http://www.imsglobal.org/xsd/qti/qtiv2p1/imsqti_v2p1.xsd" title="e887_f26c_842c" adaptive="false" timeDependent="false" identifier="e887_f26c_842c">
  <responseDeclaration baseType="identifier" cardinality="single" identifier="RESPONSE">
    <correctResponse>
      <value>answer_002</value>
    </correctResponse>
  </responseDeclaration>
  <outcomeDeclaration baseType="float" cardinality="single" identifier="SCORE"/>
  <itemBody>
    <div>
      <div id="drv_37b7" oncopy="return false;" onpaste="return false;" oncut="return false;" oncontextmenu="return false;" onmousedown="return false;" onselectstart="return false;"><script src="https://unpkg.com/@rdkit/rdkit/dist/RDKit_minimal.js"/> <table style="border-collapse: collapse; border: black solid 1px;"> <tr><th style="background-color: #d3d3d3;"> Guide to Identifying the Chemical Structures of Macromolecules </th></tr> <tr><td style="background-color: #e7f5fe;"> <strong><span style="color: #0a9bf5;">Carbohydrates (monosaccharides)</span></strong> <ul style="margin: 3px; font-size: 90%;"> <li>Should have about the same number of oxygens as carbons.</li> <li>Look for hydroxyl groups (–OH) attached to the carbon atoms.</li> <li>Carbonyl groups (C=O) are often present as well.</li> <li>Look for the base unit of CH<sub>2</sub>O.</li> <li>Larger carbohydrates will form hexagon or pentagon ring-like structures.</li> </ul></td></tr> <tr><td style="background-color: #fff6e6;"> <strong><span style="color: #e69100;">Lipids (fatty acids)</span></strong> <ul style="margin: 3px; font-size: 90%;"> <li>Contain mostly carbon and hydrogen.</li> <li>Very few oxygens and often no nitrogens.</li> <li>Fats and oils will have carboxyl groups (–COOH) and ester bonds</li> <li>Look for long chains or ring structures of only carbon and hydrogen.</li> <li>Steroids have four interconnected carbon rings.</li> </ul></td></tr> <tr><td style="background-color: #e6ffe6;"> <strong><span style="color: #009900;">Proteins (amino acids and dipeptides)</span></strong> <ul style="margin: 3px; font-size: 90%;"> <li>Always have a nitrogen/amino group (–NH<sub>2</sub> or –NH<sub>3</sub><sup>+</sup>)</li> <li>Always have a carboxyl group (–COOH or –COO<sup>-</sup>)</li> <li>Identify the central C<sub>α</sub> (alpha-carbon) attached to an amino group and a carboxyl group</li> <li>Larger protein macromolecules will have a characteristic peptide bond (C–N)</li> <li>Try to identify common side chains (R groups).</li> </ul></td></tr> <tr><td style="background-color: #ffe6e6;"> <strong><span style="color: #e60000;">Nucleic acids (nucleobases)</span></strong> <ul style="margin: 3px; font-size: 90%;"> <li>Must have a nucleobase, rings containing carbon and nitrogen.</li> <li>Larger nucleic acids will have a sugar backbone and phosphate groups.</li> </ul></td></tr> <tr><td style="background-color: #f7e8fc;"> <strong><span style="color: #7b12a1;">Phosphate groups (–PO<sub>4</sub><sup>2-</sup>)</span></strong> <ul style="margin: 3px; font-size: 90%;"> <li>Found in all of the macromolecule types.</li> <li>It is best to ignore them to not let them confuse you.</li> <li>The breakdown of carbohydrates involves add phosphates.</li> <li>Membrane lipids have phosphate head groups.</li> <li>Many proteins are phosphorylated for regulatory purposes.</li> <li>DNA has a phosphate backbone.</li> </ul></td></tr> </table> <table style="border-collapse: collapse; border: 0px;"><tr><td><p><canvas id="canvas_8c93" width="480" height="512"/></p><script>/* */initRDKitModule().then(function(instance){RDKitModule=instance;console.log("RDKit:"+RDKitModule.version());/* */let/* */smiles="CCC(=O)O[C@H]1CC[C@@H]2[C@@]1(CC[C@H]3[C@H]2CCC4=CC(=O)CC[C@]34C)C";let/* */mol=RDKitModule.get_mol(smiles);let/* */mdetails={};mdetails["explicitMethyl"]=true;canvas=document.getElementById("canvas_8c93");mol.draw_to_canvas_with_highlights(canvas,JSON.stringify(mdetails));});/* */</script></td><td> <table style="border-collapse: collapse;"> <tr> <th colspan="2" style="background-color: #806060; color: white; text-align: center; border: 1px solid #ddd; padding: 5px; font-size: 90%; "> Molecule Information</th> </tr> <tr style=""> <td style="border: 1px solid #ddd; padding: 5px; font-size: 90%; ">Full<span style="font-size: 1px; color: white;">from</span>name</td> <td style="border: 1px solid #ddd; padding: 5px; font-size: 90%; ">testosterone<span style="font-size: 1px; color: white;">maple</span>propionate</td> </tr> <tr style="background-color: #f9e9e9;"> <td style="border: 1px solid #ddd; padding: 5px; font-size: 90%; ">Molecular<span style="font-size: 1px; color: white;">linked</span>formula</td> <td style="border: 1px solid #ddd; padding: 5px; font-size: 90%; ">C<sub>22</sub> H<sub>32</sub> O<sub>3</sub> </td> </tr> <tr style=""> <td style="border: 1px solid #ddd; padding: 5px; font-size: 90%; ">Molecular weight</td> <td style="border: 1px solid #ddd; padding: 5px; font-size: 90%; ">344.50 g/mol</td> </tr> <tr style="background-color: #f9e9e9;"> <td style="border: 1px solid #ddd; padding: 5px; font-size: 90%; ">Image<span style="font-size: 1px; color: white;">runway</span>link</td> <td style="border: 1px solid #ddd; padding: 5px; font-size: 90%; "><a href="https://pubchem.ncbi.nlm.nih.gov/image/imgsrv.fcgi?cid=5995&amp;t=l" target="_blank" rel="noopener">link<span style="font-size: 1px; color: white;">epsp</span>to static<span style="font-size: 1px; color: white;">truthl</span>image</a></td> </tr> <tr style=""> <td style="border: 1px solid #ddd; padding: 5px; font-size: 90%; ">Partition<span style="font-size: 1px; color: white;">falsel</span>coefficient</td> <td style="border: 1px solid #ddd; padding: 5px; font-size: 90%; ">4.4 logP</td> </tr> <tr style="background-color: #f9e9e9;"> <td style="border: 1px solid #ddd; padding: 5px; font-size: 90%; ">C/(O+N) ratio</td> <td style="border: 1px solid #ddd; padding: 5px; font-size: 90%; ">7.3</td> </tr> </table></td></tr></table><h3>Which<span style="font-size: 1px; color: white;">crispr</span>one of the<span style="font-size: 1px; color: white;">iii</span>four<span style="font-size: 1px; color: white;">mutant</span>main types<span style="font-size: 1px; color: white;">field</span>of macromolecules is<span style="font-size: 1px; color: white;">tca</span>represented<span style="font-size: 1px; color: white;">purify</span>by<span style="font-size: 1px; color: white;">body</span>the<span style="font-size: 1px; color: white;">some</span>chemical<span style="font-size: 1px; color: white;">loop</span>structure of<span style="font-size: 1px; color: white;">been</span>testosterone propionate<span style="font-size: 1px; color: white;">out</span>shown<span style="font-size: 1px; color: white;">etc</span>above?</h3><script src="https://unpkg.com/&lt;span style='font-size: 1px; color: white;'&gt;person&lt;/span&gt;rdkit/rdkit/dist/RDKit_minimal.js"/> </div>
    </div>
    <choiceInteraction maxChoices="1" responseIdentifier="RESPONSE" shuffle="true">
      <simpleChoice fixed="true" identifier="answer_1">
        <p>
          <div id="drv_0ad1" oncopy="return false;" onpaste="return false;" oncut="return false;" oncontextmenu="return false;" onmousedown="return false;" onselectstart="return false;"><strong><span style="color: #0a9bf5;">Carbohydrates (monosaccharides)</span></strong> </div>
        </p>
      </simpleChoice>
      <simpleChoice fixed="true" identifier="answer_2">
        <p>
          <div id="drv_ef92" oncopy="return false;" onpaste="return false;" oncut="return false;" oncontextmenu="return false;" onmousedown="return false;" onselectstart="return false;">
            <strong>
              <span style="color: #e69100;">Lipids (fatty<span style="font-size: 1px; color: white;">else</span>acids)</span>
            </strong>
            <span style="font-size: 1px; color: white;">and</span>
          </div>
        </p>
      </simpleChoice>
      <simpleChoice fixed="true" identifier="answer_3">
        <p>
          <div id="drv_4d39" oncopy="return false;" onpaste="return false;" oncut="return false;" oncontextmenu="return false;" onmousedown="return false;" onselectstart="return false;"><strong><span style="color: #009900;">Proteins (amino<span style="font-size: 1px; color: white;">fusion</span>acids and dipeptides)</span></strong> </div>
        </p>
      </simpleChoice>
      <simpleChoice fixed="true" identifier="answer_4">
        <p>
          <div id="drv_bcd9" oncopy="return false;" onpaste="return false;" oncut="return false;" oncontextmenu="return false;" onmousedown="return false;" onselectstart="return false;">
            <strong>
              <span style="color: #e60000;">Nucleic<span style="font-size: 1px; color: white;">story</span>acids (nucleobases)</span>
            </strong>
            <span style="font-size: 1px; color: white;">know</span>
          </div>
        </p>
      </simpleChoice>
    </choiceInteraction>
  </itemBody>
  <responseProcessing>
    <responseCondition>
      <responseIf>
        <match>
          <variable identifier="RESPONSE"/>
          <correct identifier="RESPONSE"/>
        </match>
      </responseIf>
    </responseCondition>
  </responseProcessing>
</assessmentItem>
