<?xml version='1.0' encoding='UTF-8'?>
<manifest xmlns="http://www.imsglobal.org/xsd/imscp_v1p1" xmlns:lom="http://ltsc.ieee.org/xsd/LOM" xmlns:imsmd="http://www.imsglobal.org/xsd/imsmd_v1p2" xmlns:xsi="http://www.w3.org/2001/XMLSchema-instance" identifier="main manifest" xsi:schemaLocation="http://www.imsglobal.org/xsd/imscp_v1p1 http://www.imsglobal.org/xsd/imscp_v1p1.xsd http://www.imsglobal.org/xsd/imsmd_v1p2 http://www.imsglobal.org/xsd/imsmd_v1p2.xsd http://ltsc.ieee.org/xsd/LOM http://ieee-sa.imeetcentral.com/ltsc/">
  <metadata>
    <schema>QTIv2.1</schema>
    <schemaversion>2.0</schemaversion>
    <imsmd:lom>
      <imsmd:general>
        <imsmd:title>
          <imsmd:string>MATCH-amino_acids_properties</imsmd:string>
        </imsmd:title>
      </imsmd:general>
      <imsmd:lifeCycle>
        <imsmd:contribute>
          <imsmd:date>
            <imsmd:dateTime>2026-02-25</imsmd:dateTime>
          </imsmd:date>
        </imsmd:contribute>
      </imsmd:lifeCycle>
      <imsmd:rights>
        <imsmd:description>
          <imsmd:string>CC Attribution - http://creativecommons.org/licenses/by/4.0</imsmd:string>
        </imsmd:description>
      </imsmd:rights>
    </imsmd:lom>
  </metadata>
  <resources>
    <resource href="qti21_items/item_00001.xml" identifier="item_00001" type="imsqti_item_xmlv2p1">
      <file href="qti21_items/item_00001.xml"/>
      <dependency identifierref="assessment_meta"/>
    </resource>
    <resource href="qti21_items/item_00002.xml" identifier="item_00002" type="imsqti_item_xmlv2p1">
      <file href="qti21_items/item_00002.xml"/>
      <dependency identifierref="assessment_meta"/>
    </resource>
    <resource href="qti21_items/item_00003.xml" identifier="item_00003" type="imsqti_item_xmlv2p1">
      <file href="qti21_items/item_00003.xml"/>
      <dependency identifierref="assessment_meta"/>
    </resource>
    <resource href="qti21_items/item_00004.xml" identifier="item_00004" type="imsqti_item_xmlv2p1">
      <file href="qti21_items/item_00004.xml"/>
      <dependency identifierref="assessment_meta"/>
    </resource>
    <resource href="qti21_items/item_00005.xml" identifier="item_00005" type="imsqti_item_xmlv2p1">
      <file href="qti21_items/item_00005.xml"/>
      <dependency identifierref="assessment_meta"/>
    </resource>
    <resource href="qti21_items/item_00006.xml" identifier="item_00006" type="imsqti_item_xmlv2p1">
      <file href="qti21_items/item_00006.xml"/>
      <dependency identifierref="assessment_meta"/>
    </resource>
    <resource href="qti21_items/item_00007.xml" identifier="item_00007" type="imsqti_item_xmlv2p1">
      <file href="qti21_items/item_00007.xml"/>
      <dependency identifierref="assessment_meta"/>
    </resource>
    <resource href="qti21_items/item_00008.xml" identifier="item_00008" type="imsqti_item_xmlv2p1">
      <file href="qti21_items/item_00008.xml"/>
      <dependency identifierref="assessment_meta"/>
    </resource>
    <resource href="qti21_items/item_00009.xml" identifier="item_00009" type="imsqti_item_xmlv2p1">
      <file href="qti21_items/item_00009.xml"/>
      <dependency identifierref="assessment_meta"/>
    </resource>
    <resource href="qti21_items/item_00010.xml" identifier="item_00010" type="imsqti_item_xmlv2p1">
      <file href="qti21_items/item_00010.xml"/>
      <dependency identifierref="assessment_meta"/>
    </resource>
    <resource href="qti21_items/item_00011.xml" identifier="item_00011" type="imsqti_item_xmlv2p1">
      <file href="qti21_items/item_00011.xml"/>
      <dependency identifierref="assessment_meta"/>
    </resource>
    <resource href="qti21_items/item_00012.xml" identifier="item_00012" type="imsqti_item_xmlv2p1">
      <file href="qti21_items/item_00012.xml"/>
      <dependency identifierref="assessment_meta"/>
    </resource>
    <resource href="qti21_items/item_00013.xml" identifier="item_00013" type="imsqti_item_xmlv2p1">
      <file href="qti21_items/item_00013.xml"/>
      <dependency identifierref="assessment_meta"/>
    </resource>
    <resource href="qti21_items/item_00014.xml" identifier="item_00014" type="imsqti_item_xmlv2p1">
      <file href="qti21_items/item_00014.xml"/>
      <dependency identifierref="assessment_meta"/>
    </resource>
    <resource href="qti21_items/item_00015.xml" identifier="item_00015" type="imsqti_item_xmlv2p1">
      <file href="qti21_items/item_00015.xml"/>
      <dependency identifierref="assessment_meta"/>
    </resource>
    <resource href="qti21_items/item_00016.xml" identifier="item_00016" type="imsqti_item_xmlv2p1">
      <file href="qti21_items/item_00016.xml"/>
      <dependency identifierref="assessment_meta"/>
    </resource>
    <resource href="qti21_items/item_00017.xml" identifier="item_00017" type="imsqti_item_xmlv2p1">
      <file href="qti21_items/item_00017.xml"/>
      <dependency identifierref="assessment_meta"/>
    </resource>
    <resource href="qti21_items/item_00018.xml" identifier="item_00018" type="imsqti_item_xmlv2p1">
      <file href="qti21_items/item_00018.xml"/>
      <dependency identifierref="assessment_meta"/>
    </resource>
    <resource href="qti21_items/item_00019.xml" identifier="item_00019" type="imsqti_item_xmlv2p1">
      <file href="qti21_items/item_00019.xml"/>
      <dependency identifierref="assessment_meta"/>
    </resource>
    <resource href="qti21_items/item_00020.xml" identifier="item_00020" type="imsqti_item_xmlv2p1">
      <file href="qti21_items/item_00020.xml"/>
      <dependency identifierref="assessment_meta"/>
    </resource>
    <resource href="qti21_items/item_00021.xml" identifier="item_00021" type="imsqti_item_xmlv2p1">
      <file href="qti21_items/item_00021.xml"/>
      <dependency identifierref="assessment_meta"/>
    </resource>
    <resource href="qti21_items/item_00022.xml" identifier="item_00022" type="imsqti_item_xmlv2p1">
      <file href="qti21_items/item_00022.xml"/>
      <dependency identifierref="assessment_meta"/>
    </resource>
    <resource href="qti21_items/item_00023.xml" identifier="item_00023" type="imsqti_item_xmlv2p1">
      <file href="qti21_items/item_00023.xml"/>
      <dependency identifierref="assessment_meta"/>
    </resource>
    <resource href="qti21_items/item_00024.xml" identifier="item_00024" type="imsqti_item_xmlv2p1">
      <file href="qti21_items/item_00024.xml"/>
      <dependency identifierref="assessment_meta"/>
    </resource>
    <resource href="qti21_items/item_00025.xml" identifier="item_00025" type="imsqti_item_xmlv2p1">
      <file href="qti21_items/item_00025.xml"/>
      <dependency identifierref="assessment_meta"/>
    </resource>
    <resource href="qti21_items/item_00026.xml" identifier="item_00026" type="imsqti_item_xmlv2p1">
      <file href="qti21_items/item_00026.xml"/>
      <dependency identifierref="assessment_meta"/>
    </resource>
    <resource href="qti21_items/item_00027.xml" identifier="item_00027" type="imsqti_item_xmlv2p1">
      <file href="qti21_items/item_00027.xml"/>
      <dependency identifierref="assessment_meta"/>
    </resource>
    <resource href="qti21_items/item_00028.xml" identifier="item_00028" type="imsqti_item_xmlv2p1">
      <file href="qti21_items/item_00028.xml"/>
      <dependency identifierref="assessment_meta"/>
    </resource>
    <resource href="qti21_items/item_00029.xml" identifier="item_00029" type="imsqti_item_xmlv2p1">
      <file href="qti21_items/item_00029.xml"/>
      <dependency identifierref="assessment_meta"/>
    </resource>
    <resource href="qti21_items/item_00030.xml" identifier="item_00030" type="imsqti_item_xmlv2p1">
      <file href="qti21_items/item_00030.xml"/>
      <dependency identifierref="assessment_meta"/>
    </resource>
    <resource href="qti21_items/item_00031.xml" identifier="item_00031" type="imsqti_item_xmlv2p1">
      <file href="qti21_items/item_00031.xml"/>
      <dependency identifierref="assessment_meta"/>
    </resource>
    <resource href="qti21_items/item_00032.xml" identifier="item_00032" type="imsqti_item_xmlv2p1">
      <file href="qti21_items/item_00032.xml"/>
      <dependency identifierref="assessment_meta"/>
    </resource>
    <resource href="qti21_items/item_00033.xml" identifier="item_00033" type="imsqti_item_xmlv2p1">
      <file href="qti21_items/item_00033.xml"/>
      <dependency identifierref="assessment_meta"/>
    </resource>
    <resource href="qti21_items/item_00034.xml" identifier="item_00034" type="imsqti_item_xmlv2p1">
      <file href="qti21_items/item_00034.xml"/>
      <dependency identifierref="assessment_meta"/>
    </resource>
    <resource href="qti21_items/item_00035.xml" identifier="item_00035" type="imsqti_item_xmlv2p1">
      <file href="qti21_items/item_00035.xml"/>
      <dependency identifierref="assessment_meta"/>
    </resource>
    <resource href="qti21_items/item_00036.xml" identifier="item_00036" type="imsqti_item_xmlv2p1">
      <file href="qti21_items/item_00036.xml"/>
      <dependency identifierref="assessment_meta"/>
    </resource>
    <resource href="qti21_items/item_00037.xml" identifier="item_00037" type="imsqti_item_xmlv2p1">
      <file href="qti21_items/item_00037.xml"/>
      <dependency identifierref="assessment_meta"/>
    </resource>
    <resource href="qti21_items/item_00038.xml" identifier="item_00038" type="imsqti_item_xmlv2p1">
      <file href="qti21_items/item_00038.xml"/>
      <dependency identifierref="assessment_meta"/>
    </resource>
    <resource href="qti21_items/item_00039.xml" identifier="item_00039" type="imsqti_item_xmlv2p1">
      <file href="qti21_items/item_00039.xml"/>
      <dependency identifierref="assessment_meta"/>
    </resource>
    <resource href="qti21_items/item_00040.xml" identifier="item_00040" type="imsqti_item_xmlv2p1">
      <file href="qti21_items/item_00040.xml"/>
      <dependency identifierref="assessment_meta"/>
    </resource>
    <resource href="qti21_items/item_00041.xml" identifier="item_00041" type="imsqti_item_xmlv2p1">
      <file href="qti21_items/item_00041.xml"/>
      <dependency identifierref="assessment_meta"/>
    </resource>
    <resource href="qti21_items/item_00042.xml" identifier="item_00042" type="imsqti_item_xmlv2p1">
      <file href="qti21_items/item_00042.xml"/>
      <dependency identifierref="assessment_meta"/>
    </resource>
    <resource href="qti21_items/item_00043.xml" identifier="item_00043" type="imsqti_item_xmlv2p1">
      <file href="qti21_items/item_00043.xml"/>
      <dependency identifierref="assessment_meta"/>
    </resource>
    <resource href="qti21_items/item_00044.xml" identifier="item_00044" type="imsqti_item_xmlv2p1">
      <file href="qti21_items/item_00044.xml"/>
      <dependency identifierref="assessment_meta"/>
    </resource>
    <resource href="qti21_items/item_00045.xml" identifier="item_00045" type="imsqti_item_xmlv2p1">
      <file href="qti21_items/item_00045.xml"/>
      <dependency identifierref="assessment_meta"/>
    </resource>
    <resource href="qti21_items/item_00046.xml" identifier="item_00046" type="imsqti_item_xmlv2p1">
      <file href="qti21_items/item_00046.xml"/>
      <dependency identifierref="assessment_meta"/>
    </resource>
    <resource href="qti21_items/item_00047.xml" identifier="item_00047" type="imsqti_item_xmlv2p1">
      <file href="qti21_items/item_00047.xml"/>
      <dependency identifierref="assessment_meta"/>
    </resource>
    <resource href="qti21_items/item_00048.xml" identifier="item_00048" type="imsqti_item_xmlv2p1">
      <file href="qti21_items/item_00048.xml"/>
      <dependency identifierref="assessment_meta"/>
    </resource>
    <resource href="qti21_items/item_00049.xml" identifier="item_00049" type="imsqti_item_xmlv2p1">
      <file href="qti21_items/item_00049.xml"/>
      <dependency identifierref="assessment_meta"/>
    </resource>
    <resource href="qti21_items/item_00050.xml" identifier="item_00050" type="imsqti_item_xmlv2p1">
      <file href="qti21_items/item_00050.xml"/>
      <dependency identifierref="assessment_meta"/>
    </resource>
    <resource href="qti21_items/item_00051.xml" identifier="item_00051" type="imsqti_item_xmlv2p1">
      <file href="qti21_items/item_00051.xml"/>
      <dependency identifierref="assessment_meta"/>
    </resource>
    <resource href="qti21_items/item_00052.xml" identifier="item_00052" type="imsqti_item_xmlv2p1">
      <file href="qti21_items/item_00052.xml"/>
      <dependency identifierref="assessment_meta"/>
    </resource>
    <resource href="qti21_items/item_00053.xml" identifier="item_00053" type="imsqti_item_xmlv2p1">
      <file href="qti21_items/item_00053.xml"/>
      <dependency identifierref="assessment_meta"/>
    </resource>
    <resource href="qti21_items/item_00054.xml" identifier="item_00054" type="imsqti_item_xmlv2p1">
      <file href="qti21_items/item_00054.xml"/>
      <dependency identifierref="assessment_meta"/>
    </resource>
    <resource href="qti21_items/item_00055.xml" identifier="item_00055" type="imsqti_item_xmlv2p1">
      <file href="qti21_items/item_00055.xml"/>
      <dependency identifierref="assessment_meta"/>
    </resource>
    <resource href="qti21_items/item_00056.xml" identifier="item_00056" type="imsqti_item_xmlv2p1">
      <file href="qti21_items/item_00056.xml"/>
      <dependency identifierref="assessment_meta"/>
    </resource>
    <resource href="qti21_items/item_00057.xml" identifier="item_00057" type="imsqti_item_xmlv2p1">
      <file href="qti21_items/item_00057.xml"/>
      <dependency identifierref="assessment_meta"/>
    </resource>
    <resource href="qti21_items/item_00058.xml" identifier="item_00058" type="imsqti_item_xmlv2p1">
      <file href="qti21_items/item_00058.xml"/>
      <dependency identifierref="assessment_meta"/>
    </resource>
    <resource href="qti21_items/item_00059.xml" identifier="item_00059" type="imsqti_item_xmlv2p1">
      <file href="qti21_items/item_00059.xml"/>
      <dependency identifierref="assessment_meta"/>
    </resource>
    <resource href="qti21_items/item_00060.xml" identifier="item_00060" type="imsqti_item_xmlv2p1">
      <file href="qti21_items/item_00060.xml"/>
      <dependency identifierref="assessment_meta"/>
    </resource>
    <resource href="qti21_items/item_00061.xml" identifier="item_00061" type="imsqti_item_xmlv2p1">
      <file href="qti21_items/item_00061.xml"/>
      <dependency identifierref="assessment_meta"/>
    </resource>
    <resource href="qti21_items/item_00062.xml" identifier="item_00062" type="imsqti_item_xmlv2p1">
      <file href="qti21_items/item_00062.xml"/>
      <dependency identifierref="assessment_meta"/>
    </resource>
    <resource href="qti21_items/item_00063.xml" identifier="item_00063" type="imsqti_item_xmlv2p1">
      <file href="qti21_items/item_00063.xml"/>
      <dependency identifierref="assessment_meta"/>
    </resource>
    <resource href="qti21_items/item_00064.xml" identifier="item_00064" type="imsqti_item_xmlv2p1">
      <file href="qti21_items/item_00064.xml"/>
      <dependency identifierref="assessment_meta"/>
    </resource>
    <resource href="qti21_items/item_00065.xml" identifier="item_00065" type="imsqti_item_xmlv2p1">
      <file href="qti21_items/item_00065.xml"/>
      <dependency identifierref="assessment_meta"/>
    </resource>
    <resource href="qti21_items/item_00066.xml" identifier="item_00066" type="imsqti_item_xmlv2p1">
      <file href="qti21_items/item_00066.xml"/>
      <dependency identifierref="assessment_meta"/>
    </resource>
    <resource href="qti21_items/item_00067.xml" identifier="item_00067" type="imsqti_item_xmlv2p1">
      <file href="qti21_items/item_00067.xml"/>
      <dependency identifierref="assessment_meta"/>
    </resource>
    <resource href="qti21_items/item_00068.xml" identifier="item_00068" type="imsqti_item_xmlv2p1">
      <file href="qti21_items/item_00068.xml"/>
      <dependency identifierref="assessment_meta"/>
    </resource>
    <resource href="qti21_items/item_00069.xml" identifier="item_00069" type="imsqti_item_xmlv2p1">
      <file href="qti21_items/item_00069.xml"/>
      <dependency identifierref="assessment_meta"/>
    </resource>
    <resource href="qti21_items/item_00070.xml" identifier="item_00070" type="imsqti_item_xmlv2p1">
      <file href="qti21_items/item_00070.xml"/>
      <dependency identifierref="assessment_meta"/>
    </resource>
    <resource href="qti21_items/item_00071.xml" identifier="item_00071" type="imsqti_item_xmlv2p1">
      <file href="qti21_items/item_00071.xml"/>
      <dependency identifierref="assessment_meta"/>
    </resource>
    <resource href="qti21_items/item_00072.xml" identifier="item_00072" type="imsqti_item_xmlv2p1">
      <file href="qti21_items/item_00072.xml"/>
      <dependency identifierref="assessment_meta"/>
    </resource>
    <resource href="qti21_items/item_00073.xml" identifier="item_00073" type="imsqti_item_xmlv2p1">
      <file href="qti21_items/item_00073.xml"/>
      <dependency identifierref="assessment_meta"/>
    </resource>
    <resource href="qti21_items/item_00074.xml" identifier="item_00074" type="imsqti_item_xmlv2p1">
      <file href="qti21_items/item_00074.xml"/>
      <dependency identifierref="assessment_meta"/>
    </resource>
    <resource href="qti21_items/item_00075.xml" identifier="item_00075" type="imsqti_item_xmlv2p1">
      <file href="qti21_items/item_00075.xml"/>
      <dependency identifierref="assessment_meta"/>
    </resource>
    <resource href="qti21_items/item_00076.xml" identifier="item_00076" type="imsqti_item_xmlv2p1">
      <file href="qti21_items/item_00076.xml"/>
      <dependency identifierref="assessment_meta"/>
    </resource>
    <resource href="qti21_items/item_00077.xml" identifier="item_00077" type="imsqti_item_xmlv2p1">
      <file href="qti21_items/item_00077.xml"/>
      <dependency identifierref="assessment_meta"/>
    </resource>
    <resource href="qti21_items/item_00078.xml" identifier="item_00078" type="imsqti_item_xmlv2p1">
      <file href="qti21_items/item_00078.xml"/>
      <dependency identifierref="assessment_meta"/>
    </resource>
    <resource href="qti21_items/item_00079.xml" identifier="item_00079" type="imsqti_item_xmlv2p1">
      <file href="qti21_items/item_00079.xml"/>
      <dependency identifierref="assessment_meta"/>
    </resource>
    <resource href="qti21_items/item_00080.xml" identifier="item_00080" type="imsqti_item_xmlv2p1">
      <file href="qti21_items/item_00080.xml"/>
      <dependency identifierref="assessment_meta"/>
    </resource>
    <resource href="qti21_items/item_00081.xml" identifier="item_00081" type="imsqti_item_xmlv2p1">
      <file href="qti21_items/item_00081.xml"/>
      <dependency identifierref="assessment_meta"/>
    </resource>
    <resource href="qti21_items/item_00082.xml" identifier="item_00082" type="imsqti_item_xmlv2p1">
      <file href="qti21_items/item_00082.xml"/>
      <dependency identifierref="assessment_meta"/>
    </resource>
    <resource href="qti21_items/item_00083.xml" identifier="item_00083" type="imsqti_item_xmlv2p1">
      <file href="qti21_items/item_00083.xml"/>
      <dependency identifierref="assessment_meta"/>
    </resource>
    <resource href="qti21_items/item_00084.xml" identifier="item_00084" type="imsqti_item_xmlv2p1">
      <file href="qti21_items/item_00084.xml"/>
      <dependency identifierref="assessment_meta"/>
    </resource>
    <resource href="qti21_items/item_00085.xml" identifier="item_00085" type="imsqti_item_xmlv2p1">
      <file href="qti21_items/item_00085.xml"/>
      <dependency identifierref="assessment_meta"/>
    </resource>
    <resource href="qti21_items/item_00086.xml" identifier="item_00086" type="imsqti_item_xmlv2p1">
      <file href="qti21_items/item_00086.xml"/>
      <dependency identifierref="assessment_meta"/>
    </resource>
    <resource href="qti21_items/item_00087.xml" identifier="item_00087" type="imsqti_item_xmlv2p1">
      <file href="qti21_items/item_00087.xml"/>
      <dependency identifierref="assessment_meta"/>
    </resource>
    <resource href="qti21_items/item_00088.xml" identifier="item_00088" type="imsqti_item_xmlv2p1">
      <file href="qti21_items/item_00088.xml"/>
      <dependency identifierref="assessment_meta"/>
    </resource>
    <resource href="qti21_items/item_00089.xml" identifier="item_00089" type="imsqti_item_xmlv2p1">
      <file href="qti21_items/item_00089.xml"/>
      <dependency identifierref="assessment_meta"/>
    </resource>
    <resource href="qti21_items/item_00090.xml" identifier="item_00090" type="imsqti_item_xmlv2p1">
      <file href="qti21_items/item_00090.xml"/>
      <dependency identifierref="assessment_meta"/>
    </resource>
    <resource href="qti21_items/item_00091.xml" identifier="item_00091" type="imsqti_item_xmlv2p1">
      <file href="qti21_items/item_00091.xml"/>
      <dependency identifierref="assessment_meta"/>
    </resource>
    <resource href="qti21_items/item_00092.xml" identifier="item_00092" type="imsqti_item_xmlv2p1">
      <file href="qti21_items/item_00092.xml"/>
      <dependency identifierref="assessment_meta"/>
    </resource>
    <resource href="qti21_items/item_00093.xml" identifier="item_00093" type="imsqti_item_xmlv2p1">
      <file href="qti21_items/item_00093.xml"/>
      <dependency identifierref="assessment_meta"/>
    </resource>
    <resource href="qti21_items/item_00094.xml" identifier="item_00094" type="imsqti_item_xmlv2p1">
      <file href="qti21_items/item_00094.xml"/>
      <dependency identifierref="assessment_meta"/>
    </resource>
    <resource href="qti21_items/item_00095.xml" identifier="item_00095" type="imsqti_item_xmlv2p1">
      <file href="qti21_items/item_00095.xml"/>
      <dependency identifierref="assessment_meta"/>
    </resource>
    <resource href="qti21_items/item_00096.xml" identifier="item_00096" type="imsqti_item_xmlv2p1">
      <file href="qti21_items/item_00096.xml"/>
      <dependency identifierref="assessment_meta"/>
    </resource>
    <resource href="qti21_items/item_00097.xml" identifier="item_00097" type="imsqti_item_xmlv2p1">
      <file href="qti21_items/item_00097.xml"/>
      <dependency identifierref="assessment_meta"/>
    </resource>
    <resource href="qti21_items/item_00098.xml" identifier="item_00098" type="imsqti_item_xmlv2p1">
      <file href="qti21_items/item_00098.xml"/>
      <dependency identifierref="assessment_meta"/>
    </resource>
    <resource href="qti21_items/item_00099.xml" identifier="item_00099" type="imsqti_item_xmlv2p1">
      <file href="qti21_items/item_00099.xml"/>
      <dependency identifierref="assessment_meta"/>
    </resource>
    <resource href="qti21_items/item_00100.xml" identifier="item_00100" type="imsqti_item_xmlv2p1">
      <file href="qti21_items/item_00100.xml"/>
      <dependency identifierref="assessment_meta"/>
    </resource>
    <resource href="qti21_items/item_00101.xml" identifier="item_00101" type="imsqti_item_xmlv2p1">
      <file href="qti21_items/item_00101.xml"/>
      <dependency identifierref="assessment_meta"/>
    </resource>
    <resource href="qti21_items/item_00102.xml" identifier="item_00102" type="imsqti_item_xmlv2p1">
      <file href="qti21_items/item_00102.xml"/>
      <dependency identifierref="assessment_meta"/>
    </resource>
    <resource href="qti21_items/item_00103.xml" identifier="item_00103" type="imsqti_item_xmlv2p1">
      <file href="qti21_items/item_00103.xml"/>
      <dependency identifierref="assessment_meta"/>
    </resource>
    <resource href="qti21_items/item_00104.xml" identifier="item_00104" type="imsqti_item_xmlv2p1">
      <file href="qti21_items/item_00104.xml"/>
      <dependency identifierref="assessment_meta"/>
    </resource>
    <resource href="qti21_items/item_00105.xml" identifier="item_00105" type="imsqti_item_xmlv2p1">
      <file href="qti21_items/item_00105.xml"/>
      <dependency identifierref="assessment_meta"/>
    </resource>
    <resource href="qti21_items/item_00106.xml" identifier="item_00106" type="imsqti_item_xmlv2p1">
      <file href="qti21_items/item_00106.xml"/>
      <dependency identifierref="assessment_meta"/>
    </resource>
    <resource href="qti21_items/item_00107.xml" identifier="item_00107" type="imsqti_item_xmlv2p1">
      <file href="qti21_items/item_00107.xml"/>
      <dependency identifierref="assessment_meta"/>
    </resource>
    <resource href="qti21_items/item_00108.xml" identifier="item_00108" type="imsqti_item_xmlv2p1">
      <file href="qti21_items/item_00108.xml"/>
      <dependency identifierref="assessment_meta"/>
    </resource>
    <resource href="qti21_items/item_00109.xml" identifier="item_00109" type="imsqti_item_xmlv2p1">
      <file href="qti21_items/item_00109.xml"/>
      <dependency identifierref="assessment_meta"/>
    </resource>
    <resource href="qti21_items/item_00110.xml" identifier="item_00110" type="imsqti_item_xmlv2p1">
      <file href="qti21_items/item_00110.xml"/>
      <dependency identifierref="assessment_meta"/>
    </resource>
    <resource href="qti21_items/item_00111.xml" identifier="item_00111" type="imsqti_item_xmlv2p1">
      <file href="qti21_items/item_00111.xml"/>
      <dependency identifierref="assessment_meta"/>
    </resource>
    <resource href="qti21_items/item_00112.xml" identifier="item_00112" type="imsqti_item_xmlv2p1">
      <file href="qti21_items/item_00112.xml"/>
      <dependency identifierref="assessment_meta"/>
    </resource>
    <resource href="qti21_items/item_00113.xml" identifier="item_00113" type="imsqti_item_xmlv2p1">
      <file href="qti21_items/item_00113.xml"/>
      <dependency identifierref="assessment_meta"/>
    </resource>
    <resource href="qti21_items/item_00114.xml" identifier="item_00114" type="imsqti_item_xmlv2p1">
      <file href="qti21_items/item_00114.xml"/>
      <dependency identifierref="assessment_meta"/>
    </resource>
    <resource href="qti21_items/item_00115.xml" identifier="item_00115" type="imsqti_item_xmlv2p1">
      <file href="qti21_items/item_00115.xml"/>
      <dependency identifierref="assessment_meta"/>
    </resource>
    <resource href="qti21_items/item_00116.xml" identifier="item_00116" type="imsqti_item_xmlv2p1">
      <file href="qti21_items/item_00116.xml"/>
      <dependency identifierref="assessment_meta"/>
    </resource>
    <resource href="qti21_items/item_00117.xml" identifier="item_00117" type="imsqti_item_xmlv2p1">
      <file href="qti21_items/item_00117.xml"/>
      <dependency identifierref="assessment_meta"/>
    </resource>
    <resource href="qti21_items/item_00118.xml" identifier="item_00118" type="imsqti_item_xmlv2p1">
      <file href="qti21_items/item_00118.xml"/>
      <dependency identifierref="assessment_meta"/>
    </resource>
    <resource href="qti21_items/item_00119.xml" identifier="item_00119" type="imsqti_item_xmlv2p1">
      <file href="qti21_items/item_00119.xml"/>
      <dependency identifierref="assessment_meta"/>
    </resource>
    <resource href="qti21_items/item_00120.xml" identifier="item_00120" type="imsqti_item_xmlv2p1">
      <file href="qti21_items/item_00120.xml"/>
      <dependency identifierref="assessment_meta"/>
    </resource>
    <resource href="qti21_items/item_00121.xml" identifier="item_00121" type="imsqti_item_xmlv2p1">
      <file href="qti21_items/item_00121.xml"/>
      <dependency identifierref="assessment_meta"/>
    </resource>
    <resource href="qti21_items/item_00122.xml" identifier="item_00122" type="imsqti_item_xmlv2p1">
      <file href="qti21_items/item_00122.xml"/>
      <dependency identifierref="assessment_meta"/>
    </resource>
    <resource href="qti21_items/item_00123.xml" identifier="item_00123" type="imsqti_item_xmlv2p1">
      <file href="qti21_items/item_00123.xml"/>
      <dependency identifierref="assessment_meta"/>
    </resource>
    <resource href="qti21_items/item_00124.xml" identifier="item_00124" type="imsqti_item_xmlv2p1">
      <file href="qti21_items/item_00124.xml"/>
      <dependency identifierref="assessment_meta"/>
    </resource>
    <resource href="qti21_items/item_00125.xml" identifier="item_00125" type="imsqti_item_xmlv2p1">
      <file href="qti21_items/item_00125.xml"/>
      <dependency identifierref="assessment_meta"/>
    </resource>
    <resource href="qti21_items/item_00126.xml" identifier="item_00126" type="imsqti_item_xmlv2p1">
      <file href="qti21_items/item_00126.xml"/>
      <dependency identifierref="assessment_meta"/>
    </resource>
    <resource href="qti21_items/item_00127.xml" identifier="item_00127" type="imsqti_item_xmlv2p1">
      <file href="qti21_items/item_00127.xml"/>
      <dependency identifierref="assessment_meta"/>
    </resource>
    <resource href="qti21_items/item_00128.xml" identifier="item_00128" type="imsqti_item_xmlv2p1">
      <file href="qti21_items/item_00128.xml"/>
      <dependency identifierref="assessment_meta"/>
    </resource>
    <resource href="qti21_items/item_00129.xml" identifier="item_00129" type="imsqti_item_xmlv2p1">
      <file href="qti21_items/item_00129.xml"/>
      <dependency identifierref="assessment_meta"/>
    </resource>
    <resource href="qti21_items/item_00130.xml" identifier="item_00130" type="imsqti_item_xmlv2p1">
      <file href="qti21_items/item_00130.xml"/>
      <dependency identifierref="assessment_meta"/>
    </resource>
    <resource href="qti21_items/item_00131.xml" identifier="item_00131" type="imsqti_item_xmlv2p1">
      <file href="qti21_items/item_00131.xml"/>
      <dependency identifierref="assessment_meta"/>
    </resource>
    <resource href="qti21_items/item_00132.xml" identifier="item_00132" type="imsqti_item_xmlv2p1">
      <file href="qti21_items/item_00132.xml"/>
      <dependency identifierref="assessment_meta"/>
    </resource>
    <resource href="qti21_items/item_00133.xml" identifier="item_00133" type="imsqti_item_xmlv2p1">
      <file href="qti21_items/item_00133.xml"/>
      <dependency identifierref="assessment_meta"/>
    </resource>
    <resource href="qti21_items/item_00134.xml" identifier="item_00134" type="imsqti_item_xmlv2p1">
      <file href="qti21_items/item_00134.xml"/>
      <dependency identifierref="assessment_meta"/>
    </resource>
    <resource href="qti21_items/item_00135.xml" identifier="item_00135" type="imsqti_item_xmlv2p1">
      <file href="qti21_items/item_00135.xml"/>
      <dependency identifierref="assessment_meta"/>
    </resource>
    <resource href="qti21_items/item_00136.xml" identifier="item_00136" type="imsqti_item_xmlv2p1">
      <file href="qti21_items/item_00136.xml"/>
      <dependency identifierref="assessment_meta"/>
    </resource>
    <resource href="qti21_items/item_00137.xml" identifier="item_00137" type="imsqti_item_xmlv2p1">
      <file href="qti21_items/item_00137.xml"/>
      <dependency identifierref="assessment_meta"/>
    </resource>
    <resource href="qti21_items/item_00138.xml" identifier="item_00138" type="imsqti_item_xmlv2p1">
      <file href="qti21_items/item_00138.xml"/>
      <dependency identifierref="assessment_meta"/>
    </resource>
    <resource href="qti21_items/item_00139.xml" identifier="item_00139" type="imsqti_item_xmlv2p1">
      <file href="qti21_items/item_00139.xml"/>
      <dependency identifierref="assessment_meta"/>
    </resource>
    <resource href="qti21_items/item_00140.xml" identifier="item_00140" type="imsqti_item_xmlv2p1">
      <file href="qti21_items/item_00140.xml"/>
      <dependency identifierref="assessment_meta"/>
    </resource>
    <resource href="qti21_items/item_00141.xml" identifier="item_00141" type="imsqti_item_xmlv2p1">
      <file href="qti21_items/item_00141.xml"/>
      <dependency identifierref="assessment_meta"/>
    </resource>
    <resource href="qti21_items/item_00142.xml" identifier="item_00142" type="imsqti_item_xmlv2p1">
      <file href="qti21_items/item_00142.xml"/>
      <dependency identifierref="assessment_meta"/>
    </resource>
    <resource href="qti21_items/item_00143.xml" identifier="item_00143" type="imsqti_item_xmlv2p1">
      <file href="qti21_items/item_00143.xml"/>
      <dependency identifierref="assessment_meta"/>
    </resource>
    <resource href="qti21_items/item_00144.xml" identifier="item_00144" type="imsqti_item_xmlv2p1">
      <file href="qti21_items/item_00144.xml"/>
      <dependency identifierref="assessment_meta"/>
    </resource>
    <resource href="qti21_items/item_00145.xml" identifier="item_00145" type="imsqti_item_xmlv2p1">
      <file href="qti21_items/item_00145.xml"/>
      <dependency identifierref="assessment_meta"/>
    </resource>
    <resource href="qti21_items/item_00146.xml" identifier="item_00146" type="imsqti_item_xmlv2p1">
      <file href="qti21_items/item_00146.xml"/>
      <dependency identifierref="assessment_meta"/>
    </resource>
    <resource href="qti21_items/item_00147.xml" identifier="item_00147" type="imsqti_item_xmlv2p1">
      <file href="qti21_items/item_00147.xml"/>
      <dependency identifierref="assessment_meta"/>
    </resource>
    <resource href="qti21_items/item_00148.xml" identifier="item_00148" type="imsqti_item_xmlv2p1">
      <file href="qti21_items/item_00148.xml"/>
      <dependency identifierref="assessment_meta"/>
    </resource>
    <resource href="qti21_items/item_00149.xml" identifier="item_00149" type="imsqti_item_xmlv2p1">
      <file href="qti21_items/item_00149.xml"/>
      <dependency identifierref="assessment_meta"/>
    </resource>
    <resource href="qti21_items/item_00150.xml" identifier="item_00150" type="imsqti_item_xmlv2p1">
      <file href="qti21_items/item_00150.xml"/>
      <dependency identifierref="assessment_meta"/>
    </resource>
    <resource href="qti21_items/item_00151.xml" identifier="item_00151" type="imsqti_item_xmlv2p1">
      <file href="qti21_items/item_00151.xml"/>
      <dependency identifierref="assessment_meta"/>
    </resource>
    <resource href="qti21_items/item_00152.xml" identifier="item_00152" type="imsqti_item_xmlv2p1">
      <file href="qti21_items/item_00152.xml"/>
      <dependency identifierref="assessment_meta"/>
    </resource>
    <resource href="qti21_items/item_00153.xml" identifier="item_00153" type="imsqti_item_xmlv2p1">
      <file href="qti21_items/item_00153.xml"/>
      <dependency identifierref="assessment_meta"/>
    </resource>
    <resource href="qti21_items/item_00154.xml" identifier="item_00154" type="imsqti_item_xmlv2p1">
      <file href="qti21_items/item_00154.xml"/>
      <dependency identifierref="assessment_meta"/>
    </resource>
    <resource href="qti21_items/item_00155.xml" identifier="item_00155" type="imsqti_item_xmlv2p1">
      <file href="qti21_items/item_00155.xml"/>
      <dependency identifierref="assessment_meta"/>
    </resource>
    <resource href="qti21_items/item_00156.xml" identifier="item_00156" type="imsqti_item_xmlv2p1">
      <file href="qti21_items/item_00156.xml"/>
      <dependency identifierref="assessment_meta"/>
    </resource>
    <resource href="qti21_items/item_00157.xml" identifier="item_00157" type="imsqti_item_xmlv2p1">
      <file href="qti21_items/item_00157.xml"/>
      <dependency identifierref="assessment_meta"/>
    </resource>
    <resource href="qti21_items/item_00158.xml" identifier="item_00158" type="imsqti_item_xmlv2p1">
      <file href="qti21_items/item_00158.xml"/>
      <dependency identifierref="assessment_meta"/>
    </resource>
    <resource href="qti21_items/item_00159.xml" identifier="item_00159" type="imsqti_item_xmlv2p1">
      <file href="qti21_items/item_00159.xml"/>
      <dependency identifierref="assessment_meta"/>
    </resource>
    <resource href="qti21_items/item_00160.xml" identifier="item_00160" type="imsqti_item_xmlv2p1">
      <file href="qti21_items/item_00160.xml"/>
      <dependency identifierref="assessment_meta"/>
    </resource>
    <resource href="qti21_items/item_00161.xml" identifier="item_00161" type="imsqti_item_xmlv2p1">
      <file href="qti21_items/item_00161.xml"/>
      <dependency identifierref="assessment_meta"/>
    </resource>
    <resource href="qti21_items/item_00162.xml" identifier="item_00162" type="imsqti_item_xmlv2p1">
      <file href="qti21_items/item_00162.xml"/>
      <dependency identifierref="assessment_meta"/>
    </resource>
    <resource href="qti21_items/item_00163.xml" identifier="item_00163" type="imsqti_item_xmlv2p1">
      <file href="qti21_items/item_00163.xml"/>
      <dependency identifierref="assessment_meta"/>
    </resource>
    <resource href="qti21_items/item_00164.xml" identifier="item_00164" type="imsqti_item_xmlv2p1">
      <file href="qti21_items/item_00164.xml"/>
      <dependency identifierref="assessment_meta"/>
    </resource>
    <resource href="qti21_items/item_00165.xml" identifier="item_00165" type="imsqti_item_xmlv2p1">
      <file href="qti21_items/item_00165.xml"/>
      <dependency identifierref="assessment_meta"/>
    </resource>
    <resource href="qti21_items/item_00166.xml" identifier="item_00166" type="imsqti_item_xmlv2p1">
      <file href="qti21_items/item_00166.xml"/>
      <dependency identifierref="assessment_meta"/>
    </resource>
    <resource href="qti21_items/item_00167.xml" identifier="item_00167" type="imsqti_item_xmlv2p1">
      <file href="qti21_items/item_00167.xml"/>
      <dependency identifierref="assessment_meta"/>
    </resource>
    <resource href="qti21_items/item_00168.xml" identifier="item_00168" type="imsqti_item_xmlv2p1">
      <file href="qti21_items/item_00168.xml"/>
      <dependency identifierref="assessment_meta"/>
    </resource>
    <resource href="qti21_items/item_00169.xml" identifier="item_00169" type="imsqti_item_xmlv2p1">
      <file href="qti21_items/item_00169.xml"/>
      <dependency identifierref="assessment_meta"/>
    </resource>
    <resource href="qti21_items/item_00170.xml" identifier="item_00170" type="imsqti_item_xmlv2p1">
      <file href="qti21_items/item_00170.xml"/>
      <dependency identifierref="assessment_meta"/>
    </resource>
    <resource href="qti21_items/item_00171.xml" identifier="item_00171" type="imsqti_item_xmlv2p1">
      <file href="qti21_items/item_00171.xml"/>
      <dependency identifierref="assessment_meta"/>
    </resource>
    <resource href="qti21_items/item_00172.xml" identifier="item_00172" type="imsqti_item_xmlv2p1">
      <file href="qti21_items/item_00172.xml"/>
      <dependency identifierref="assessment_meta"/>
    </resource>
    <resource href="qti21_items/item_00173.xml" identifier="item_00173" type="imsqti_item_xmlv2p1">
      <file href="qti21_items/item_00173.xml"/>
      <dependency identifierref="assessment_meta"/>
    </resource>
    <resource href="qti21_items/item_00174.xml" identifier="item_00174" type="imsqti_item_xmlv2p1">
      <file href="qti21_items/item_00174.xml"/>
      <dependency identifierref="assessment_meta"/>
    </resource>
    <resource href="qti21_items/item_00175.xml" identifier="item_00175" type="imsqti_item_xmlv2p1">
      <file href="qti21_items/item_00175.xml"/>
      <dependency identifierref="assessment_meta"/>
    </resource>
    <resource href="qti21_items/item_00176.xml" identifier="item_00176" type="imsqti_item_xmlv2p1">
      <file href="qti21_items/item_00176.xml"/>
      <dependency identifierref="assessment_meta"/>
    </resource>
    <resource href="qti21_items/item_00177.xml" identifier="item_00177" type="imsqti_item_xmlv2p1">
      <file href="qti21_items/item_00177.xml"/>
      <dependency identifierref="assessment_meta"/>
    </resource>
    <resource href="qti21_items/item_00178.xml" identifier="item_00178" type="imsqti_item_xmlv2p1">
      <file href="qti21_items/item_00178.xml"/>
      <dependency identifierref="assessment_meta"/>
    </resource>
    <resource href="qti21_items/item_00179.xml" identifier="item_00179" type="imsqti_item_xmlv2p1">
      <file href="qti21_items/item_00179.xml"/>
      <dependency identifierref="assessment_meta"/>
    </resource>
    <resource href="qti21_items/item_00180.xml" identifier="item_00180" type="imsqti_item_xmlv2p1">
      <file href="qti21_items/item_00180.xml"/>
      <dependency identifierref="assessment_meta"/>
    </resource>
    <resource href="qti21_items/item_00181.xml" identifier="item_00181" type="imsqti_item_xmlv2p1">
      <file href="qti21_items/item_00181.xml"/>
      <dependency identifierref="assessment_meta"/>
    </resource>
    <resource href="qti21_items/item_00182.xml" identifier="item_00182" type="imsqti_item_xmlv2p1">
      <file href="qti21_items/item_00182.xml"/>
      <dependency identifierref="assessment_meta"/>
    </resource>
    <resource href="qti21_items/item_00183.xml" identifier="item_00183" type="imsqti_item_xmlv2p1">
      <file href="qti21_items/item_00183.xml"/>
      <dependency identifierref="assessment_meta"/>
    </resource>
    <resource href="qti21_items/item_00184.xml" identifier="item_00184" type="imsqti_item_xmlv2p1">
      <file href="qti21_items/item_00184.xml"/>
      <dependency identifierref="assessment_meta"/>
    </resource>
    <resource href="qti21_items/item_00185.xml" identifier="item_00185" type="imsqti_item_xmlv2p1">
      <file href="qti21_items/item_00185.xml"/>
      <dependency identifierref="assessment_meta"/>
    </resource>
    <resource href="qti21_items/item_00186.xml" identifier="item_00186" type="imsqti_item_xmlv2p1">
      <file href="qti21_items/item_00186.xml"/>
      <dependency identifierref="assessment_meta"/>
    </resource>
    <resource href="qti21_items/item_00187.xml" identifier="item_00187" type="imsqti_item_xmlv2p1">
      <file href="qti21_items/item_00187.xml"/>
      <dependency identifierref="assessment_meta"/>
    </resource>
    <resource href="qti21_items/item_00188.xml" identifier="item_00188" type="imsqti_item_xmlv2p1">
      <file href="qti21_items/item_00188.xml"/>
      <dependency identifierref="assessment_meta"/>
    </resource>
    <resource href="qti21_items/item_00189.xml" identifier="item_00189" type="imsqti_item_xmlv2p1">
      <file href="qti21_items/item_00189.xml"/>
      <dependency identifierref="assessment_meta"/>
    </resource>
    <resource href="qti21_items/item_00190.xml" identifier="item_00190" type="imsqti_item_xmlv2p1">
      <file href="qti21_items/item_00190.xml"/>
      <dependency identifierref="assessment_meta"/>
    </resource>
    <resource href="qti21_items/item_00191.xml" identifier="item_00191" type="imsqti_item_xmlv2p1">
      <file href="qti21_items/item_00191.xml"/>
      <dependency identifierref="assessment_meta"/>
    </resource>
    <resource href="qti21_items/item_00192.xml" identifier="item_00192" type="imsqti_item_xmlv2p1">
      <file href="qti21_items/item_00192.xml"/>
      <dependency identifierref="assessment_meta"/>
    </resource>
    <resource href="qti21_items/item_00193.xml" identifier="item_00193" type="imsqti_item_xmlv2p1">
      <file href="qti21_items/item_00193.xml"/>
      <dependency identifierref="assessment_meta"/>
    </resource>
    <resource href="qti21_items/item_00194.xml" identifier="item_00194" type="imsqti_item_xmlv2p1">
      <file href="qti21_items/item_00194.xml"/>
      <dependency identifierref="assessment_meta"/>
    </resource>
    <resource href="qti21_items/item_00195.xml" identifier="item_00195" type="imsqti_item_xmlv2p1">
      <file href="qti21_items/item_00195.xml"/>
      <dependency identifierref="assessment_meta"/>
    </resource>
    <resource href="qti21_items/item_00196.xml" identifier="item_00196" type="imsqti_item_xmlv2p1">
      <file href="qti21_items/item_00196.xml"/>
      <dependency identifierref="assessment_meta"/>
    </resource>
    <resource href="qti21_items/item_00197.xml" identifier="item_00197" type="imsqti_item_xmlv2p1">
      <file href="qti21_items/item_00197.xml"/>
      <dependency identifierref="assessment_meta"/>
    </resource>
    <resource href="qti21_items/item_00198.xml" identifier="item_00198" type="imsqti_item_xmlv2p1">
      <file href="qti21_items/item_00198.xml"/>
      <dependency identifierref="assessment_meta"/>
    </resource>
    <resource href="qti21_items/assessment_meta.xml" identifier="assessment_meta" type="imsqti_test_xmlv2p1">
      <file href="qti21_items/assessment_meta.xml"/>
      <dependency identifierref="item_00001"/>
      <dependency identifierref="item_00002"/>
      <dependency identifierref="item_00003"/>
      <dependency identifierref="item_00004"/>
      <dependency identifierref="item_00005"/>
      <dependency identifierref="item_00006"/>
      <dependency identifierref="item_00007"/>
      <dependency identifierref="item_00008"/>
      <dependency identifierref="item_00009"/>
      <dependency identifierref="item_00010"/>
      <dependency identifierref="item_00011"/>
      <dependency identifierref="item_00012"/>
      <dependency identifierref="item_00013"/>
      <dependency identifierref="item_00014"/>
      <dependency identifierref="item_00015"/>
      <dependency identifierref="item_00016"/>
      <dependency identifierref="item_00017"/>
      <dependency identifierref="item_00018"/>
      <dependency identifierref="item_00019"/>
      <dependency identifierref="item_00020"/>
      <dependency identifierref="item_00021"/>
      <dependency identifierref="item_00022"/>
      <dependency identifierref="item_00023"/>
      <dependency identifierref="item_00024"/>
      <dependency identifierref="item_00025"/>
      <dependency identifierref="item_00026"/>
      <dependency identifierref="item_00027"/>
      <dependency identifierref="item_00028"/>
      <dependency identifierref="item_00029"/>
      <dependency identifierref="item_00030"/>
      <dependency identifierref="item_00031"/>
      <dependency identifierref="item_00032"/>
      <dependency identifierref="item_00033"/>
      <dependency identifierref="item_00034"/>
      <dependency identifierref="item_00035"/>
      <dependency identifierref="item_00036"/>
      <dependency identifierref="item_00037"/>
      <dependency identifierref="item_00038"/>
      <dependency identifierref="item_00039"/>
      <dependency identifierref="item_00040"/>
      <dependency identifierref="item_00041"/>
      <dependency identifierref="item_00042"/>
      <dependency identifierref="item_00043"/>
      <dependency identifierref="item_00044"/>
      <dependency identifierref="item_00045"/>
      <dependency identifierref="item_00046"/>
      <dependency identifierref="item_00047"/>
      <dependency identifierref="item_00048"/>
      <dependency identifierref="item_00049"/>
      <dependency identifierref="item_00050"/>
      <dependency identifierref="item_00051"/>
      <dependency identifierref="item_00052"/>
      <dependency identifierref="item_00053"/>
      <dependency identifierref="item_00054"/>
      <dependency identifierref="item_00055"/>
      <dependency identifierref="item_00056"/>
      <dependency identifierref="item_00057"/>
      <dependency identifierref="item_00058"/>
      <dependency identifierref="item_00059"/>
      <dependency identifierref="item_00060"/>
      <dependency identifierref="item_00061"/>
      <dependency identifierref="item_00062"/>
      <dependency identifierref="item_00063"/>
      <dependency identifierref="item_00064"/>
      <dependency identifierref="item_00065"/>
      <dependency identifierref="item_00066"/>
      <dependency identifierref="item_00067"/>
      <dependency identifierref="item_00068"/>
      <dependency identifierref="item_00069"/>
      <dependency identifierref="item_00070"/>
      <dependency identifierref="item_00071"/>
      <dependency identifierref="item_00072"/>
      <dependency identifierref="item_00073"/>
      <dependency identifierref="item_00074"/>
      <dependency identifierref="item_00075"/>
      <dependency identifierref="item_00076"/>
      <dependency identifierref="item_00077"/>
      <dependency identifierref="item_00078"/>
      <dependency identifierref="item_00079"/>
      <dependency identifierref="item_00080"/>
      <dependency identifierref="item_00081"/>
      <dependency identifierref="item_00082"/>
      <dependency identifierref="item_00083"/>
      <dependency identifierref="item_00084"/>
      <dependency identifierref="item_00085"/>
      <dependency identifierref="item_00086"/>
      <dependency identifierref="item_00087"/>
      <dependency identifierref="item_00088"/>
      <dependency identifierref="item_00089"/>
      <dependency identifierref="item_00090"/>
      <dependency identifierref="item_00091"/>
      <dependency identifierref="item_00092"/>
      <dependency identifierref="item_00093"/>
      <dependency identifierref="item_00094"/>
      <dependency identifierref="item_00095"/>
      <dependency identifierref="item_00096"/>
      <dependency identifierref="item_00097"/>
      <dependency identifierref="item_00098"/>
      <dependency identifierref="item_00099"/>
      <dependency identifierref="item_00100"/>
      <dependency identifierref="item_00101"/>
      <dependency identifierref="item_00102"/>
      <dependency identifierref="item_00103"/>
      <dependency identifierref="item_00104"/>
      <dependency identifierref="item_00105"/>
      <dependency identifierref="item_00106"/>
      <dependency identifierref="item_00107"/>
      <dependency identifierref="item_00108"/>
      <dependency identifierref="item_00109"/>
      <dependency identifierref="item_00110"/>
      <dependency identifierref="item_00111"/>
      <dependency identifierref="item_00112"/>
      <dependency identifierref="item_00113"/>
      <dependency identifierref="item_00114"/>
      <dependency identifierref="item_00115"/>
      <dependency identifierref="item_00116"/>
      <dependency identifierref="item_00117"/>
      <dependency identifierref="item_00118"/>
      <dependency identifierref="item_00119"/>
      <dependency identifierref="item_00120"/>
      <dependency identifierref="item_00121"/>
      <dependency identifierref="item_00122"/>
      <dependency identifierref="item_00123"/>
      <dependency identifierref="item_00124"/>
      <dependency identifierref="item_00125"/>
      <dependency identifierref="item_00126"/>
      <dependency identifierref="item_00127"/>
      <dependency identifierref="item_00128"/>
      <dependency identifierref="item_00129"/>
      <dependency identifierref="item_00130"/>
      <dependency identifierref="item_00131"/>
      <dependency identifierref="item_00132"/>
      <dependency identifierref="item_00133"/>
      <dependency identifierref="item_00134"/>
      <dependency identifierref="item_00135"/>
      <dependency identifierref="item_00136"/>
      <dependency identifierref="item_00137"/>
      <dependency identifierref="item_00138"/>
      <dependency identifierref="item_00139"/>
      <dependency identifierref="item_00140"/>
      <dependency identifierref="item_00141"/>
      <dependency identifierref="item_00142"/>
      <dependency identifierref="item_00143"/>
      <dependency identifierref="item_00144"/>
      <dependency identifierref="item_00145"/>
      <dependency identifierref="item_00146"/>
      <dependency identifierref="item_00147"/>
      <dependency identifierref="item_00148"/>
      <dependency identifierref="item_00149"/>
      <dependency identifierref="item_00150"/>
      <dependency identifierref="item_00151"/>
      <dependency identifierref="item_00152"/>
      <dependency identifierref="item_00153"/>
      <dependency identifierref="item_00154"/>
      <dependency identifierref="item_00155"/>
      <dependency identifierref="item_00156"/>
      <dependency identifierref="item_00157"/>
      <dependency identifierref="item_00158"/>
      <dependency identifierref="item_00159"/>
      <dependency identifierref="item_00160"/>
      <dependency identifierref="item_00161"/>
      <dependency identifierref="item_00162"/>
      <dependency identifierref="item_00163"/>
      <dependency identifierref="item_00164"/>
      <dependency identifierref="item_00165"/>
      <dependency identifierref="item_00166"/>
      <dependency identifierref="item_00167"/>
      <dependency identifierref="item_00168"/>
      <dependency identifierref="item_00169"/>
      <dependency identifierref="item_00170"/>
      <dependency identifierref="item_00171"/>
      <dependency identifierref="item_00172"/>
      <dependency identifierref="item_00173"/>
      <dependency identifierref="item_00174"/>
      <dependency identifierref="item_00175"/>
      <dependency identifierref="item_00176"/>
      <dependency identifierref="item_00177"/>
      <dependency identifierref="item_00178"/>
      <dependency identifierref="item_00179"/>
      <dependency identifierref="item_00180"/>
      <dependency identifierref="item_00181"/>
      <dependency identifierref="item_00182"/>
      <dependency identifierref="item_00183"/>
      <dependency identifierref="item_00184"/>
      <dependency identifierref="item_00185"/>
      <dependency identifierref="item_00186"/>
      <dependency identifierref="item_00187"/>
      <dependency identifierref="item_00188"/>
      <dependency identifierref="item_00189"/>
      <dependency identifierref="item_00190"/>
      <dependency identifierref="item_00191"/>
      <dependency identifierref="item_00192"/>
      <dependency identifierref="item_00193"/>
      <dependency identifierref="item_00194"/>
      <dependency identifierref="item_00195"/>
      <dependency identifierref="item_00196"/>
      <dependency identifierref="item_00197"/>
      <dependency identifierref="item_00198"/>
    </resource>
  </resources>
</manifest>
