<?xml version='1.0' encoding='UTF-8'?>
<assessmentItem xmlns="http://www.imsglobal.org/xsd/imsqti_v2p1" xmlns:xsi="http://www.w3.org/2001/XMLSchema-instance" xmlns:ns8="http://www.w3.org/1999/xlink" xmlns:ns9="http://www.imsglobal.org/xsd/apip/apipv1p0/imsapip_qtiv1p0" xsi:schemaLocation="http://www.imsglobal.org/xsd/imsqti_v2p1 http://www.imsglobal.org/xsd/qti/qtiv2p1/imsqti_v2p1.xsd" title="3b23_4552_45a0" adaptive="false" timeDependent="false" identifier="3b23_4552_45a0">
  <responseDeclaration baseType="string" cardinality="single" identifier="RESPONSE">
    <correctResponse>
      <value>Phenylalanine</value>
      <value>phenylalanine</value>
    </correctResponse>
    <mapping>
      <mapEntry mapKey="Phenylalanine" caseSensitive="false" mappedValue="100.0"/>
      <mapEntry mapKey="phenylalanine" caseSensitive="false" mappedValue="100.0"/>
    </mapping>
  </responseDeclaration>
  <outcomeDeclaration baseType="float" cardinality="single" identifier="SCORE"/>
  <itemBody>
    <div>
      <script src="https://unpkg.com/@rdkit/rdkit/dist/RDKit_minimal.js"/>
      <p>
        <canvas id="canvas_ccbb" width="480" height="320"/>
      </p>
      <script>/* */initRDKitModule().then(function(instance){RDKitModule=instance;console.log("RDKit:"+RDKitModule.version());/* */let/* */smiles="C1=CC=C(C=C1)C[C@@H](C(=O)O)N";let/* */mol=RDKitModule.get_mol(smiles);let/* */mdetails={};mdetails["legend"]="";mdetails["explicitMethyl"]=true;canvas=document.getElementById("canvas_ccbb");mol.draw_to_canvas_with_highlights(canvas,JSON.stringify(mdetails));});/* */</script>
      <h3>Which amino<span style="font-size: 1px; color: white;">plan</span>acid<span style="font-size: 1px; color: white;">anna</span>is<span style="font-size: 1px; color: white;">check</span>represented<span style="font-size: 1px; color: white;">wall</span>by<span style="font-size: 1px; color: white;">act</span>the<span style="font-size: 1px; color: white;">should</span>chemical<span style="font-size: 1px; color: white;">facial</span>structure<span style="font-size: 1px; color: white;">uga</span>shown<span style="font-size: 1px; color: white;">break</span>above?</h3>
      <span style="font-size: 1px; color: white;">liver</span>
    </div>
    <p>
      <textEntryInteraction responseIdentifier="RESPONSE"/>
    </p>
  </itemBody>
  <responseProcessing>
    <responseCondition>
      <responseIf>
        <match>
          <variable identifier="RESPONSE"/>
          <correct identifier="RESPONSE"/>
        </match>
      </responseIf>
    </responseCondition>
  </responseProcessing>
</assessmentItem>
