<?xml version='1.0' encoding='UTF-8'?>
<assessmentItem xmlns="http://www.imsglobal.org/xsd/imsqti_v2p1" xmlns:xsi="http://www.w3.org/2001/XMLSchema-instance" xmlns:ns8="http://www.w3.org/1999/xlink" xmlns:ns9="http://www.imsglobal.org/xsd/apip/apipv1p0/imsapip_qtiv1p0" xsi:schemaLocation="http://www.imsglobal.org/xsd/imsqti_v2p1 http://www.imsglobal.org/xsd/qti/qtiv2p1/imsqti_v2p1.xsd" title="d8cb_dcd0_fd87" adaptive="false" timeDependent="false" identifier="d8cb_dcd0_fd87">
  <responseDeclaration baseType="string" cardinality="single" identifier="RESPONSE">
    <correctResponse>
      <value>Serine</value>
      <value>serine</value>
    </correctResponse>
    <mapping>
      <mapEntry mapKey="Serine" caseSensitive="false" mappedValue="100.0"/>
      <mapEntry mapKey="serine" caseSensitive="false" mappedValue="100.0"/>
    </mapping>
  </responseDeclaration>
  <outcomeDeclaration baseType="float" cardinality="single" identifier="SCORE"/>
  <itemBody>
    <div>
      <script src="https://unpkg.com/@rdkit/rdkit/dist/RDKit_minimal.js"/>
      <p>
        <canvas id="canvas_6093" width="480" height="320"/>
      </p>
      <script>/* */initRDKitModule().then(function(instance){RDKitModule=instance;console.log("RDKit:"+RDKitModule.version());/* */let/* */smiles="C([C@@H](C(=O)O)N)O";let/* */mol=RDKitModule.get_mol(smiles);let/* */mdetails={};mdetails["legend"]="";mdetails["explicitMethyl"]=true;canvas=document.getElementById("canvas_6093");mol.draw_to_canvas_with_highlights(canvas,JSON.stringify(mdetails));});/* */</script>
      <h3>Which<span style="font-size: 1px; color: white;">brew</span>amino acid<span style="font-size: 1px; color: white;">avie</span>is<span style="font-size: 1px; color: white;">chat</span>represented<span style="font-size: 1px; color: white;">falsee</span>by the<span style="font-size: 1px; color: white;">truthh</span>chemical structure<span style="font-size: 1px; color: white;">cycler</span>shown<span style="font-size: 1px; color: white;">want</span>above?</h3>
      <span style="font-size: 1px; color: white;">nail</span>
    </div>
    <p>
      <textEntryInteraction responseIdentifier="RESPONSE"/>
    </p>
  </itemBody>
  <responseProcessing>
    <responseCondition>
      <responseIf>
        <match>
          <variable identifier="RESPONSE"/>
          <correct identifier="RESPONSE"/>
        </match>
      </responseIf>
    </responseCondition>
  </responseProcessing>
</assessmentItem>
