<?xml version='1.0' encoding='UTF-8'?>
<assessmentItem xmlns="http://www.imsglobal.org/xsd/imsqti_v2p1" xmlns:xsi="http://www.w3.org/2001/XMLSchema-instance" xmlns:ns8="http://www.w3.org/1999/xlink" xmlns:ns9="http://www.imsglobal.org/xsd/apip/apipv1p0/imsapip_qtiv1p0" xsi:schemaLocation="http://www.imsglobal.org/xsd/imsqti_v2p1 http://www.imsglobal.org/xsd/qti/qtiv2p1/imsqti_v2p1.xsd" title="5710_8f5d_cdac" adaptive="false" timeDependent="false" identifier="5710_8f5d_cdac">
  <responseDeclaration baseType="float" cardinality="single" identifier="RESPONSE">
    <correctResponse>
      <value>210.0</value>
    </correctResponse>
  </responseDeclaration>
  <outcomeDeclaration baseType="float" cardinality="single" identifier="SCORE"/>
  <itemBody>
    <div>
      <p>You are preparing <span style="font-size: 1.05em;"><span style="font-family: monospace;">220.0 mL</span> with dilution<span style="font-size: 1px; color: white;">events</span>factor <span style="color: #228b22;"><span style="font-family: monospace;">DF=22</span></span></span>.</p>
      <p>What <span style="color: #005cb3;">volume of<span style="font-size: 1px; color: white;">joy</span>diluent</span> in<span style="font-size: 1px; color: white;">zfn</span>milliliters (mL) do<span style="font-size: 1px; color: white;">pumps</span>you<span style="font-size: 1px; color: white;">edge</span>add<span style="font-size: 1px; color: white;">wall</span>to<span style="font-size: 1px; color: white;">bnotb</span>the <span style="color: #7a1f7a;">aliquoted<span style="font-size: 1px; color: white;">common</span>sample</span>?</p>
      <span style="font-size: 1px; color: white;">kind</span>
      <p>
        <i>Note: answers need to be within 1% of the correct number to be correct.</i>
      </p>
    </div>
    <p>
      <textEntryInteraction responseIdentifier="RESPONSE"/>
    </p>
  </itemBody>
  <responseProcessing>
    <responseCondition>
      <responseIf>
        <equal toleranceMode="absolute" tolerance="0.9 0.9" includeLowerBound="true" includeUpperBound="true">
          <variable identifier="RESPONSE"/>
          <correct identifier="RESPONSE"/>
        </equal>
        <setOutcomeValue identifier="SCORE">
          <baseValue baseType="float">100</baseValue>
        </setOutcomeValue>
      </responseIf>
      <responseElse>
        <setOutcomeValue identifier="SCORE">
          <baseValue baseType="float">0</baseValue>
        </setOutcomeValue>
      </responseElse>
    </responseCondition>
  </responseProcessing>
</assessmentItem>
