<?xml version='1.0' encoding='UTF-8'?>
<assessmentItem xmlns="http://www.imsglobal.org/xsd/imsqti_v2p1" xmlns:xsi="http://www.w3.org/2001/XMLSchema-instance" xmlns:ns8="http://www.w3.org/1999/xlink" xmlns:ns9="http://www.imsglobal.org/xsd/apip/apipv1p0/imsapip_qtiv1p0" xsi:schemaLocation="http://www.imsglobal.org/xsd/imsqti_v2p1 http://www.imsglobal.org/xsd/qti/qtiv2p1/imsqti_v2p1.xsd" title="aab3_67c0_e125" adaptive="false" timeDependent="false" identifier="aab3_67c0_e125">
  <responseDeclaration baseType="float" cardinality="single" identifier="RESPONSE">
    <correctResponse>
      <value>268.8</value>
    </correctResponse>
  </responseDeclaration>
  <outcomeDeclaration baseType="float" cardinality="single" identifier="SCORE"/>
  <itemBody>
    <div>
      <p>You<span style="font-size: 1px; color: white;">chisup</span>are<span style="font-size: 1px; color: white;">rnasip</span>preparing <span style="font-size: 1.05em;"><span style="font-family: monospace;">272.0 mL</span> with<span style="font-size: 1px; color: white;">energy</span>dilution<span style="font-size: 1px; color: white;">gel</span>factor <span style="color: #228b22;"><span style="font-family: monospace;">DF=85</span></span></span>.</p>
      <p>What <span style="color: #005cb3;">volume<span style="font-size: 1px; color: white;">few</span>of<span style="font-size: 1px; color: white;">mobile</span>diluent</span> in<span style="font-size: 1px; color: white;">german</span>milliliters (mL) do<span style="font-size: 1px; color: white;">navy</span>you<span style="font-size: 1px; color: white;">juice</span>add<span style="font-size: 1px; color: white;">coat</span>to<span style="font-size: 1px; color: white;">dry</span>the <span style="color: #7a1f7a;">aliquoted<span style="font-size: 1px; color: white;">xeno</span>sample</span>?</p>
      <span style="font-size: 1px; color: white;">must</span>
      <p>
        <i>Note: answers need to be within 1% of the correct number to be correct.</i>
      </p>
    </div>
    <p>
      <textEntryInteraction responseIdentifier="RESPONSE"/>
    </p>
  </itemBody>
  <responseProcessing>
    <responseCondition>
      <responseIf>
        <equal toleranceMode="absolute" tolerance="0.9 0.9" includeLowerBound="true" includeUpperBound="true">
          <variable identifier="RESPONSE"/>
          <correct identifier="RESPONSE"/>
        </equal>
        <setOutcomeValue identifier="SCORE">
          <baseValue baseType="float">100</baseValue>
        </setOutcomeValue>
      </responseIf>
      <responseElse>
        <setOutcomeValue identifier="SCORE">
          <baseValue baseType="float">0</baseValue>
        </setOutcomeValue>
      </responseElse>
    </responseCondition>
  </responseProcessing>
</assessmentItem>
