<?xml version='1.0' encoding='UTF-8'?>
<assessmentItem xmlns="http://www.imsglobal.org/xsd/imsqti_v2p1" xmlns:xsi="http://www.w3.org/2001/XMLSchema-instance" xmlns:ns8="http://www.w3.org/1999/xlink" xmlns:ns9="http://www.imsglobal.org/xsd/apip/apipv1p0/imsapip_qtiv1p0" xsi:schemaLocation="http://www.imsglobal.org/xsd/imsqti_v2p1 http://www.imsglobal.org/xsd/qti/qtiv2p1/imsqti_v2p1.xsd" title="a534_f43c_7da5" adaptive="false" timeDependent="false" identifier="a534_f43c_7da5">
  <responseDeclaration baseType="float" cardinality="single" identifier="RESPONSE">
    <correctResponse>
      <value>210.7</value>
    </correctResponse>
  </responseDeclaration>
  <outcomeDeclaration baseType="float" cardinality="single" identifier="SCORE"/>
  <itemBody>
    <div>
      <p>You<span style="font-size: 1px; color: white;">basis</span>are<span style="font-size: 1px; color: white;">skin</span>preparing <span style="font-size: 1.05em;"><span style="font-family: monospace;">215.0 mL</span> with dilution<span style="font-size: 1px; color: white;">unable</span>factor <span style="color: #228b22;"><span style="font-family: monospace;">DF=50</span></span></span>.</p>
      <p>What <span style="color: #005cb3;">volume<span style="font-size: 1px; color: white;">sweat</span>of diluent</span> in milliliters (mL) do<span style="font-size: 1px; color: white;">solve</span>you<span style="font-size: 1px; color: white;">pool</span>add<span style="font-size: 1px; color: white;">marrow</span>to<span style="font-size: 1px; color: white;">host</span>the <span style="color: #7a1f7a;">aliquoted<span style="font-size: 1px; color: white;">seeds</span>sample</span>?</p>
      <p>
        <i>Note: answers need to be within 1% of the correct number to be correct.</i>
      </p>
    </div>
    <p>
      <textEntryInteraction responseIdentifier="RESPONSE"/>
    </p>
  </itemBody>
  <responseProcessing>
    <responseCondition>
      <responseIf>
        <equal toleranceMode="absolute" tolerance="0.9 0.9" includeLowerBound="true" includeUpperBound="true">
          <variable identifier="RESPONSE"/>
          <correct identifier="RESPONSE"/>
        </equal>
        <setOutcomeValue identifier="SCORE">
          <baseValue baseType="float">100</baseValue>
        </setOutcomeValue>
      </responseIf>
      <responseElse>
        <setOutcomeValue identifier="SCORE">
          <baseValue baseType="float">0</baseValue>
        </setOutcomeValue>
      </responseElse>
    </responseCondition>
  </responseProcessing>
</assessmentItem>
