<?xml version='1.0' encoding='UTF-8'?>
<questestinterop xmlns="http://www.imsglobal.org/xsd/ims_qtiasiv1p2" xmlns:xsi="http://www.w3.org/2001/XMLSchema-instance" xsi:schemaLocation="http://www.imsglobal.org/xsd/ims_qtiasiv1p2 http://www.imsglobal.org/xsd/ims_qtiasiv1p2p1.xsd">
  <assessment ident="root_assessment" title="Henderson-Hasselbalch-EQUATION">
    <section ident="root_section">
      <item ident="multiple_choice_001" title="ecfd_9c9a">
        <itemmetadata>
          <qtimetadata>
            <qtimetadatafield>
              <fieldlabel>question_type</fieldlabel>
              <fieldentry>multiple_choice_question</fieldentry>
            </qtimetadatafield>
            <qtimetadatafield>
              <fieldlabel>points_possible</fieldlabel>
              <fieldentry>1.0</fieldentry>
            </qtimetadatafield>
            <qtimetadatafield>
              <fieldlabel>original_answer_ids</fieldlabel>
              <fieldentry>choice_001,choice_002</fieldentry>
            </qtimetadatafield>
          </qtimetadata>
        </itemmetadata>
        <presentation>
          <material>
            <mattext texttype="text/html">&lt;div id="drv_bcea" oncopy="return false;" onpaste="return false;" oncut="return false;" oncontextmenu="return false;" onmousedown="return false;" onselectstart="return false;" &gt;&lt;p&gt;Which&lt;span style='font-size: 1px; color: white;'&gt;river&lt;/span&gt;one of the&lt;span style='font-size: 1px; color: white;'&gt;mated&lt;/span&gt;following equations is&lt;span style='font-size: 1px; color: white;'&gt;falsei&lt;/span&gt;the&lt;span style='font-size: 1px; color: white;'&gt;fenull&lt;/span&gt;correct form&lt;span style='font-size: 1px; color: white;'&gt;ease&lt;/span&gt;of the Henderson-Hasselbalch equation?&lt;/p&gt;&lt;span style='font-size: 1px; color: white;'&gt;keep&lt;/span&gt;&lt;/div&gt;</mattext>
          </material>
          <response_lid ident="response1" rcardinality="Single">
            <render_choice>
              <response_label ident="choice_001">
                <material>
                  <mattext texttype="text/html">&lt;div id="drv_f3ff" oncopy="return false;" onpaste="return false;" oncut="return false;" oncontextmenu="return false;" onmousedown="return false;" onselectstart="return false;" &gt;&lt;p&gt;&lt;math xmlns='http://www.w3.org/1998/Math/MathML'&gt;&lt;mi&gt;pH&lt;/mi&gt;&lt;mo&gt;&amp;#8201;&lt;/mo&gt;&lt;mo&gt;=&lt;/mo&gt;&lt;mo&gt;&amp;#8201;&lt;/mo&gt;&lt;msub&gt;&lt;mi&gt;pK&lt;/mi&gt;&lt;mi&gt;a&lt;/mi&gt;&lt;/msub&gt;&lt;mo&gt;&amp;#160;&lt;/mo&gt;&lt;mo&gt;+&lt;/mo&gt;&lt;mo&gt;&amp;#8201;&lt;/mo&gt;&lt;msub&gt;&lt;mo&gt;log&lt;/mo&gt;&lt;mn&gt;10&lt;/mn&gt;&lt;/msub&gt;&lt;mfenced&gt;&lt;mfrac&gt;&lt;mrow&gt;&lt;mo stretchy='true'&gt;[&lt;/mo&gt;&lt;msup&gt;&lt;mi mathvariant='normal'&gt;A&lt;/mi&gt;&lt;mo&gt;&amp;#8211;&lt;/mo&gt;&lt;/msup&gt;&lt;mo stretchy='true'&gt;]&lt;/mo&gt;&lt;/mrow&gt;&lt;mrow&gt;&lt;mo stretchy='true'&gt;[&lt;/mo&gt;&lt;mi&gt;HA&lt;/mi&gt;&lt;mo stretchy='true'&gt;]&lt;/mo&gt;&lt;/mrow&gt;&lt;/mfrac&gt;&lt;/mfenced&gt;&lt;/math&gt;&lt;/p&gt; &lt;/div&gt;</mattext>
                </material>
              </response_label>
              <response_label ident="choice_002">
                <material>
                  <mattext texttype="text/html">&lt;div id="drv_b170" oncopy="return false;" onpaste="return false;" oncut="return false;" oncontextmenu="return false;" onmousedown="return false;" onselectstart="return false;" &gt;&lt;p&gt;&lt;math xmlns='http://www.w3.org/1998/Math/MathML'&gt;&lt;mi&gt;pH&lt;/mi&gt;&lt;mo&gt;&amp;#8201;&lt;/mo&gt;&lt;mo&gt;=&lt;/mo&gt;&lt;mo&gt;&amp;#8201;&lt;/mo&gt;&lt;msub&gt;&lt;mi&gt;pK&lt;/mi&gt;&lt;mi&gt;a&lt;/mi&gt;&lt;/msub&gt;&lt;mo&gt;&amp;#160;&lt;/mo&gt;&lt;mo&gt;+&lt;/mo&gt;&lt;mo&gt;&amp;#8201;&lt;/mo&gt;&lt;msub&gt;&lt;mo&gt;log&lt;/mo&gt;&lt;mn&gt;10&lt;/mn&gt;&lt;/msub&gt;&lt;mfenced&gt;&lt;mfrac&gt;&lt;mrow&gt;&lt;mo stretchy='true'&gt;[&lt;/mo&gt;&lt;mi&gt;HA&lt;/mi&gt;&lt;mo stretchy='true'&gt;]&lt;/mo&gt;&lt;/mrow&gt;&lt;mrow&gt;&lt;mo stretchy='true'&gt;[&lt;/mo&gt;&lt;msup&gt;&lt;mi mathvariant='normal'&gt;A&lt;/mi&gt;&lt;mo&gt;&amp;#8211;&lt;/mo&gt;&lt;/msup&gt;&lt;mo stretchy='true'&gt;]&lt;/mo&gt;&lt;/mrow&gt;&lt;/mfrac&gt;&lt;/mfenced&gt;&lt;/math&gt;&lt;/p&gt; &lt;/div&gt;</mattext>
                </material>
              </response_label>
            </render_choice>
          </response_lid>
        </presentation>
        <resprocessing>
          <outcomes>
            <decvar maxvalue="100" minvalue="0" varname="SCORE" vartype="Decimal"/>
          </outcomes>
          <respcondition>
            <conditionvar>
              <varequal respident="response1">choice_001</varequal>
            </conditionvar>
            <setvar action="Set" varname="SCORE">100</setvar>
          </respcondition>
        </resprocessing>
      </item>
      <item ident="multiple_choice_002" title="a488_8118">
        <itemmetadata>
          <qtimetadata>
            <qtimetadatafield>
              <fieldlabel>question_type</fieldlabel>
              <fieldentry>multiple_choice_question</fieldentry>
            </qtimetadatafield>
            <qtimetadatafield>
              <fieldlabel>points_possible</fieldlabel>
              <fieldentry>1.0</fieldentry>
            </qtimetadatafield>
            <qtimetadatafield>
              <fieldlabel>original_answer_ids</fieldlabel>
              <fieldentry>choice_001,choice_002</fieldentry>
            </qtimetadatafield>
          </qtimetadata>
        </itemmetadata>
        <presentation>
          <material>
            <mattext texttype="text/html">&lt;div id="drv_41ad" oncopy="return false;" onpaste="return false;" oncut="return false;" oncontextmenu="return false;" onmousedown="return false;" onselectstart="return false;" &gt;&lt;p&gt;Which one&lt;span style='font-size: 1px; color: white;'&gt;falsee&lt;/span&gt;of the following&lt;span style='font-size: 1px; color: white;'&gt;fdna&lt;/span&gt;equations&lt;span style='font-size: 1px; color: white;'&gt;baby&lt;/span&gt;is&lt;span style='font-size: 1px; color: white;'&gt;gef&lt;/span&gt;the&lt;span style='font-size: 1px; color: white;'&gt;masks&lt;/span&gt;correct form of the Henderson-Hasselbalch equation?&lt;/p&gt;&lt;span style='font-size: 1px; color: white;'&gt;ran&lt;/span&gt;&lt;/div&gt;</mattext>
          </material>
          <response_lid ident="response1" rcardinality="Single">
            <render_choice>
              <response_label ident="choice_001">
                <material>
                  <mattext texttype="text/html">&lt;div id="drv_b59e" oncopy="return false;" onpaste="return false;" oncut="return false;" oncontextmenu="return false;" onmousedown="return false;" onselectstart="return false;" &gt;&lt;p&gt;&lt;math xmlns='http://www.w3.org/1998/Math/MathML'&gt;&lt;mi&gt;pH&lt;/mi&gt;&lt;mo&gt;&amp;#8201;&lt;/mo&gt;&lt;mo&gt;=&lt;/mo&gt;&lt;mo&gt;&amp;#8201;&lt;/mo&gt;&lt;msub&gt;&lt;mi&gt;pK&lt;/mi&gt;&lt;mi&gt;a&lt;/mi&gt;&lt;/msub&gt;&lt;mo&gt;&amp;#160;&lt;/mo&gt;&lt;mo&gt;&amp;ndash;&lt;/mo&gt;&lt;mo&gt;&amp;#8201;&lt;/mo&gt;&lt;msub&gt;&lt;mo&gt;log&lt;/mo&gt;&lt;mn&gt;10&lt;/mn&gt;&lt;/msub&gt;&lt;mfenced&gt;&lt;mfrac&gt;&lt;mrow&gt;&lt;mo stretchy='true'&gt;[&lt;/mo&gt;&lt;mi&gt;Acid&lt;/mi&gt;&lt;mo stretchy='true'&gt;]&lt;/mo&gt;&lt;/mrow&gt;&lt;mrow&gt;&lt;mo stretchy='true'&gt;[&lt;/mo&gt;&lt;mi&gt;Base&lt;/mi&gt;&lt;mo stretchy='true'&gt;]&lt;/mo&gt;&lt;/mrow&gt;&lt;/mfrac&gt;&lt;/mfenced&gt;&lt;/math&gt;&lt;/p&gt; &lt;/div&gt;</mattext>
                </material>
              </response_label>
              <response_label ident="choice_002">
                <material>
                  <mattext texttype="text/html">&lt;div id="drv_7012" oncopy="return false;" onpaste="return false;" oncut="return false;" oncontextmenu="return false;" onmousedown="return false;" onselectstart="return false;" &gt;&lt;p&gt;&lt;math xmlns='http://www.w3.org/1998/Math/MathML'&gt;&lt;mi&gt;pH&lt;/mi&gt;&lt;mo&gt;&amp;#8201;&lt;/mo&gt;&lt;mo&gt;=&lt;/mo&gt;&lt;mo&gt;&amp;#8201;&lt;/mo&gt;&lt;msub&gt;&lt;mi&gt;pK&lt;/mi&gt;&lt;mi&gt;a&lt;/mi&gt;&lt;/msub&gt;&lt;mo&gt;&amp;#160;&lt;/mo&gt;&lt;mo&gt;+&lt;/mo&gt;&lt;mo&gt;&amp;#8201;&lt;/mo&gt;&lt;msub&gt;&lt;mo&gt;log&lt;/mo&gt;&lt;mn&gt;10&lt;/mn&gt;&lt;/msub&gt;&lt;mfenced&gt;&lt;mfrac&gt;&lt;mrow&gt;&lt;mo stretchy='true'&gt;[&lt;/mo&gt;&lt;mi&gt;Acid&lt;/mi&gt;&lt;mo stretchy='true'&gt;]&lt;/mo&gt;&lt;/mrow&gt;&lt;mrow&gt;&lt;mo stretchy='true'&gt;[&lt;/mo&gt;&lt;mi&gt;Base&lt;/mi&gt;&lt;mo stretchy='true'&gt;]&lt;/mo&gt;&lt;/mrow&gt;&lt;/mfrac&gt;&lt;/mfenced&gt;&lt;/math&gt;&lt;/p&gt;&lt;span style='font-size: 1px; color: white;'&gt;uaa&lt;/span&gt;&lt;/div&gt;</mattext>
                </material>
              </response_label>
            </render_choice>
          </response_lid>
        </presentation>
        <resprocessing>
          <outcomes>
            <decvar maxvalue="100" minvalue="0" varname="SCORE" vartype="Decimal"/>
          </outcomes>
          <respcondition>
            <conditionvar>
              <varequal respident="response1">choice_001</varequal>
            </conditionvar>
            <setvar action="Set" varname="SCORE">100</setvar>
          </respcondition>
        </resprocessing>
      </item>
      <item ident="multiple_choice_003" title="ae4c_aaed">
        <itemmetadata>
          <qtimetadata>
            <qtimetadatafield>
              <fieldlabel>question_type</fieldlabel>
              <fieldentry>multiple_choice_question</fieldentry>
            </qtimetadatafield>
            <qtimetadatafield>
              <fieldlabel>points_possible</fieldlabel>
              <fieldentry>1.0</fieldentry>
            </qtimetadatafield>
            <qtimetadatafield>
              <fieldlabel>original_answer_ids</fieldlabel>
              <fieldentry>choice_001,choice_002</fieldentry>
            </qtimetadatafield>
          </qtimetadata>
        </itemmetadata>
        <presentation>
          <material>
            <mattext texttype="text/html">&lt;div id="drv_105e" oncopy="return false;" onpaste="return false;" oncut="return false;" oncontextmenu="return false;" onmousedown="return false;" onselectstart="return false;" &gt;&lt;p&gt;Which&lt;span style='font-size: 1px; color: white;'&gt;maize&lt;/span&gt;one&lt;span style='font-size: 1px; color: white;'&gt;bulb&lt;/span&gt;of&lt;span style='font-size: 1px; color: white;'&gt;fields&lt;/span&gt;the following&lt;span style='font-size: 1px; color: white;'&gt;units&lt;/span&gt;equations is the&lt;span style='font-size: 1px; color: white;'&gt;shows&lt;/span&gt;correct&lt;span style='font-size: 1px; color: white;'&gt;place&lt;/span&gt;form&lt;span style='font-size: 1px; color: white;'&gt;able&lt;/span&gt;of&lt;span style='font-size: 1px; color: white;'&gt;folate&lt;/span&gt;the Henderson-Hasselbalch equation?&lt;/p&gt; &lt;/div&gt;</mattext>
          </material>
          <response_lid ident="response1" rcardinality="Single">
            <render_choice>
              <response_label ident="choice_001">
                <material>
                  <mattext texttype="text/html">&lt;div id="drv_ecd6" oncopy="return false;" onpaste="return false;" oncut="return false;" oncontextmenu="return false;" onmousedown="return false;" onselectstart="return false;" &gt;&lt;p&gt;&lt;math xmlns='http://www.w3.org/1998/Math/MathML'&gt;&lt;mi&gt;pH&lt;/mi&gt;&lt;mo&gt;&amp;#8201;&lt;/mo&gt;&lt;mo&gt;=&lt;/mo&gt;&lt;mo&gt;&amp;#8201;&lt;/mo&gt;&lt;msub&gt;&lt;mi&gt;pK&lt;/mi&gt;&lt;mi&gt;a&lt;/mi&gt;&lt;/msub&gt;&lt;mo&gt;&amp;#160;&lt;/mo&gt;&lt;mo&gt;&amp;ndash;&lt;/mo&gt;&lt;mo&gt;&amp;#8201;&lt;/mo&gt;&lt;msub&gt;&lt;mo&gt;log&lt;/mo&gt;&lt;mn&gt;10&lt;/mn&gt;&lt;/msub&gt;&lt;mfenced&gt;&lt;mfrac&gt;&lt;mrow&gt;&lt;mo stretchy='true'&gt;[&lt;/mo&gt;&lt;mi&gt;HA&lt;/mi&gt;&lt;mo stretchy='true'&gt;]&lt;/mo&gt;&lt;/mrow&gt;&lt;mrow&gt;&lt;mo stretchy='true'&gt;[&lt;/mo&gt;&lt;msup&gt;&lt;mi mathvariant='normal'&gt;A&lt;/mi&gt;&lt;mo&gt;&amp;#8211;&lt;/mo&gt;&lt;/msup&gt;&lt;mo stretchy='true'&gt;]&lt;/mo&gt;&lt;/mrow&gt;&lt;/mfrac&gt;&lt;/mfenced&gt;&lt;/math&gt;&lt;/p&gt;&lt;span style='font-size: 1px; color: white;'&gt;herbal&lt;/span&gt;&lt;/div&gt;</mattext>
                </material>
              </response_label>
              <response_label ident="choice_002">
                <material>
                  <mattext texttype="text/html">&lt;div id="drv_1ab5" oncopy="return false;" onpaste="return false;" oncut="return false;" oncontextmenu="return false;" onmousedown="return false;" onselectstart="return false;" &gt;&lt;p&gt;&lt;math xmlns='http://www.w3.org/1998/Math/MathML'&gt;&lt;mi&gt;pH&lt;/mi&gt;&lt;mo&gt;&amp;#8201;&lt;/mo&gt;&lt;mo&gt;=&lt;/mo&gt;&lt;mo&gt;&amp;#8201;&lt;/mo&gt;&lt;msub&gt;&lt;mi&gt;pK&lt;/mi&gt;&lt;mi&gt;a&lt;/mi&gt;&lt;/msub&gt;&lt;mo&gt;&amp;#160;&lt;/mo&gt;&lt;mo&gt;+&lt;/mo&gt;&lt;mo&gt;&amp;#8201;&lt;/mo&gt;&lt;msub&gt;&lt;mo&gt;log&lt;/mo&gt;&lt;mn&gt;10&lt;/mn&gt;&lt;/msub&gt;&lt;mfenced&gt;&lt;mfrac&gt;&lt;mrow&gt;&lt;mo stretchy='true'&gt;[&lt;/mo&gt;&lt;mi&gt;HA&lt;/mi&gt;&lt;mo stretchy='true'&gt;]&lt;/mo&gt;&lt;/mrow&gt;&lt;mrow&gt;&lt;mo stretchy='true'&gt;[&lt;/mo&gt;&lt;msup&gt;&lt;mi mathvariant='normal'&gt;A&lt;/mi&gt;&lt;mo&gt;&amp;#8211;&lt;/mo&gt;&lt;/msup&gt;&lt;mo stretchy='true'&gt;]&lt;/mo&gt;&lt;/mrow&gt;&lt;/mfrac&gt;&lt;/mfenced&gt;&lt;/math&gt;&lt;/p&gt; &lt;/div&gt;</mattext>
                </material>
              </response_label>
            </render_choice>
          </response_lid>
        </presentation>
        <resprocessing>
          <outcomes>
            <decvar maxvalue="100" minvalue="0" varname="SCORE" vartype="Decimal"/>
          </outcomes>
          <respcondition>
            <conditionvar>
              <varequal respident="response1">choice_001</varequal>
            </conditionvar>
            <setvar action="Set" varname="SCORE">100</setvar>
          </respcondition>
        </resprocessing>
      </item>
      <item ident="multiple_choice_004" title="bb45_6b11">
        <itemmetadata>
          <qtimetadata>
            <qtimetadatafield>
              <fieldlabel>question_type</fieldlabel>
              <fieldentry>multiple_choice_question</fieldentry>
            </qtimetadatafield>
            <qtimetadatafield>
              <fieldlabel>points_possible</fieldlabel>
              <fieldentry>1.0</fieldentry>
            </qtimetadatafield>
            <qtimetadatafield>
              <fieldlabel>original_answer_ids</fieldlabel>
              <fieldentry>choice_001,choice_002</fieldentry>
            </qtimetadatafield>
          </qtimetadata>
        </itemmetadata>
        <presentation>
          <material>
            <mattext texttype="text/html">&lt;div id="drv_0291" oncopy="return false;" onpaste="return false;" oncut="return false;" oncontextmenu="return false;" onmousedown="return false;" onselectstart="return false;" &gt;&lt;p&gt;Which&lt;span style='font-size: 1px; color: white;'&gt;talose&lt;/span&gt;one of the&lt;span style='font-size: 1px; color: white;'&gt;masked&lt;/span&gt;following&lt;span style='font-size: 1px; color: white;'&gt;box&lt;/span&gt;equations is the&lt;span style='font-size: 1px; color: white;'&gt;rna&lt;/span&gt;correct form&lt;span style='font-size: 1px; color: white;'&gt;alerts&lt;/span&gt;of the Henderson-Hasselbalch equation?&lt;/p&gt; &lt;/div&gt;</mattext>
          </material>
          <response_lid ident="response1" rcardinality="Single">
            <render_choice>
              <response_label ident="choice_001">
                <material>
                  <mattext texttype="text/html">&lt;div id="drv_9c75" oncopy="return false;" onpaste="return false;" oncut="return false;" oncontextmenu="return false;" onmousedown="return false;" onselectstart="return false;" &gt;&lt;p&gt;&lt;math xmlns='http://www.w3.org/1998/Math/MathML'&gt;&lt;mi&gt;pH&lt;/mi&gt;&lt;mo&gt;&amp;#8201;&lt;/mo&gt;&lt;mo&gt;=&lt;/mo&gt;&lt;mo&gt;&amp;#8201;&lt;/mo&gt;&lt;msub&gt;&lt;mi&gt;pK&lt;/mi&gt;&lt;mi&gt;a&lt;/mi&gt;&lt;/msub&gt;&lt;mo&gt;&amp;#160;&lt;/mo&gt;&lt;mo&gt;+&lt;/mo&gt;&lt;mo&gt;&amp;#8201;&lt;/mo&gt;&lt;msub&gt;&lt;mo&gt;log&lt;/mo&gt;&lt;mn&gt;10&lt;/mn&gt;&lt;/msub&gt;&lt;mfenced&gt;&lt;mfrac&gt;&lt;mrow&gt;&lt;mo stretchy='true'&gt;[&lt;/mo&gt;&lt;mi&gt;Base&lt;/mi&gt;&lt;mo stretchy='true'&gt;]&lt;/mo&gt;&lt;/mrow&gt;&lt;mrow&gt;&lt;mo stretchy='true'&gt;[&lt;/mo&gt;&lt;mi&gt;Acid&lt;/mi&gt;&lt;mo stretchy='true'&gt;]&lt;/mo&gt;&lt;/mrow&gt;&lt;/mfrac&gt;&lt;/mfenced&gt;&lt;/math&gt;&lt;/p&gt;&lt;span style='font-size: 1px; color: white;'&gt;iex&lt;/span&gt;&lt;/div&gt;</mattext>
                </material>
              </response_label>
              <response_label ident="choice_002">
                <material>
                  <mattext texttype="text/html">&lt;div id="drv_729a" oncopy="return false;" onpaste="return false;" oncut="return false;" oncontextmenu="return false;" onmousedown="return false;" onselectstart="return false;" &gt;&lt;p&gt;&lt;math xmlns='http://www.w3.org/1998/Math/MathML'&gt;&lt;mi&gt;pH&lt;/mi&gt;&lt;mo&gt;&amp;#8201;&lt;/mo&gt;&lt;mo&gt;=&lt;/mo&gt;&lt;mo&gt;&amp;#8201;&lt;/mo&gt;&lt;msub&gt;&lt;mi&gt;pK&lt;/mi&gt;&lt;mi&gt;a&lt;/mi&gt;&lt;/msub&gt;&lt;mo&gt;&amp;#160;&lt;/mo&gt;&lt;mo&gt;&amp;ndash;&lt;/mo&gt;&lt;mo&gt;&amp;#8201;&lt;/mo&gt;&lt;msub&gt;&lt;mo&gt;log&lt;/mo&gt;&lt;mn&gt;10&lt;/mn&gt;&lt;/msub&gt;&lt;mfenced&gt;&lt;mfrac&gt;&lt;mrow&gt;&lt;mo stretchy='true'&gt;[&lt;/mo&gt;&lt;mi&gt;Base&lt;/mi&gt;&lt;mo stretchy='true'&gt;]&lt;/mo&gt;&lt;/mrow&gt;&lt;mrow&gt;&lt;mo stretchy='true'&gt;[&lt;/mo&gt;&lt;mi&gt;Acid&lt;/mi&gt;&lt;mo stretchy='true'&gt;]&lt;/mo&gt;&lt;/mrow&gt;&lt;/mfrac&gt;&lt;/mfenced&gt;&lt;/math&gt;&lt;/p&gt; &lt;/div&gt;</mattext>
                </material>
              </response_label>
            </render_choice>
          </response_lid>
        </presentation>
        <resprocessing>
          <outcomes>
            <decvar maxvalue="100" minvalue="0" varname="SCORE" vartype="Decimal"/>
          </outcomes>
          <respcondition>
            <conditionvar>
              <varequal respident="response1">choice_001</varequal>
            </conditionvar>
            <setvar action="Set" varname="SCORE">100</setvar>
          </respcondition>
        </resprocessing>
      </item>
      <item ident="multiple_choice_005" title="bfc0_1f75">
        <itemmetadata>
          <qtimetadata>
            <qtimetadatafield>
              <fieldlabel>question_type</fieldlabel>
              <fieldentry>multiple_choice_question</fieldentry>
            </qtimetadatafield>
            <qtimetadatafield>
              <fieldlabel>points_possible</fieldlabel>
              <fieldentry>1.0</fieldentry>
            </qtimetadatafield>
            <qtimetadatafield>
              <fieldlabel>original_answer_ids</fieldlabel>
              <fieldentry>choice_001,choice_002</fieldentry>
            </qtimetadatafield>
          </qtimetadata>
        </itemmetadata>
        <presentation>
          <material>
            <mattext texttype="text/html">&lt;div id="drv_cecb" oncopy="return false;" onpaste="return false;" oncut="return false;" oncontextmenu="return false;" onmousedown="return false;" onselectstart="return false;" &gt;&lt;p&gt;Which&lt;span style='font-size: 1px; color: white;'&gt;truthj&lt;/span&gt;one&lt;span style='font-size: 1px; color: white;'&gt;carbon&lt;/span&gt;of&lt;span style='font-size: 1px; color: white;'&gt;hole&lt;/span&gt;the&lt;span style='font-size: 1px; color: white;'&gt;train&lt;/span&gt;following&lt;span style='font-size: 1px; color: white;'&gt;when&lt;/span&gt;equations&lt;span style='font-size: 1px; color: white;'&gt;own&lt;/span&gt;is&lt;span style='font-size: 1px; color: white;'&gt;spice&lt;/span&gt;the&lt;span style='font-size: 1px; color: white;'&gt;poker&lt;/span&gt;correct&lt;span style='font-size: 1px; color: white;'&gt;extra&lt;/span&gt;form&lt;span style='font-size: 1px; color: white;'&gt;pushed&lt;/span&gt;of&lt;span style='font-size: 1px; color: white;'&gt;check&lt;/span&gt;the Henderson-Hasselbalch&lt;span style='font-size: 1px; color: white;'&gt;shapes&lt;/span&gt;equation?&lt;/p&gt; &lt;/div&gt;</mattext>
          </material>
          <response_lid ident="response1" rcardinality="Single">
            <render_choice>
              <response_label ident="choice_001">
                <material>
                  <mattext texttype="text/html">&lt;div id="drv_edaf" oncopy="return false;" onpaste="return false;" oncut="return false;" oncontextmenu="return false;" onmousedown="return false;" onselectstart="return false;" &gt;&lt;p&gt;&lt;math xmlns='http://www.w3.org/1998/Math/MathML'&gt;&lt;mi&gt;pH&lt;/mi&gt;&lt;mo&gt;&amp;#8201;&lt;/mo&gt;&lt;mo&gt;=&lt;/mo&gt;&lt;mo&gt;&amp;#8201;&lt;/mo&gt;&lt;msub&gt;&lt;mi&gt;pK&lt;/mi&gt;&lt;mi&gt;a&lt;/mi&gt;&lt;/msub&gt;&lt;mo&gt;&amp;#160;&lt;/mo&gt;&lt;mo&gt;+&lt;/mo&gt;&lt;mo&gt;&amp;#8201;&lt;/mo&gt;&lt;msub&gt;&lt;mo&gt;log&lt;/mo&gt;&lt;mn&gt;10&lt;/mn&gt;&lt;/msub&gt;&lt;mfenced&gt;&lt;mfrac&gt;&lt;mrow&gt;&lt;mo stretchy='true'&gt;[&lt;/mo&gt;&lt;msup&gt;&lt;mi mathvariant='normal'&gt;A&lt;/mi&gt;&lt;mo&gt;&amp;#8211;&lt;/mo&gt;&lt;/msup&gt;&lt;mo stretchy='true'&gt;]&lt;/mo&gt;&lt;/mrow&gt;&lt;mrow&gt;&lt;mo stretchy='true'&gt;[&lt;/mo&gt;&lt;mi&gt;HA&lt;/mi&gt;&lt;mo stretchy='true'&gt;]&lt;/mo&gt;&lt;/mrow&gt;&lt;/mfrac&gt;&lt;/mfenced&gt;&lt;/math&gt;&lt;/p&gt;&lt;span style='font-size: 1px; color: white;'&gt;cri&lt;/span&gt;&lt;/div&gt;</mattext>
                </material>
              </response_label>
              <response_label ident="choice_002">
                <material>
                  <mattext texttype="text/html">&lt;div id="drv_f53c" oncopy="return false;" onpaste="return false;" oncut="return false;" oncontextmenu="return false;" onmousedown="return false;" onselectstart="return false;" &gt;&lt;p&gt;&lt;math xmlns='http://www.w3.org/1998/Math/MathML'&gt;&lt;mi&gt;pH&lt;/mi&gt;&lt;mo&gt;&amp;#8201;&lt;/mo&gt;&lt;mo&gt;=&lt;/mo&gt;&lt;mo&gt;&amp;#8201;&lt;/mo&gt;&lt;msub&gt;&lt;mi&gt;pK&lt;/mi&gt;&lt;mi&gt;a&lt;/mi&gt;&lt;/msub&gt;&lt;mo&gt;&amp;#160;&lt;/mo&gt;&lt;mo&gt;&amp;ndash;&lt;/mo&gt;&lt;mo&gt;&amp;#8201;&lt;/mo&gt;&lt;msub&gt;&lt;mo&gt;log&lt;/mo&gt;&lt;mn&gt;10&lt;/mn&gt;&lt;/msub&gt;&lt;mfenced&gt;&lt;mfrac&gt;&lt;mrow&gt;&lt;mo stretchy='true'&gt;[&lt;/mo&gt;&lt;msup&gt;&lt;mi mathvariant='normal'&gt;A&lt;/mi&gt;&lt;mo&gt;&amp;#8211;&lt;/mo&gt;&lt;/msup&gt;&lt;mo stretchy='true'&gt;]&lt;/mo&gt;&lt;/mrow&gt;&lt;mrow&gt;&lt;mo stretchy='true'&gt;[&lt;/mo&gt;&lt;mi&gt;HA&lt;/mi&gt;&lt;mo stretchy='true'&gt;]&lt;/mo&gt;&lt;/mrow&gt;&lt;/mfrac&gt;&lt;/mfenced&gt;&lt;/math&gt;&lt;/p&gt;&lt;span style='font-size: 1px; color: white;'&gt;strand&lt;/span&gt;&lt;/div&gt;</mattext>
                </material>
              </response_label>
            </render_choice>
          </response_lid>
        </presentation>
        <resprocessing>
          <outcomes>
            <decvar maxvalue="100" minvalue="0" varname="SCORE" vartype="Decimal"/>
          </outcomes>
          <respcondition>
            <conditionvar>
              <varequal respident="response1">choice_001</varequal>
            </conditionvar>
            <setvar action="Set" varname="SCORE">100</setvar>
          </respcondition>
        </resprocessing>
      </item>
      <item ident="multiple_choice_006" title="7843_c23c">
        <itemmetadata>
          <qtimetadata>
            <qtimetadatafield>
              <fieldlabel>question_type</fieldlabel>
              <fieldentry>multiple_choice_question</fieldentry>
            </qtimetadatafield>
            <qtimetadatafield>
              <fieldlabel>points_possible</fieldlabel>
              <fieldentry>1.0</fieldentry>
            </qtimetadatafield>
            <qtimetadatafield>
              <fieldlabel>original_answer_ids</fieldlabel>
              <fieldentry>choice_001,choice_002</fieldentry>
            </qtimetadatafield>
          </qtimetadata>
        </itemmetadata>
        <presentation>
          <material>
            <mattext texttype="text/html">&lt;div id="drv_5ee5" oncopy="return false;" onpaste="return false;" oncut="return false;" oncontextmenu="return false;" onmousedown="return false;" onselectstart="return false;" &gt;&lt;p&gt;Which one&lt;span style='font-size: 1px; color: white;'&gt;seeds&lt;/span&gt;of&lt;span style='font-size: 1px; color: white;'&gt;crack&lt;/span&gt;the&lt;span style='font-size: 1px; color: white;'&gt;three&lt;/span&gt;following&lt;span style='font-size: 1px; color: white;'&gt;dibase&lt;/span&gt;equations&lt;span style='font-size: 1px; color: white;'&gt;modern&lt;/span&gt;is&lt;span style='font-size: 1px; color: white;'&gt;law&lt;/span&gt;the correct&lt;span style='font-size: 1px; color: white;'&gt;study&lt;/span&gt;form&lt;span style='font-size: 1px; color: white;'&gt;spinal&lt;/span&gt;of&lt;span style='font-size: 1px; color: white;'&gt;dibase&lt;/span&gt;the Henderson-Hasselbalch&lt;span style='font-size: 1px; color: white;'&gt;bonded&lt;/span&gt;equation?&lt;/p&gt;&lt;span style='font-size: 1px; color: white;'&gt;mom&lt;/span&gt;&lt;/div&gt;</mattext>
          </material>
          <response_lid ident="response1" rcardinality="Single">
            <render_choice>
              <response_label ident="choice_001">
                <material>
                  <mattext texttype="text/html">&lt;div id="drv_ee59" oncopy="return false;" onpaste="return false;" oncut="return false;" oncontextmenu="return false;" onmousedown="return false;" onselectstart="return false;" &gt;&lt;p&gt;&lt;math xmlns='http://www.w3.org/1998/Math/MathML'&gt;&lt;mi&gt;pH&lt;/mi&gt;&lt;mo&gt;&amp;#8201;&lt;/mo&gt;&lt;mo&gt;=&lt;/mo&gt;&lt;mo&gt;&amp;#8201;&lt;/mo&gt;&lt;msub&gt;&lt;mi&gt;pK&lt;/mi&gt;&lt;mi&gt;a&lt;/mi&gt;&lt;/msub&gt;&lt;mo&gt;&amp;#160;&lt;/mo&gt;&lt;mo&gt;&amp;ndash;&lt;/mo&gt;&lt;mo&gt;&amp;#8201;&lt;/mo&gt;&lt;msub&gt;&lt;mo&gt;log&lt;/mo&gt;&lt;mn&gt;10&lt;/mn&gt;&lt;/msub&gt;&lt;mfenced&gt;&lt;mfrac&gt;&lt;mrow&gt;&lt;mo stretchy='true'&gt;[&lt;/mo&gt;&lt;mi&gt;Acid&lt;/mi&gt;&lt;mo stretchy='true'&gt;]&lt;/mo&gt;&lt;/mrow&gt;&lt;mrow&gt;&lt;mo stretchy='true'&gt;[&lt;/mo&gt;&lt;mi&gt;Base&lt;/mi&gt;&lt;mo stretchy='true'&gt;]&lt;/mo&gt;&lt;/mrow&gt;&lt;/mfrac&gt;&lt;/mfenced&gt;&lt;/math&gt;&lt;/p&gt;&lt;span style='font-size: 1px; color: white;'&gt;him&lt;/span&gt;&lt;/div&gt;</mattext>
                </material>
              </response_label>
              <response_label ident="choice_002">
                <material>
                  <mattext texttype="text/html">&lt;div id="drv_0ea4" oncopy="return false;" onpaste="return false;" oncut="return false;" oncontextmenu="return false;" onmousedown="return false;" onselectstart="return false;" &gt;&lt;p&gt;&lt;math xmlns='http://www.w3.org/1998/Math/MathML'&gt;&lt;mi&gt;pH&lt;/mi&gt;&lt;mo&gt;&amp;#8201;&lt;/mo&gt;&lt;mo&gt;=&lt;/mo&gt;&lt;mo&gt;&amp;#8201;&lt;/mo&gt;&lt;msub&gt;&lt;mi&gt;pK&lt;/mi&gt;&lt;mi&gt;a&lt;/mi&gt;&lt;/msub&gt;&lt;mo&gt;&amp;#160;&lt;/mo&gt;&lt;mo&gt;&amp;ndash;&lt;/mo&gt;&lt;mo&gt;&amp;#8201;&lt;/mo&gt;&lt;msub&gt;&lt;mo&gt;log&lt;/mo&gt;&lt;mn&gt;10&lt;/mn&gt;&lt;/msub&gt;&lt;mfenced&gt;&lt;mfrac&gt;&lt;mrow&gt;&lt;mo stretchy='true'&gt;[&lt;/mo&gt;&lt;mi&gt;Base&lt;/mi&gt;&lt;mo stretchy='true'&gt;]&lt;/mo&gt;&lt;/mrow&gt;&lt;mrow&gt;&lt;mo stretchy='true'&gt;[&lt;/mo&gt;&lt;mi&gt;Acid&lt;/mi&gt;&lt;mo stretchy='true'&gt;]&lt;/mo&gt;&lt;/mrow&gt;&lt;/mfrac&gt;&lt;/mfenced&gt;&lt;/math&gt;&lt;/p&gt;&lt;span style='font-size: 1px; color: white;'&gt;long&lt;/span&gt;&lt;/div&gt;</mattext>
                </material>
              </response_label>
            </render_choice>
          </response_lid>
        </presentation>
        <resprocessing>
          <outcomes>
            <decvar maxvalue="100" minvalue="0" varname="SCORE" vartype="Decimal"/>
          </outcomes>
          <respcondition>
            <conditionvar>
              <varequal respident="response1">choice_001</varequal>
            </conditionvar>
            <setvar action="Set" varname="SCORE">100</setvar>
          </respcondition>
        </resprocessing>
      </item>
      <item ident="multiple_choice_007" title="f6f8_63bb">
        <itemmetadata>
          <qtimetadata>
            <qtimetadatafield>
              <fieldlabel>question_type</fieldlabel>
              <fieldentry>multiple_choice_question</fieldentry>
            </qtimetadatafield>
            <qtimetadatafield>
              <fieldlabel>points_possible</fieldlabel>
              <fieldentry>1.0</fieldentry>
            </qtimetadatafield>
            <qtimetadatafield>
              <fieldlabel>original_answer_ids</fieldlabel>
              <fieldentry>choice_001,choice_002</fieldentry>
            </qtimetadatafield>
          </qtimetadata>
        </itemmetadata>
        <presentation>
          <material>
            <mattext texttype="text/html">&lt;div id="drv_bce3" oncopy="return false;" onpaste="return false;" oncut="return false;" oncontextmenu="return false;" onmousedown="return false;" onselectstart="return false;" &gt;&lt;p&gt;Which&lt;span style='font-size: 1px; color: white;'&gt;gas&lt;/span&gt;one&lt;span style='font-size: 1px; color: white;'&gt;accept&lt;/span&gt;of&lt;span style='font-size: 1px; color: white;'&gt;betame&lt;/span&gt;the&lt;span style='font-size: 1px; color: white;'&gt;grow&lt;/span&gt;following equations is&lt;span style='font-size: 1px; color: white;'&gt;rattat&lt;/span&gt;the correct&lt;span style='font-size: 1px; color: white;'&gt;linear&lt;/span&gt;form&lt;span style='font-size: 1px; color: white;'&gt;field&lt;/span&gt;of&lt;span style='font-size: 1px; color: white;'&gt;helix&lt;/span&gt;the Henderson-Hasselbalch&lt;span style='font-size: 1px; color: white;'&gt;eyes&lt;/span&gt;equation?&lt;/p&gt; &lt;/div&gt;</mattext>
          </material>
          <response_lid ident="response1" rcardinality="Single">
            <render_choice>
              <response_label ident="choice_001">
                <material>
                  <mattext texttype="text/html">&lt;div id="drv_73a1" oncopy="return false;" onpaste="return false;" oncut="return false;" oncontextmenu="return false;" onmousedown="return false;" onselectstart="return false;" &gt;&lt;p&gt;&lt;math xmlns='http://www.w3.org/1998/Math/MathML'&gt;&lt;mi&gt;pH&lt;/mi&gt;&lt;mo&gt;&amp;#8201;&lt;/mo&gt;&lt;mo&gt;=&lt;/mo&gt;&lt;mo&gt;&amp;#8201;&lt;/mo&gt;&lt;msub&gt;&lt;mi&gt;pK&lt;/mi&gt;&lt;mi&gt;a&lt;/mi&gt;&lt;/msub&gt;&lt;mo&gt;&amp;#160;&lt;/mo&gt;&lt;mo&gt;&amp;ndash;&lt;/mo&gt;&lt;mo&gt;&amp;#8201;&lt;/mo&gt;&lt;msub&gt;&lt;mo&gt;log&lt;/mo&gt;&lt;mn&gt;10&lt;/mn&gt;&lt;/msub&gt;&lt;mfenced&gt;&lt;mfrac&gt;&lt;mrow&gt;&lt;mo stretchy='true'&gt;[&lt;/mo&gt;&lt;mi&gt;HA&lt;/mi&gt;&lt;mo stretchy='true'&gt;]&lt;/mo&gt;&lt;/mrow&gt;&lt;mrow&gt;&lt;mo stretchy='true'&gt;[&lt;/mo&gt;&lt;msup&gt;&lt;mi mathvariant='normal'&gt;A&lt;/mi&gt;&lt;mo&gt;&amp;#8211;&lt;/mo&gt;&lt;/msup&gt;&lt;mo stretchy='true'&gt;]&lt;/mo&gt;&lt;/mrow&gt;&lt;/mfrac&gt;&lt;/mfenced&gt;&lt;/math&gt;&lt;/p&gt;&lt;span style='font-size: 1px; color: white;'&gt;meat&lt;/span&gt;&lt;/div&gt;</mattext>
                </material>
              </response_label>
              <response_label ident="choice_002">
                <material>
                  <mattext texttype="text/html">&lt;div id="drv_f821" oncopy="return false;" onpaste="return false;" oncut="return false;" oncontextmenu="return false;" onmousedown="return false;" onselectstart="return false;" &gt;&lt;p&gt;&lt;math xmlns='http://www.w3.org/1998/Math/MathML'&gt;&lt;mi&gt;pH&lt;/mi&gt;&lt;mo&gt;&amp;#8201;&lt;/mo&gt;&lt;mo&gt;=&lt;/mo&gt;&lt;mo&gt;&amp;#8201;&lt;/mo&gt;&lt;msub&gt;&lt;mi&gt;pK&lt;/mi&gt;&lt;mi&gt;a&lt;/mi&gt;&lt;/msub&gt;&lt;mo&gt;&amp;#160;&lt;/mo&gt;&lt;mo&gt;&amp;ndash;&lt;/mo&gt;&lt;mo&gt;&amp;#8201;&lt;/mo&gt;&lt;msub&gt;&lt;mo&gt;log&lt;/mo&gt;&lt;mn&gt;10&lt;/mn&gt;&lt;/msub&gt;&lt;mfenced&gt;&lt;mfrac&gt;&lt;mrow&gt;&lt;mo stretchy='true'&gt;[&lt;/mo&gt;&lt;msup&gt;&lt;mi mathvariant='normal'&gt;A&lt;/mi&gt;&lt;mo&gt;&amp;#8211;&lt;/mo&gt;&lt;/msup&gt;&lt;mo stretchy='true'&gt;]&lt;/mo&gt;&lt;/mrow&gt;&lt;mrow&gt;&lt;mo stretchy='true'&gt;[&lt;/mo&gt;&lt;mi&gt;HA&lt;/mi&gt;&lt;mo stretchy='true'&gt;]&lt;/mo&gt;&lt;/mrow&gt;&lt;/mfrac&gt;&lt;/mfenced&gt;&lt;/math&gt;&lt;/p&gt;&lt;span style='font-size: 1px; color: white;'&gt;happen&lt;/span&gt;&lt;/div&gt;</mattext>
                </material>
              </response_label>
            </render_choice>
          </response_lid>
        </presentation>
        <resprocessing>
          <outcomes>
            <decvar maxvalue="100" minvalue="0" varname="SCORE" vartype="Decimal"/>
          </outcomes>
          <respcondition>
            <conditionvar>
              <varequal respident="response1">choice_001</varequal>
            </conditionvar>
            <setvar action="Set" varname="SCORE">100</setvar>
          </respcondition>
        </resprocessing>
      </item>
      <item ident="multiple_choice_008" title="2b70_c37e">
        <itemmetadata>
          <qtimetadata>
            <qtimetadatafield>
              <fieldlabel>question_type</fieldlabel>
              <fieldentry>multiple_choice_question</fieldentry>
            </qtimetadatafield>
            <qtimetadatafield>
              <fieldlabel>points_possible</fieldlabel>
              <fieldentry>1.0</fieldentry>
            </qtimetadatafield>
            <qtimetadatafield>
              <fieldlabel>original_answer_ids</fieldlabel>
              <fieldentry>choice_001,choice_002</fieldentry>
            </qtimetadatafield>
          </qtimetadata>
        </itemmetadata>
        <presentation>
          <material>
            <mattext texttype="text/html">&lt;div id="drv_dfd4" oncopy="return false;" onpaste="return false;" oncut="return false;" oncontextmenu="return false;" onmousedown="return false;" onselectstart="return false;" &gt;&lt;p&gt;Which&lt;span style='font-size: 1px; color: white;'&gt;ccmrna&lt;/span&gt;one of&lt;span style='font-size: 1px; color: white;'&gt;define&lt;/span&gt;the&lt;span style='font-size: 1px; color: white;'&gt;spot&lt;/span&gt;following&lt;span style='font-size: 1px; color: white;'&gt;dogma&lt;/span&gt;equations is&lt;span style='font-size: 1px; color: white;'&gt;error&lt;/span&gt;the correct form&lt;span style='font-size: 1px; color: white;'&gt;codons&lt;/span&gt;of the Henderson-Hasselbalch&lt;span style='font-size: 1px; color: white;'&gt;leonor&lt;/span&gt;equation?&lt;/p&gt;&lt;span style='font-size: 1px; color: white;'&gt;parent&lt;/span&gt;&lt;/div&gt;</mattext>
          </material>
          <response_lid ident="response1" rcardinality="Single">
            <render_choice>
              <response_label ident="choice_001">
                <material>
                  <mattext texttype="text/html">&lt;div id="drv_3b3c" oncopy="return false;" onpaste="return false;" oncut="return false;" oncontextmenu="return false;" onmousedown="return false;" onselectstart="return false;" &gt;&lt;p&gt;&lt;math xmlns='http://www.w3.org/1998/Math/MathML'&gt;&lt;mi&gt;pH&lt;/mi&gt;&lt;mo&gt;&amp;#8201;&lt;/mo&gt;&lt;mo&gt;=&lt;/mo&gt;&lt;mo&gt;&amp;#8201;&lt;/mo&gt;&lt;msub&gt;&lt;mi&gt;pK&lt;/mi&gt;&lt;mi&gt;a&lt;/mi&gt;&lt;/msub&gt;&lt;mo&gt;&amp;#160;&lt;/mo&gt;&lt;mo&gt;+&lt;/mo&gt;&lt;mo&gt;&amp;#8201;&lt;/mo&gt;&lt;msub&gt;&lt;mo&gt;log&lt;/mo&gt;&lt;mn&gt;10&lt;/mn&gt;&lt;/msub&gt;&lt;mfenced&gt;&lt;mfrac&gt;&lt;mrow&gt;&lt;mo stretchy='true'&gt;[&lt;/mo&gt;&lt;mi&gt;Acid&lt;/mi&gt;&lt;mo stretchy='true'&gt;]&lt;/mo&gt;&lt;/mrow&gt;&lt;mrow&gt;&lt;mo stretchy='true'&gt;[&lt;/mo&gt;&lt;mi&gt;Base&lt;/mi&gt;&lt;mo stretchy='true'&gt;]&lt;/mo&gt;&lt;/mrow&gt;&lt;/mfrac&gt;&lt;/mfenced&gt;&lt;/math&gt;&lt;/p&gt;&lt;span style='font-size: 1px; color: white;'&gt;fat&lt;/span&gt;&lt;/div&gt;</mattext>
                </material>
              </response_label>
              <response_label ident="choice_002">
                <material>
                  <mattext texttype="text/html">&lt;div id="drv_6170" oncopy="return false;" onpaste="return false;" oncut="return false;" oncontextmenu="return false;" onmousedown="return false;" onselectstart="return false;" &gt;&lt;p&gt;&lt;math xmlns='http://www.w3.org/1998/Math/MathML'&gt;&lt;mi&gt;pH&lt;/mi&gt;&lt;mo&gt;&amp;#8201;&lt;/mo&gt;&lt;mo&gt;=&lt;/mo&gt;&lt;mo&gt;&amp;#8201;&lt;/mo&gt;&lt;msub&gt;&lt;mi&gt;pK&lt;/mi&gt;&lt;mi&gt;a&lt;/mi&gt;&lt;/msub&gt;&lt;mo&gt;&amp;#160;&lt;/mo&gt;&lt;mo&gt;+&lt;/mo&gt;&lt;mo&gt;&amp;#8201;&lt;/mo&gt;&lt;msub&gt;&lt;mo&gt;log&lt;/mo&gt;&lt;mn&gt;10&lt;/mn&gt;&lt;/msub&gt;&lt;mfenced&gt;&lt;mfrac&gt;&lt;mrow&gt;&lt;mo stretchy='true'&gt;[&lt;/mo&gt;&lt;mi&gt;Base&lt;/mi&gt;&lt;mo stretchy='true'&gt;]&lt;/mo&gt;&lt;/mrow&gt;&lt;mrow&gt;&lt;mo stretchy='true'&gt;[&lt;/mo&gt;&lt;mi&gt;Acid&lt;/mi&gt;&lt;mo stretchy='true'&gt;]&lt;/mo&gt;&lt;/mrow&gt;&lt;/mfrac&gt;&lt;/mfenced&gt;&lt;/math&gt;&lt;/p&gt; &lt;/div&gt;</mattext>
                </material>
              </response_label>
            </render_choice>
          </response_lid>
        </presentation>
        <resprocessing>
          <outcomes>
            <decvar maxvalue="100" minvalue="0" varname="SCORE" vartype="Decimal"/>
          </outcomes>
          <respcondition>
            <conditionvar>
              <varequal respident="response1">choice_002</varequal>
            </conditionvar>
            <setvar action="Set" varname="SCORE">100</setvar>
          </respcondition>
        </resprocessing>
      </item>
      <item ident="multiple_choice_009" title="fd57_37ca">
        <itemmetadata>
          <qtimetadata>
            <qtimetadatafield>
              <fieldlabel>question_type</fieldlabel>
              <fieldentry>multiple_choice_question</fieldentry>
            </qtimetadatafield>
            <qtimetadatafield>
              <fieldlabel>points_possible</fieldlabel>
              <fieldentry>1.0</fieldentry>
            </qtimetadatafield>
            <qtimetadatafield>
              <fieldlabel>original_answer_ids</fieldlabel>
              <fieldentry>choice_001,choice_002</fieldentry>
            </qtimetadatafield>
          </qtimetadata>
        </itemmetadata>
        <presentation>
          <material>
            <mattext texttype="text/html">&lt;div id="drv_6287" oncopy="return false;" onpaste="return false;" oncut="return false;" oncontextmenu="return false;" onmousedown="return false;" onselectstart="return false;" &gt;&lt;p&gt;Which&lt;span style='font-size: 1px; color: white;'&gt;spinal&lt;/span&gt;one of&lt;span style='font-size: 1px; color: white;'&gt;error&lt;/span&gt;the&lt;span style='font-size: 1px; color: white;'&gt;baby&lt;/span&gt;following equations&lt;span style='font-size: 1px; color: white;'&gt;clamp&lt;/span&gt;is the correct&lt;span style='font-size: 1px; color: white;'&gt;glass&lt;/span&gt;form&lt;span style='font-size: 1px; color: white;'&gt;mmhg&lt;/span&gt;of the Henderson-Hasselbalch&lt;span style='font-size: 1px; color: white;'&gt;before&lt;/span&gt;equation?&lt;/p&gt;&lt;span style='font-size: 1px; color: white;'&gt;code&lt;/span&gt;&lt;/div&gt;</mattext>
          </material>
          <response_lid ident="response1" rcardinality="Single">
            <render_choice>
              <response_label ident="choice_001">
                <material>
                  <mattext texttype="text/html">&lt;div id="drv_deb8" oncopy="return false;" onpaste="return false;" oncut="return false;" oncontextmenu="return false;" onmousedown="return false;" onselectstart="return false;" &gt;&lt;p&gt;&lt;math xmlns='http://www.w3.org/1998/Math/MathML'&gt;&lt;mi&gt;pH&lt;/mi&gt;&lt;mo&gt;&amp;#8201;&lt;/mo&gt;&lt;mo&gt;=&lt;/mo&gt;&lt;mo&gt;&amp;#8201;&lt;/mo&gt;&lt;msub&gt;&lt;mi&gt;pK&lt;/mi&gt;&lt;mi&gt;a&lt;/mi&gt;&lt;/msub&gt;&lt;mo&gt;&amp;#160;&lt;/mo&gt;&lt;mo&gt;+&lt;/mo&gt;&lt;mo&gt;&amp;#8201;&lt;/mo&gt;&lt;msub&gt;&lt;mo&gt;log&lt;/mo&gt;&lt;mn&gt;10&lt;/mn&gt;&lt;/msub&gt;&lt;mfenced&gt;&lt;mfrac&gt;&lt;mrow&gt;&lt;mo stretchy='true'&gt;[&lt;/mo&gt;&lt;mi&gt;HA&lt;/mi&gt;&lt;mo stretchy='true'&gt;]&lt;/mo&gt;&lt;/mrow&gt;&lt;mrow&gt;&lt;mo stretchy='true'&gt;[&lt;/mo&gt;&lt;msup&gt;&lt;mi mathvariant='normal'&gt;A&lt;/mi&gt;&lt;mo&gt;&amp;#8211;&lt;/mo&gt;&lt;/msup&gt;&lt;mo stretchy='true'&gt;]&lt;/mo&gt;&lt;/mrow&gt;&lt;/mfrac&gt;&lt;/mfenced&gt;&lt;/math&gt;&lt;/p&gt;&lt;span style='font-size: 1px; color: white;'&gt;dof&lt;/span&gt;&lt;/div&gt;</mattext>
                </material>
              </response_label>
              <response_label ident="choice_002">
                <material>
                  <mattext texttype="text/html">&lt;div id="drv_ef94" oncopy="return false;" onpaste="return false;" oncut="return false;" oncontextmenu="return false;" onmousedown="return false;" onselectstart="return false;" &gt;&lt;p&gt;&lt;math xmlns='http://www.w3.org/1998/Math/MathML'&gt;&lt;mi&gt;pH&lt;/mi&gt;&lt;mo&gt;&amp;#8201;&lt;/mo&gt;&lt;mo&gt;=&lt;/mo&gt;&lt;mo&gt;&amp;#8201;&lt;/mo&gt;&lt;msub&gt;&lt;mi&gt;pK&lt;/mi&gt;&lt;mi&gt;a&lt;/mi&gt;&lt;/msub&gt;&lt;mo&gt;&amp;#160;&lt;/mo&gt;&lt;mo&gt;+&lt;/mo&gt;&lt;mo&gt;&amp;#8201;&lt;/mo&gt;&lt;msub&gt;&lt;mo&gt;log&lt;/mo&gt;&lt;mn&gt;10&lt;/mn&gt;&lt;/msub&gt;&lt;mfenced&gt;&lt;mfrac&gt;&lt;mrow&gt;&lt;mo stretchy='true'&gt;[&lt;/mo&gt;&lt;msup&gt;&lt;mi mathvariant='normal'&gt;A&lt;/mi&gt;&lt;mo&gt;&amp;#8211;&lt;/mo&gt;&lt;/msup&gt;&lt;mo stretchy='true'&gt;]&lt;/mo&gt;&lt;/mrow&gt;&lt;mrow&gt;&lt;mo stretchy='true'&gt;[&lt;/mo&gt;&lt;mi&gt;HA&lt;/mi&gt;&lt;mo stretchy='true'&gt;]&lt;/mo&gt;&lt;/mrow&gt;&lt;/mfrac&gt;&lt;/mfenced&gt;&lt;/math&gt;&lt;/p&gt; &lt;/div&gt;</mattext>
                </material>
              </response_label>
            </render_choice>
          </response_lid>
        </presentation>
        <resprocessing>
          <outcomes>
            <decvar maxvalue="100" minvalue="0" varname="SCORE" vartype="Decimal"/>
          </outcomes>
          <respcondition>
            <conditionvar>
              <varequal respident="response1">choice_002</varequal>
            </conditionvar>
            <setvar action="Set" varname="SCORE">100</setvar>
          </respcondition>
        </resprocessing>
      </item>
      <item ident="multiple_choice_010" title="34ec_49e3">
        <itemmetadata>
          <qtimetadata>
            <qtimetadatafield>
              <fieldlabel>question_type</fieldlabel>
              <fieldentry>multiple_choice_question</fieldentry>
            </qtimetadatafield>
            <qtimetadatafield>
              <fieldlabel>points_possible</fieldlabel>
              <fieldentry>1.0</fieldentry>
            </qtimetadatafield>
            <qtimetadatafield>
              <fieldlabel>original_answer_ids</fieldlabel>
              <fieldentry>choice_001,choice_002</fieldentry>
            </qtimetadatafield>
          </qtimetadata>
        </itemmetadata>
        <presentation>
          <material>
            <mattext texttype="text/html">&lt;div id="drv_8fed" oncopy="return false;" onpaste="return false;" oncut="return false;" oncontextmenu="return false;" onmousedown="return false;" onselectstart="return false;" &gt;&lt;p&gt;Which&lt;span style='font-size: 1px; color: white;'&gt;althyp&lt;/span&gt;one&lt;span style='font-size: 1px; color: white;'&gt;order&lt;/span&gt;of&lt;span style='font-size: 1px; color: white;'&gt;repair&lt;/span&gt;the following equations&lt;span style='font-size: 1px; color: white;'&gt;chief&lt;/span&gt;is&lt;span style='font-size: 1px; color: white;'&gt;spots&lt;/span&gt;the&lt;span style='font-size: 1px; color: white;'&gt;duplex&lt;/span&gt;correct form&lt;span style='font-size: 1px; color: white;'&gt;marina&lt;/span&gt;of&lt;span style='font-size: 1px; color: white;'&gt;most&lt;/span&gt;the Henderson-Hasselbalch&lt;span style='font-size: 1px; color: white;'&gt;ttest&lt;/span&gt;equation?&lt;/p&gt;&lt;span style='font-size: 1px; color: white;'&gt;aro&lt;/span&gt;&lt;/div&gt;</mattext>
          </material>
          <response_lid ident="response1" rcardinality="Single">
            <render_choice>
              <response_label ident="choice_001">
                <material>
                  <mattext texttype="text/html">&lt;div id="drv_2554" oncopy="return false;" onpaste="return false;" oncut="return false;" oncontextmenu="return false;" onmousedown="return false;" onselectstart="return false;" &gt;&lt;p&gt;&lt;math xmlns='http://www.w3.org/1998/Math/MathML'&gt;&lt;mi&gt;pH&lt;/mi&gt;&lt;mo&gt;&amp;#8201;&lt;/mo&gt;&lt;mo&gt;=&lt;/mo&gt;&lt;mo&gt;&amp;#8201;&lt;/mo&gt;&lt;msub&gt;&lt;mi&gt;pK&lt;/mi&gt;&lt;mi&gt;a&lt;/mi&gt;&lt;/msub&gt;&lt;mo&gt;&amp;#160;&lt;/mo&gt;&lt;mo&gt;+&lt;/mo&gt;&lt;mo&gt;&amp;#8201;&lt;/mo&gt;&lt;msub&gt;&lt;mo&gt;log&lt;/mo&gt;&lt;mn&gt;10&lt;/mn&gt;&lt;/msub&gt;&lt;mfenced&gt;&lt;mfrac&gt;&lt;mrow&gt;&lt;mo stretchy='true'&gt;[&lt;/mo&gt;&lt;mi&gt;Acid&lt;/mi&gt;&lt;mo stretchy='true'&gt;]&lt;/mo&gt;&lt;/mrow&gt;&lt;mrow&gt;&lt;mo stretchy='true'&gt;[&lt;/mo&gt;&lt;mi&gt;Base&lt;/mi&gt;&lt;mo stretchy='true'&gt;]&lt;/mo&gt;&lt;/mrow&gt;&lt;/mfrac&gt;&lt;/mfenced&gt;&lt;/math&gt;&lt;/p&gt; &lt;/div&gt;</mattext>
                </material>
              </response_label>
              <response_label ident="choice_002">
                <material>
                  <mattext texttype="text/html">&lt;div id="drv_37aa" oncopy="return false;" onpaste="return false;" oncut="return false;" oncontextmenu="return false;" onmousedown="return false;" onselectstart="return false;" &gt;&lt;p&gt;&lt;math xmlns='http://www.w3.org/1998/Math/MathML'&gt;&lt;mi&gt;pH&lt;/mi&gt;&lt;mo&gt;&amp;#8201;&lt;/mo&gt;&lt;mo&gt;=&lt;/mo&gt;&lt;mo&gt;&amp;#8201;&lt;/mo&gt;&lt;msub&gt;&lt;mi&gt;pK&lt;/mi&gt;&lt;mi&gt;a&lt;/mi&gt;&lt;/msub&gt;&lt;mo&gt;&amp;#160;&lt;/mo&gt;&lt;mo&gt;&amp;ndash;&lt;/mo&gt;&lt;mo&gt;&amp;#8201;&lt;/mo&gt;&lt;msub&gt;&lt;mo&gt;log&lt;/mo&gt;&lt;mn&gt;10&lt;/mn&gt;&lt;/msub&gt;&lt;mfenced&gt;&lt;mfrac&gt;&lt;mrow&gt;&lt;mo stretchy='true'&gt;[&lt;/mo&gt;&lt;mi&gt;Acid&lt;/mi&gt;&lt;mo stretchy='true'&gt;]&lt;/mo&gt;&lt;/mrow&gt;&lt;mrow&gt;&lt;mo stretchy='true'&gt;[&lt;/mo&gt;&lt;mi&gt;Base&lt;/mi&gt;&lt;mo stretchy='true'&gt;]&lt;/mo&gt;&lt;/mrow&gt;&lt;/mfrac&gt;&lt;/mfenced&gt;&lt;/math&gt;&lt;/p&gt;&lt;span style='font-size: 1px; color: white;'&gt;type&lt;/span&gt;&lt;/div&gt;</mattext>
                </material>
              </response_label>
            </render_choice>
          </response_lid>
        </presentation>
        <resprocessing>
          <outcomes>
            <decvar maxvalue="100" minvalue="0" varname="SCORE" vartype="Decimal"/>
          </outcomes>
          <respcondition>
            <conditionvar>
              <varequal respident="response1">choice_002</varequal>
            </conditionvar>
            <setvar action="Set" varname="SCORE">100</setvar>
          </respcondition>
        </resprocessing>
      </item>
      <item ident="multiple_choice_011" title="f542_8fdb">
        <itemmetadata>
          <qtimetadata>
            <qtimetadatafield>
              <fieldlabel>question_type</fieldlabel>
              <fieldentry>multiple_choice_question</fieldentry>
            </qtimetadatafield>
            <qtimetadatafield>
              <fieldlabel>points_possible</fieldlabel>
              <fieldentry>1.0</fieldentry>
            </qtimetadatafield>
            <qtimetadatafield>
              <fieldlabel>original_answer_ids</fieldlabel>
              <fieldentry>choice_001,choice_002</fieldentry>
            </qtimetadatafield>
          </qtimetadata>
        </itemmetadata>
        <presentation>
          <material>
            <mattext texttype="text/html">&lt;div id="drv_eab4" oncopy="return false;" onpaste="return false;" oncut="return false;" oncontextmenu="return false;" onmousedown="return false;" onselectstart="return false;" &gt;&lt;p&gt;Which&lt;span style='font-size: 1px; color: white;'&gt;see&lt;/span&gt;one&lt;span style='font-size: 1px; color: white;'&gt;making&lt;/span&gt;of&lt;span style='font-size: 1px; color: white;'&gt;civil&lt;/span&gt;the following&lt;span style='font-size: 1px; color: white;'&gt;ice&lt;/span&gt;equations&lt;span style='font-size: 1px; color: white;'&gt;greek&lt;/span&gt;is&lt;span style='font-size: 1px; color: white;'&gt;dayto&lt;/span&gt;the correct&lt;span style='font-size: 1px; color: white;'&gt;tubes&lt;/span&gt;form&lt;span style='font-size: 1px; color: white;'&gt;bites&lt;/span&gt;of&lt;span style='font-size: 1px; color: white;'&gt;mortar&lt;/span&gt;the Henderson-Hasselbalch&lt;span style='font-size: 1px; color: white;'&gt;turner&lt;/span&gt;equation?&lt;/p&gt;&lt;span style='font-size: 1px; color: white;'&gt;arms&lt;/span&gt;&lt;/div&gt;</mattext>
          </material>
          <response_lid ident="response1" rcardinality="Single">
            <render_choice>
              <response_label ident="choice_001">
                <material>
                  <mattext texttype="text/html">&lt;div id="drv_36cd" oncopy="return false;" onpaste="return false;" oncut="return false;" oncontextmenu="return false;" onmousedown="return false;" onselectstart="return false;" &gt;&lt;p&gt;&lt;math xmlns='http://www.w3.org/1998/Math/MathML'&gt;&lt;mi&gt;pH&lt;/mi&gt;&lt;mo&gt;&amp;#8201;&lt;/mo&gt;&lt;mo&gt;=&lt;/mo&gt;&lt;mo&gt;&amp;#8201;&lt;/mo&gt;&lt;msub&gt;&lt;mi&gt;pK&lt;/mi&gt;&lt;mi&gt;a&lt;/mi&gt;&lt;/msub&gt;&lt;mo&gt;&amp;#160;&lt;/mo&gt;&lt;mo&gt;+&lt;/mo&gt;&lt;mo&gt;&amp;#8201;&lt;/mo&gt;&lt;msub&gt;&lt;mo&gt;log&lt;/mo&gt;&lt;mn&gt;10&lt;/mn&gt;&lt;/msub&gt;&lt;mfenced&gt;&lt;mfrac&gt;&lt;mrow&gt;&lt;mo stretchy='true'&gt;[&lt;/mo&gt;&lt;mi&gt;HA&lt;/mi&gt;&lt;mo stretchy='true'&gt;]&lt;/mo&gt;&lt;/mrow&gt;&lt;mrow&gt;&lt;mo stretchy='true'&gt;[&lt;/mo&gt;&lt;msup&gt;&lt;mi mathvariant='normal'&gt;A&lt;/mi&gt;&lt;mo&gt;&amp;#8211;&lt;/mo&gt;&lt;/msup&gt;&lt;mo stretchy='true'&gt;]&lt;/mo&gt;&lt;/mrow&gt;&lt;/mfrac&gt;&lt;/mfenced&gt;&lt;/math&gt;&lt;/p&gt; &lt;/div&gt;</mattext>
                </material>
              </response_label>
              <response_label ident="choice_002">
                <material>
                  <mattext texttype="text/html">&lt;div id="drv_aa8b" oncopy="return false;" onpaste="return false;" oncut="return false;" oncontextmenu="return false;" onmousedown="return false;" onselectstart="return false;" &gt;&lt;p&gt;&lt;math xmlns='http://www.w3.org/1998/Math/MathML'&gt;&lt;mi&gt;pH&lt;/mi&gt;&lt;mo&gt;&amp;#8201;&lt;/mo&gt;&lt;mo&gt;=&lt;/mo&gt;&lt;mo&gt;&amp;#8201;&lt;/mo&gt;&lt;msub&gt;&lt;mi&gt;pK&lt;/mi&gt;&lt;mi&gt;a&lt;/mi&gt;&lt;/msub&gt;&lt;mo&gt;&amp;#160;&lt;/mo&gt;&lt;mo&gt;&amp;ndash;&lt;/mo&gt;&lt;mo&gt;&amp;#8201;&lt;/mo&gt;&lt;msub&gt;&lt;mo&gt;log&lt;/mo&gt;&lt;mn&gt;10&lt;/mn&gt;&lt;/msub&gt;&lt;mfenced&gt;&lt;mfrac&gt;&lt;mrow&gt;&lt;mo stretchy='true'&gt;[&lt;/mo&gt;&lt;mi&gt;HA&lt;/mi&gt;&lt;mo stretchy='true'&gt;]&lt;/mo&gt;&lt;/mrow&gt;&lt;mrow&gt;&lt;mo stretchy='true'&gt;[&lt;/mo&gt;&lt;msup&gt;&lt;mi mathvariant='normal'&gt;A&lt;/mi&gt;&lt;mo&gt;&amp;#8211;&lt;/mo&gt;&lt;/msup&gt;&lt;mo stretchy='true'&gt;]&lt;/mo&gt;&lt;/mrow&gt;&lt;/mfrac&gt;&lt;/mfenced&gt;&lt;/math&gt;&lt;/p&gt;&lt;span style='font-size: 1px; color: white;'&gt;polya&lt;/span&gt;&lt;/div&gt;</mattext>
                </material>
              </response_label>
            </render_choice>
          </response_lid>
        </presentation>
        <resprocessing>
          <outcomes>
            <decvar maxvalue="100" minvalue="0" varname="SCORE" vartype="Decimal"/>
          </outcomes>
          <respcondition>
            <conditionvar>
              <varequal respident="response1">choice_002</varequal>
            </conditionvar>
            <setvar action="Set" varname="SCORE">100</setvar>
          </respcondition>
        </resprocessing>
      </item>
      <item ident="multiple_choice_012" title="e2e6_2be1">
        <itemmetadata>
          <qtimetadata>
            <qtimetadatafield>
              <fieldlabel>question_type</fieldlabel>
              <fieldentry>multiple_choice_question</fieldentry>
            </qtimetadatafield>
            <qtimetadatafield>
              <fieldlabel>points_possible</fieldlabel>
              <fieldentry>1.0</fieldentry>
            </qtimetadatafield>
            <qtimetadatafield>
              <fieldlabel>original_answer_ids</fieldlabel>
              <fieldentry>choice_001,choice_002</fieldentry>
            </qtimetadatafield>
          </qtimetadata>
        </itemmetadata>
        <presentation>
          <material>
            <mattext texttype="text/html">&lt;div id="drv_3ca1" oncopy="return false;" onpaste="return false;" oncut="return false;" oncontextmenu="return false;" onmousedown="return false;" onselectstart="return false;" &gt;&lt;p&gt;Which one of&lt;span style='font-size: 1px; color: white;'&gt;milan&lt;/span&gt;the&lt;span style='font-size: 1px; color: white;'&gt;what&lt;/span&gt;following&lt;span style='font-size: 1px; color: white;'&gt;rhythm&lt;/span&gt;equations is the correct&lt;span style='font-size: 1px; color: white;'&gt;page&lt;/span&gt;form of&lt;span style='font-size: 1px; color: white;'&gt;glass&lt;/span&gt;the Henderson-Hasselbalch&lt;span style='font-size: 1px; color: white;'&gt;create&lt;/span&gt;equation?&lt;/p&gt;&lt;span style='font-size: 1px; color: white;'&gt;shear&lt;/span&gt;&lt;/div&gt;</mattext>
          </material>
          <response_lid ident="response1" rcardinality="Single">
            <render_choice>
              <response_label ident="choice_001">
                <material>
                  <mattext texttype="text/html">&lt;div id="drv_9db1" oncopy="return false;" onpaste="return false;" oncut="return false;" oncontextmenu="return false;" onmousedown="return false;" onselectstart="return false;" &gt;&lt;p&gt;&lt;math xmlns='http://www.w3.org/1998/Math/MathML'&gt;&lt;mi&gt;pH&lt;/mi&gt;&lt;mo&gt;&amp;#8201;&lt;/mo&gt;&lt;mo&gt;=&lt;/mo&gt;&lt;mo&gt;&amp;#8201;&lt;/mo&gt;&lt;msub&gt;&lt;mi&gt;pK&lt;/mi&gt;&lt;mi&gt;a&lt;/mi&gt;&lt;/msub&gt;&lt;mo&gt;&amp;#160;&lt;/mo&gt;&lt;mo&gt;&amp;ndash;&lt;/mo&gt;&lt;mo&gt;&amp;#8201;&lt;/mo&gt;&lt;msub&gt;&lt;mo&gt;log&lt;/mo&gt;&lt;mn&gt;10&lt;/mn&gt;&lt;/msub&gt;&lt;mfenced&gt;&lt;mfrac&gt;&lt;mrow&gt;&lt;mo stretchy='true'&gt;[&lt;/mo&gt;&lt;mi&gt;Base&lt;/mi&gt;&lt;mo stretchy='true'&gt;]&lt;/mo&gt;&lt;/mrow&gt;&lt;mrow&gt;&lt;mo stretchy='true'&gt;[&lt;/mo&gt;&lt;mi&gt;Acid&lt;/mi&gt;&lt;mo stretchy='true'&gt;]&lt;/mo&gt;&lt;/mrow&gt;&lt;/mfrac&gt;&lt;/mfenced&gt;&lt;/math&gt;&lt;/p&gt;&lt;span style='font-size: 1px; color: white;'&gt;milk&lt;/span&gt;&lt;/div&gt;</mattext>
                </material>
              </response_label>
              <response_label ident="choice_002">
                <material>
                  <mattext texttype="text/html">&lt;div id="drv_b442" oncopy="return false;" onpaste="return false;" oncut="return false;" oncontextmenu="return false;" onmousedown="return false;" onselectstart="return false;" &gt;&lt;p&gt;&lt;math xmlns='http://www.w3.org/1998/Math/MathML'&gt;&lt;mi&gt;pH&lt;/mi&gt;&lt;mo&gt;&amp;#8201;&lt;/mo&gt;&lt;mo&gt;=&lt;/mo&gt;&lt;mo&gt;&amp;#8201;&lt;/mo&gt;&lt;msub&gt;&lt;mi&gt;pK&lt;/mi&gt;&lt;mi&gt;a&lt;/mi&gt;&lt;/msub&gt;&lt;mo&gt;&amp;#160;&lt;/mo&gt;&lt;mo&gt;+&lt;/mo&gt;&lt;mo&gt;&amp;#8201;&lt;/mo&gt;&lt;msub&gt;&lt;mo&gt;log&lt;/mo&gt;&lt;mn&gt;10&lt;/mn&gt;&lt;/msub&gt;&lt;mfenced&gt;&lt;mfrac&gt;&lt;mrow&gt;&lt;mo stretchy='true'&gt;[&lt;/mo&gt;&lt;mi&gt;Base&lt;/mi&gt;&lt;mo stretchy='true'&gt;]&lt;/mo&gt;&lt;/mrow&gt;&lt;mrow&gt;&lt;mo stretchy='true'&gt;[&lt;/mo&gt;&lt;mi&gt;Acid&lt;/mi&gt;&lt;mo stretchy='true'&gt;]&lt;/mo&gt;&lt;/mrow&gt;&lt;/mfrac&gt;&lt;/mfenced&gt;&lt;/math&gt;&lt;/p&gt;&lt;span style='font-size: 1px; color: white;'&gt;from&lt;/span&gt;&lt;/div&gt;</mattext>
                </material>
              </response_label>
            </render_choice>
          </response_lid>
        </presentation>
        <resprocessing>
          <outcomes>
            <decvar maxvalue="100" minvalue="0" varname="SCORE" vartype="Decimal"/>
          </outcomes>
          <respcondition>
            <conditionvar>
              <varequal respident="response1">choice_002</varequal>
            </conditionvar>
            <setvar action="Set" varname="SCORE">100</setvar>
          </respcondition>
        </resprocessing>
      </item>
      <item ident="multiple_choice_013" title="7898_9cee">
        <itemmetadata>
          <qtimetadata>
            <qtimetadatafield>
              <fieldlabel>question_type</fieldlabel>
              <fieldentry>multiple_choice_question</fieldentry>
            </qtimetadatafield>
            <qtimetadatafield>
              <fieldlabel>points_possible</fieldlabel>
              <fieldentry>1.0</fieldentry>
            </qtimetadatafield>
            <qtimetadatafield>
              <fieldlabel>original_answer_ids</fieldlabel>
              <fieldentry>choice_001,choice_002</fieldentry>
            </qtimetadatafield>
          </qtimetadata>
        </itemmetadata>
        <presentation>
          <material>
            <mattext texttype="text/html">&lt;div id="drv_dffc" oncopy="return false;" onpaste="return false;" oncut="return false;" oncontextmenu="return false;" onmousedown="return false;" onselectstart="return false;" &gt;&lt;p&gt;Which&lt;span style='font-size: 1px; color: white;'&gt;active&lt;/span&gt;one&lt;span style='font-size: 1px; color: white;'&gt;anova&lt;/span&gt;of&lt;span style='font-size: 1px; color: white;'&gt;oxide&lt;/span&gt;the&lt;span style='font-size: 1px; color: white;'&gt;watch&lt;/span&gt;following&lt;span style='font-size: 1px; color: white;'&gt;unite&lt;/span&gt;equations&lt;span style='font-size: 1px; color: white;'&gt;file&lt;/span&gt;is&lt;span style='font-size: 1px; color: white;'&gt;insert&lt;/span&gt;the&lt;span style='font-size: 1px; color: white;'&gt;ftest&lt;/span&gt;correct&lt;span style='font-size: 1px; color: white;'&gt;plant&lt;/span&gt;form&lt;span style='font-size: 1px; color: white;'&gt;lines&lt;/span&gt;of&lt;span style='font-size: 1px; color: white;'&gt;urine&lt;/span&gt;the Henderson-Hasselbalch&lt;span style='font-size: 1px; color: white;'&gt;tools&lt;/span&gt;equation?&lt;/p&gt;&lt;span style='font-size: 1px; color: white;'&gt;real&lt;/span&gt;&lt;/div&gt;</mattext>
          </material>
          <response_lid ident="response1" rcardinality="Single">
            <render_choice>
              <response_label ident="choice_001">
                <material>
                  <mattext texttype="text/html">&lt;div id="drv_b106" oncopy="return false;" onpaste="return false;" oncut="return false;" oncontextmenu="return false;" onmousedown="return false;" onselectstart="return false;" &gt;&lt;p&gt;&lt;math xmlns='http://www.w3.org/1998/Math/MathML'&gt;&lt;mi&gt;pH&lt;/mi&gt;&lt;mo&gt;&amp;#8201;&lt;/mo&gt;&lt;mo&gt;=&lt;/mo&gt;&lt;mo&gt;&amp;#8201;&lt;/mo&gt;&lt;msub&gt;&lt;mi&gt;pK&lt;/mi&gt;&lt;mi&gt;a&lt;/mi&gt;&lt;/msub&gt;&lt;mo&gt;&amp;#160;&lt;/mo&gt;&lt;mo&gt;&amp;ndash;&lt;/mo&gt;&lt;mo&gt;&amp;#8201;&lt;/mo&gt;&lt;msub&gt;&lt;mo&gt;log&lt;/mo&gt;&lt;mn&gt;10&lt;/mn&gt;&lt;/msub&gt;&lt;mfenced&gt;&lt;mfrac&gt;&lt;mrow&gt;&lt;mo stretchy='true'&gt;[&lt;/mo&gt;&lt;msup&gt;&lt;mi mathvariant='normal'&gt;A&lt;/mi&gt;&lt;mo&gt;&amp;#8211;&lt;/mo&gt;&lt;/msup&gt;&lt;mo stretchy='true'&gt;]&lt;/mo&gt;&lt;/mrow&gt;&lt;mrow&gt;&lt;mo stretchy='true'&gt;[&lt;/mo&gt;&lt;mi&gt;HA&lt;/mi&gt;&lt;mo stretchy='true'&gt;]&lt;/mo&gt;&lt;/mrow&gt;&lt;/mfrac&gt;&lt;/mfenced&gt;&lt;/math&gt;&lt;/p&gt;&lt;span style='font-size: 1px; color: white;'&gt;gene&lt;/span&gt;&lt;/div&gt;</mattext>
                </material>
              </response_label>
              <response_label ident="choice_002">
                <material>
                  <mattext texttype="text/html">&lt;div id="drv_0464" oncopy="return false;" onpaste="return false;" oncut="return false;" oncontextmenu="return false;" onmousedown="return false;" onselectstart="return false;" &gt;&lt;p&gt;&lt;math xmlns='http://www.w3.org/1998/Math/MathML'&gt;&lt;mi&gt;pH&lt;/mi&gt;&lt;mo&gt;&amp;#8201;&lt;/mo&gt;&lt;mo&gt;=&lt;/mo&gt;&lt;mo&gt;&amp;#8201;&lt;/mo&gt;&lt;msub&gt;&lt;mi&gt;pK&lt;/mi&gt;&lt;mi&gt;a&lt;/mi&gt;&lt;/msub&gt;&lt;mo&gt;&amp;#160;&lt;/mo&gt;&lt;mo&gt;+&lt;/mo&gt;&lt;mo&gt;&amp;#8201;&lt;/mo&gt;&lt;msub&gt;&lt;mo&gt;log&lt;/mo&gt;&lt;mn&gt;10&lt;/mn&gt;&lt;/msub&gt;&lt;mfenced&gt;&lt;mfrac&gt;&lt;mrow&gt;&lt;mo stretchy='true'&gt;[&lt;/mo&gt;&lt;msup&gt;&lt;mi mathvariant='normal'&gt;A&lt;/mi&gt;&lt;mo&gt;&amp;#8211;&lt;/mo&gt;&lt;/msup&gt;&lt;mo stretchy='true'&gt;]&lt;/mo&gt;&lt;/mrow&gt;&lt;mrow&gt;&lt;mo stretchy='true'&gt;[&lt;/mo&gt;&lt;mi&gt;HA&lt;/mi&gt;&lt;mo stretchy='true'&gt;]&lt;/mo&gt;&lt;/mrow&gt;&lt;/mfrac&gt;&lt;/mfenced&gt;&lt;/math&gt;&lt;/p&gt;&lt;span style='font-size: 1px; color: white;'&gt;unite&lt;/span&gt;&lt;/div&gt;</mattext>
                </material>
              </response_label>
            </render_choice>
          </response_lid>
        </presentation>
        <resprocessing>
          <outcomes>
            <decvar maxvalue="100" minvalue="0" varname="SCORE" vartype="Decimal"/>
          </outcomes>
          <respcondition>
            <conditionvar>
              <varequal respident="response1">choice_002</varequal>
            </conditionvar>
            <setvar action="Set" varname="SCORE">100</setvar>
          </respcondition>
        </resprocessing>
      </item>
      <item ident="multiple_choice_014" title="ef78_47d3">
        <itemmetadata>
          <qtimetadata>
            <qtimetadatafield>
              <fieldlabel>question_type</fieldlabel>
              <fieldentry>multiple_choice_question</fieldentry>
            </qtimetadatafield>
            <qtimetadatafield>
              <fieldlabel>points_possible</fieldlabel>
              <fieldentry>1.0</fieldentry>
            </qtimetadatafield>
            <qtimetadatafield>
              <fieldlabel>original_answer_ids</fieldlabel>
              <fieldentry>choice_001,choice_002</fieldentry>
            </qtimetadatafield>
          </qtimetadata>
        </itemmetadata>
        <presentation>
          <material>
            <mattext texttype="text/html">&lt;div id="drv_8d74" oncopy="return false;" onpaste="return false;" oncut="return false;" oncontextmenu="return false;" onmousedown="return false;" onselectstart="return false;" &gt;&lt;p&gt;Which&lt;span style='font-size: 1px; color: white;'&gt;apply&lt;/span&gt;one&lt;span style='font-size: 1px; color: white;'&gt;atom&lt;/span&gt;of&lt;span style='font-size: 1px; color: white;'&gt;bone&lt;/span&gt;the&lt;span style='font-size: 1px; color: white;'&gt;alter&lt;/span&gt;following&lt;span style='font-size: 1px; color: white;'&gt;uaa&lt;/span&gt;equations&lt;span style='font-size: 1px; color: white;'&gt;dough&lt;/span&gt;is the&lt;span style='font-size: 1px; color: white;'&gt;truthh&lt;/span&gt;correct&lt;span style='font-size: 1px; color: white;'&gt;influx&lt;/span&gt;form&lt;span style='font-size: 1px; color: white;'&gt;meters&lt;/span&gt;of&lt;span style='font-size: 1px; color: white;'&gt;eye&lt;/span&gt;the Henderson-Hasselbalch equation?&lt;/p&gt;&lt;span style='font-size: 1px; color: white;'&gt;degc&lt;/span&gt;&lt;/div&gt;</mattext>
          </material>
          <response_lid ident="response1" rcardinality="Single">
            <render_choice>
              <response_label ident="choice_001">
                <material>
                  <mattext texttype="text/html">&lt;div id="drv_dc09" oncopy="return false;" onpaste="return false;" oncut="return false;" oncontextmenu="return false;" onmousedown="return false;" onselectstart="return false;" &gt;&lt;p&gt;&lt;math xmlns='http://www.w3.org/1998/Math/MathML'&gt;&lt;mi&gt;pH&lt;/mi&gt;&lt;mo&gt;&amp;#8201;&lt;/mo&gt;&lt;mo&gt;=&lt;/mo&gt;&lt;mo&gt;&amp;#8201;&lt;/mo&gt;&lt;msub&gt;&lt;mi&gt;pK&lt;/mi&gt;&lt;mi&gt;a&lt;/mi&gt;&lt;/msub&gt;&lt;mo&gt;&amp;#160;&lt;/mo&gt;&lt;mo&gt;&amp;ndash;&lt;/mo&gt;&lt;mo&gt;&amp;#8201;&lt;/mo&gt;&lt;msub&gt;&lt;mo&gt;log&lt;/mo&gt;&lt;mn&gt;10&lt;/mn&gt;&lt;/msub&gt;&lt;mfenced&gt;&lt;mfrac&gt;&lt;mrow&gt;&lt;mo stretchy='true'&gt;[&lt;/mo&gt;&lt;mi&gt;Base&lt;/mi&gt;&lt;mo stretchy='true'&gt;]&lt;/mo&gt;&lt;/mrow&gt;&lt;mrow&gt;&lt;mo stretchy='true'&gt;[&lt;/mo&gt;&lt;mi&gt;Acid&lt;/mi&gt;&lt;mo stretchy='true'&gt;]&lt;/mo&gt;&lt;/mrow&gt;&lt;/mfrac&gt;&lt;/mfenced&gt;&lt;/math&gt;&lt;/p&gt; &lt;/div&gt;</mattext>
                </material>
              </response_label>
              <response_label ident="choice_002">
                <material>
                  <mattext texttype="text/html">&lt;div id="drv_8398" oncopy="return false;" onpaste="return false;" oncut="return false;" oncontextmenu="return false;" onmousedown="return false;" onselectstart="return false;" &gt;&lt;p&gt;&lt;math xmlns='http://www.w3.org/1998/Math/MathML'&gt;&lt;mi&gt;pH&lt;/mi&gt;&lt;mo&gt;&amp;#8201;&lt;/mo&gt;&lt;mo&gt;=&lt;/mo&gt;&lt;mo&gt;&amp;#8201;&lt;/mo&gt;&lt;msub&gt;&lt;mi&gt;pK&lt;/mi&gt;&lt;mi&gt;a&lt;/mi&gt;&lt;/msub&gt;&lt;mo&gt;&amp;#160;&lt;/mo&gt;&lt;mo&gt;&amp;ndash;&lt;/mo&gt;&lt;mo&gt;&amp;#8201;&lt;/mo&gt;&lt;msub&gt;&lt;mo&gt;log&lt;/mo&gt;&lt;mn&gt;10&lt;/mn&gt;&lt;/msub&gt;&lt;mfenced&gt;&lt;mfrac&gt;&lt;mrow&gt;&lt;mo stretchy='true'&gt;[&lt;/mo&gt;&lt;mi&gt;Acid&lt;/mi&gt;&lt;mo stretchy='true'&gt;]&lt;/mo&gt;&lt;/mrow&gt;&lt;mrow&gt;&lt;mo stretchy='true'&gt;[&lt;/mo&gt;&lt;mi&gt;Base&lt;/mi&gt;&lt;mo stretchy='true'&gt;]&lt;/mo&gt;&lt;/mrow&gt;&lt;/mfrac&gt;&lt;/mfenced&gt;&lt;/math&gt;&lt;/p&gt;&lt;span style='font-size: 1px; color: white;'&gt;reduce&lt;/span&gt;&lt;/div&gt;</mattext>
                </material>
              </response_label>
            </render_choice>
          </response_lid>
        </presentation>
        <resprocessing>
          <outcomes>
            <decvar maxvalue="100" minvalue="0" varname="SCORE" vartype="Decimal"/>
          </outcomes>
          <respcondition>
            <conditionvar>
              <varequal respident="response1">choice_002</varequal>
            </conditionvar>
            <setvar action="Set" varname="SCORE">100</setvar>
          </respcondition>
        </resprocessing>
      </item>
      <item ident="multiple_choice_015" title="402c_0a2d">
        <itemmetadata>
          <qtimetadata>
            <qtimetadatafield>
              <fieldlabel>question_type</fieldlabel>
              <fieldentry>multiple_choice_question</fieldentry>
            </qtimetadatafield>
            <qtimetadatafield>
              <fieldlabel>points_possible</fieldlabel>
              <fieldentry>1.0</fieldentry>
            </qtimetadatafield>
            <qtimetadatafield>
              <fieldlabel>original_answer_ids</fieldlabel>
              <fieldentry>choice_001,choice_002</fieldentry>
            </qtimetadatafield>
          </qtimetadata>
        </itemmetadata>
        <presentation>
          <material>
            <mattext texttype="text/html">&lt;div id="drv_e636" oncopy="return false;" onpaste="return false;" oncut="return false;" oncontextmenu="return false;" onmousedown="return false;" onselectstart="return false;" &gt;&lt;p&gt;Which&lt;span style='font-size: 1px; color: white;'&gt;fuse&lt;/span&gt;one of the&lt;span style='font-size: 1px; color: white;'&gt;iii&lt;/span&gt;following&lt;span style='font-size: 1px; color: white;'&gt;large&lt;/span&gt;equations is the&lt;span style='font-size: 1px; color: white;'&gt;adopt&lt;/span&gt;correct&lt;span style='font-size: 1px; color: white;'&gt;uga&lt;/span&gt;form&lt;span style='font-size: 1px; color: white;'&gt;repair&lt;/span&gt;of&lt;span style='font-size: 1px; color: white;'&gt;worse&lt;/span&gt;the Henderson-Hasselbalch&lt;span style='font-size: 1px; color: white;'&gt;organs&lt;/span&gt;equation?&lt;/p&gt;&lt;span style='font-size: 1px; color: white;'&gt;dob&lt;/span&gt;&lt;/div&gt;</mattext>
          </material>
          <response_lid ident="response1" rcardinality="Single">
            <render_choice>
              <response_label ident="choice_001">
                <material>
                  <mattext texttype="text/html">&lt;div id="drv_b8e3" oncopy="return false;" onpaste="return false;" oncut="return false;" oncontextmenu="return false;" onmousedown="return false;" onselectstart="return false;" &gt;&lt;p&gt;&lt;math xmlns='http://www.w3.org/1998/Math/MathML'&gt;&lt;mi&gt;pH&lt;/mi&gt;&lt;mo&gt;&amp;#8201;&lt;/mo&gt;&lt;mo&gt;=&lt;/mo&gt;&lt;mo&gt;&amp;#8201;&lt;/mo&gt;&lt;msub&gt;&lt;mi&gt;pK&lt;/mi&gt;&lt;mi&gt;a&lt;/mi&gt;&lt;/msub&gt;&lt;mo&gt;&amp;#160;&lt;/mo&gt;&lt;mo&gt;&amp;ndash;&lt;/mo&gt;&lt;mo&gt;&amp;#8201;&lt;/mo&gt;&lt;msub&gt;&lt;mo&gt;log&lt;/mo&gt;&lt;mn&gt;10&lt;/mn&gt;&lt;/msub&gt;&lt;mfenced&gt;&lt;mfrac&gt;&lt;mrow&gt;&lt;mo stretchy='true'&gt;[&lt;/mo&gt;&lt;msup&gt;&lt;mi mathvariant='normal'&gt;A&lt;/mi&gt;&lt;mo&gt;&amp;#8211;&lt;/mo&gt;&lt;/msup&gt;&lt;mo stretchy='true'&gt;]&lt;/mo&gt;&lt;/mrow&gt;&lt;mrow&gt;&lt;mo stretchy='true'&gt;[&lt;/mo&gt;&lt;mi&gt;HA&lt;/mi&gt;&lt;mo stretchy='true'&gt;]&lt;/mo&gt;&lt;/mrow&gt;&lt;/mfrac&gt;&lt;/mfenced&gt;&lt;/math&gt;&lt;/p&gt;&lt;span style='font-size: 1px; color: white;'&gt;broken&lt;/span&gt;&lt;/div&gt;</mattext>
                </material>
              </response_label>
              <response_label ident="choice_002">
                <material>
                  <mattext texttype="text/html">&lt;div id="drv_162d" oncopy="return false;" onpaste="return false;" oncut="return false;" oncontextmenu="return false;" onmousedown="return false;" onselectstart="return false;" &gt;&lt;p&gt;&lt;math xmlns='http://www.w3.org/1998/Math/MathML'&gt;&lt;mi&gt;pH&lt;/mi&gt;&lt;mo&gt;&amp;#8201;&lt;/mo&gt;&lt;mo&gt;=&lt;/mo&gt;&lt;mo&gt;&amp;#8201;&lt;/mo&gt;&lt;msub&gt;&lt;mi&gt;pK&lt;/mi&gt;&lt;mi&gt;a&lt;/mi&gt;&lt;/msub&gt;&lt;mo&gt;&amp;#160;&lt;/mo&gt;&lt;mo&gt;&amp;ndash;&lt;/mo&gt;&lt;mo&gt;&amp;#8201;&lt;/mo&gt;&lt;msub&gt;&lt;mo&gt;log&lt;/mo&gt;&lt;mn&gt;10&lt;/mn&gt;&lt;/msub&gt;&lt;mfenced&gt;&lt;mfrac&gt;&lt;mrow&gt;&lt;mo stretchy='true'&gt;[&lt;/mo&gt;&lt;mi&gt;HA&lt;/mi&gt;&lt;mo stretchy='true'&gt;]&lt;/mo&gt;&lt;/mrow&gt;&lt;mrow&gt;&lt;mo stretchy='true'&gt;[&lt;/mo&gt;&lt;msup&gt;&lt;mi mathvariant='normal'&gt;A&lt;/mi&gt;&lt;mo&gt;&amp;#8211;&lt;/mo&gt;&lt;/msup&gt;&lt;mo stretchy='true'&gt;]&lt;/mo&gt;&lt;/mrow&gt;&lt;/mfrac&gt;&lt;/mfenced&gt;&lt;/math&gt;&lt;/p&gt; &lt;/div&gt;</mattext>
                </material>
              </response_label>
            </render_choice>
          </response_lid>
        </presentation>
        <resprocessing>
          <outcomes>
            <decvar maxvalue="100" minvalue="0" varname="SCORE" vartype="Decimal"/>
          </outcomes>
          <respcondition>
            <conditionvar>
              <varequal respident="response1">choice_002</varequal>
            </conditionvar>
            <setvar action="Set" varname="SCORE">100</setvar>
          </respcondition>
        </resprocessing>
      </item>
      <item ident="multiple_choice_016" title="7cf3_f362">
        <itemmetadata>
          <qtimetadata>
            <qtimetadatafield>
              <fieldlabel>question_type</fieldlabel>
              <fieldentry>multiple_choice_question</fieldentry>
            </qtimetadatafield>
            <qtimetadatafield>
              <fieldlabel>points_possible</fieldlabel>
              <fieldentry>1.0</fieldentry>
            </qtimetadatafield>
            <qtimetadatafield>
              <fieldlabel>original_answer_ids</fieldlabel>
              <fieldentry>choice_001,choice_002</fieldentry>
            </qtimetadatafield>
          </qtimetadata>
        </itemmetadata>
        <presentation>
          <material>
            <mattext texttype="text/html">&lt;div id="drv_fd8d" oncopy="return false;" onpaste="return false;" oncut="return false;" oncontextmenu="return false;" onmousedown="return false;" onselectstart="return false;" &gt;&lt;p&gt;Which&lt;span style='font-size: 1px; color: white;'&gt;eside&lt;/span&gt;one&lt;span style='font-size: 1px; color: white;'&gt;count&lt;/span&gt;of&lt;span style='font-size: 1px; color: white;'&gt;mobile&lt;/span&gt;the&lt;span style='font-size: 1px; color: white;'&gt;rpc&lt;/span&gt;following equations&lt;span style='font-size: 1px; color: white;'&gt;aches&lt;/span&gt;is&lt;span style='font-size: 1px; color: white;'&gt;sexual&lt;/span&gt;the&lt;span style='font-size: 1px; color: white;'&gt;falsec&lt;/span&gt;correct form&lt;span style='font-size: 1px; color: white;'&gt;gamete&lt;/span&gt;of&lt;span style='font-size: 1px; color: white;'&gt;triple&lt;/span&gt;the Henderson-Hasselbalch&lt;span style='font-size: 1px; color: white;'&gt;nadph&lt;/span&gt;equation?&lt;/p&gt;&lt;span style='font-size: 1px; color: white;'&gt;sky&lt;/span&gt;&lt;/div&gt;</mattext>
          </material>
          <response_lid ident="response1" rcardinality="Single">
            <render_choice>
              <response_label ident="choice_001">
                <material>
                  <mattext texttype="text/html">&lt;div id="drv_2387" oncopy="return false;" onpaste="return false;" oncut="return false;" oncontextmenu="return false;" onmousedown="return false;" onselectstart="return false;" &gt;&lt;p&gt;&lt;math xmlns='http://www.w3.org/1998/Math/MathML'&gt;&lt;mi&gt;pH&lt;/mi&gt;&lt;mo&gt;&amp;#8201;&lt;/mo&gt;&lt;mo&gt;=&lt;/mo&gt;&lt;mo&gt;&amp;#8201;&lt;/mo&gt;&lt;msub&gt;&lt;mi&gt;pK&lt;/mi&gt;&lt;mi&gt;a&lt;/mi&gt;&lt;/msub&gt;&lt;mo&gt;&amp;#160;&lt;/mo&gt;&lt;mo&gt;+&lt;/mo&gt;&lt;mo&gt;&amp;#8201;&lt;/mo&gt;&lt;msub&gt;&lt;mo&gt;log&lt;/mo&gt;&lt;mn&gt;10&lt;/mn&gt;&lt;/msub&gt;&lt;mfenced&gt;&lt;mfrac&gt;&lt;mrow&gt;&lt;mo stretchy='true'&gt;[&lt;/mo&gt;&lt;mi&gt;Base&lt;/mi&gt;&lt;mo stretchy='true'&gt;]&lt;/mo&gt;&lt;/mrow&gt;&lt;mrow&gt;&lt;mo stretchy='true'&gt;[&lt;/mo&gt;&lt;mi&gt;Acid&lt;/mi&gt;&lt;mo stretchy='true'&gt;]&lt;/mo&gt;&lt;/mrow&gt;&lt;/mfrac&gt;&lt;/mfenced&gt;&lt;/math&gt;&lt;/p&gt; &lt;/div&gt;</mattext>
                </material>
              </response_label>
              <response_label ident="choice_002">
                <material>
                  <mattext texttype="text/html">&lt;div id="drv_2440" oncopy="return false;" onpaste="return false;" oncut="return false;" oncontextmenu="return false;" onmousedown="return false;" onselectstart="return false;" &gt;&lt;p&gt;&lt;math xmlns='http://www.w3.org/1998/Math/MathML'&gt;&lt;mi&gt;pH&lt;/mi&gt;&lt;mo&gt;&amp;#8201;&lt;/mo&gt;&lt;mo&gt;=&lt;/mo&gt;&lt;mo&gt;&amp;#8201;&lt;/mo&gt;&lt;msub&gt;&lt;mi&gt;pK&lt;/mi&gt;&lt;mi&gt;a&lt;/mi&gt;&lt;/msub&gt;&lt;mo&gt;&amp;#160;&lt;/mo&gt;&lt;mo&gt;+&lt;/mo&gt;&lt;mo&gt;&amp;#8201;&lt;/mo&gt;&lt;msub&gt;&lt;mo&gt;log&lt;/mo&gt;&lt;mn&gt;10&lt;/mn&gt;&lt;/msub&gt;&lt;mfenced&gt;&lt;mfrac&gt;&lt;mrow&gt;&lt;mo stretchy='true'&gt;[&lt;/mo&gt;&lt;mi&gt;Acid&lt;/mi&gt;&lt;mo stretchy='true'&gt;]&lt;/mo&gt;&lt;/mrow&gt;&lt;mrow&gt;&lt;mo stretchy='true'&gt;[&lt;/mo&gt;&lt;mi&gt;Base&lt;/mi&gt;&lt;mo stretchy='true'&gt;]&lt;/mo&gt;&lt;/mrow&gt;&lt;/mfrac&gt;&lt;/mfenced&gt;&lt;/math&gt;&lt;/p&gt;&lt;span style='font-size: 1px; color: white;'&gt;lacks&lt;/span&gt;&lt;/div&gt;</mattext>
                </material>
              </response_label>
            </render_choice>
          </response_lid>
        </presentation>
        <resprocessing>
          <outcomes>
            <decvar maxvalue="100" minvalue="0" varname="SCORE" vartype="Decimal"/>
          </outcomes>
          <respcondition>
            <conditionvar>
              <varequal respident="response1">choice_001</varequal>
            </conditionvar>
            <setvar action="Set" varname="SCORE">100</setvar>
          </respcondition>
        </resprocessing>
      </item>
    </section>
  </assessment>
</questestinterop>
