<?xml version='1.0' encoding='UTF-8'?>
<questestinterop xmlns="http://www.imsglobal.org/xsd/ims_qtiasiv1p2" xmlns:xsi="http://www.w3.org/2001/XMLSchema-instance" xsi:schemaLocation="http://www.imsglobal.org/xsd/ims_qtiasiv1p2 http://www.imsglobal.org/xsd/ims_qtiasiv1p2p1.xsd">
  <assessment ident="root_assessment" title="Henderson-Hasselbalch-EQUATION">
    <section ident="root_section">
      <item ident="multiple_choice_001" title="939d_fab9">
        <itemmetadata>
          <qtimetadata>
            <qtimetadatafield>
              <fieldlabel>question_type</fieldlabel>
              <fieldentry>multiple_choice_question</fieldentry>
            </qtimetadatafield>
            <qtimetadatafield>
              <fieldlabel>points_possible</fieldlabel>
              <fieldentry>1.0</fieldentry>
            </qtimetadatafield>
            <qtimetadatafield>
              <fieldlabel>original_answer_ids</fieldlabel>
              <fieldentry>choice_001,choice_002</fieldentry>
            </qtimetadatafield>
          </qtimetadata>
        </itemmetadata>
        <presentation>
          <material>
            <mattext texttype="text/html">&lt;p&gt;345c&lt;/p&gt; &lt;p&gt;Which one of the following equations is the correct form of the Henderson-Hasselbalch equation?&lt;/p&gt;</mattext>
          </material>
          <response_lid ident="response1" rcardinality="Single">
            <render_choice>
              <response_label ident="choice_001">
                <material>
                  <mattext texttype="text/html">A.  &lt;p&gt;&lt;math xmlns='http://www.w3.org/1998/Math/MathML'&gt;&lt;mi&gt;pH&lt;/mi&gt;&lt;mo&gt;&amp;#8201;&lt;/mo&gt;&lt;mo&gt;=&lt;/mo&gt;&lt;mo&gt;&amp;#8201;&lt;/mo&gt;&lt;msub&gt;&lt;mi&gt;pK&lt;/mi&gt;&lt;mi&gt;a&lt;/mi&gt;&lt;/msub&gt;&lt;mo&gt;&amp;#160;&lt;/mo&gt;&lt;mo&gt;+&lt;/mo&gt;&lt;mo&gt;&amp;#8201;&lt;/mo&gt;&lt;msub&gt;&lt;mo&gt;log&lt;/mo&gt;&lt;mn&gt;10&lt;/mn&gt;&lt;/msub&gt;&lt;mfenced&gt;&lt;mfrac&gt;&lt;mrow&gt;&lt;mo stretchy='true'&gt;[&lt;/mo&gt;&lt;msup&gt;&lt;mi mathvariant='normal'&gt;A&lt;/mi&gt;&lt;mo&gt;&amp;#8211;&lt;/mo&gt;&lt;/msup&gt;&lt;mo stretchy='true'&gt;]&lt;/mo&gt;&lt;/mrow&gt;&lt;mrow&gt;&lt;mo stretchy='true'&gt;[&lt;/mo&gt;&lt;mi&gt;HA&lt;/mi&gt;&lt;mo stretchy='true'&gt;]&lt;/mo&gt;&lt;/mrow&gt;&lt;/mfrac&gt;&lt;/mfenced&gt;&lt;/math&gt;&lt;/p&gt;&amp;nbsp; </mattext>
                </material>
              </response_label>
              <response_label ident="choice_002">
                <material>
                  <mattext texttype="text/html">B.  &lt;p&gt;&lt;math xmlns='http://www.w3.org/1998/Math/MathML'&gt;&lt;mi&gt;pH&lt;/mi&gt;&lt;mo&gt;&amp;#8201;&lt;/mo&gt;&lt;mo&gt;=&lt;/mo&gt;&lt;mo&gt;&amp;#8201;&lt;/mo&gt;&lt;msub&gt;&lt;mi&gt;pK&lt;/mi&gt;&lt;mi&gt;a&lt;/mi&gt;&lt;/msub&gt;&lt;mo&gt;&amp;#160;&lt;/mo&gt;&lt;mo&gt;+&lt;/mo&gt;&lt;mo&gt;&amp;#8201;&lt;/mo&gt;&lt;msub&gt;&lt;mo&gt;log&lt;/mo&gt;&lt;mn&gt;10&lt;/mn&gt;&lt;/msub&gt;&lt;mfenced&gt;&lt;mfrac&gt;&lt;mrow&gt;&lt;mo stretchy='true'&gt;[&lt;/mo&gt;&lt;mi&gt;HA&lt;/mi&gt;&lt;mo stretchy='true'&gt;]&lt;/mo&gt;&lt;/mrow&gt;&lt;mrow&gt;&lt;mo stretchy='true'&gt;[&lt;/mo&gt;&lt;msup&gt;&lt;mi mathvariant='normal'&gt;A&lt;/mi&gt;&lt;mo&gt;&amp;#8211;&lt;/mo&gt;&lt;/msup&gt;&lt;mo stretchy='true'&gt;]&lt;/mo&gt;&lt;/mrow&gt;&lt;/mfrac&gt;&lt;/mfenced&gt;&lt;/math&gt;&lt;/p&gt;&amp;nbsp; </mattext>
                </material>
              </response_label>
            </render_choice>
          </response_lid>
        </presentation>
        <resprocessing>
          <outcomes>
            <decvar maxvalue="100" minvalue="0" varname="SCORE" vartype="Decimal"/>
          </outcomes>
          <respcondition>
            <conditionvar>
              <varequal respident="response1">choice_001</varequal>
            </conditionvar>
            <setvar action="Set" varname="SCORE">100</setvar>
          </respcondition>
        </resprocessing>
      </item>
      <item ident="multiple_choice_002" title="2f27_4929">
        <itemmetadata>
          <qtimetadata>
            <qtimetadatafield>
              <fieldlabel>question_type</fieldlabel>
              <fieldentry>multiple_choice_question</fieldentry>
            </qtimetadatafield>
            <qtimetadatafield>
              <fieldlabel>points_possible</fieldlabel>
              <fieldentry>1.0</fieldentry>
            </qtimetadatafield>
            <qtimetadatafield>
              <fieldlabel>original_answer_ids</fieldlabel>
              <fieldentry>choice_001,choice_002</fieldentry>
            </qtimetadatafield>
          </qtimetadata>
        </itemmetadata>
        <presentation>
          <material>
            <mattext texttype="text/html">&lt;p&gt;51cf&lt;/p&gt; &lt;p&gt;Which one of the following equations is the correct form of the Henderson-Hasselbalch equation?&lt;/p&gt;</mattext>
          </material>
          <response_lid ident="response1" rcardinality="Single">
            <render_choice>
              <response_label ident="choice_001">
                <material>
                  <mattext texttype="text/html">A.  &lt;p&gt;&lt;math xmlns='http://www.w3.org/1998/Math/MathML'&gt;&lt;mi&gt;pH&lt;/mi&gt;&lt;mo&gt;&amp;#8201;&lt;/mo&gt;&lt;mo&gt;=&lt;/mo&gt;&lt;mo&gt;&amp;#8201;&lt;/mo&gt;&lt;msub&gt;&lt;mi&gt;pK&lt;/mi&gt;&lt;mi&gt;a&lt;/mi&gt;&lt;/msub&gt;&lt;mo&gt;&amp;#160;&lt;/mo&gt;&lt;mo&gt;&amp;ndash;&lt;/mo&gt;&lt;mo&gt;&amp;#8201;&lt;/mo&gt;&lt;msub&gt;&lt;mo&gt;log&lt;/mo&gt;&lt;mn&gt;10&lt;/mn&gt;&lt;/msub&gt;&lt;mfenced&gt;&lt;mfrac&gt;&lt;mrow&gt;&lt;mo stretchy='true'&gt;[&lt;/mo&gt;&lt;mi&gt;Acid&lt;/mi&gt;&lt;mo stretchy='true'&gt;]&lt;/mo&gt;&lt;/mrow&gt;&lt;mrow&gt;&lt;mo stretchy='true'&gt;[&lt;/mo&gt;&lt;mi&gt;Base&lt;/mi&gt;&lt;mo stretchy='true'&gt;]&lt;/mo&gt;&lt;/mrow&gt;&lt;/mfrac&gt;&lt;/mfenced&gt;&lt;/math&gt;&lt;/p&gt;&amp;nbsp; </mattext>
                </material>
              </response_label>
              <response_label ident="choice_002">
                <material>
                  <mattext texttype="text/html">B.  &lt;p&gt;&lt;math xmlns='http://www.w3.org/1998/Math/MathML'&gt;&lt;mi&gt;pH&lt;/mi&gt;&lt;mo&gt;&amp;#8201;&lt;/mo&gt;&lt;mo&gt;=&lt;/mo&gt;&lt;mo&gt;&amp;#8201;&lt;/mo&gt;&lt;msub&gt;&lt;mi&gt;pK&lt;/mi&gt;&lt;mi&gt;a&lt;/mi&gt;&lt;/msub&gt;&lt;mo&gt;&amp;#160;&lt;/mo&gt;&lt;mo&gt;+&lt;/mo&gt;&lt;mo&gt;&amp;#8201;&lt;/mo&gt;&lt;msub&gt;&lt;mo&gt;log&lt;/mo&gt;&lt;mn&gt;10&lt;/mn&gt;&lt;/msub&gt;&lt;mfenced&gt;&lt;mfrac&gt;&lt;mrow&gt;&lt;mo stretchy='true'&gt;[&lt;/mo&gt;&lt;mi&gt;Acid&lt;/mi&gt;&lt;mo stretchy='true'&gt;]&lt;/mo&gt;&lt;/mrow&gt;&lt;mrow&gt;&lt;mo stretchy='true'&gt;[&lt;/mo&gt;&lt;mi&gt;Base&lt;/mi&gt;&lt;mo stretchy='true'&gt;]&lt;/mo&gt;&lt;/mrow&gt;&lt;/mfrac&gt;&lt;/mfenced&gt;&lt;/math&gt;&lt;/p&gt;&amp;nbsp; </mattext>
                </material>
              </response_label>
            </render_choice>
          </response_lid>
        </presentation>
        <resprocessing>
          <outcomes>
            <decvar maxvalue="100" minvalue="0" varname="SCORE" vartype="Decimal"/>
          </outcomes>
          <respcondition>
            <conditionvar>
              <varequal respident="response1">choice_001</varequal>
            </conditionvar>
            <setvar action="Set" varname="SCORE">100</setvar>
          </respcondition>
        </resprocessing>
      </item>
      <item ident="multiple_choice_003" title="70d6_9530">
        <itemmetadata>
          <qtimetadata>
            <qtimetadatafield>
              <fieldlabel>question_type</fieldlabel>
              <fieldentry>multiple_choice_question</fieldentry>
            </qtimetadatafield>
            <qtimetadatafield>
              <fieldlabel>points_possible</fieldlabel>
              <fieldentry>1.0</fieldentry>
            </qtimetadatafield>
            <qtimetadatafield>
              <fieldlabel>original_answer_ids</fieldlabel>
              <fieldentry>choice_001,choice_002</fieldentry>
            </qtimetadatafield>
          </qtimetadata>
        </itemmetadata>
        <presentation>
          <material>
            <mattext texttype="text/html">&lt;p&gt;a878&lt;/p&gt; &lt;p&gt;Which one of the following equations is the correct form of the Henderson-Hasselbalch equation?&lt;/p&gt;</mattext>
          </material>
          <response_lid ident="response1" rcardinality="Single">
            <render_choice>
              <response_label ident="choice_001">
                <material>
                  <mattext texttype="text/html">A.  &lt;p&gt;&lt;math xmlns='http://www.w3.org/1998/Math/MathML'&gt;&lt;mi&gt;pH&lt;/mi&gt;&lt;mo&gt;&amp;#8201;&lt;/mo&gt;&lt;mo&gt;=&lt;/mo&gt;&lt;mo&gt;&amp;#8201;&lt;/mo&gt;&lt;msub&gt;&lt;mi&gt;pK&lt;/mi&gt;&lt;mi&gt;a&lt;/mi&gt;&lt;/msub&gt;&lt;mo&gt;&amp;#160;&lt;/mo&gt;&lt;mo&gt;&amp;ndash;&lt;/mo&gt;&lt;mo&gt;&amp;#8201;&lt;/mo&gt;&lt;msub&gt;&lt;mo&gt;log&lt;/mo&gt;&lt;mn&gt;10&lt;/mn&gt;&lt;/msub&gt;&lt;mfenced&gt;&lt;mfrac&gt;&lt;mrow&gt;&lt;mo stretchy='true'&gt;[&lt;/mo&gt;&lt;mi&gt;HA&lt;/mi&gt;&lt;mo stretchy='true'&gt;]&lt;/mo&gt;&lt;/mrow&gt;&lt;mrow&gt;&lt;mo stretchy='true'&gt;[&lt;/mo&gt;&lt;msup&gt;&lt;mi mathvariant='normal'&gt;A&lt;/mi&gt;&lt;mo&gt;&amp;#8211;&lt;/mo&gt;&lt;/msup&gt;&lt;mo stretchy='true'&gt;]&lt;/mo&gt;&lt;/mrow&gt;&lt;/mfrac&gt;&lt;/mfenced&gt;&lt;/math&gt;&lt;/p&gt;&amp;nbsp; </mattext>
                </material>
              </response_label>
              <response_label ident="choice_002">
                <material>
                  <mattext texttype="text/html">B.  &lt;p&gt;&lt;math xmlns='http://www.w3.org/1998/Math/MathML'&gt;&lt;mi&gt;pH&lt;/mi&gt;&lt;mo&gt;&amp;#8201;&lt;/mo&gt;&lt;mo&gt;=&lt;/mo&gt;&lt;mo&gt;&amp;#8201;&lt;/mo&gt;&lt;msub&gt;&lt;mi&gt;pK&lt;/mi&gt;&lt;mi&gt;a&lt;/mi&gt;&lt;/msub&gt;&lt;mo&gt;&amp;#160;&lt;/mo&gt;&lt;mo&gt;+&lt;/mo&gt;&lt;mo&gt;&amp;#8201;&lt;/mo&gt;&lt;msub&gt;&lt;mo&gt;log&lt;/mo&gt;&lt;mn&gt;10&lt;/mn&gt;&lt;/msub&gt;&lt;mfenced&gt;&lt;mfrac&gt;&lt;mrow&gt;&lt;mo stretchy='true'&gt;[&lt;/mo&gt;&lt;mi&gt;HA&lt;/mi&gt;&lt;mo stretchy='true'&gt;]&lt;/mo&gt;&lt;/mrow&gt;&lt;mrow&gt;&lt;mo stretchy='true'&gt;[&lt;/mo&gt;&lt;msup&gt;&lt;mi mathvariant='normal'&gt;A&lt;/mi&gt;&lt;mo&gt;&amp;#8211;&lt;/mo&gt;&lt;/msup&gt;&lt;mo stretchy='true'&gt;]&lt;/mo&gt;&lt;/mrow&gt;&lt;/mfrac&gt;&lt;/mfenced&gt;&lt;/math&gt;&lt;/p&gt;&amp;nbsp; </mattext>
                </material>
              </response_label>
            </render_choice>
          </response_lid>
        </presentation>
        <resprocessing>
          <outcomes>
            <decvar maxvalue="100" minvalue="0" varname="SCORE" vartype="Decimal"/>
          </outcomes>
          <respcondition>
            <conditionvar>
              <varequal respident="response1">choice_001</varequal>
            </conditionvar>
            <setvar action="Set" varname="SCORE">100</setvar>
          </respcondition>
        </resprocessing>
      </item>
      <item ident="multiple_choice_004" title="9c43_3a9f">
        <itemmetadata>
          <qtimetadata>
            <qtimetadatafield>
              <fieldlabel>question_type</fieldlabel>
              <fieldentry>multiple_choice_question</fieldentry>
            </qtimetadatafield>
            <qtimetadatafield>
              <fieldlabel>points_possible</fieldlabel>
              <fieldentry>1.0</fieldentry>
            </qtimetadatafield>
            <qtimetadatafield>
              <fieldlabel>original_answer_ids</fieldlabel>
              <fieldentry>choice_001,choice_002</fieldentry>
            </qtimetadatafield>
          </qtimetadata>
        </itemmetadata>
        <presentation>
          <material>
            <mattext texttype="text/html">&lt;p&gt;e821&lt;/p&gt; &lt;p&gt;Which one of the following equations is the correct form of the Henderson-Hasselbalch equation?&lt;/p&gt;</mattext>
          </material>
          <response_lid ident="response1" rcardinality="Single">
            <render_choice>
              <response_label ident="choice_001">
                <material>
                  <mattext texttype="text/html">A.  &lt;p&gt;&lt;math xmlns='http://www.w3.org/1998/Math/MathML'&gt;&lt;mi&gt;pH&lt;/mi&gt;&lt;mo&gt;&amp;#8201;&lt;/mo&gt;&lt;mo&gt;=&lt;/mo&gt;&lt;mo&gt;&amp;#8201;&lt;/mo&gt;&lt;msub&gt;&lt;mi&gt;pK&lt;/mi&gt;&lt;mi&gt;a&lt;/mi&gt;&lt;/msub&gt;&lt;mo&gt;&amp;#160;&lt;/mo&gt;&lt;mo&gt;+&lt;/mo&gt;&lt;mo&gt;&amp;#8201;&lt;/mo&gt;&lt;msub&gt;&lt;mo&gt;log&lt;/mo&gt;&lt;mn&gt;10&lt;/mn&gt;&lt;/msub&gt;&lt;mfenced&gt;&lt;mfrac&gt;&lt;mrow&gt;&lt;mo stretchy='true'&gt;[&lt;/mo&gt;&lt;mi&gt;Base&lt;/mi&gt;&lt;mo stretchy='true'&gt;]&lt;/mo&gt;&lt;/mrow&gt;&lt;mrow&gt;&lt;mo stretchy='true'&gt;[&lt;/mo&gt;&lt;mi&gt;Acid&lt;/mi&gt;&lt;mo stretchy='true'&gt;]&lt;/mo&gt;&lt;/mrow&gt;&lt;/mfrac&gt;&lt;/mfenced&gt;&lt;/math&gt;&lt;/p&gt;&amp;nbsp; </mattext>
                </material>
              </response_label>
              <response_label ident="choice_002">
                <material>
                  <mattext texttype="text/html">B.  &lt;p&gt;&lt;math xmlns='http://www.w3.org/1998/Math/MathML'&gt;&lt;mi&gt;pH&lt;/mi&gt;&lt;mo&gt;&amp;#8201;&lt;/mo&gt;&lt;mo&gt;=&lt;/mo&gt;&lt;mo&gt;&amp;#8201;&lt;/mo&gt;&lt;msub&gt;&lt;mi&gt;pK&lt;/mi&gt;&lt;mi&gt;a&lt;/mi&gt;&lt;/msub&gt;&lt;mo&gt;&amp;#160;&lt;/mo&gt;&lt;mo&gt;&amp;ndash;&lt;/mo&gt;&lt;mo&gt;&amp;#8201;&lt;/mo&gt;&lt;msub&gt;&lt;mo&gt;log&lt;/mo&gt;&lt;mn&gt;10&lt;/mn&gt;&lt;/msub&gt;&lt;mfenced&gt;&lt;mfrac&gt;&lt;mrow&gt;&lt;mo stretchy='true'&gt;[&lt;/mo&gt;&lt;mi&gt;Base&lt;/mi&gt;&lt;mo stretchy='true'&gt;]&lt;/mo&gt;&lt;/mrow&gt;&lt;mrow&gt;&lt;mo stretchy='true'&gt;[&lt;/mo&gt;&lt;mi&gt;Acid&lt;/mi&gt;&lt;mo stretchy='true'&gt;]&lt;/mo&gt;&lt;/mrow&gt;&lt;/mfrac&gt;&lt;/mfenced&gt;&lt;/math&gt;&lt;/p&gt;&amp;nbsp; </mattext>
                </material>
              </response_label>
            </render_choice>
          </response_lid>
        </presentation>
        <resprocessing>
          <outcomes>
            <decvar maxvalue="100" minvalue="0" varname="SCORE" vartype="Decimal"/>
          </outcomes>
          <respcondition>
            <conditionvar>
              <varequal respident="response1">choice_001</varequal>
            </conditionvar>
            <setvar action="Set" varname="SCORE">100</setvar>
          </respcondition>
        </resprocessing>
      </item>
      <item ident="multiple_choice_005" title="89a5_407a">
        <itemmetadata>
          <qtimetadata>
            <qtimetadatafield>
              <fieldlabel>question_type</fieldlabel>
              <fieldentry>multiple_choice_question</fieldentry>
            </qtimetadatafield>
            <qtimetadatafield>
              <fieldlabel>points_possible</fieldlabel>
              <fieldentry>1.0</fieldentry>
            </qtimetadatafield>
            <qtimetadatafield>
              <fieldlabel>original_answer_ids</fieldlabel>
              <fieldentry>choice_001,choice_002</fieldentry>
            </qtimetadatafield>
          </qtimetadata>
        </itemmetadata>
        <presentation>
          <material>
            <mattext texttype="text/html">&lt;p&gt;da3d&lt;/p&gt; &lt;p&gt;Which one of the following equations is the correct form of the Henderson-Hasselbalch equation?&lt;/p&gt;</mattext>
          </material>
          <response_lid ident="response1" rcardinality="Single">
            <render_choice>
              <response_label ident="choice_001">
                <material>
                  <mattext texttype="text/html">A.  &lt;p&gt;&lt;math xmlns='http://www.w3.org/1998/Math/MathML'&gt;&lt;mi&gt;pH&lt;/mi&gt;&lt;mo&gt;&amp;#8201;&lt;/mo&gt;&lt;mo&gt;=&lt;/mo&gt;&lt;mo&gt;&amp;#8201;&lt;/mo&gt;&lt;msub&gt;&lt;mi&gt;pK&lt;/mi&gt;&lt;mi&gt;a&lt;/mi&gt;&lt;/msub&gt;&lt;mo&gt;&amp;#160;&lt;/mo&gt;&lt;mo&gt;+&lt;/mo&gt;&lt;mo&gt;&amp;#8201;&lt;/mo&gt;&lt;msub&gt;&lt;mo&gt;log&lt;/mo&gt;&lt;mn&gt;10&lt;/mn&gt;&lt;/msub&gt;&lt;mfenced&gt;&lt;mfrac&gt;&lt;mrow&gt;&lt;mo stretchy='true'&gt;[&lt;/mo&gt;&lt;msup&gt;&lt;mi mathvariant='normal'&gt;A&lt;/mi&gt;&lt;mo&gt;&amp;#8211;&lt;/mo&gt;&lt;/msup&gt;&lt;mo stretchy='true'&gt;]&lt;/mo&gt;&lt;/mrow&gt;&lt;mrow&gt;&lt;mo stretchy='true'&gt;[&lt;/mo&gt;&lt;mi&gt;HA&lt;/mi&gt;&lt;mo stretchy='true'&gt;]&lt;/mo&gt;&lt;/mrow&gt;&lt;/mfrac&gt;&lt;/mfenced&gt;&lt;/math&gt;&lt;/p&gt;&amp;nbsp; </mattext>
                </material>
              </response_label>
              <response_label ident="choice_002">
                <material>
                  <mattext texttype="text/html">B.  &lt;p&gt;&lt;math xmlns='http://www.w3.org/1998/Math/MathML'&gt;&lt;mi&gt;pH&lt;/mi&gt;&lt;mo&gt;&amp;#8201;&lt;/mo&gt;&lt;mo&gt;=&lt;/mo&gt;&lt;mo&gt;&amp;#8201;&lt;/mo&gt;&lt;msub&gt;&lt;mi&gt;pK&lt;/mi&gt;&lt;mi&gt;a&lt;/mi&gt;&lt;/msub&gt;&lt;mo&gt;&amp;#160;&lt;/mo&gt;&lt;mo&gt;&amp;ndash;&lt;/mo&gt;&lt;mo&gt;&amp;#8201;&lt;/mo&gt;&lt;msub&gt;&lt;mo&gt;log&lt;/mo&gt;&lt;mn&gt;10&lt;/mn&gt;&lt;/msub&gt;&lt;mfenced&gt;&lt;mfrac&gt;&lt;mrow&gt;&lt;mo stretchy='true'&gt;[&lt;/mo&gt;&lt;msup&gt;&lt;mi mathvariant='normal'&gt;A&lt;/mi&gt;&lt;mo&gt;&amp;#8211;&lt;/mo&gt;&lt;/msup&gt;&lt;mo stretchy='true'&gt;]&lt;/mo&gt;&lt;/mrow&gt;&lt;mrow&gt;&lt;mo stretchy='true'&gt;[&lt;/mo&gt;&lt;mi&gt;HA&lt;/mi&gt;&lt;mo stretchy='true'&gt;]&lt;/mo&gt;&lt;/mrow&gt;&lt;/mfrac&gt;&lt;/mfenced&gt;&lt;/math&gt;&lt;/p&gt;&amp;nbsp; </mattext>
                </material>
              </response_label>
            </render_choice>
          </response_lid>
        </presentation>
        <resprocessing>
          <outcomes>
            <decvar maxvalue="100" minvalue="0" varname="SCORE" vartype="Decimal"/>
          </outcomes>
          <respcondition>
            <conditionvar>
              <varequal respident="response1">choice_001</varequal>
            </conditionvar>
            <setvar action="Set" varname="SCORE">100</setvar>
          </respcondition>
        </resprocessing>
      </item>
      <item ident="multiple_choice_006" title="8650_c8b4">
        <itemmetadata>
          <qtimetadata>
            <qtimetadatafield>
              <fieldlabel>question_type</fieldlabel>
              <fieldentry>multiple_choice_question</fieldentry>
            </qtimetadatafield>
            <qtimetadatafield>
              <fieldlabel>points_possible</fieldlabel>
              <fieldentry>1.0</fieldentry>
            </qtimetadatafield>
            <qtimetadatafield>
              <fieldlabel>original_answer_ids</fieldlabel>
              <fieldentry>choice_001,choice_002</fieldentry>
            </qtimetadatafield>
          </qtimetadata>
        </itemmetadata>
        <presentation>
          <material>
            <mattext texttype="text/html">&lt;p&gt;cde5&lt;/p&gt; &lt;p&gt;Which one of the following equations is the correct form of the Henderson-Hasselbalch equation?&lt;/p&gt;</mattext>
          </material>
          <response_lid ident="response1" rcardinality="Single">
            <render_choice>
              <response_label ident="choice_001">
                <material>
                  <mattext texttype="text/html">A.  &lt;p&gt;&lt;math xmlns='http://www.w3.org/1998/Math/MathML'&gt;&lt;mi&gt;pH&lt;/mi&gt;&lt;mo&gt;&amp;#8201;&lt;/mo&gt;&lt;mo&gt;=&lt;/mo&gt;&lt;mo&gt;&amp;#8201;&lt;/mo&gt;&lt;msub&gt;&lt;mi&gt;pK&lt;/mi&gt;&lt;mi&gt;a&lt;/mi&gt;&lt;/msub&gt;&lt;mo&gt;&amp;#160;&lt;/mo&gt;&lt;mo&gt;&amp;ndash;&lt;/mo&gt;&lt;mo&gt;&amp;#8201;&lt;/mo&gt;&lt;msub&gt;&lt;mo&gt;log&lt;/mo&gt;&lt;mn&gt;10&lt;/mn&gt;&lt;/msub&gt;&lt;mfenced&gt;&lt;mfrac&gt;&lt;mrow&gt;&lt;mo stretchy='true'&gt;[&lt;/mo&gt;&lt;mi&gt;Acid&lt;/mi&gt;&lt;mo stretchy='true'&gt;]&lt;/mo&gt;&lt;/mrow&gt;&lt;mrow&gt;&lt;mo stretchy='true'&gt;[&lt;/mo&gt;&lt;mi&gt;Base&lt;/mi&gt;&lt;mo stretchy='true'&gt;]&lt;/mo&gt;&lt;/mrow&gt;&lt;/mfrac&gt;&lt;/mfenced&gt;&lt;/math&gt;&lt;/p&gt;&amp;nbsp; </mattext>
                </material>
              </response_label>
              <response_label ident="choice_002">
                <material>
                  <mattext texttype="text/html">B.  &lt;p&gt;&lt;math xmlns='http://www.w3.org/1998/Math/MathML'&gt;&lt;mi&gt;pH&lt;/mi&gt;&lt;mo&gt;&amp;#8201;&lt;/mo&gt;&lt;mo&gt;=&lt;/mo&gt;&lt;mo&gt;&amp;#8201;&lt;/mo&gt;&lt;msub&gt;&lt;mi&gt;pK&lt;/mi&gt;&lt;mi&gt;a&lt;/mi&gt;&lt;/msub&gt;&lt;mo&gt;&amp;#160;&lt;/mo&gt;&lt;mo&gt;&amp;ndash;&lt;/mo&gt;&lt;mo&gt;&amp;#8201;&lt;/mo&gt;&lt;msub&gt;&lt;mo&gt;log&lt;/mo&gt;&lt;mn&gt;10&lt;/mn&gt;&lt;/msub&gt;&lt;mfenced&gt;&lt;mfrac&gt;&lt;mrow&gt;&lt;mo stretchy='true'&gt;[&lt;/mo&gt;&lt;mi&gt;Base&lt;/mi&gt;&lt;mo stretchy='true'&gt;]&lt;/mo&gt;&lt;/mrow&gt;&lt;mrow&gt;&lt;mo stretchy='true'&gt;[&lt;/mo&gt;&lt;mi&gt;Acid&lt;/mi&gt;&lt;mo stretchy='true'&gt;]&lt;/mo&gt;&lt;/mrow&gt;&lt;/mfrac&gt;&lt;/mfenced&gt;&lt;/math&gt;&lt;/p&gt;&amp;nbsp; </mattext>
                </material>
              </response_label>
            </render_choice>
          </response_lid>
        </presentation>
        <resprocessing>
          <outcomes>
            <decvar maxvalue="100" minvalue="0" varname="SCORE" vartype="Decimal"/>
          </outcomes>
          <respcondition>
            <conditionvar>
              <varequal respident="response1">choice_001</varequal>
            </conditionvar>
            <setvar action="Set" varname="SCORE">100</setvar>
          </respcondition>
        </resprocessing>
      </item>
      <item ident="multiple_choice_007" title="6efc_50cd">
        <itemmetadata>
          <qtimetadata>
            <qtimetadatafield>
              <fieldlabel>question_type</fieldlabel>
              <fieldentry>multiple_choice_question</fieldentry>
            </qtimetadatafield>
            <qtimetadatafield>
              <fieldlabel>points_possible</fieldlabel>
              <fieldentry>1.0</fieldentry>
            </qtimetadatafield>
            <qtimetadatafield>
              <fieldlabel>original_answer_ids</fieldlabel>
              <fieldentry>choice_001,choice_002</fieldentry>
            </qtimetadatafield>
          </qtimetadata>
        </itemmetadata>
        <presentation>
          <material>
            <mattext texttype="text/html">&lt;p&gt;3cca&lt;/p&gt; &lt;p&gt;Which one of the following equations is the correct form of the Henderson-Hasselbalch equation?&lt;/p&gt;</mattext>
          </material>
          <response_lid ident="response1" rcardinality="Single">
            <render_choice>
              <response_label ident="choice_001">
                <material>
                  <mattext texttype="text/html">A.  &lt;p&gt;&lt;math xmlns='http://www.w3.org/1998/Math/MathML'&gt;&lt;mi&gt;pH&lt;/mi&gt;&lt;mo&gt;&amp;#8201;&lt;/mo&gt;&lt;mo&gt;=&lt;/mo&gt;&lt;mo&gt;&amp;#8201;&lt;/mo&gt;&lt;msub&gt;&lt;mi&gt;pK&lt;/mi&gt;&lt;mi&gt;a&lt;/mi&gt;&lt;/msub&gt;&lt;mo&gt;&amp;#160;&lt;/mo&gt;&lt;mo&gt;&amp;ndash;&lt;/mo&gt;&lt;mo&gt;&amp;#8201;&lt;/mo&gt;&lt;msub&gt;&lt;mo&gt;log&lt;/mo&gt;&lt;mn&gt;10&lt;/mn&gt;&lt;/msub&gt;&lt;mfenced&gt;&lt;mfrac&gt;&lt;mrow&gt;&lt;mo stretchy='true'&gt;[&lt;/mo&gt;&lt;mi&gt;HA&lt;/mi&gt;&lt;mo stretchy='true'&gt;]&lt;/mo&gt;&lt;/mrow&gt;&lt;mrow&gt;&lt;mo stretchy='true'&gt;[&lt;/mo&gt;&lt;msup&gt;&lt;mi mathvariant='normal'&gt;A&lt;/mi&gt;&lt;mo&gt;&amp;#8211;&lt;/mo&gt;&lt;/msup&gt;&lt;mo stretchy='true'&gt;]&lt;/mo&gt;&lt;/mrow&gt;&lt;/mfrac&gt;&lt;/mfenced&gt;&lt;/math&gt;&lt;/p&gt;&amp;nbsp; </mattext>
                </material>
              </response_label>
              <response_label ident="choice_002">
                <material>
                  <mattext texttype="text/html">B.  &lt;p&gt;&lt;math xmlns='http://www.w3.org/1998/Math/MathML'&gt;&lt;mi&gt;pH&lt;/mi&gt;&lt;mo&gt;&amp;#8201;&lt;/mo&gt;&lt;mo&gt;=&lt;/mo&gt;&lt;mo&gt;&amp;#8201;&lt;/mo&gt;&lt;msub&gt;&lt;mi&gt;pK&lt;/mi&gt;&lt;mi&gt;a&lt;/mi&gt;&lt;/msub&gt;&lt;mo&gt;&amp;#160;&lt;/mo&gt;&lt;mo&gt;&amp;ndash;&lt;/mo&gt;&lt;mo&gt;&amp;#8201;&lt;/mo&gt;&lt;msub&gt;&lt;mo&gt;log&lt;/mo&gt;&lt;mn&gt;10&lt;/mn&gt;&lt;/msub&gt;&lt;mfenced&gt;&lt;mfrac&gt;&lt;mrow&gt;&lt;mo stretchy='true'&gt;[&lt;/mo&gt;&lt;msup&gt;&lt;mi mathvariant='normal'&gt;A&lt;/mi&gt;&lt;mo&gt;&amp;#8211;&lt;/mo&gt;&lt;/msup&gt;&lt;mo stretchy='true'&gt;]&lt;/mo&gt;&lt;/mrow&gt;&lt;mrow&gt;&lt;mo stretchy='true'&gt;[&lt;/mo&gt;&lt;mi&gt;HA&lt;/mi&gt;&lt;mo stretchy='true'&gt;]&lt;/mo&gt;&lt;/mrow&gt;&lt;/mfrac&gt;&lt;/mfenced&gt;&lt;/math&gt;&lt;/p&gt;&amp;nbsp; </mattext>
                </material>
              </response_label>
            </render_choice>
          </response_lid>
        </presentation>
        <resprocessing>
          <outcomes>
            <decvar maxvalue="100" minvalue="0" varname="SCORE" vartype="Decimal"/>
          </outcomes>
          <respcondition>
            <conditionvar>
              <varequal respident="response1">choice_001</varequal>
            </conditionvar>
            <setvar action="Set" varname="SCORE">100</setvar>
          </respcondition>
        </resprocessing>
      </item>
      <item ident="multiple_choice_008" title="8dc8_7c1d">
        <itemmetadata>
          <qtimetadata>
            <qtimetadatafield>
              <fieldlabel>question_type</fieldlabel>
              <fieldentry>multiple_choice_question</fieldentry>
            </qtimetadatafield>
            <qtimetadatafield>
              <fieldlabel>points_possible</fieldlabel>
              <fieldentry>1.0</fieldentry>
            </qtimetadatafield>
            <qtimetadatafield>
              <fieldlabel>original_answer_ids</fieldlabel>
              <fieldentry>choice_001,choice_002</fieldentry>
            </qtimetadatafield>
          </qtimetadata>
        </itemmetadata>
        <presentation>
          <material>
            <mattext texttype="text/html">&lt;p&gt;2415&lt;/p&gt; &lt;p&gt;Which one of the following equations is the correct form of the Henderson-Hasselbalch equation?&lt;/p&gt;</mattext>
          </material>
          <response_lid ident="response1" rcardinality="Single">
            <render_choice>
              <response_label ident="choice_001">
                <material>
                  <mattext texttype="text/html">A.  &lt;p&gt;&lt;math xmlns='http://www.w3.org/1998/Math/MathML'&gt;&lt;mi&gt;pH&lt;/mi&gt;&lt;mo&gt;&amp;#8201;&lt;/mo&gt;&lt;mo&gt;=&lt;/mo&gt;&lt;mo&gt;&amp;#8201;&lt;/mo&gt;&lt;msub&gt;&lt;mi&gt;pK&lt;/mi&gt;&lt;mi&gt;a&lt;/mi&gt;&lt;/msub&gt;&lt;mo&gt;&amp;#160;&lt;/mo&gt;&lt;mo&gt;+&lt;/mo&gt;&lt;mo&gt;&amp;#8201;&lt;/mo&gt;&lt;msub&gt;&lt;mo&gt;log&lt;/mo&gt;&lt;mn&gt;10&lt;/mn&gt;&lt;/msub&gt;&lt;mfenced&gt;&lt;mfrac&gt;&lt;mrow&gt;&lt;mo stretchy='true'&gt;[&lt;/mo&gt;&lt;mi&gt;Acid&lt;/mi&gt;&lt;mo stretchy='true'&gt;]&lt;/mo&gt;&lt;/mrow&gt;&lt;mrow&gt;&lt;mo stretchy='true'&gt;[&lt;/mo&gt;&lt;mi&gt;Base&lt;/mi&gt;&lt;mo stretchy='true'&gt;]&lt;/mo&gt;&lt;/mrow&gt;&lt;/mfrac&gt;&lt;/mfenced&gt;&lt;/math&gt;&lt;/p&gt;&amp;nbsp; </mattext>
                </material>
              </response_label>
              <response_label ident="choice_002">
                <material>
                  <mattext texttype="text/html">B.  &lt;p&gt;&lt;math xmlns='http://www.w3.org/1998/Math/MathML'&gt;&lt;mi&gt;pH&lt;/mi&gt;&lt;mo&gt;&amp;#8201;&lt;/mo&gt;&lt;mo&gt;=&lt;/mo&gt;&lt;mo&gt;&amp;#8201;&lt;/mo&gt;&lt;msub&gt;&lt;mi&gt;pK&lt;/mi&gt;&lt;mi&gt;a&lt;/mi&gt;&lt;/msub&gt;&lt;mo&gt;&amp;#160;&lt;/mo&gt;&lt;mo&gt;+&lt;/mo&gt;&lt;mo&gt;&amp;#8201;&lt;/mo&gt;&lt;msub&gt;&lt;mo&gt;log&lt;/mo&gt;&lt;mn&gt;10&lt;/mn&gt;&lt;/msub&gt;&lt;mfenced&gt;&lt;mfrac&gt;&lt;mrow&gt;&lt;mo stretchy='true'&gt;[&lt;/mo&gt;&lt;mi&gt;Base&lt;/mi&gt;&lt;mo stretchy='true'&gt;]&lt;/mo&gt;&lt;/mrow&gt;&lt;mrow&gt;&lt;mo stretchy='true'&gt;[&lt;/mo&gt;&lt;mi&gt;Acid&lt;/mi&gt;&lt;mo stretchy='true'&gt;]&lt;/mo&gt;&lt;/mrow&gt;&lt;/mfrac&gt;&lt;/mfenced&gt;&lt;/math&gt;&lt;/p&gt;&amp;nbsp; </mattext>
                </material>
              </response_label>
            </render_choice>
          </response_lid>
        </presentation>
        <resprocessing>
          <outcomes>
            <decvar maxvalue="100" minvalue="0" varname="SCORE" vartype="Decimal"/>
          </outcomes>
          <respcondition>
            <conditionvar>
              <varequal respident="response1">choice_002</varequal>
            </conditionvar>
            <setvar action="Set" varname="SCORE">100</setvar>
          </respcondition>
        </resprocessing>
      </item>
      <item ident="multiple_choice_009" title="28c9_09c4">
        <itemmetadata>
          <qtimetadata>
            <qtimetadatafield>
              <fieldlabel>question_type</fieldlabel>
              <fieldentry>multiple_choice_question</fieldentry>
            </qtimetadatafield>
            <qtimetadatafield>
              <fieldlabel>points_possible</fieldlabel>
              <fieldentry>1.0</fieldentry>
            </qtimetadatafield>
            <qtimetadatafield>
              <fieldlabel>original_answer_ids</fieldlabel>
              <fieldentry>choice_001,choice_002</fieldentry>
            </qtimetadatafield>
          </qtimetadata>
        </itemmetadata>
        <presentation>
          <material>
            <mattext texttype="text/html">&lt;p&gt;a1c6&lt;/p&gt; &lt;p&gt;Which one of the following equations is the correct form of the Henderson-Hasselbalch equation?&lt;/p&gt;</mattext>
          </material>
          <response_lid ident="response1" rcardinality="Single">
            <render_choice>
              <response_label ident="choice_001">
                <material>
                  <mattext texttype="text/html">A.  &lt;p&gt;&lt;math xmlns='http://www.w3.org/1998/Math/MathML'&gt;&lt;mi&gt;pH&lt;/mi&gt;&lt;mo&gt;&amp;#8201;&lt;/mo&gt;&lt;mo&gt;=&lt;/mo&gt;&lt;mo&gt;&amp;#8201;&lt;/mo&gt;&lt;msub&gt;&lt;mi&gt;pK&lt;/mi&gt;&lt;mi&gt;a&lt;/mi&gt;&lt;/msub&gt;&lt;mo&gt;&amp;#160;&lt;/mo&gt;&lt;mo&gt;+&lt;/mo&gt;&lt;mo&gt;&amp;#8201;&lt;/mo&gt;&lt;msub&gt;&lt;mo&gt;log&lt;/mo&gt;&lt;mn&gt;10&lt;/mn&gt;&lt;/msub&gt;&lt;mfenced&gt;&lt;mfrac&gt;&lt;mrow&gt;&lt;mo stretchy='true'&gt;[&lt;/mo&gt;&lt;mi&gt;HA&lt;/mi&gt;&lt;mo stretchy='true'&gt;]&lt;/mo&gt;&lt;/mrow&gt;&lt;mrow&gt;&lt;mo stretchy='true'&gt;[&lt;/mo&gt;&lt;msup&gt;&lt;mi mathvariant='normal'&gt;A&lt;/mi&gt;&lt;mo&gt;&amp;#8211;&lt;/mo&gt;&lt;/msup&gt;&lt;mo stretchy='true'&gt;]&lt;/mo&gt;&lt;/mrow&gt;&lt;/mfrac&gt;&lt;/mfenced&gt;&lt;/math&gt;&lt;/p&gt;&amp;nbsp; </mattext>
                </material>
              </response_label>
              <response_label ident="choice_002">
                <material>
                  <mattext texttype="text/html">B.  &lt;p&gt;&lt;math xmlns='http://www.w3.org/1998/Math/MathML'&gt;&lt;mi&gt;pH&lt;/mi&gt;&lt;mo&gt;&amp;#8201;&lt;/mo&gt;&lt;mo&gt;=&lt;/mo&gt;&lt;mo&gt;&amp;#8201;&lt;/mo&gt;&lt;msub&gt;&lt;mi&gt;pK&lt;/mi&gt;&lt;mi&gt;a&lt;/mi&gt;&lt;/msub&gt;&lt;mo&gt;&amp;#160;&lt;/mo&gt;&lt;mo&gt;+&lt;/mo&gt;&lt;mo&gt;&amp;#8201;&lt;/mo&gt;&lt;msub&gt;&lt;mo&gt;log&lt;/mo&gt;&lt;mn&gt;10&lt;/mn&gt;&lt;/msub&gt;&lt;mfenced&gt;&lt;mfrac&gt;&lt;mrow&gt;&lt;mo stretchy='true'&gt;[&lt;/mo&gt;&lt;msup&gt;&lt;mi mathvariant='normal'&gt;A&lt;/mi&gt;&lt;mo&gt;&amp;#8211;&lt;/mo&gt;&lt;/msup&gt;&lt;mo stretchy='true'&gt;]&lt;/mo&gt;&lt;/mrow&gt;&lt;mrow&gt;&lt;mo stretchy='true'&gt;[&lt;/mo&gt;&lt;mi&gt;HA&lt;/mi&gt;&lt;mo stretchy='true'&gt;]&lt;/mo&gt;&lt;/mrow&gt;&lt;/mfrac&gt;&lt;/mfenced&gt;&lt;/math&gt;&lt;/p&gt;&amp;nbsp; </mattext>
                </material>
              </response_label>
            </render_choice>
          </response_lid>
        </presentation>
        <resprocessing>
          <outcomes>
            <decvar maxvalue="100" minvalue="0" varname="SCORE" vartype="Decimal"/>
          </outcomes>
          <respcondition>
            <conditionvar>
              <varequal respident="response1">choice_002</varequal>
            </conditionvar>
            <setvar action="Set" varname="SCORE">100</setvar>
          </respcondition>
        </resprocessing>
      </item>
      <item ident="multiple_choice_010" title="ff1e_b692">
        <itemmetadata>
          <qtimetadata>
            <qtimetadatafield>
              <fieldlabel>question_type</fieldlabel>
              <fieldentry>multiple_choice_question</fieldentry>
            </qtimetadatafield>
            <qtimetadatafield>
              <fieldlabel>points_possible</fieldlabel>
              <fieldentry>1.0</fieldentry>
            </qtimetadatafield>
            <qtimetadatafield>
              <fieldlabel>original_answer_ids</fieldlabel>
              <fieldentry>choice_001,choice_002</fieldentry>
            </qtimetadatafield>
          </qtimetadata>
        </itemmetadata>
        <presentation>
          <material>
            <mattext texttype="text/html">&lt;p&gt;010a&lt;/p&gt; &lt;p&gt;Which one of the following equations is the correct form of the Henderson-Hasselbalch equation?&lt;/p&gt;</mattext>
          </material>
          <response_lid ident="response1" rcardinality="Single">
            <render_choice>
              <response_label ident="choice_001">
                <material>
                  <mattext texttype="text/html">A.  &lt;p&gt;&lt;math xmlns='http://www.w3.org/1998/Math/MathML'&gt;&lt;mi&gt;pH&lt;/mi&gt;&lt;mo&gt;&amp;#8201;&lt;/mo&gt;&lt;mo&gt;=&lt;/mo&gt;&lt;mo&gt;&amp;#8201;&lt;/mo&gt;&lt;msub&gt;&lt;mi&gt;pK&lt;/mi&gt;&lt;mi&gt;a&lt;/mi&gt;&lt;/msub&gt;&lt;mo&gt;&amp;#160;&lt;/mo&gt;&lt;mo&gt;+&lt;/mo&gt;&lt;mo&gt;&amp;#8201;&lt;/mo&gt;&lt;msub&gt;&lt;mo&gt;log&lt;/mo&gt;&lt;mn&gt;10&lt;/mn&gt;&lt;/msub&gt;&lt;mfenced&gt;&lt;mfrac&gt;&lt;mrow&gt;&lt;mo stretchy='true'&gt;[&lt;/mo&gt;&lt;mi&gt;Acid&lt;/mi&gt;&lt;mo stretchy='true'&gt;]&lt;/mo&gt;&lt;/mrow&gt;&lt;mrow&gt;&lt;mo stretchy='true'&gt;[&lt;/mo&gt;&lt;mi&gt;Base&lt;/mi&gt;&lt;mo stretchy='true'&gt;]&lt;/mo&gt;&lt;/mrow&gt;&lt;/mfrac&gt;&lt;/mfenced&gt;&lt;/math&gt;&lt;/p&gt;&amp;nbsp; </mattext>
                </material>
              </response_label>
              <response_label ident="choice_002">
                <material>
                  <mattext texttype="text/html">B.  &lt;p&gt;&lt;math xmlns='http://www.w3.org/1998/Math/MathML'&gt;&lt;mi&gt;pH&lt;/mi&gt;&lt;mo&gt;&amp;#8201;&lt;/mo&gt;&lt;mo&gt;=&lt;/mo&gt;&lt;mo&gt;&amp;#8201;&lt;/mo&gt;&lt;msub&gt;&lt;mi&gt;pK&lt;/mi&gt;&lt;mi&gt;a&lt;/mi&gt;&lt;/msub&gt;&lt;mo&gt;&amp;#160;&lt;/mo&gt;&lt;mo&gt;&amp;ndash;&lt;/mo&gt;&lt;mo&gt;&amp;#8201;&lt;/mo&gt;&lt;msub&gt;&lt;mo&gt;log&lt;/mo&gt;&lt;mn&gt;10&lt;/mn&gt;&lt;/msub&gt;&lt;mfenced&gt;&lt;mfrac&gt;&lt;mrow&gt;&lt;mo stretchy='true'&gt;[&lt;/mo&gt;&lt;mi&gt;Acid&lt;/mi&gt;&lt;mo stretchy='true'&gt;]&lt;/mo&gt;&lt;/mrow&gt;&lt;mrow&gt;&lt;mo stretchy='true'&gt;[&lt;/mo&gt;&lt;mi&gt;Base&lt;/mi&gt;&lt;mo stretchy='true'&gt;]&lt;/mo&gt;&lt;/mrow&gt;&lt;/mfrac&gt;&lt;/mfenced&gt;&lt;/math&gt;&lt;/p&gt;&amp;nbsp; </mattext>
                </material>
              </response_label>
            </render_choice>
          </response_lid>
        </presentation>
        <resprocessing>
          <outcomes>
            <decvar maxvalue="100" minvalue="0" varname="SCORE" vartype="Decimal"/>
          </outcomes>
          <respcondition>
            <conditionvar>
              <varequal respident="response1">choice_002</varequal>
            </conditionvar>
            <setvar action="Set" varname="SCORE">100</setvar>
          </respcondition>
        </resprocessing>
      </item>
      <item ident="multiple_choice_011" title="5cb8_fc22">
        <itemmetadata>
          <qtimetadata>
            <qtimetadatafield>
              <fieldlabel>question_type</fieldlabel>
              <fieldentry>multiple_choice_question</fieldentry>
            </qtimetadatafield>
            <qtimetadatafield>
              <fieldlabel>points_possible</fieldlabel>
              <fieldentry>1.0</fieldentry>
            </qtimetadatafield>
            <qtimetadatafield>
              <fieldlabel>original_answer_ids</fieldlabel>
              <fieldentry>choice_001,choice_002</fieldentry>
            </qtimetadatafield>
          </qtimetadata>
        </itemmetadata>
        <presentation>
          <material>
            <mattext texttype="text/html">&lt;p&gt;e596&lt;/p&gt; &lt;p&gt;Which one of the following equations is the correct form of the Henderson-Hasselbalch equation?&lt;/p&gt;</mattext>
          </material>
          <response_lid ident="response1" rcardinality="Single">
            <render_choice>
              <response_label ident="choice_001">
                <material>
                  <mattext texttype="text/html">A.  &lt;p&gt;&lt;math xmlns='http://www.w3.org/1998/Math/MathML'&gt;&lt;mi&gt;pH&lt;/mi&gt;&lt;mo&gt;&amp;#8201;&lt;/mo&gt;&lt;mo&gt;=&lt;/mo&gt;&lt;mo&gt;&amp;#8201;&lt;/mo&gt;&lt;msub&gt;&lt;mi&gt;pK&lt;/mi&gt;&lt;mi&gt;a&lt;/mi&gt;&lt;/msub&gt;&lt;mo&gt;&amp;#160;&lt;/mo&gt;&lt;mo&gt;+&lt;/mo&gt;&lt;mo&gt;&amp;#8201;&lt;/mo&gt;&lt;msub&gt;&lt;mo&gt;log&lt;/mo&gt;&lt;mn&gt;10&lt;/mn&gt;&lt;/msub&gt;&lt;mfenced&gt;&lt;mfrac&gt;&lt;mrow&gt;&lt;mo stretchy='true'&gt;[&lt;/mo&gt;&lt;mi&gt;HA&lt;/mi&gt;&lt;mo stretchy='true'&gt;]&lt;/mo&gt;&lt;/mrow&gt;&lt;mrow&gt;&lt;mo stretchy='true'&gt;[&lt;/mo&gt;&lt;msup&gt;&lt;mi mathvariant='normal'&gt;A&lt;/mi&gt;&lt;mo&gt;&amp;#8211;&lt;/mo&gt;&lt;/msup&gt;&lt;mo stretchy='true'&gt;]&lt;/mo&gt;&lt;/mrow&gt;&lt;/mfrac&gt;&lt;/mfenced&gt;&lt;/math&gt;&lt;/p&gt;&amp;nbsp; </mattext>
                </material>
              </response_label>
              <response_label ident="choice_002">
                <material>
                  <mattext texttype="text/html">B.  &lt;p&gt;&lt;math xmlns='http://www.w3.org/1998/Math/MathML'&gt;&lt;mi&gt;pH&lt;/mi&gt;&lt;mo&gt;&amp;#8201;&lt;/mo&gt;&lt;mo&gt;=&lt;/mo&gt;&lt;mo&gt;&amp;#8201;&lt;/mo&gt;&lt;msub&gt;&lt;mi&gt;pK&lt;/mi&gt;&lt;mi&gt;a&lt;/mi&gt;&lt;/msub&gt;&lt;mo&gt;&amp;#160;&lt;/mo&gt;&lt;mo&gt;&amp;ndash;&lt;/mo&gt;&lt;mo&gt;&amp;#8201;&lt;/mo&gt;&lt;msub&gt;&lt;mo&gt;log&lt;/mo&gt;&lt;mn&gt;10&lt;/mn&gt;&lt;/msub&gt;&lt;mfenced&gt;&lt;mfrac&gt;&lt;mrow&gt;&lt;mo stretchy='true'&gt;[&lt;/mo&gt;&lt;mi&gt;HA&lt;/mi&gt;&lt;mo stretchy='true'&gt;]&lt;/mo&gt;&lt;/mrow&gt;&lt;mrow&gt;&lt;mo stretchy='true'&gt;[&lt;/mo&gt;&lt;msup&gt;&lt;mi mathvariant='normal'&gt;A&lt;/mi&gt;&lt;mo&gt;&amp;#8211;&lt;/mo&gt;&lt;/msup&gt;&lt;mo stretchy='true'&gt;]&lt;/mo&gt;&lt;/mrow&gt;&lt;/mfrac&gt;&lt;/mfenced&gt;&lt;/math&gt;&lt;/p&gt;&amp;nbsp; </mattext>
                </material>
              </response_label>
            </render_choice>
          </response_lid>
        </presentation>
        <resprocessing>
          <outcomes>
            <decvar maxvalue="100" minvalue="0" varname="SCORE" vartype="Decimal"/>
          </outcomes>
          <respcondition>
            <conditionvar>
              <varequal respident="response1">choice_002</varequal>
            </conditionvar>
            <setvar action="Set" varname="SCORE">100</setvar>
          </respcondition>
        </resprocessing>
      </item>
      <item ident="multiple_choice_012" title="5069_8b99">
        <itemmetadata>
          <qtimetadata>
            <qtimetadatafield>
              <fieldlabel>question_type</fieldlabel>
              <fieldentry>multiple_choice_question</fieldentry>
            </qtimetadatafield>
            <qtimetadatafield>
              <fieldlabel>points_possible</fieldlabel>
              <fieldentry>1.0</fieldentry>
            </qtimetadatafield>
            <qtimetadatafield>
              <fieldlabel>original_answer_ids</fieldlabel>
              <fieldentry>choice_001,choice_002</fieldentry>
            </qtimetadatafield>
          </qtimetadata>
        </itemmetadata>
        <presentation>
          <material>
            <mattext texttype="text/html">&lt;p&gt;6522&lt;/p&gt; &lt;p&gt;Which one of the following equations is the correct form of the Henderson-Hasselbalch equation?&lt;/p&gt;</mattext>
          </material>
          <response_lid ident="response1" rcardinality="Single">
            <render_choice>
              <response_label ident="choice_001">
                <material>
                  <mattext texttype="text/html">A.  &lt;p&gt;&lt;math xmlns='http://www.w3.org/1998/Math/MathML'&gt;&lt;mi&gt;pH&lt;/mi&gt;&lt;mo&gt;&amp;#8201;&lt;/mo&gt;&lt;mo&gt;=&lt;/mo&gt;&lt;mo&gt;&amp;#8201;&lt;/mo&gt;&lt;msub&gt;&lt;mi&gt;pK&lt;/mi&gt;&lt;mi&gt;a&lt;/mi&gt;&lt;/msub&gt;&lt;mo&gt;&amp;#160;&lt;/mo&gt;&lt;mo&gt;&amp;ndash;&lt;/mo&gt;&lt;mo&gt;&amp;#8201;&lt;/mo&gt;&lt;msub&gt;&lt;mo&gt;log&lt;/mo&gt;&lt;mn&gt;10&lt;/mn&gt;&lt;/msub&gt;&lt;mfenced&gt;&lt;mfrac&gt;&lt;mrow&gt;&lt;mo stretchy='true'&gt;[&lt;/mo&gt;&lt;mi&gt;Base&lt;/mi&gt;&lt;mo stretchy='true'&gt;]&lt;/mo&gt;&lt;/mrow&gt;&lt;mrow&gt;&lt;mo stretchy='true'&gt;[&lt;/mo&gt;&lt;mi&gt;Acid&lt;/mi&gt;&lt;mo stretchy='true'&gt;]&lt;/mo&gt;&lt;/mrow&gt;&lt;/mfrac&gt;&lt;/mfenced&gt;&lt;/math&gt;&lt;/p&gt;&amp;nbsp; </mattext>
                </material>
              </response_label>
              <response_label ident="choice_002">
                <material>
                  <mattext texttype="text/html">B.  &lt;p&gt;&lt;math xmlns='http://www.w3.org/1998/Math/MathML'&gt;&lt;mi&gt;pH&lt;/mi&gt;&lt;mo&gt;&amp;#8201;&lt;/mo&gt;&lt;mo&gt;=&lt;/mo&gt;&lt;mo&gt;&amp;#8201;&lt;/mo&gt;&lt;msub&gt;&lt;mi&gt;pK&lt;/mi&gt;&lt;mi&gt;a&lt;/mi&gt;&lt;/msub&gt;&lt;mo&gt;&amp;#160;&lt;/mo&gt;&lt;mo&gt;+&lt;/mo&gt;&lt;mo&gt;&amp;#8201;&lt;/mo&gt;&lt;msub&gt;&lt;mo&gt;log&lt;/mo&gt;&lt;mn&gt;10&lt;/mn&gt;&lt;/msub&gt;&lt;mfenced&gt;&lt;mfrac&gt;&lt;mrow&gt;&lt;mo stretchy='true'&gt;[&lt;/mo&gt;&lt;mi&gt;Base&lt;/mi&gt;&lt;mo stretchy='true'&gt;]&lt;/mo&gt;&lt;/mrow&gt;&lt;mrow&gt;&lt;mo stretchy='true'&gt;[&lt;/mo&gt;&lt;mi&gt;Acid&lt;/mi&gt;&lt;mo stretchy='true'&gt;]&lt;/mo&gt;&lt;/mrow&gt;&lt;/mfrac&gt;&lt;/mfenced&gt;&lt;/math&gt;&lt;/p&gt;&amp;nbsp; </mattext>
                </material>
              </response_label>
            </render_choice>
          </response_lid>
        </presentation>
        <resprocessing>
          <outcomes>
            <decvar maxvalue="100" minvalue="0" varname="SCORE" vartype="Decimal"/>
          </outcomes>
          <respcondition>
            <conditionvar>
              <varequal respident="response1">choice_002</varequal>
            </conditionvar>
            <setvar action="Set" varname="SCORE">100</setvar>
          </respcondition>
        </resprocessing>
      </item>
      <item ident="multiple_choice_013" title="c225_664d">
        <itemmetadata>
          <qtimetadata>
            <qtimetadatafield>
              <fieldlabel>question_type</fieldlabel>
              <fieldentry>multiple_choice_question</fieldentry>
            </qtimetadatafield>
            <qtimetadatafield>
              <fieldlabel>points_possible</fieldlabel>
              <fieldentry>1.0</fieldentry>
            </qtimetadatafield>
            <qtimetadatafield>
              <fieldlabel>original_answer_ids</fieldlabel>
              <fieldentry>choice_001,choice_002</fieldentry>
            </qtimetadatafield>
          </qtimetadata>
        </itemmetadata>
        <presentation>
          <material>
            <mattext texttype="text/html">&lt;p&gt;349d&lt;/p&gt; &lt;p&gt;Which one of the following equations is the correct form of the Henderson-Hasselbalch equation?&lt;/p&gt;</mattext>
          </material>
          <response_lid ident="response1" rcardinality="Single">
            <render_choice>
              <response_label ident="choice_001">
                <material>
                  <mattext texttype="text/html">A.  &lt;p&gt;&lt;math xmlns='http://www.w3.org/1998/Math/MathML'&gt;&lt;mi&gt;pH&lt;/mi&gt;&lt;mo&gt;&amp;#8201;&lt;/mo&gt;&lt;mo&gt;=&lt;/mo&gt;&lt;mo&gt;&amp;#8201;&lt;/mo&gt;&lt;msub&gt;&lt;mi&gt;pK&lt;/mi&gt;&lt;mi&gt;a&lt;/mi&gt;&lt;/msub&gt;&lt;mo&gt;&amp;#160;&lt;/mo&gt;&lt;mo&gt;&amp;ndash;&lt;/mo&gt;&lt;mo&gt;&amp;#8201;&lt;/mo&gt;&lt;msub&gt;&lt;mo&gt;log&lt;/mo&gt;&lt;mn&gt;10&lt;/mn&gt;&lt;/msub&gt;&lt;mfenced&gt;&lt;mfrac&gt;&lt;mrow&gt;&lt;mo stretchy='true'&gt;[&lt;/mo&gt;&lt;msup&gt;&lt;mi mathvariant='normal'&gt;A&lt;/mi&gt;&lt;mo&gt;&amp;#8211;&lt;/mo&gt;&lt;/msup&gt;&lt;mo stretchy='true'&gt;]&lt;/mo&gt;&lt;/mrow&gt;&lt;mrow&gt;&lt;mo stretchy='true'&gt;[&lt;/mo&gt;&lt;mi&gt;HA&lt;/mi&gt;&lt;mo stretchy='true'&gt;]&lt;/mo&gt;&lt;/mrow&gt;&lt;/mfrac&gt;&lt;/mfenced&gt;&lt;/math&gt;&lt;/p&gt;&amp;nbsp; </mattext>
                </material>
              </response_label>
              <response_label ident="choice_002">
                <material>
                  <mattext texttype="text/html">B.  &lt;p&gt;&lt;math xmlns='http://www.w3.org/1998/Math/MathML'&gt;&lt;mi&gt;pH&lt;/mi&gt;&lt;mo&gt;&amp;#8201;&lt;/mo&gt;&lt;mo&gt;=&lt;/mo&gt;&lt;mo&gt;&amp;#8201;&lt;/mo&gt;&lt;msub&gt;&lt;mi&gt;pK&lt;/mi&gt;&lt;mi&gt;a&lt;/mi&gt;&lt;/msub&gt;&lt;mo&gt;&amp;#160;&lt;/mo&gt;&lt;mo&gt;+&lt;/mo&gt;&lt;mo&gt;&amp;#8201;&lt;/mo&gt;&lt;msub&gt;&lt;mo&gt;log&lt;/mo&gt;&lt;mn&gt;10&lt;/mn&gt;&lt;/msub&gt;&lt;mfenced&gt;&lt;mfrac&gt;&lt;mrow&gt;&lt;mo stretchy='true'&gt;[&lt;/mo&gt;&lt;msup&gt;&lt;mi mathvariant='normal'&gt;A&lt;/mi&gt;&lt;mo&gt;&amp;#8211;&lt;/mo&gt;&lt;/msup&gt;&lt;mo stretchy='true'&gt;]&lt;/mo&gt;&lt;/mrow&gt;&lt;mrow&gt;&lt;mo stretchy='true'&gt;[&lt;/mo&gt;&lt;mi&gt;HA&lt;/mi&gt;&lt;mo stretchy='true'&gt;]&lt;/mo&gt;&lt;/mrow&gt;&lt;/mfrac&gt;&lt;/mfenced&gt;&lt;/math&gt;&lt;/p&gt;&amp;nbsp; </mattext>
                </material>
              </response_label>
            </render_choice>
          </response_lid>
        </presentation>
        <resprocessing>
          <outcomes>
            <decvar maxvalue="100" minvalue="0" varname="SCORE" vartype="Decimal"/>
          </outcomes>
          <respcondition>
            <conditionvar>
              <varequal respident="response1">choice_002</varequal>
            </conditionvar>
            <setvar action="Set" varname="SCORE">100</setvar>
          </respcondition>
        </resprocessing>
      </item>
      <item ident="multiple_choice_014" title="9ea2_44b9">
        <itemmetadata>
          <qtimetadata>
            <qtimetadatafield>
              <fieldlabel>question_type</fieldlabel>
              <fieldentry>multiple_choice_question</fieldentry>
            </qtimetadatafield>
            <qtimetadatafield>
              <fieldlabel>points_possible</fieldlabel>
              <fieldentry>1.0</fieldentry>
            </qtimetadatafield>
            <qtimetadatafield>
              <fieldlabel>original_answer_ids</fieldlabel>
              <fieldentry>choice_001,choice_002</fieldentry>
            </qtimetadatafield>
          </qtimetadata>
        </itemmetadata>
        <presentation>
          <material>
            <mattext texttype="text/html">&lt;p&gt;09c5&lt;/p&gt; &lt;p&gt;Which one of the following equations is the correct form of the Henderson-Hasselbalch equation?&lt;/p&gt;</mattext>
          </material>
          <response_lid ident="response1" rcardinality="Single">
            <render_choice>
              <response_label ident="choice_001">
                <material>
                  <mattext texttype="text/html">A.  &lt;p&gt;&lt;math xmlns='http://www.w3.org/1998/Math/MathML'&gt;&lt;mi&gt;pH&lt;/mi&gt;&lt;mo&gt;&amp;#8201;&lt;/mo&gt;&lt;mo&gt;=&lt;/mo&gt;&lt;mo&gt;&amp;#8201;&lt;/mo&gt;&lt;msub&gt;&lt;mi&gt;pK&lt;/mi&gt;&lt;mi&gt;a&lt;/mi&gt;&lt;/msub&gt;&lt;mo&gt;&amp;#160;&lt;/mo&gt;&lt;mo&gt;&amp;ndash;&lt;/mo&gt;&lt;mo&gt;&amp;#8201;&lt;/mo&gt;&lt;msub&gt;&lt;mo&gt;log&lt;/mo&gt;&lt;mn&gt;10&lt;/mn&gt;&lt;/msub&gt;&lt;mfenced&gt;&lt;mfrac&gt;&lt;mrow&gt;&lt;mo stretchy='true'&gt;[&lt;/mo&gt;&lt;mi&gt;Base&lt;/mi&gt;&lt;mo stretchy='true'&gt;]&lt;/mo&gt;&lt;/mrow&gt;&lt;mrow&gt;&lt;mo stretchy='true'&gt;[&lt;/mo&gt;&lt;mi&gt;Acid&lt;/mi&gt;&lt;mo stretchy='true'&gt;]&lt;/mo&gt;&lt;/mrow&gt;&lt;/mfrac&gt;&lt;/mfenced&gt;&lt;/math&gt;&lt;/p&gt;&amp;nbsp; </mattext>
                </material>
              </response_label>
              <response_label ident="choice_002">
                <material>
                  <mattext texttype="text/html">B.  &lt;p&gt;&lt;math xmlns='http://www.w3.org/1998/Math/MathML'&gt;&lt;mi&gt;pH&lt;/mi&gt;&lt;mo&gt;&amp;#8201;&lt;/mo&gt;&lt;mo&gt;=&lt;/mo&gt;&lt;mo&gt;&amp;#8201;&lt;/mo&gt;&lt;msub&gt;&lt;mi&gt;pK&lt;/mi&gt;&lt;mi&gt;a&lt;/mi&gt;&lt;/msub&gt;&lt;mo&gt;&amp;#160;&lt;/mo&gt;&lt;mo&gt;&amp;ndash;&lt;/mo&gt;&lt;mo&gt;&amp;#8201;&lt;/mo&gt;&lt;msub&gt;&lt;mo&gt;log&lt;/mo&gt;&lt;mn&gt;10&lt;/mn&gt;&lt;/msub&gt;&lt;mfenced&gt;&lt;mfrac&gt;&lt;mrow&gt;&lt;mo stretchy='true'&gt;[&lt;/mo&gt;&lt;mi&gt;Acid&lt;/mi&gt;&lt;mo stretchy='true'&gt;]&lt;/mo&gt;&lt;/mrow&gt;&lt;mrow&gt;&lt;mo stretchy='true'&gt;[&lt;/mo&gt;&lt;mi&gt;Base&lt;/mi&gt;&lt;mo stretchy='true'&gt;]&lt;/mo&gt;&lt;/mrow&gt;&lt;/mfrac&gt;&lt;/mfenced&gt;&lt;/math&gt;&lt;/p&gt;&amp;nbsp; </mattext>
                </material>
              </response_label>
            </render_choice>
          </response_lid>
        </presentation>
        <resprocessing>
          <outcomes>
            <decvar maxvalue="100" minvalue="0" varname="SCORE" vartype="Decimal"/>
          </outcomes>
          <respcondition>
            <conditionvar>
              <varequal respident="response1">choice_002</varequal>
            </conditionvar>
            <setvar action="Set" varname="SCORE">100</setvar>
          </respcondition>
        </resprocessing>
      </item>
      <item ident="multiple_choice_015" title="90d5_ec95">
        <itemmetadata>
          <qtimetadata>
            <qtimetadatafield>
              <fieldlabel>question_type</fieldlabel>
              <fieldentry>multiple_choice_question</fieldentry>
            </qtimetadatafield>
            <qtimetadatafield>
              <fieldlabel>points_possible</fieldlabel>
              <fieldentry>1.0</fieldentry>
            </qtimetadatafield>
            <qtimetadatafield>
              <fieldlabel>original_answer_ids</fieldlabel>
              <fieldentry>choice_001,choice_002</fieldentry>
            </qtimetadatafield>
          </qtimetadata>
        </itemmetadata>
        <presentation>
          <material>
            <mattext texttype="text/html">&lt;p&gt;bd5a&lt;/p&gt; &lt;p&gt;Which one of the following equations is the correct form of the Henderson-Hasselbalch equation?&lt;/p&gt;</mattext>
          </material>
          <response_lid ident="response1" rcardinality="Single">
            <render_choice>
              <response_label ident="choice_001">
                <material>
                  <mattext texttype="text/html">A.  &lt;p&gt;&lt;math xmlns='http://www.w3.org/1998/Math/MathML'&gt;&lt;mi&gt;pH&lt;/mi&gt;&lt;mo&gt;&amp;#8201;&lt;/mo&gt;&lt;mo&gt;=&lt;/mo&gt;&lt;mo&gt;&amp;#8201;&lt;/mo&gt;&lt;msub&gt;&lt;mi&gt;pK&lt;/mi&gt;&lt;mi&gt;a&lt;/mi&gt;&lt;/msub&gt;&lt;mo&gt;&amp;#160;&lt;/mo&gt;&lt;mo&gt;&amp;ndash;&lt;/mo&gt;&lt;mo&gt;&amp;#8201;&lt;/mo&gt;&lt;msub&gt;&lt;mo&gt;log&lt;/mo&gt;&lt;mn&gt;10&lt;/mn&gt;&lt;/msub&gt;&lt;mfenced&gt;&lt;mfrac&gt;&lt;mrow&gt;&lt;mo stretchy='true'&gt;[&lt;/mo&gt;&lt;msup&gt;&lt;mi mathvariant='normal'&gt;A&lt;/mi&gt;&lt;mo&gt;&amp;#8211;&lt;/mo&gt;&lt;/msup&gt;&lt;mo stretchy='true'&gt;]&lt;/mo&gt;&lt;/mrow&gt;&lt;mrow&gt;&lt;mo stretchy='true'&gt;[&lt;/mo&gt;&lt;mi&gt;HA&lt;/mi&gt;&lt;mo stretchy='true'&gt;]&lt;/mo&gt;&lt;/mrow&gt;&lt;/mfrac&gt;&lt;/mfenced&gt;&lt;/math&gt;&lt;/p&gt;&amp;nbsp; </mattext>
                </material>
              </response_label>
              <response_label ident="choice_002">
                <material>
                  <mattext texttype="text/html">B.  &lt;p&gt;&lt;math xmlns='http://www.w3.org/1998/Math/MathML'&gt;&lt;mi&gt;pH&lt;/mi&gt;&lt;mo&gt;&amp;#8201;&lt;/mo&gt;&lt;mo&gt;=&lt;/mo&gt;&lt;mo&gt;&amp;#8201;&lt;/mo&gt;&lt;msub&gt;&lt;mi&gt;pK&lt;/mi&gt;&lt;mi&gt;a&lt;/mi&gt;&lt;/msub&gt;&lt;mo&gt;&amp;#160;&lt;/mo&gt;&lt;mo&gt;&amp;ndash;&lt;/mo&gt;&lt;mo&gt;&amp;#8201;&lt;/mo&gt;&lt;msub&gt;&lt;mo&gt;log&lt;/mo&gt;&lt;mn&gt;10&lt;/mn&gt;&lt;/msub&gt;&lt;mfenced&gt;&lt;mfrac&gt;&lt;mrow&gt;&lt;mo stretchy='true'&gt;[&lt;/mo&gt;&lt;mi&gt;HA&lt;/mi&gt;&lt;mo stretchy='true'&gt;]&lt;/mo&gt;&lt;/mrow&gt;&lt;mrow&gt;&lt;mo stretchy='true'&gt;[&lt;/mo&gt;&lt;msup&gt;&lt;mi mathvariant='normal'&gt;A&lt;/mi&gt;&lt;mo&gt;&amp;#8211;&lt;/mo&gt;&lt;/msup&gt;&lt;mo stretchy='true'&gt;]&lt;/mo&gt;&lt;/mrow&gt;&lt;/mfrac&gt;&lt;/mfenced&gt;&lt;/math&gt;&lt;/p&gt;&amp;nbsp; </mattext>
                </material>
              </response_label>
            </render_choice>
          </response_lid>
        </presentation>
        <resprocessing>
          <outcomes>
            <decvar maxvalue="100" minvalue="0" varname="SCORE" vartype="Decimal"/>
          </outcomes>
          <respcondition>
            <conditionvar>
              <varequal respident="response1">choice_002</varequal>
            </conditionvar>
            <setvar action="Set" varname="SCORE">100</setvar>
          </respcondition>
        </resprocessing>
      </item>
      <item ident="multiple_choice_016" title="e572_bead">
        <itemmetadata>
          <qtimetadata>
            <qtimetadatafield>
              <fieldlabel>question_type</fieldlabel>
              <fieldentry>multiple_choice_question</fieldentry>
            </qtimetadatafield>
            <qtimetadatafield>
              <fieldlabel>points_possible</fieldlabel>
              <fieldentry>1.0</fieldentry>
            </qtimetadatafield>
            <qtimetadatafield>
              <fieldlabel>original_answer_ids</fieldlabel>
              <fieldentry>choice_001,choice_002</fieldentry>
            </qtimetadatafield>
          </qtimetadata>
        </itemmetadata>
        <presentation>
          <material>
            <mattext texttype="text/html">&lt;p&gt;d548&lt;/p&gt; &lt;p&gt;Which one of the following equations is the correct form of the Henderson-Hasselbalch equation?&lt;/p&gt;</mattext>
          </material>
          <response_lid ident="response1" rcardinality="Single">
            <render_choice>
              <response_label ident="choice_001">
                <material>
                  <mattext texttype="text/html">A.  &lt;p&gt;&lt;math xmlns='http://www.w3.org/1998/Math/MathML'&gt;&lt;mi&gt;pH&lt;/mi&gt;&lt;mo&gt;&amp;#8201;&lt;/mo&gt;&lt;mo&gt;=&lt;/mo&gt;&lt;mo&gt;&amp;#8201;&lt;/mo&gt;&lt;msub&gt;&lt;mi&gt;pK&lt;/mi&gt;&lt;mi&gt;a&lt;/mi&gt;&lt;/msub&gt;&lt;mo&gt;&amp;#160;&lt;/mo&gt;&lt;mo&gt;+&lt;/mo&gt;&lt;mo&gt;&amp;#8201;&lt;/mo&gt;&lt;msub&gt;&lt;mo&gt;log&lt;/mo&gt;&lt;mn&gt;10&lt;/mn&gt;&lt;/msub&gt;&lt;mfenced&gt;&lt;mfrac&gt;&lt;mrow&gt;&lt;mo stretchy='true'&gt;[&lt;/mo&gt;&lt;mi&gt;Base&lt;/mi&gt;&lt;mo stretchy='true'&gt;]&lt;/mo&gt;&lt;/mrow&gt;&lt;mrow&gt;&lt;mo stretchy='true'&gt;[&lt;/mo&gt;&lt;mi&gt;Acid&lt;/mi&gt;&lt;mo stretchy='true'&gt;]&lt;/mo&gt;&lt;/mrow&gt;&lt;/mfrac&gt;&lt;/mfenced&gt;&lt;/math&gt;&lt;/p&gt;&amp;nbsp; </mattext>
                </material>
              </response_label>
              <response_label ident="choice_002">
                <material>
                  <mattext texttype="text/html">B.  &lt;p&gt;&lt;math xmlns='http://www.w3.org/1998/Math/MathML'&gt;&lt;mi&gt;pH&lt;/mi&gt;&lt;mo&gt;&amp;#8201;&lt;/mo&gt;&lt;mo&gt;=&lt;/mo&gt;&lt;mo&gt;&amp;#8201;&lt;/mo&gt;&lt;msub&gt;&lt;mi&gt;pK&lt;/mi&gt;&lt;mi&gt;a&lt;/mi&gt;&lt;/msub&gt;&lt;mo&gt;&amp;#160;&lt;/mo&gt;&lt;mo&gt;+&lt;/mo&gt;&lt;mo&gt;&amp;#8201;&lt;/mo&gt;&lt;msub&gt;&lt;mo&gt;log&lt;/mo&gt;&lt;mn&gt;10&lt;/mn&gt;&lt;/msub&gt;&lt;mfenced&gt;&lt;mfrac&gt;&lt;mrow&gt;&lt;mo stretchy='true'&gt;[&lt;/mo&gt;&lt;mi&gt;Acid&lt;/mi&gt;&lt;mo stretchy='true'&gt;]&lt;/mo&gt;&lt;/mrow&gt;&lt;mrow&gt;&lt;mo stretchy='true'&gt;[&lt;/mo&gt;&lt;mi&gt;Base&lt;/mi&gt;&lt;mo stretchy='true'&gt;]&lt;/mo&gt;&lt;/mrow&gt;&lt;/mfrac&gt;&lt;/mfenced&gt;&lt;/math&gt;&lt;/p&gt;&amp;nbsp; </mattext>
                </material>
              </response_label>
            </render_choice>
          </response_lid>
        </presentation>
        <resprocessing>
          <outcomes>
            <decvar maxvalue="100" minvalue="0" varname="SCORE" vartype="Decimal"/>
          </outcomes>
          <respcondition>
            <conditionvar>
              <varequal respident="response1">choice_001</varequal>
            </conditionvar>
            <setvar action="Set" varname="SCORE">100</setvar>
          </respcondition>
        </resprocessing>
      </item>
    </section>
  </assessment>
</questestinterop>
