<?xml version='1.0' encoding='UTF-8'?>
<questestinterop xmlns="http://www.imsglobal.org/xsd/ims_qtiasiv1p2" xmlns:xsi="http://www.w3.org/2001/XMLSchema-instance" xsi:schemaLocation="http://www.imsglobal.org/xsd/ims_qtiasiv1p2 http://www.imsglobal.org/xsd/ims_qtiasiv1p2p1.xsd">
  <assessment ident="root_assessment" title="Henderson-Hasselbalch-EQUATION">
    <section ident="root_section">
      <item ident="multiple_choice_001" title="1fd6_e110">
        <itemmetadata>
          <qtimetadata>
            <qtimetadatafield>
              <fieldlabel>question_type</fieldlabel>
              <fieldentry>multiple_choice_question</fieldentry>
            </qtimetadatafield>
            <qtimetadatafield>
              <fieldlabel>points_possible</fieldlabel>
              <fieldentry>1.0</fieldentry>
            </qtimetadatafield>
            <qtimetadatafield>
              <fieldlabel>original_answer_ids</fieldlabel>
              <fieldentry>choice_001,choice_002</fieldentry>
            </qtimetadatafield>
          </qtimetadata>
        </itemmetadata>
        <presentation>
          <material>
            <mattext texttype="text/html">&lt;p&gt;Which one of the following equations is the correct form of the Henderson-Hasselbalch equation?&lt;/p&gt;</mattext>
          </material>
          <response_lid ident="response1" rcardinality="Single">
            <render_choice>
              <response_label ident="choice_001">
                <material>
                  <mattext texttype="text/html">&lt;p&gt;&lt;math xmlns='http://www.w3.org/1998/Math/MathML'&gt;&lt;mi&gt;pH&lt;/mi&gt;&lt;mo&gt;&amp;#8201;&lt;/mo&gt;&lt;mo&gt;=&lt;/mo&gt;&lt;mo&gt;&amp;#8201;&lt;/mo&gt;&lt;msub&gt;&lt;mi&gt;pK&lt;/mi&gt;&lt;mi&gt;a&lt;/mi&gt;&lt;/msub&gt;&lt;mo&gt;&amp;#160;&lt;/mo&gt;&lt;mo&gt;+&lt;/mo&gt;&lt;mo&gt;&amp;#8201;&lt;/mo&gt;&lt;msub&gt;&lt;mo&gt;log&lt;/mo&gt;&lt;mn&gt;10&lt;/mn&gt;&lt;/msub&gt;&lt;mfenced&gt;&lt;mfrac&gt;&lt;mrow&gt;&lt;mo stretchy='true'&gt;[&lt;/mo&gt;&lt;msup&gt;&lt;mi mathvariant='normal'&gt;A&lt;/mi&gt;&lt;mo&gt;&amp;#8211;&lt;/mo&gt;&lt;/msup&gt;&lt;mo stretchy='true'&gt;]&lt;/mo&gt;&lt;/mrow&gt;&lt;mrow&gt;&lt;mo stretchy='true'&gt;[&lt;/mo&gt;&lt;mi&gt;HA&lt;/mi&gt;&lt;mo stretchy='true'&gt;]&lt;/mo&gt;&lt;/mrow&gt;&lt;/mfrac&gt;&lt;/mfenced&gt;&lt;/math&gt;&lt;/p&gt;</mattext>
                </material>
              </response_label>
              <response_label ident="choice_002">
                <material>
                  <mattext texttype="text/html">&lt;p&gt;&lt;math xmlns='http://www.w3.org/1998/Math/MathML'&gt;&lt;mi&gt;pH&lt;/mi&gt;&lt;mo&gt;&amp;#8201;&lt;/mo&gt;&lt;mo&gt;=&lt;/mo&gt;&lt;mo&gt;&amp;#8201;&lt;/mo&gt;&lt;msub&gt;&lt;mi&gt;pK&lt;/mi&gt;&lt;mi&gt;a&lt;/mi&gt;&lt;/msub&gt;&lt;mo&gt;&amp;#160;&lt;/mo&gt;&lt;mo&gt;+&lt;/mo&gt;&lt;mo&gt;&amp;#8201;&lt;/mo&gt;&lt;msub&gt;&lt;mo&gt;log&lt;/mo&gt;&lt;mn&gt;10&lt;/mn&gt;&lt;/msub&gt;&lt;mfenced&gt;&lt;mfrac&gt;&lt;mrow&gt;&lt;mo stretchy='true'&gt;[&lt;/mo&gt;&lt;mi&gt;HA&lt;/mi&gt;&lt;mo stretchy='true'&gt;]&lt;/mo&gt;&lt;/mrow&gt;&lt;mrow&gt;&lt;mo stretchy='true'&gt;[&lt;/mo&gt;&lt;msup&gt;&lt;mi mathvariant='normal'&gt;A&lt;/mi&gt;&lt;mo&gt;&amp;#8211;&lt;/mo&gt;&lt;/msup&gt;&lt;mo stretchy='true'&gt;]&lt;/mo&gt;&lt;/mrow&gt;&lt;/mfrac&gt;&lt;/mfenced&gt;&lt;/math&gt;&lt;/p&gt;</mattext>
                </material>
              </response_label>
            </render_choice>
          </response_lid>
        </presentation>
        <resprocessing>
          <outcomes>
            <decvar maxvalue="100" minvalue="0" varname="SCORE" vartype="Decimal"/>
          </outcomes>
          <respcondition>
            <conditionvar>
              <varequal respident="response1">choice_001</varequal>
            </conditionvar>
            <setvar action="Set" varname="SCORE">100</setvar>
          </respcondition>
        </resprocessing>
      </item>
      <item ident="multiple_choice_002" title="1fd6_5011">
        <itemmetadata>
          <qtimetadata>
            <qtimetadatafield>
              <fieldlabel>question_type</fieldlabel>
              <fieldentry>multiple_choice_question</fieldentry>
            </qtimetadatafield>
            <qtimetadatafield>
              <fieldlabel>points_possible</fieldlabel>
              <fieldentry>1.0</fieldentry>
            </qtimetadatafield>
            <qtimetadatafield>
              <fieldlabel>original_answer_ids</fieldlabel>
              <fieldentry>choice_001,choice_002</fieldentry>
            </qtimetadatafield>
          </qtimetadata>
        </itemmetadata>
        <presentation>
          <material>
            <mattext texttype="text/html">&lt;p&gt;Which one of the following equations is the correct form of the Henderson-Hasselbalch equation?&lt;/p&gt;</mattext>
          </material>
          <response_lid ident="response1" rcardinality="Single">
            <render_choice>
              <response_label ident="choice_001">
                <material>
                  <mattext texttype="text/html">&lt;p&gt;&lt;math xmlns='http://www.w3.org/1998/Math/MathML'&gt;&lt;mi&gt;pH&lt;/mi&gt;&lt;mo&gt;&amp;#8201;&lt;/mo&gt;&lt;mo&gt;=&lt;/mo&gt;&lt;mo&gt;&amp;#8201;&lt;/mo&gt;&lt;msub&gt;&lt;mi&gt;pK&lt;/mi&gt;&lt;mi&gt;a&lt;/mi&gt;&lt;/msub&gt;&lt;mo&gt;&amp;#160;&lt;/mo&gt;&lt;mo&gt;&amp;ndash;&lt;/mo&gt;&lt;mo&gt;&amp;#8201;&lt;/mo&gt;&lt;msub&gt;&lt;mo&gt;log&lt;/mo&gt;&lt;mn&gt;10&lt;/mn&gt;&lt;/msub&gt;&lt;mfenced&gt;&lt;mfrac&gt;&lt;mrow&gt;&lt;mo stretchy='true'&gt;[&lt;/mo&gt;&lt;mi&gt;Acid&lt;/mi&gt;&lt;mo stretchy='true'&gt;]&lt;/mo&gt;&lt;/mrow&gt;&lt;mrow&gt;&lt;mo stretchy='true'&gt;[&lt;/mo&gt;&lt;mi&gt;Base&lt;/mi&gt;&lt;mo stretchy='true'&gt;]&lt;/mo&gt;&lt;/mrow&gt;&lt;/mfrac&gt;&lt;/mfenced&gt;&lt;/math&gt;&lt;/p&gt;</mattext>
                </material>
              </response_label>
              <response_label ident="choice_002">
                <material>
                  <mattext texttype="text/html">&lt;p&gt;&lt;math xmlns='http://www.w3.org/1998/Math/MathML'&gt;&lt;mi&gt;pH&lt;/mi&gt;&lt;mo&gt;&amp;#8201;&lt;/mo&gt;&lt;mo&gt;=&lt;/mo&gt;&lt;mo&gt;&amp;#8201;&lt;/mo&gt;&lt;msub&gt;&lt;mi&gt;pK&lt;/mi&gt;&lt;mi&gt;a&lt;/mi&gt;&lt;/msub&gt;&lt;mo&gt;&amp;#160;&lt;/mo&gt;&lt;mo&gt;+&lt;/mo&gt;&lt;mo&gt;&amp;#8201;&lt;/mo&gt;&lt;msub&gt;&lt;mo&gt;log&lt;/mo&gt;&lt;mn&gt;10&lt;/mn&gt;&lt;/msub&gt;&lt;mfenced&gt;&lt;mfrac&gt;&lt;mrow&gt;&lt;mo stretchy='true'&gt;[&lt;/mo&gt;&lt;mi&gt;Acid&lt;/mi&gt;&lt;mo stretchy='true'&gt;]&lt;/mo&gt;&lt;/mrow&gt;&lt;mrow&gt;&lt;mo stretchy='true'&gt;[&lt;/mo&gt;&lt;mi&gt;Base&lt;/mi&gt;&lt;mo stretchy='true'&gt;]&lt;/mo&gt;&lt;/mrow&gt;&lt;/mfrac&gt;&lt;/mfenced&gt;&lt;/math&gt;&lt;/p&gt;</mattext>
                </material>
              </response_label>
            </render_choice>
          </response_lid>
        </presentation>
        <resprocessing>
          <outcomes>
            <decvar maxvalue="100" minvalue="0" varname="SCORE" vartype="Decimal"/>
          </outcomes>
          <respcondition>
            <conditionvar>
              <varequal respident="response1">choice_001</varequal>
            </conditionvar>
            <setvar action="Set" varname="SCORE">100</setvar>
          </respcondition>
        </resprocessing>
      </item>
      <item ident="multiple_choice_003" title="1fd6_c6ff">
        <itemmetadata>
          <qtimetadata>
            <qtimetadatafield>
              <fieldlabel>question_type</fieldlabel>
              <fieldentry>multiple_choice_question</fieldentry>
            </qtimetadatafield>
            <qtimetadatafield>
              <fieldlabel>points_possible</fieldlabel>
              <fieldentry>1.0</fieldentry>
            </qtimetadatafield>
            <qtimetadatafield>
              <fieldlabel>original_answer_ids</fieldlabel>
              <fieldentry>choice_001,choice_002</fieldentry>
            </qtimetadatafield>
          </qtimetadata>
        </itemmetadata>
        <presentation>
          <material>
            <mattext texttype="text/html">&lt;p&gt;Which one of the following equations is the correct form of the Henderson-Hasselbalch equation?&lt;/p&gt;</mattext>
          </material>
          <response_lid ident="response1" rcardinality="Single">
            <render_choice>
              <response_label ident="choice_001">
                <material>
                  <mattext texttype="text/html">&lt;p&gt;&lt;math xmlns='http://www.w3.org/1998/Math/MathML'&gt;&lt;mi&gt;pH&lt;/mi&gt;&lt;mo&gt;&amp;#8201;&lt;/mo&gt;&lt;mo&gt;=&lt;/mo&gt;&lt;mo&gt;&amp;#8201;&lt;/mo&gt;&lt;msub&gt;&lt;mi&gt;pK&lt;/mi&gt;&lt;mi&gt;a&lt;/mi&gt;&lt;/msub&gt;&lt;mo&gt;&amp;#160;&lt;/mo&gt;&lt;mo&gt;&amp;ndash;&lt;/mo&gt;&lt;mo&gt;&amp;#8201;&lt;/mo&gt;&lt;msub&gt;&lt;mo&gt;log&lt;/mo&gt;&lt;mn&gt;10&lt;/mn&gt;&lt;/msub&gt;&lt;mfenced&gt;&lt;mfrac&gt;&lt;mrow&gt;&lt;mo stretchy='true'&gt;[&lt;/mo&gt;&lt;mi&gt;HA&lt;/mi&gt;&lt;mo stretchy='true'&gt;]&lt;/mo&gt;&lt;/mrow&gt;&lt;mrow&gt;&lt;mo stretchy='true'&gt;[&lt;/mo&gt;&lt;msup&gt;&lt;mi mathvariant='normal'&gt;A&lt;/mi&gt;&lt;mo&gt;&amp;#8211;&lt;/mo&gt;&lt;/msup&gt;&lt;mo stretchy='true'&gt;]&lt;/mo&gt;&lt;/mrow&gt;&lt;/mfrac&gt;&lt;/mfenced&gt;&lt;/math&gt;&lt;/p&gt;</mattext>
                </material>
              </response_label>
              <response_label ident="choice_002">
                <material>
                  <mattext texttype="text/html">&lt;p&gt;&lt;math xmlns='http://www.w3.org/1998/Math/MathML'&gt;&lt;mi&gt;pH&lt;/mi&gt;&lt;mo&gt;&amp;#8201;&lt;/mo&gt;&lt;mo&gt;=&lt;/mo&gt;&lt;mo&gt;&amp;#8201;&lt;/mo&gt;&lt;msub&gt;&lt;mi&gt;pK&lt;/mi&gt;&lt;mi&gt;a&lt;/mi&gt;&lt;/msub&gt;&lt;mo&gt;&amp;#160;&lt;/mo&gt;&lt;mo&gt;+&lt;/mo&gt;&lt;mo&gt;&amp;#8201;&lt;/mo&gt;&lt;msub&gt;&lt;mo&gt;log&lt;/mo&gt;&lt;mn&gt;10&lt;/mn&gt;&lt;/msub&gt;&lt;mfenced&gt;&lt;mfrac&gt;&lt;mrow&gt;&lt;mo stretchy='true'&gt;[&lt;/mo&gt;&lt;mi&gt;HA&lt;/mi&gt;&lt;mo stretchy='true'&gt;]&lt;/mo&gt;&lt;/mrow&gt;&lt;mrow&gt;&lt;mo stretchy='true'&gt;[&lt;/mo&gt;&lt;msup&gt;&lt;mi mathvariant='normal'&gt;A&lt;/mi&gt;&lt;mo&gt;&amp;#8211;&lt;/mo&gt;&lt;/msup&gt;&lt;mo stretchy='true'&gt;]&lt;/mo&gt;&lt;/mrow&gt;&lt;/mfrac&gt;&lt;/mfenced&gt;&lt;/math&gt;&lt;/p&gt;</mattext>
                </material>
              </response_label>
            </render_choice>
          </response_lid>
        </presentation>
        <resprocessing>
          <outcomes>
            <decvar maxvalue="100" minvalue="0" varname="SCORE" vartype="Decimal"/>
          </outcomes>
          <respcondition>
            <conditionvar>
              <varequal respident="response1">choice_001</varequal>
            </conditionvar>
            <setvar action="Set" varname="SCORE">100</setvar>
          </respcondition>
        </resprocessing>
      </item>
      <item ident="multiple_choice_004" title="1fd6_d2af">
        <itemmetadata>
          <qtimetadata>
            <qtimetadatafield>
              <fieldlabel>question_type</fieldlabel>
              <fieldentry>multiple_choice_question</fieldentry>
            </qtimetadatafield>
            <qtimetadatafield>
              <fieldlabel>points_possible</fieldlabel>
              <fieldentry>1.0</fieldentry>
            </qtimetadatafield>
            <qtimetadatafield>
              <fieldlabel>original_answer_ids</fieldlabel>
              <fieldentry>choice_001,choice_002</fieldentry>
            </qtimetadatafield>
          </qtimetadata>
        </itemmetadata>
        <presentation>
          <material>
            <mattext texttype="text/html">&lt;p&gt;Which one of the following equations is the correct form of the Henderson-Hasselbalch equation?&lt;/p&gt;</mattext>
          </material>
          <response_lid ident="response1" rcardinality="Single">
            <render_choice>
              <response_label ident="choice_001">
                <material>
                  <mattext texttype="text/html">&lt;p&gt;&lt;math xmlns='http://www.w3.org/1998/Math/MathML'&gt;&lt;mi&gt;pH&lt;/mi&gt;&lt;mo&gt;&amp;#8201;&lt;/mo&gt;&lt;mo&gt;=&lt;/mo&gt;&lt;mo&gt;&amp;#8201;&lt;/mo&gt;&lt;msub&gt;&lt;mi&gt;pK&lt;/mi&gt;&lt;mi&gt;a&lt;/mi&gt;&lt;/msub&gt;&lt;mo&gt;&amp;#160;&lt;/mo&gt;&lt;mo&gt;+&lt;/mo&gt;&lt;mo&gt;&amp;#8201;&lt;/mo&gt;&lt;msub&gt;&lt;mo&gt;log&lt;/mo&gt;&lt;mn&gt;10&lt;/mn&gt;&lt;/msub&gt;&lt;mfenced&gt;&lt;mfrac&gt;&lt;mrow&gt;&lt;mo stretchy='true'&gt;[&lt;/mo&gt;&lt;mi&gt;Base&lt;/mi&gt;&lt;mo stretchy='true'&gt;]&lt;/mo&gt;&lt;/mrow&gt;&lt;mrow&gt;&lt;mo stretchy='true'&gt;[&lt;/mo&gt;&lt;mi&gt;Acid&lt;/mi&gt;&lt;mo stretchy='true'&gt;]&lt;/mo&gt;&lt;/mrow&gt;&lt;/mfrac&gt;&lt;/mfenced&gt;&lt;/math&gt;&lt;/p&gt;</mattext>
                </material>
              </response_label>
              <response_label ident="choice_002">
                <material>
                  <mattext texttype="text/html">&lt;p&gt;&lt;math xmlns='http://www.w3.org/1998/Math/MathML'&gt;&lt;mi&gt;pH&lt;/mi&gt;&lt;mo&gt;&amp;#8201;&lt;/mo&gt;&lt;mo&gt;=&lt;/mo&gt;&lt;mo&gt;&amp;#8201;&lt;/mo&gt;&lt;msub&gt;&lt;mi&gt;pK&lt;/mi&gt;&lt;mi&gt;a&lt;/mi&gt;&lt;/msub&gt;&lt;mo&gt;&amp;#160;&lt;/mo&gt;&lt;mo&gt;&amp;ndash;&lt;/mo&gt;&lt;mo&gt;&amp;#8201;&lt;/mo&gt;&lt;msub&gt;&lt;mo&gt;log&lt;/mo&gt;&lt;mn&gt;10&lt;/mn&gt;&lt;/msub&gt;&lt;mfenced&gt;&lt;mfrac&gt;&lt;mrow&gt;&lt;mo stretchy='true'&gt;[&lt;/mo&gt;&lt;mi&gt;Base&lt;/mi&gt;&lt;mo stretchy='true'&gt;]&lt;/mo&gt;&lt;/mrow&gt;&lt;mrow&gt;&lt;mo stretchy='true'&gt;[&lt;/mo&gt;&lt;mi&gt;Acid&lt;/mi&gt;&lt;mo stretchy='true'&gt;]&lt;/mo&gt;&lt;/mrow&gt;&lt;/mfrac&gt;&lt;/mfenced&gt;&lt;/math&gt;&lt;/p&gt;</mattext>
                </material>
              </response_label>
            </render_choice>
          </response_lid>
        </presentation>
        <resprocessing>
          <outcomes>
            <decvar maxvalue="100" minvalue="0" varname="SCORE" vartype="Decimal"/>
          </outcomes>
          <respcondition>
            <conditionvar>
              <varequal respident="response1">choice_001</varequal>
            </conditionvar>
            <setvar action="Set" varname="SCORE">100</setvar>
          </respcondition>
        </resprocessing>
      </item>
      <item ident="multiple_choice_005" title="1fd6_d51a">
        <itemmetadata>
          <qtimetadata>
            <qtimetadatafield>
              <fieldlabel>question_type</fieldlabel>
              <fieldentry>multiple_choice_question</fieldentry>
            </qtimetadatafield>
            <qtimetadatafield>
              <fieldlabel>points_possible</fieldlabel>
              <fieldentry>1.0</fieldentry>
            </qtimetadatafield>
            <qtimetadatafield>
              <fieldlabel>original_answer_ids</fieldlabel>
              <fieldentry>choice_001,choice_002</fieldentry>
            </qtimetadatafield>
          </qtimetadata>
        </itemmetadata>
        <presentation>
          <material>
            <mattext texttype="text/html">&lt;p&gt;Which one of the following equations is the correct form of the Henderson-Hasselbalch equation?&lt;/p&gt;</mattext>
          </material>
          <response_lid ident="response1" rcardinality="Single">
            <render_choice>
              <response_label ident="choice_001">
                <material>
                  <mattext texttype="text/html">&lt;p&gt;&lt;math xmlns='http://www.w3.org/1998/Math/MathML'&gt;&lt;mi&gt;pH&lt;/mi&gt;&lt;mo&gt;&amp;#8201;&lt;/mo&gt;&lt;mo&gt;=&lt;/mo&gt;&lt;mo&gt;&amp;#8201;&lt;/mo&gt;&lt;msub&gt;&lt;mi&gt;pK&lt;/mi&gt;&lt;mi&gt;a&lt;/mi&gt;&lt;/msub&gt;&lt;mo&gt;&amp;#160;&lt;/mo&gt;&lt;mo&gt;+&lt;/mo&gt;&lt;mo&gt;&amp;#8201;&lt;/mo&gt;&lt;msub&gt;&lt;mo&gt;log&lt;/mo&gt;&lt;mn&gt;10&lt;/mn&gt;&lt;/msub&gt;&lt;mfenced&gt;&lt;mfrac&gt;&lt;mrow&gt;&lt;mo stretchy='true'&gt;[&lt;/mo&gt;&lt;msup&gt;&lt;mi mathvariant='normal'&gt;A&lt;/mi&gt;&lt;mo&gt;&amp;#8211;&lt;/mo&gt;&lt;/msup&gt;&lt;mo stretchy='true'&gt;]&lt;/mo&gt;&lt;/mrow&gt;&lt;mrow&gt;&lt;mo stretchy='true'&gt;[&lt;/mo&gt;&lt;mi&gt;HA&lt;/mi&gt;&lt;mo stretchy='true'&gt;]&lt;/mo&gt;&lt;/mrow&gt;&lt;/mfrac&gt;&lt;/mfenced&gt;&lt;/math&gt;&lt;/p&gt;</mattext>
                </material>
              </response_label>
              <response_label ident="choice_002">
                <material>
                  <mattext texttype="text/html">&lt;p&gt;&lt;math xmlns='http://www.w3.org/1998/Math/MathML'&gt;&lt;mi&gt;pH&lt;/mi&gt;&lt;mo&gt;&amp;#8201;&lt;/mo&gt;&lt;mo&gt;=&lt;/mo&gt;&lt;mo&gt;&amp;#8201;&lt;/mo&gt;&lt;msub&gt;&lt;mi&gt;pK&lt;/mi&gt;&lt;mi&gt;a&lt;/mi&gt;&lt;/msub&gt;&lt;mo&gt;&amp;#160;&lt;/mo&gt;&lt;mo&gt;&amp;ndash;&lt;/mo&gt;&lt;mo&gt;&amp;#8201;&lt;/mo&gt;&lt;msub&gt;&lt;mo&gt;log&lt;/mo&gt;&lt;mn&gt;10&lt;/mn&gt;&lt;/msub&gt;&lt;mfenced&gt;&lt;mfrac&gt;&lt;mrow&gt;&lt;mo stretchy='true'&gt;[&lt;/mo&gt;&lt;msup&gt;&lt;mi mathvariant='normal'&gt;A&lt;/mi&gt;&lt;mo&gt;&amp;#8211;&lt;/mo&gt;&lt;/msup&gt;&lt;mo stretchy='true'&gt;]&lt;/mo&gt;&lt;/mrow&gt;&lt;mrow&gt;&lt;mo stretchy='true'&gt;[&lt;/mo&gt;&lt;mi&gt;HA&lt;/mi&gt;&lt;mo stretchy='true'&gt;]&lt;/mo&gt;&lt;/mrow&gt;&lt;/mfrac&gt;&lt;/mfenced&gt;&lt;/math&gt;&lt;/p&gt;</mattext>
                </material>
              </response_label>
            </render_choice>
          </response_lid>
        </presentation>
        <resprocessing>
          <outcomes>
            <decvar maxvalue="100" minvalue="0" varname="SCORE" vartype="Decimal"/>
          </outcomes>
          <respcondition>
            <conditionvar>
              <varequal respident="response1">choice_001</varequal>
            </conditionvar>
            <setvar action="Set" varname="SCORE">100</setvar>
          </respcondition>
        </resprocessing>
      </item>
      <item ident="multiple_choice_006" title="1fd6_277f">
        <itemmetadata>
          <qtimetadata>
            <qtimetadatafield>
              <fieldlabel>question_type</fieldlabel>
              <fieldentry>multiple_choice_question</fieldentry>
            </qtimetadatafield>
            <qtimetadatafield>
              <fieldlabel>points_possible</fieldlabel>
              <fieldentry>1.0</fieldentry>
            </qtimetadatafield>
            <qtimetadatafield>
              <fieldlabel>original_answer_ids</fieldlabel>
              <fieldentry>choice_001,choice_002</fieldentry>
            </qtimetadatafield>
          </qtimetadata>
        </itemmetadata>
        <presentation>
          <material>
            <mattext texttype="text/html">&lt;p&gt;Which one of the following equations is the correct form of the Henderson-Hasselbalch equation?&lt;/p&gt;</mattext>
          </material>
          <response_lid ident="response1" rcardinality="Single">
            <render_choice>
              <response_label ident="choice_001">
                <material>
                  <mattext texttype="text/html">&lt;p&gt;&lt;math xmlns='http://www.w3.org/1998/Math/MathML'&gt;&lt;mi&gt;pH&lt;/mi&gt;&lt;mo&gt;&amp;#8201;&lt;/mo&gt;&lt;mo&gt;=&lt;/mo&gt;&lt;mo&gt;&amp;#8201;&lt;/mo&gt;&lt;msub&gt;&lt;mi&gt;pK&lt;/mi&gt;&lt;mi&gt;a&lt;/mi&gt;&lt;/msub&gt;&lt;mo&gt;&amp;#160;&lt;/mo&gt;&lt;mo&gt;&amp;ndash;&lt;/mo&gt;&lt;mo&gt;&amp;#8201;&lt;/mo&gt;&lt;msub&gt;&lt;mo&gt;log&lt;/mo&gt;&lt;mn&gt;10&lt;/mn&gt;&lt;/msub&gt;&lt;mfenced&gt;&lt;mfrac&gt;&lt;mrow&gt;&lt;mo stretchy='true'&gt;[&lt;/mo&gt;&lt;mi&gt;Acid&lt;/mi&gt;&lt;mo stretchy='true'&gt;]&lt;/mo&gt;&lt;/mrow&gt;&lt;mrow&gt;&lt;mo stretchy='true'&gt;[&lt;/mo&gt;&lt;mi&gt;Base&lt;/mi&gt;&lt;mo stretchy='true'&gt;]&lt;/mo&gt;&lt;/mrow&gt;&lt;/mfrac&gt;&lt;/mfenced&gt;&lt;/math&gt;&lt;/p&gt;</mattext>
                </material>
              </response_label>
              <response_label ident="choice_002">
                <material>
                  <mattext texttype="text/html">&lt;p&gt;&lt;math xmlns='http://www.w3.org/1998/Math/MathML'&gt;&lt;mi&gt;pH&lt;/mi&gt;&lt;mo&gt;&amp;#8201;&lt;/mo&gt;&lt;mo&gt;=&lt;/mo&gt;&lt;mo&gt;&amp;#8201;&lt;/mo&gt;&lt;msub&gt;&lt;mi&gt;pK&lt;/mi&gt;&lt;mi&gt;a&lt;/mi&gt;&lt;/msub&gt;&lt;mo&gt;&amp;#160;&lt;/mo&gt;&lt;mo&gt;&amp;ndash;&lt;/mo&gt;&lt;mo&gt;&amp;#8201;&lt;/mo&gt;&lt;msub&gt;&lt;mo&gt;log&lt;/mo&gt;&lt;mn&gt;10&lt;/mn&gt;&lt;/msub&gt;&lt;mfenced&gt;&lt;mfrac&gt;&lt;mrow&gt;&lt;mo stretchy='true'&gt;[&lt;/mo&gt;&lt;mi&gt;Base&lt;/mi&gt;&lt;mo stretchy='true'&gt;]&lt;/mo&gt;&lt;/mrow&gt;&lt;mrow&gt;&lt;mo stretchy='true'&gt;[&lt;/mo&gt;&lt;mi&gt;Acid&lt;/mi&gt;&lt;mo stretchy='true'&gt;]&lt;/mo&gt;&lt;/mrow&gt;&lt;/mfrac&gt;&lt;/mfenced&gt;&lt;/math&gt;&lt;/p&gt;</mattext>
                </material>
              </response_label>
            </render_choice>
          </response_lid>
        </presentation>
        <resprocessing>
          <outcomes>
            <decvar maxvalue="100" minvalue="0" varname="SCORE" vartype="Decimal"/>
          </outcomes>
          <respcondition>
            <conditionvar>
              <varequal respident="response1">choice_001</varequal>
            </conditionvar>
            <setvar action="Set" varname="SCORE">100</setvar>
          </respcondition>
        </resprocessing>
      </item>
      <item ident="multiple_choice_007" title="1fd6_76a6">
        <itemmetadata>
          <qtimetadata>
            <qtimetadatafield>
              <fieldlabel>question_type</fieldlabel>
              <fieldentry>multiple_choice_question</fieldentry>
            </qtimetadatafield>
            <qtimetadatafield>
              <fieldlabel>points_possible</fieldlabel>
              <fieldentry>1.0</fieldentry>
            </qtimetadatafield>
            <qtimetadatafield>
              <fieldlabel>original_answer_ids</fieldlabel>
              <fieldentry>choice_001,choice_002</fieldentry>
            </qtimetadatafield>
          </qtimetadata>
        </itemmetadata>
        <presentation>
          <material>
            <mattext texttype="text/html">&lt;p&gt;Which one of the following equations is the correct form of the Henderson-Hasselbalch equation?&lt;/p&gt;</mattext>
          </material>
          <response_lid ident="response1" rcardinality="Single">
            <render_choice>
              <response_label ident="choice_001">
                <material>
                  <mattext texttype="text/html">&lt;p&gt;&lt;math xmlns='http://www.w3.org/1998/Math/MathML'&gt;&lt;mi&gt;pH&lt;/mi&gt;&lt;mo&gt;&amp;#8201;&lt;/mo&gt;&lt;mo&gt;=&lt;/mo&gt;&lt;mo&gt;&amp;#8201;&lt;/mo&gt;&lt;msub&gt;&lt;mi&gt;pK&lt;/mi&gt;&lt;mi&gt;a&lt;/mi&gt;&lt;/msub&gt;&lt;mo&gt;&amp;#160;&lt;/mo&gt;&lt;mo&gt;&amp;ndash;&lt;/mo&gt;&lt;mo&gt;&amp;#8201;&lt;/mo&gt;&lt;msub&gt;&lt;mo&gt;log&lt;/mo&gt;&lt;mn&gt;10&lt;/mn&gt;&lt;/msub&gt;&lt;mfenced&gt;&lt;mfrac&gt;&lt;mrow&gt;&lt;mo stretchy='true'&gt;[&lt;/mo&gt;&lt;mi&gt;HA&lt;/mi&gt;&lt;mo stretchy='true'&gt;]&lt;/mo&gt;&lt;/mrow&gt;&lt;mrow&gt;&lt;mo stretchy='true'&gt;[&lt;/mo&gt;&lt;msup&gt;&lt;mi mathvariant='normal'&gt;A&lt;/mi&gt;&lt;mo&gt;&amp;#8211;&lt;/mo&gt;&lt;/msup&gt;&lt;mo stretchy='true'&gt;]&lt;/mo&gt;&lt;/mrow&gt;&lt;/mfrac&gt;&lt;/mfenced&gt;&lt;/math&gt;&lt;/p&gt;</mattext>
                </material>
              </response_label>
              <response_label ident="choice_002">
                <material>
                  <mattext texttype="text/html">&lt;p&gt;&lt;math xmlns='http://www.w3.org/1998/Math/MathML'&gt;&lt;mi&gt;pH&lt;/mi&gt;&lt;mo&gt;&amp;#8201;&lt;/mo&gt;&lt;mo&gt;=&lt;/mo&gt;&lt;mo&gt;&amp;#8201;&lt;/mo&gt;&lt;msub&gt;&lt;mi&gt;pK&lt;/mi&gt;&lt;mi&gt;a&lt;/mi&gt;&lt;/msub&gt;&lt;mo&gt;&amp;#160;&lt;/mo&gt;&lt;mo&gt;&amp;ndash;&lt;/mo&gt;&lt;mo&gt;&amp;#8201;&lt;/mo&gt;&lt;msub&gt;&lt;mo&gt;log&lt;/mo&gt;&lt;mn&gt;10&lt;/mn&gt;&lt;/msub&gt;&lt;mfenced&gt;&lt;mfrac&gt;&lt;mrow&gt;&lt;mo stretchy='true'&gt;[&lt;/mo&gt;&lt;msup&gt;&lt;mi mathvariant='normal'&gt;A&lt;/mi&gt;&lt;mo&gt;&amp;#8211;&lt;/mo&gt;&lt;/msup&gt;&lt;mo stretchy='true'&gt;]&lt;/mo&gt;&lt;/mrow&gt;&lt;mrow&gt;&lt;mo stretchy='true'&gt;[&lt;/mo&gt;&lt;mi&gt;HA&lt;/mi&gt;&lt;mo stretchy='true'&gt;]&lt;/mo&gt;&lt;/mrow&gt;&lt;/mfrac&gt;&lt;/mfenced&gt;&lt;/math&gt;&lt;/p&gt;</mattext>
                </material>
              </response_label>
            </render_choice>
          </response_lid>
        </presentation>
        <resprocessing>
          <outcomes>
            <decvar maxvalue="100" minvalue="0" varname="SCORE" vartype="Decimal"/>
          </outcomes>
          <respcondition>
            <conditionvar>
              <varequal respident="response1">choice_001</varequal>
            </conditionvar>
            <setvar action="Set" varname="SCORE">100</setvar>
          </respcondition>
        </resprocessing>
      </item>
      <item ident="multiple_choice_008" title="1fd6_6784">
        <itemmetadata>
          <qtimetadata>
            <qtimetadatafield>
              <fieldlabel>question_type</fieldlabel>
              <fieldentry>multiple_choice_question</fieldentry>
            </qtimetadatafield>
            <qtimetadatafield>
              <fieldlabel>points_possible</fieldlabel>
              <fieldentry>1.0</fieldentry>
            </qtimetadatafield>
            <qtimetadatafield>
              <fieldlabel>original_answer_ids</fieldlabel>
              <fieldentry>choice_001,choice_002</fieldentry>
            </qtimetadatafield>
          </qtimetadata>
        </itemmetadata>
        <presentation>
          <material>
            <mattext texttype="text/html">&lt;p&gt;Which one of the following equations is the correct form of the Henderson-Hasselbalch equation?&lt;/p&gt;</mattext>
          </material>
          <response_lid ident="response1" rcardinality="Single">
            <render_choice>
              <response_label ident="choice_001">
                <material>
                  <mattext texttype="text/html">&lt;p&gt;&lt;math xmlns='http://www.w3.org/1998/Math/MathML'&gt;&lt;mi&gt;pH&lt;/mi&gt;&lt;mo&gt;&amp;#8201;&lt;/mo&gt;&lt;mo&gt;=&lt;/mo&gt;&lt;mo&gt;&amp;#8201;&lt;/mo&gt;&lt;msub&gt;&lt;mi&gt;pK&lt;/mi&gt;&lt;mi&gt;a&lt;/mi&gt;&lt;/msub&gt;&lt;mo&gt;&amp;#160;&lt;/mo&gt;&lt;mo&gt;+&lt;/mo&gt;&lt;mo&gt;&amp;#8201;&lt;/mo&gt;&lt;msub&gt;&lt;mo&gt;log&lt;/mo&gt;&lt;mn&gt;10&lt;/mn&gt;&lt;/msub&gt;&lt;mfenced&gt;&lt;mfrac&gt;&lt;mrow&gt;&lt;mo stretchy='true'&gt;[&lt;/mo&gt;&lt;mi&gt;Acid&lt;/mi&gt;&lt;mo stretchy='true'&gt;]&lt;/mo&gt;&lt;/mrow&gt;&lt;mrow&gt;&lt;mo stretchy='true'&gt;[&lt;/mo&gt;&lt;mi&gt;Base&lt;/mi&gt;&lt;mo stretchy='true'&gt;]&lt;/mo&gt;&lt;/mrow&gt;&lt;/mfrac&gt;&lt;/mfenced&gt;&lt;/math&gt;&lt;/p&gt;</mattext>
                </material>
              </response_label>
              <response_label ident="choice_002">
                <material>
                  <mattext texttype="text/html">&lt;p&gt;&lt;math xmlns='http://www.w3.org/1998/Math/MathML'&gt;&lt;mi&gt;pH&lt;/mi&gt;&lt;mo&gt;&amp;#8201;&lt;/mo&gt;&lt;mo&gt;=&lt;/mo&gt;&lt;mo&gt;&amp;#8201;&lt;/mo&gt;&lt;msub&gt;&lt;mi&gt;pK&lt;/mi&gt;&lt;mi&gt;a&lt;/mi&gt;&lt;/msub&gt;&lt;mo&gt;&amp;#160;&lt;/mo&gt;&lt;mo&gt;+&lt;/mo&gt;&lt;mo&gt;&amp;#8201;&lt;/mo&gt;&lt;msub&gt;&lt;mo&gt;log&lt;/mo&gt;&lt;mn&gt;10&lt;/mn&gt;&lt;/msub&gt;&lt;mfenced&gt;&lt;mfrac&gt;&lt;mrow&gt;&lt;mo stretchy='true'&gt;[&lt;/mo&gt;&lt;mi&gt;Base&lt;/mi&gt;&lt;mo stretchy='true'&gt;]&lt;/mo&gt;&lt;/mrow&gt;&lt;mrow&gt;&lt;mo stretchy='true'&gt;[&lt;/mo&gt;&lt;mi&gt;Acid&lt;/mi&gt;&lt;mo stretchy='true'&gt;]&lt;/mo&gt;&lt;/mrow&gt;&lt;/mfrac&gt;&lt;/mfenced&gt;&lt;/math&gt;&lt;/p&gt;</mattext>
                </material>
              </response_label>
            </render_choice>
          </response_lid>
        </presentation>
        <resprocessing>
          <outcomes>
            <decvar maxvalue="100" minvalue="0" varname="SCORE" vartype="Decimal"/>
          </outcomes>
          <respcondition>
            <conditionvar>
              <varequal respident="response1">choice_002</varequal>
            </conditionvar>
            <setvar action="Set" varname="SCORE">100</setvar>
          </respcondition>
        </resprocessing>
      </item>
      <item ident="multiple_choice_009" title="1fd6_ae12">
        <itemmetadata>
          <qtimetadata>
            <qtimetadatafield>
              <fieldlabel>question_type</fieldlabel>
              <fieldentry>multiple_choice_question</fieldentry>
            </qtimetadatafield>
            <qtimetadatafield>
              <fieldlabel>points_possible</fieldlabel>
              <fieldentry>1.0</fieldentry>
            </qtimetadatafield>
            <qtimetadatafield>
              <fieldlabel>original_answer_ids</fieldlabel>
              <fieldentry>choice_001,choice_002</fieldentry>
            </qtimetadatafield>
          </qtimetadata>
        </itemmetadata>
        <presentation>
          <material>
            <mattext texttype="text/html">&lt;p&gt;Which one of the following equations is the correct form of the Henderson-Hasselbalch equation?&lt;/p&gt;</mattext>
          </material>
          <response_lid ident="response1" rcardinality="Single">
            <render_choice>
              <response_label ident="choice_001">
                <material>
                  <mattext texttype="text/html">&lt;p&gt;&lt;math xmlns='http://www.w3.org/1998/Math/MathML'&gt;&lt;mi&gt;pH&lt;/mi&gt;&lt;mo&gt;&amp;#8201;&lt;/mo&gt;&lt;mo&gt;=&lt;/mo&gt;&lt;mo&gt;&amp;#8201;&lt;/mo&gt;&lt;msub&gt;&lt;mi&gt;pK&lt;/mi&gt;&lt;mi&gt;a&lt;/mi&gt;&lt;/msub&gt;&lt;mo&gt;&amp;#160;&lt;/mo&gt;&lt;mo&gt;+&lt;/mo&gt;&lt;mo&gt;&amp;#8201;&lt;/mo&gt;&lt;msub&gt;&lt;mo&gt;log&lt;/mo&gt;&lt;mn&gt;10&lt;/mn&gt;&lt;/msub&gt;&lt;mfenced&gt;&lt;mfrac&gt;&lt;mrow&gt;&lt;mo stretchy='true'&gt;[&lt;/mo&gt;&lt;mi&gt;HA&lt;/mi&gt;&lt;mo stretchy='true'&gt;]&lt;/mo&gt;&lt;/mrow&gt;&lt;mrow&gt;&lt;mo stretchy='true'&gt;[&lt;/mo&gt;&lt;msup&gt;&lt;mi mathvariant='normal'&gt;A&lt;/mi&gt;&lt;mo&gt;&amp;#8211;&lt;/mo&gt;&lt;/msup&gt;&lt;mo stretchy='true'&gt;]&lt;/mo&gt;&lt;/mrow&gt;&lt;/mfrac&gt;&lt;/mfenced&gt;&lt;/math&gt;&lt;/p&gt;</mattext>
                </material>
              </response_label>
              <response_label ident="choice_002">
                <material>
                  <mattext texttype="text/html">&lt;p&gt;&lt;math xmlns='http://www.w3.org/1998/Math/MathML'&gt;&lt;mi&gt;pH&lt;/mi&gt;&lt;mo&gt;&amp;#8201;&lt;/mo&gt;&lt;mo&gt;=&lt;/mo&gt;&lt;mo&gt;&amp;#8201;&lt;/mo&gt;&lt;msub&gt;&lt;mi&gt;pK&lt;/mi&gt;&lt;mi&gt;a&lt;/mi&gt;&lt;/msub&gt;&lt;mo&gt;&amp;#160;&lt;/mo&gt;&lt;mo&gt;+&lt;/mo&gt;&lt;mo&gt;&amp;#8201;&lt;/mo&gt;&lt;msub&gt;&lt;mo&gt;log&lt;/mo&gt;&lt;mn&gt;10&lt;/mn&gt;&lt;/msub&gt;&lt;mfenced&gt;&lt;mfrac&gt;&lt;mrow&gt;&lt;mo stretchy='true'&gt;[&lt;/mo&gt;&lt;msup&gt;&lt;mi mathvariant='normal'&gt;A&lt;/mi&gt;&lt;mo&gt;&amp;#8211;&lt;/mo&gt;&lt;/msup&gt;&lt;mo stretchy='true'&gt;]&lt;/mo&gt;&lt;/mrow&gt;&lt;mrow&gt;&lt;mo stretchy='true'&gt;[&lt;/mo&gt;&lt;mi&gt;HA&lt;/mi&gt;&lt;mo stretchy='true'&gt;]&lt;/mo&gt;&lt;/mrow&gt;&lt;/mfrac&gt;&lt;/mfenced&gt;&lt;/math&gt;&lt;/p&gt;</mattext>
                </material>
              </response_label>
            </render_choice>
          </response_lid>
        </presentation>
        <resprocessing>
          <outcomes>
            <decvar maxvalue="100" minvalue="0" varname="SCORE" vartype="Decimal"/>
          </outcomes>
          <respcondition>
            <conditionvar>
              <varequal respident="response1">choice_002</varequal>
            </conditionvar>
            <setvar action="Set" varname="SCORE">100</setvar>
          </respcondition>
        </resprocessing>
      </item>
      <item ident="multiple_choice_010" title="1fd6_dd3a">
        <itemmetadata>
          <qtimetadata>
            <qtimetadatafield>
              <fieldlabel>question_type</fieldlabel>
              <fieldentry>multiple_choice_question</fieldentry>
            </qtimetadatafield>
            <qtimetadatafield>
              <fieldlabel>points_possible</fieldlabel>
              <fieldentry>1.0</fieldentry>
            </qtimetadatafield>
            <qtimetadatafield>
              <fieldlabel>original_answer_ids</fieldlabel>
              <fieldentry>choice_001,choice_002</fieldentry>
            </qtimetadatafield>
          </qtimetadata>
        </itemmetadata>
        <presentation>
          <material>
            <mattext texttype="text/html">&lt;p&gt;Which one of the following equations is the correct form of the Henderson-Hasselbalch equation?&lt;/p&gt;</mattext>
          </material>
          <response_lid ident="response1" rcardinality="Single">
            <render_choice>
              <response_label ident="choice_001">
                <material>
                  <mattext texttype="text/html">&lt;p&gt;&lt;math xmlns='http://www.w3.org/1998/Math/MathML'&gt;&lt;mi&gt;pH&lt;/mi&gt;&lt;mo&gt;&amp;#8201;&lt;/mo&gt;&lt;mo&gt;=&lt;/mo&gt;&lt;mo&gt;&amp;#8201;&lt;/mo&gt;&lt;msub&gt;&lt;mi&gt;pK&lt;/mi&gt;&lt;mi&gt;a&lt;/mi&gt;&lt;/msub&gt;&lt;mo&gt;&amp;#160;&lt;/mo&gt;&lt;mo&gt;+&lt;/mo&gt;&lt;mo&gt;&amp;#8201;&lt;/mo&gt;&lt;msub&gt;&lt;mo&gt;log&lt;/mo&gt;&lt;mn&gt;10&lt;/mn&gt;&lt;/msub&gt;&lt;mfenced&gt;&lt;mfrac&gt;&lt;mrow&gt;&lt;mo stretchy='true'&gt;[&lt;/mo&gt;&lt;mi&gt;Acid&lt;/mi&gt;&lt;mo stretchy='true'&gt;]&lt;/mo&gt;&lt;/mrow&gt;&lt;mrow&gt;&lt;mo stretchy='true'&gt;[&lt;/mo&gt;&lt;mi&gt;Base&lt;/mi&gt;&lt;mo stretchy='true'&gt;]&lt;/mo&gt;&lt;/mrow&gt;&lt;/mfrac&gt;&lt;/mfenced&gt;&lt;/math&gt;&lt;/p&gt;</mattext>
                </material>
              </response_label>
              <response_label ident="choice_002">
                <material>
                  <mattext texttype="text/html">&lt;p&gt;&lt;math xmlns='http://www.w3.org/1998/Math/MathML'&gt;&lt;mi&gt;pH&lt;/mi&gt;&lt;mo&gt;&amp;#8201;&lt;/mo&gt;&lt;mo&gt;=&lt;/mo&gt;&lt;mo&gt;&amp;#8201;&lt;/mo&gt;&lt;msub&gt;&lt;mi&gt;pK&lt;/mi&gt;&lt;mi&gt;a&lt;/mi&gt;&lt;/msub&gt;&lt;mo&gt;&amp;#160;&lt;/mo&gt;&lt;mo&gt;&amp;ndash;&lt;/mo&gt;&lt;mo&gt;&amp;#8201;&lt;/mo&gt;&lt;msub&gt;&lt;mo&gt;log&lt;/mo&gt;&lt;mn&gt;10&lt;/mn&gt;&lt;/msub&gt;&lt;mfenced&gt;&lt;mfrac&gt;&lt;mrow&gt;&lt;mo stretchy='true'&gt;[&lt;/mo&gt;&lt;mi&gt;Acid&lt;/mi&gt;&lt;mo stretchy='true'&gt;]&lt;/mo&gt;&lt;/mrow&gt;&lt;mrow&gt;&lt;mo stretchy='true'&gt;[&lt;/mo&gt;&lt;mi&gt;Base&lt;/mi&gt;&lt;mo stretchy='true'&gt;]&lt;/mo&gt;&lt;/mrow&gt;&lt;/mfrac&gt;&lt;/mfenced&gt;&lt;/math&gt;&lt;/p&gt;</mattext>
                </material>
              </response_label>
            </render_choice>
          </response_lid>
        </presentation>
        <resprocessing>
          <outcomes>
            <decvar maxvalue="100" minvalue="0" varname="SCORE" vartype="Decimal"/>
          </outcomes>
          <respcondition>
            <conditionvar>
              <varequal respident="response1">choice_002</varequal>
            </conditionvar>
            <setvar action="Set" varname="SCORE">100</setvar>
          </respcondition>
        </resprocessing>
      </item>
      <item ident="multiple_choice_011" title="1fd6_4a76">
        <itemmetadata>
          <qtimetadata>
            <qtimetadatafield>
              <fieldlabel>question_type</fieldlabel>
              <fieldentry>multiple_choice_question</fieldentry>
            </qtimetadatafield>
            <qtimetadatafield>
              <fieldlabel>points_possible</fieldlabel>
              <fieldentry>1.0</fieldentry>
            </qtimetadatafield>
            <qtimetadatafield>
              <fieldlabel>original_answer_ids</fieldlabel>
              <fieldentry>choice_001,choice_002</fieldentry>
            </qtimetadatafield>
          </qtimetadata>
        </itemmetadata>
        <presentation>
          <material>
            <mattext texttype="text/html">&lt;p&gt;Which one of the following equations is the correct form of the Henderson-Hasselbalch equation?&lt;/p&gt;</mattext>
          </material>
          <response_lid ident="response1" rcardinality="Single">
            <render_choice>
              <response_label ident="choice_001">
                <material>
                  <mattext texttype="text/html">&lt;p&gt;&lt;math xmlns='http://www.w3.org/1998/Math/MathML'&gt;&lt;mi&gt;pH&lt;/mi&gt;&lt;mo&gt;&amp;#8201;&lt;/mo&gt;&lt;mo&gt;=&lt;/mo&gt;&lt;mo&gt;&amp;#8201;&lt;/mo&gt;&lt;msub&gt;&lt;mi&gt;pK&lt;/mi&gt;&lt;mi&gt;a&lt;/mi&gt;&lt;/msub&gt;&lt;mo&gt;&amp;#160;&lt;/mo&gt;&lt;mo&gt;+&lt;/mo&gt;&lt;mo&gt;&amp;#8201;&lt;/mo&gt;&lt;msub&gt;&lt;mo&gt;log&lt;/mo&gt;&lt;mn&gt;10&lt;/mn&gt;&lt;/msub&gt;&lt;mfenced&gt;&lt;mfrac&gt;&lt;mrow&gt;&lt;mo stretchy='true'&gt;[&lt;/mo&gt;&lt;mi&gt;HA&lt;/mi&gt;&lt;mo stretchy='true'&gt;]&lt;/mo&gt;&lt;/mrow&gt;&lt;mrow&gt;&lt;mo stretchy='true'&gt;[&lt;/mo&gt;&lt;msup&gt;&lt;mi mathvariant='normal'&gt;A&lt;/mi&gt;&lt;mo&gt;&amp;#8211;&lt;/mo&gt;&lt;/msup&gt;&lt;mo stretchy='true'&gt;]&lt;/mo&gt;&lt;/mrow&gt;&lt;/mfrac&gt;&lt;/mfenced&gt;&lt;/math&gt;&lt;/p&gt;</mattext>
                </material>
              </response_label>
              <response_label ident="choice_002">
                <material>
                  <mattext texttype="text/html">&lt;p&gt;&lt;math xmlns='http://www.w3.org/1998/Math/MathML'&gt;&lt;mi&gt;pH&lt;/mi&gt;&lt;mo&gt;&amp;#8201;&lt;/mo&gt;&lt;mo&gt;=&lt;/mo&gt;&lt;mo&gt;&amp;#8201;&lt;/mo&gt;&lt;msub&gt;&lt;mi&gt;pK&lt;/mi&gt;&lt;mi&gt;a&lt;/mi&gt;&lt;/msub&gt;&lt;mo&gt;&amp;#160;&lt;/mo&gt;&lt;mo&gt;&amp;ndash;&lt;/mo&gt;&lt;mo&gt;&amp;#8201;&lt;/mo&gt;&lt;msub&gt;&lt;mo&gt;log&lt;/mo&gt;&lt;mn&gt;10&lt;/mn&gt;&lt;/msub&gt;&lt;mfenced&gt;&lt;mfrac&gt;&lt;mrow&gt;&lt;mo stretchy='true'&gt;[&lt;/mo&gt;&lt;mi&gt;HA&lt;/mi&gt;&lt;mo stretchy='true'&gt;]&lt;/mo&gt;&lt;/mrow&gt;&lt;mrow&gt;&lt;mo stretchy='true'&gt;[&lt;/mo&gt;&lt;msup&gt;&lt;mi mathvariant='normal'&gt;A&lt;/mi&gt;&lt;mo&gt;&amp;#8211;&lt;/mo&gt;&lt;/msup&gt;&lt;mo stretchy='true'&gt;]&lt;/mo&gt;&lt;/mrow&gt;&lt;/mfrac&gt;&lt;/mfenced&gt;&lt;/math&gt;&lt;/p&gt;</mattext>
                </material>
              </response_label>
            </render_choice>
          </response_lid>
        </presentation>
        <resprocessing>
          <outcomes>
            <decvar maxvalue="100" minvalue="0" varname="SCORE" vartype="Decimal"/>
          </outcomes>
          <respcondition>
            <conditionvar>
              <varequal respident="response1">choice_002</varequal>
            </conditionvar>
            <setvar action="Set" varname="SCORE">100</setvar>
          </respcondition>
        </resprocessing>
      </item>
      <item ident="multiple_choice_012" title="1fd6_1564">
        <itemmetadata>
          <qtimetadata>
            <qtimetadatafield>
              <fieldlabel>question_type</fieldlabel>
              <fieldentry>multiple_choice_question</fieldentry>
            </qtimetadatafield>
            <qtimetadatafield>
              <fieldlabel>points_possible</fieldlabel>
              <fieldentry>1.0</fieldentry>
            </qtimetadatafield>
            <qtimetadatafield>
              <fieldlabel>original_answer_ids</fieldlabel>
              <fieldentry>choice_001,choice_002</fieldentry>
            </qtimetadatafield>
          </qtimetadata>
        </itemmetadata>
        <presentation>
          <material>
            <mattext texttype="text/html">&lt;p&gt;Which one of the following equations is the correct form of the Henderson-Hasselbalch equation?&lt;/p&gt;</mattext>
          </material>
          <response_lid ident="response1" rcardinality="Single">
            <render_choice>
              <response_label ident="choice_001">
                <material>
                  <mattext texttype="text/html">&lt;p&gt;&lt;math xmlns='http://www.w3.org/1998/Math/MathML'&gt;&lt;mi&gt;pH&lt;/mi&gt;&lt;mo&gt;&amp;#8201;&lt;/mo&gt;&lt;mo&gt;=&lt;/mo&gt;&lt;mo&gt;&amp;#8201;&lt;/mo&gt;&lt;msub&gt;&lt;mi&gt;pK&lt;/mi&gt;&lt;mi&gt;a&lt;/mi&gt;&lt;/msub&gt;&lt;mo&gt;&amp;#160;&lt;/mo&gt;&lt;mo&gt;&amp;ndash;&lt;/mo&gt;&lt;mo&gt;&amp;#8201;&lt;/mo&gt;&lt;msub&gt;&lt;mo&gt;log&lt;/mo&gt;&lt;mn&gt;10&lt;/mn&gt;&lt;/msub&gt;&lt;mfenced&gt;&lt;mfrac&gt;&lt;mrow&gt;&lt;mo stretchy='true'&gt;[&lt;/mo&gt;&lt;mi&gt;Base&lt;/mi&gt;&lt;mo stretchy='true'&gt;]&lt;/mo&gt;&lt;/mrow&gt;&lt;mrow&gt;&lt;mo stretchy='true'&gt;[&lt;/mo&gt;&lt;mi&gt;Acid&lt;/mi&gt;&lt;mo stretchy='true'&gt;]&lt;/mo&gt;&lt;/mrow&gt;&lt;/mfrac&gt;&lt;/mfenced&gt;&lt;/math&gt;&lt;/p&gt;</mattext>
                </material>
              </response_label>
              <response_label ident="choice_002">
                <material>
                  <mattext texttype="text/html">&lt;p&gt;&lt;math xmlns='http://www.w3.org/1998/Math/MathML'&gt;&lt;mi&gt;pH&lt;/mi&gt;&lt;mo&gt;&amp;#8201;&lt;/mo&gt;&lt;mo&gt;=&lt;/mo&gt;&lt;mo&gt;&amp;#8201;&lt;/mo&gt;&lt;msub&gt;&lt;mi&gt;pK&lt;/mi&gt;&lt;mi&gt;a&lt;/mi&gt;&lt;/msub&gt;&lt;mo&gt;&amp;#160;&lt;/mo&gt;&lt;mo&gt;+&lt;/mo&gt;&lt;mo&gt;&amp;#8201;&lt;/mo&gt;&lt;msub&gt;&lt;mo&gt;log&lt;/mo&gt;&lt;mn&gt;10&lt;/mn&gt;&lt;/msub&gt;&lt;mfenced&gt;&lt;mfrac&gt;&lt;mrow&gt;&lt;mo stretchy='true'&gt;[&lt;/mo&gt;&lt;mi&gt;Base&lt;/mi&gt;&lt;mo stretchy='true'&gt;]&lt;/mo&gt;&lt;/mrow&gt;&lt;mrow&gt;&lt;mo stretchy='true'&gt;[&lt;/mo&gt;&lt;mi&gt;Acid&lt;/mi&gt;&lt;mo stretchy='true'&gt;]&lt;/mo&gt;&lt;/mrow&gt;&lt;/mfrac&gt;&lt;/mfenced&gt;&lt;/math&gt;&lt;/p&gt;</mattext>
                </material>
              </response_label>
            </render_choice>
          </response_lid>
        </presentation>
        <resprocessing>
          <outcomes>
            <decvar maxvalue="100" minvalue="0" varname="SCORE" vartype="Decimal"/>
          </outcomes>
          <respcondition>
            <conditionvar>
              <varequal respident="response1">choice_002</varequal>
            </conditionvar>
            <setvar action="Set" varname="SCORE">100</setvar>
          </respcondition>
        </resprocessing>
      </item>
      <item ident="multiple_choice_013" title="1fd6_89fd">
        <itemmetadata>
          <qtimetadata>
            <qtimetadatafield>
              <fieldlabel>question_type</fieldlabel>
              <fieldentry>multiple_choice_question</fieldentry>
            </qtimetadatafield>
            <qtimetadatafield>
              <fieldlabel>points_possible</fieldlabel>
              <fieldentry>1.0</fieldentry>
            </qtimetadatafield>
            <qtimetadatafield>
              <fieldlabel>original_answer_ids</fieldlabel>
              <fieldentry>choice_001,choice_002</fieldentry>
            </qtimetadatafield>
          </qtimetadata>
        </itemmetadata>
        <presentation>
          <material>
            <mattext texttype="text/html">&lt;p&gt;Which one of the following equations is the correct form of the Henderson-Hasselbalch equation?&lt;/p&gt;</mattext>
          </material>
          <response_lid ident="response1" rcardinality="Single">
            <render_choice>
              <response_label ident="choice_001">
                <material>
                  <mattext texttype="text/html">&lt;p&gt;&lt;math xmlns='http://www.w3.org/1998/Math/MathML'&gt;&lt;mi&gt;pH&lt;/mi&gt;&lt;mo&gt;&amp;#8201;&lt;/mo&gt;&lt;mo&gt;=&lt;/mo&gt;&lt;mo&gt;&amp;#8201;&lt;/mo&gt;&lt;msub&gt;&lt;mi&gt;pK&lt;/mi&gt;&lt;mi&gt;a&lt;/mi&gt;&lt;/msub&gt;&lt;mo&gt;&amp;#160;&lt;/mo&gt;&lt;mo&gt;&amp;ndash;&lt;/mo&gt;&lt;mo&gt;&amp;#8201;&lt;/mo&gt;&lt;msub&gt;&lt;mo&gt;log&lt;/mo&gt;&lt;mn&gt;10&lt;/mn&gt;&lt;/msub&gt;&lt;mfenced&gt;&lt;mfrac&gt;&lt;mrow&gt;&lt;mo stretchy='true'&gt;[&lt;/mo&gt;&lt;msup&gt;&lt;mi mathvariant='normal'&gt;A&lt;/mi&gt;&lt;mo&gt;&amp;#8211;&lt;/mo&gt;&lt;/msup&gt;&lt;mo stretchy='true'&gt;]&lt;/mo&gt;&lt;/mrow&gt;&lt;mrow&gt;&lt;mo stretchy='true'&gt;[&lt;/mo&gt;&lt;mi&gt;HA&lt;/mi&gt;&lt;mo stretchy='true'&gt;]&lt;/mo&gt;&lt;/mrow&gt;&lt;/mfrac&gt;&lt;/mfenced&gt;&lt;/math&gt;&lt;/p&gt;</mattext>
                </material>
              </response_label>
              <response_label ident="choice_002">
                <material>
                  <mattext texttype="text/html">&lt;p&gt;&lt;math xmlns='http://www.w3.org/1998/Math/MathML'&gt;&lt;mi&gt;pH&lt;/mi&gt;&lt;mo&gt;&amp;#8201;&lt;/mo&gt;&lt;mo&gt;=&lt;/mo&gt;&lt;mo&gt;&amp;#8201;&lt;/mo&gt;&lt;msub&gt;&lt;mi&gt;pK&lt;/mi&gt;&lt;mi&gt;a&lt;/mi&gt;&lt;/msub&gt;&lt;mo&gt;&amp;#160;&lt;/mo&gt;&lt;mo&gt;+&lt;/mo&gt;&lt;mo&gt;&amp;#8201;&lt;/mo&gt;&lt;msub&gt;&lt;mo&gt;log&lt;/mo&gt;&lt;mn&gt;10&lt;/mn&gt;&lt;/msub&gt;&lt;mfenced&gt;&lt;mfrac&gt;&lt;mrow&gt;&lt;mo stretchy='true'&gt;[&lt;/mo&gt;&lt;msup&gt;&lt;mi mathvariant='normal'&gt;A&lt;/mi&gt;&lt;mo&gt;&amp;#8211;&lt;/mo&gt;&lt;/msup&gt;&lt;mo stretchy='true'&gt;]&lt;/mo&gt;&lt;/mrow&gt;&lt;mrow&gt;&lt;mo stretchy='true'&gt;[&lt;/mo&gt;&lt;mi&gt;HA&lt;/mi&gt;&lt;mo stretchy='true'&gt;]&lt;/mo&gt;&lt;/mrow&gt;&lt;/mfrac&gt;&lt;/mfenced&gt;&lt;/math&gt;&lt;/p&gt;</mattext>
                </material>
              </response_label>
            </render_choice>
          </response_lid>
        </presentation>
        <resprocessing>
          <outcomes>
            <decvar maxvalue="100" minvalue="0" varname="SCORE" vartype="Decimal"/>
          </outcomes>
          <respcondition>
            <conditionvar>
              <varequal respident="response1">choice_002</varequal>
            </conditionvar>
            <setvar action="Set" varname="SCORE">100</setvar>
          </respcondition>
        </resprocessing>
      </item>
      <item ident="multiple_choice_014" title="1fd6_28ea">
        <itemmetadata>
          <qtimetadata>
            <qtimetadatafield>
              <fieldlabel>question_type</fieldlabel>
              <fieldentry>multiple_choice_question</fieldentry>
            </qtimetadatafield>
            <qtimetadatafield>
              <fieldlabel>points_possible</fieldlabel>
              <fieldentry>1.0</fieldentry>
            </qtimetadatafield>
            <qtimetadatafield>
              <fieldlabel>original_answer_ids</fieldlabel>
              <fieldentry>choice_001,choice_002</fieldentry>
            </qtimetadatafield>
          </qtimetadata>
        </itemmetadata>
        <presentation>
          <material>
            <mattext texttype="text/html">&lt;p&gt;Which one of the following equations is the correct form of the Henderson-Hasselbalch equation?&lt;/p&gt;</mattext>
          </material>
          <response_lid ident="response1" rcardinality="Single">
            <render_choice>
              <response_label ident="choice_001">
                <material>
                  <mattext texttype="text/html">&lt;p&gt;&lt;math xmlns='http://www.w3.org/1998/Math/MathML'&gt;&lt;mi&gt;pH&lt;/mi&gt;&lt;mo&gt;&amp;#8201;&lt;/mo&gt;&lt;mo&gt;=&lt;/mo&gt;&lt;mo&gt;&amp;#8201;&lt;/mo&gt;&lt;msub&gt;&lt;mi&gt;pK&lt;/mi&gt;&lt;mi&gt;a&lt;/mi&gt;&lt;/msub&gt;&lt;mo&gt;&amp;#160;&lt;/mo&gt;&lt;mo&gt;&amp;ndash;&lt;/mo&gt;&lt;mo&gt;&amp;#8201;&lt;/mo&gt;&lt;msub&gt;&lt;mo&gt;log&lt;/mo&gt;&lt;mn&gt;10&lt;/mn&gt;&lt;/msub&gt;&lt;mfenced&gt;&lt;mfrac&gt;&lt;mrow&gt;&lt;mo stretchy='true'&gt;[&lt;/mo&gt;&lt;mi&gt;Base&lt;/mi&gt;&lt;mo stretchy='true'&gt;]&lt;/mo&gt;&lt;/mrow&gt;&lt;mrow&gt;&lt;mo stretchy='true'&gt;[&lt;/mo&gt;&lt;mi&gt;Acid&lt;/mi&gt;&lt;mo stretchy='true'&gt;]&lt;/mo&gt;&lt;/mrow&gt;&lt;/mfrac&gt;&lt;/mfenced&gt;&lt;/math&gt;&lt;/p&gt;</mattext>
                </material>
              </response_label>
              <response_label ident="choice_002">
                <material>
                  <mattext texttype="text/html">&lt;p&gt;&lt;math xmlns='http://www.w3.org/1998/Math/MathML'&gt;&lt;mi&gt;pH&lt;/mi&gt;&lt;mo&gt;&amp;#8201;&lt;/mo&gt;&lt;mo&gt;=&lt;/mo&gt;&lt;mo&gt;&amp;#8201;&lt;/mo&gt;&lt;msub&gt;&lt;mi&gt;pK&lt;/mi&gt;&lt;mi&gt;a&lt;/mi&gt;&lt;/msub&gt;&lt;mo&gt;&amp;#160;&lt;/mo&gt;&lt;mo&gt;&amp;ndash;&lt;/mo&gt;&lt;mo&gt;&amp;#8201;&lt;/mo&gt;&lt;msub&gt;&lt;mo&gt;log&lt;/mo&gt;&lt;mn&gt;10&lt;/mn&gt;&lt;/msub&gt;&lt;mfenced&gt;&lt;mfrac&gt;&lt;mrow&gt;&lt;mo stretchy='true'&gt;[&lt;/mo&gt;&lt;mi&gt;Acid&lt;/mi&gt;&lt;mo stretchy='true'&gt;]&lt;/mo&gt;&lt;/mrow&gt;&lt;mrow&gt;&lt;mo stretchy='true'&gt;[&lt;/mo&gt;&lt;mi&gt;Base&lt;/mi&gt;&lt;mo stretchy='true'&gt;]&lt;/mo&gt;&lt;/mrow&gt;&lt;/mfrac&gt;&lt;/mfenced&gt;&lt;/math&gt;&lt;/p&gt;</mattext>
                </material>
              </response_label>
            </render_choice>
          </response_lid>
        </presentation>
        <resprocessing>
          <outcomes>
            <decvar maxvalue="100" minvalue="0" varname="SCORE" vartype="Decimal"/>
          </outcomes>
          <respcondition>
            <conditionvar>
              <varequal respident="response1">choice_002</varequal>
            </conditionvar>
            <setvar action="Set" varname="SCORE">100</setvar>
          </respcondition>
        </resprocessing>
      </item>
      <item ident="multiple_choice_015" title="1fd6_e9ca">
        <itemmetadata>
          <qtimetadata>
            <qtimetadatafield>
              <fieldlabel>question_type</fieldlabel>
              <fieldentry>multiple_choice_question</fieldentry>
            </qtimetadatafield>
            <qtimetadatafield>
              <fieldlabel>points_possible</fieldlabel>
              <fieldentry>1.0</fieldentry>
            </qtimetadatafield>
            <qtimetadatafield>
              <fieldlabel>original_answer_ids</fieldlabel>
              <fieldentry>choice_001,choice_002</fieldentry>
            </qtimetadatafield>
          </qtimetadata>
        </itemmetadata>
        <presentation>
          <material>
            <mattext texttype="text/html">&lt;p&gt;Which one of the following equations is the correct form of the Henderson-Hasselbalch equation?&lt;/p&gt;</mattext>
          </material>
          <response_lid ident="response1" rcardinality="Single">
            <render_choice>
              <response_label ident="choice_001">
                <material>
                  <mattext texttype="text/html">&lt;p&gt;&lt;math xmlns='http://www.w3.org/1998/Math/MathML'&gt;&lt;mi&gt;pH&lt;/mi&gt;&lt;mo&gt;&amp;#8201;&lt;/mo&gt;&lt;mo&gt;=&lt;/mo&gt;&lt;mo&gt;&amp;#8201;&lt;/mo&gt;&lt;msub&gt;&lt;mi&gt;pK&lt;/mi&gt;&lt;mi&gt;a&lt;/mi&gt;&lt;/msub&gt;&lt;mo&gt;&amp;#160;&lt;/mo&gt;&lt;mo&gt;&amp;ndash;&lt;/mo&gt;&lt;mo&gt;&amp;#8201;&lt;/mo&gt;&lt;msub&gt;&lt;mo&gt;log&lt;/mo&gt;&lt;mn&gt;10&lt;/mn&gt;&lt;/msub&gt;&lt;mfenced&gt;&lt;mfrac&gt;&lt;mrow&gt;&lt;mo stretchy='true'&gt;[&lt;/mo&gt;&lt;msup&gt;&lt;mi mathvariant='normal'&gt;A&lt;/mi&gt;&lt;mo&gt;&amp;#8211;&lt;/mo&gt;&lt;/msup&gt;&lt;mo stretchy='true'&gt;]&lt;/mo&gt;&lt;/mrow&gt;&lt;mrow&gt;&lt;mo stretchy='true'&gt;[&lt;/mo&gt;&lt;mi&gt;HA&lt;/mi&gt;&lt;mo stretchy='true'&gt;]&lt;/mo&gt;&lt;/mrow&gt;&lt;/mfrac&gt;&lt;/mfenced&gt;&lt;/math&gt;&lt;/p&gt;</mattext>
                </material>
              </response_label>
              <response_label ident="choice_002">
                <material>
                  <mattext texttype="text/html">&lt;p&gt;&lt;math xmlns='http://www.w3.org/1998/Math/MathML'&gt;&lt;mi&gt;pH&lt;/mi&gt;&lt;mo&gt;&amp;#8201;&lt;/mo&gt;&lt;mo&gt;=&lt;/mo&gt;&lt;mo&gt;&amp;#8201;&lt;/mo&gt;&lt;msub&gt;&lt;mi&gt;pK&lt;/mi&gt;&lt;mi&gt;a&lt;/mi&gt;&lt;/msub&gt;&lt;mo&gt;&amp;#160;&lt;/mo&gt;&lt;mo&gt;&amp;ndash;&lt;/mo&gt;&lt;mo&gt;&amp;#8201;&lt;/mo&gt;&lt;msub&gt;&lt;mo&gt;log&lt;/mo&gt;&lt;mn&gt;10&lt;/mn&gt;&lt;/msub&gt;&lt;mfenced&gt;&lt;mfrac&gt;&lt;mrow&gt;&lt;mo stretchy='true'&gt;[&lt;/mo&gt;&lt;mi&gt;HA&lt;/mi&gt;&lt;mo stretchy='true'&gt;]&lt;/mo&gt;&lt;/mrow&gt;&lt;mrow&gt;&lt;mo stretchy='true'&gt;[&lt;/mo&gt;&lt;msup&gt;&lt;mi mathvariant='normal'&gt;A&lt;/mi&gt;&lt;mo&gt;&amp;#8211;&lt;/mo&gt;&lt;/msup&gt;&lt;mo stretchy='true'&gt;]&lt;/mo&gt;&lt;/mrow&gt;&lt;/mfrac&gt;&lt;/mfenced&gt;&lt;/math&gt;&lt;/p&gt;</mattext>
                </material>
              </response_label>
            </render_choice>
          </response_lid>
        </presentation>
        <resprocessing>
          <outcomes>
            <decvar maxvalue="100" minvalue="0" varname="SCORE" vartype="Decimal"/>
          </outcomes>
          <respcondition>
            <conditionvar>
              <varequal respident="response1">choice_002</varequal>
            </conditionvar>
            <setvar action="Set" varname="SCORE">100</setvar>
          </respcondition>
        </resprocessing>
      </item>
      <item ident="multiple_choice_016" title="1fd6_22f1">
        <itemmetadata>
          <qtimetadata>
            <qtimetadatafield>
              <fieldlabel>question_type</fieldlabel>
              <fieldentry>multiple_choice_question</fieldentry>
            </qtimetadatafield>
            <qtimetadatafield>
              <fieldlabel>points_possible</fieldlabel>
              <fieldentry>1.0</fieldentry>
            </qtimetadatafield>
            <qtimetadatafield>
              <fieldlabel>original_answer_ids</fieldlabel>
              <fieldentry>choice_001,choice_002</fieldentry>
            </qtimetadatafield>
          </qtimetadata>
        </itemmetadata>
        <presentation>
          <material>
            <mattext texttype="text/html">&lt;p&gt;Which one of the following equations is the correct form of the Henderson-Hasselbalch equation?&lt;/p&gt;</mattext>
          </material>
          <response_lid ident="response1" rcardinality="Single">
            <render_choice>
              <response_label ident="choice_001">
                <material>
                  <mattext texttype="text/html">&lt;p&gt;&lt;math xmlns='http://www.w3.org/1998/Math/MathML'&gt;&lt;mi&gt;pH&lt;/mi&gt;&lt;mo&gt;&amp;#8201;&lt;/mo&gt;&lt;mo&gt;=&lt;/mo&gt;&lt;mo&gt;&amp;#8201;&lt;/mo&gt;&lt;msub&gt;&lt;mi&gt;pK&lt;/mi&gt;&lt;mi&gt;a&lt;/mi&gt;&lt;/msub&gt;&lt;mo&gt;&amp;#160;&lt;/mo&gt;&lt;mo&gt;+&lt;/mo&gt;&lt;mo&gt;&amp;#8201;&lt;/mo&gt;&lt;msub&gt;&lt;mo&gt;log&lt;/mo&gt;&lt;mn&gt;10&lt;/mn&gt;&lt;/msub&gt;&lt;mfenced&gt;&lt;mfrac&gt;&lt;mrow&gt;&lt;mo stretchy='true'&gt;[&lt;/mo&gt;&lt;mi&gt;Base&lt;/mi&gt;&lt;mo stretchy='true'&gt;]&lt;/mo&gt;&lt;/mrow&gt;&lt;mrow&gt;&lt;mo stretchy='true'&gt;[&lt;/mo&gt;&lt;mi&gt;Acid&lt;/mi&gt;&lt;mo stretchy='true'&gt;]&lt;/mo&gt;&lt;/mrow&gt;&lt;/mfrac&gt;&lt;/mfenced&gt;&lt;/math&gt;&lt;/p&gt;</mattext>
                </material>
              </response_label>
              <response_label ident="choice_002">
                <material>
                  <mattext texttype="text/html">&lt;p&gt;&lt;math xmlns='http://www.w3.org/1998/Math/MathML'&gt;&lt;mi&gt;pH&lt;/mi&gt;&lt;mo&gt;&amp;#8201;&lt;/mo&gt;&lt;mo&gt;=&lt;/mo&gt;&lt;mo&gt;&amp;#8201;&lt;/mo&gt;&lt;msub&gt;&lt;mi&gt;pK&lt;/mi&gt;&lt;mi&gt;a&lt;/mi&gt;&lt;/msub&gt;&lt;mo&gt;&amp;#160;&lt;/mo&gt;&lt;mo&gt;+&lt;/mo&gt;&lt;mo&gt;&amp;#8201;&lt;/mo&gt;&lt;msub&gt;&lt;mo&gt;log&lt;/mo&gt;&lt;mn&gt;10&lt;/mn&gt;&lt;/msub&gt;&lt;mfenced&gt;&lt;mfrac&gt;&lt;mrow&gt;&lt;mo stretchy='true'&gt;[&lt;/mo&gt;&lt;mi&gt;Acid&lt;/mi&gt;&lt;mo stretchy='true'&gt;]&lt;/mo&gt;&lt;/mrow&gt;&lt;mrow&gt;&lt;mo stretchy='true'&gt;[&lt;/mo&gt;&lt;mi&gt;Base&lt;/mi&gt;&lt;mo stretchy='true'&gt;]&lt;/mo&gt;&lt;/mrow&gt;&lt;/mfrac&gt;&lt;/mfenced&gt;&lt;/math&gt;&lt;/p&gt;</mattext>
                </material>
              </response_label>
            </render_choice>
          </response_lid>
        </presentation>
        <resprocessing>
          <outcomes>
            <decvar maxvalue="100" minvalue="0" varname="SCORE" vartype="Decimal"/>
          </outcomes>
          <respcondition>
            <conditionvar>
              <varequal respident="response1">choice_001</varequal>
            </conditionvar>
            <setvar action="Set" varname="SCORE">100</setvar>
          </respcondition>
        </resprocessing>
      </item>
    </section>
  </assessment>
</questestinterop>
