<?xml version='1.0' encoding='UTF-8'?>
<assessmentItem xmlns="http://www.imsglobal.org/xsd/imsqti_v2p1" xmlns:xsi="http://www.w3.org/2001/XMLSchema-instance" xmlns:ns8="http://www.w3.org/1999/xlink" xmlns:ns9="http://www.imsglobal.org/xsd/apip/apipv1p0/imsapip_qtiv1p0" xsi:schemaLocation="http://www.imsglobal.org/xsd/imsqti_v2p1 http://www.imsglobal.org/xsd/qti/qtiv2p1/imsqti_v2p1.xsd" title="f02a_e52a_2125" adaptive="false" timeDependent="false" identifier="f02a_e52a_2125">
  <responseDeclaration baseType="identifier" cardinality="single" identifier="RESPONSE">
    <correctResponse>
      <value>answer_003</value>
    </correctResponse>
  </responseDeclaration>
  <outcomeDeclaration baseType="float" cardinality="single" identifier="SCORE"/>
  <itemBody>
    <div>
      <div id="drv_8e63" oncopy="return false;" onpaste="return false;" oncut="return false;" oncontextmenu="return false;" onmousedown="return false;" onselectstart="return false;"><p><strong>Pyrophosphoric<span style="font-size: 1px; color: white;">cause</span>acid</strong> and its<span style="font-size: 1px; color: white;">sexual</span>conjugate<span style="font-size: 1px; color: white;">menten</span>base, pyrophosphate, is<span style="font-size: 1px; color: white;">tight</span>abbreviated PP<sub>i</sub> and is<span style="font-size: 1px; color: white;">useful</span>formed by<span style="font-size: 1px; color: white;">cause</span>cells<span style="font-size: 1px; color: white;">niacin</span>from<span style="font-size: 1px; color: white;">spice</span>the hydrolysis of ATP into AMP.</p> <p>Pyrophosphoric acid is<span style="font-size: 1px; color: white;">lenses</span>tetraprotic with pK<sub>a</sub> values<span style="font-size: 1px; color: white;">sodium</span>of <strong>0.91</strong>, <strong>2.10</strong>, <strong>6.70</strong>, and <strong>9.32</strong>.</p> <p>Which one<span style="font-size: 1px; color: white;">xray</span>of<span style="font-size: 1px; color: white;">early</span>the following<span style="font-size: 1px; color: white;">plural</span>pH values<span style="font-size: 1px; color: white;">glands</span>falls<span style="font-size: 1px; color: white;">fuses</span>outside<span style="font-size: 1px; color: white;">chat</span>the<span style="font-size: 1px; color: white;">them</span>optimal<span style="font-size: 1px; color: white;">dough</span>buffering rangeof Pyrophosphoric acid?</p><span style="font-size: 1px; color: white;">falsei</span></div>
    </div>
    <choiceInteraction maxChoices="1" responseIdentifier="RESPONSE" shuffle="true">
      <simpleChoice fixed="true" identifier="answer_1">
        <p>
          <div id="drv_9815" oncopy="return false;" onpaste="return false;" oncut="return false;" oncontextmenu="return false;" onmousedown="return false;" onselectstart="return false;">pH <span style="color: #771c1c">1.5</span><span style="font-size: 1px; color: white;">etc</span></div>
        </p>
      </simpleChoice>
      <simpleChoice fixed="true" identifier="answer_2">
        <p>
          <div id="drv_b6bd" oncopy="return false;" onpaste="return false;" oncut="return false;" oncontextmenu="return false;" onmousedown="return false;" onselectstart="return false;">pH <span style="color: #6d1c1c">2.1</span><span style="font-size: 1px; color: white;">wider</span></div>
        </p>
      </simpleChoice>
      <simpleChoice fixed="true" identifier="answer_3">
        <p>
          <div id="drv_5049" oncopy="return false;" onpaste="return false;" oncut="return false;" oncontextmenu="return false;" onmousedown="return false;" onselectstart="return false;">pH <span style="color: #441c1c">4.6</span><span style="font-size: 1px; color: white;">cause</span></div>
        </p>
      </simpleChoice>
      <simpleChoice fixed="true" identifier="answer_4">
        <p>
          <div id="drv_68ed" oncopy="return false;" onpaste="return false;" oncut="return false;" oncontextmenu="return false;" onmousedown="return false;" onselectstart="return false;">pH <span style="color: #221c1c">6.6</span><span style="font-size: 1px; color: white;">cases</span></div>
        </p>
      </simpleChoice>
      <simpleChoice fixed="true" identifier="answer_5">
        <p>
          <div id="drv_1783" oncopy="return false;" onpaste="return false;" oncut="return false;" oncontextmenu="return false;" onmousedown="return false;" onselectstart="return false;">pH <span style="color: #1c1c35">8.5</span><span style="font-size: 1px; color: white;">press</span></div>
        </p>
      </simpleChoice>
    </choiceInteraction>
  </itemBody>
  <responseProcessing>
    <responseCondition>
      <responseIf>
        <match>
          <variable identifier="RESPONSE"/>
          <correct identifier="RESPONSE"/>
        </match>
      </responseIf>
    </responseCondition>
  </responseProcessing>
</assessmentItem>
