<?xml version='1.0' encoding='UTF-8'?>
<assessmentItem xmlns="http://www.imsglobal.org/xsd/imsqti_v2p1" xmlns:xsi="http://www.w3.org/2001/XMLSchema-instance" xmlns:ns8="http://www.w3.org/1999/xlink" xmlns:ns9="http://www.imsglobal.org/xsd/apip/apipv1p0/imsapip_qtiv1p0" xsi:schemaLocation="http://www.imsglobal.org/xsd/imsqti_v2p1 http://www.imsglobal.org/xsd/qti/qtiv2p1/imsqti_v2p1.xsd" title="cebb_75b5_46d2" adaptive="false" timeDependent="false" identifier="cebb_75b5_46d2">
  <responseDeclaration baseType="identifier" cardinality="single" identifier="RESPONSE">
    <correctResponse>
      <value>answer_003</value>
    </correctResponse>
  </responseDeclaration>
  <outcomeDeclaration baseType="float" cardinality="single" identifier="SCORE"/>
  <itemBody>
    <div>
      <div id="drv_ee3c" oncopy="return false;" onpaste="return false;" oncut="return false;" oncontextmenu="return false;" onmousedown="return false;" onselectstart="return false;"><p><strong>Phosphoric acid</strong> and<span style="font-size: 1px; color: white;">toes</span>its conjugate base, phosphate, is<span style="font-size: 1px; color: white;">varies</span>abbreviated P<sub>i</sub> and<span style="font-size: 1px; color: white;">region</span>is<span style="font-size: 1px; color: white;">niagra</span>formed by<span style="font-size: 1px; color: white;">common</span>cells<span style="font-size: 1px; color: white;">bpm</span>from<span style="font-size: 1px; color: white;">dog</span>the<span style="font-size: 1px; color: white;">sos</span>hydrolysis<span style="font-size: 1px; color: white;">nadph</span>of ATP into ADP.</p> <p>Phosphoric<span style="font-size: 1px; color: white;">salt</span>acid is<span style="font-size: 1px; color: white;">fatty</span>triprotic<span style="font-size: 1px; color: white;">thus</span>with pK<sub>a</sub> values<span style="font-size: 1px; color: white;">alpha</span>of <strong>2.16</strong>, <strong>7.21</strong>, and <strong>12.32</strong>.</p> <p>Which<span style="font-size: 1px; color: white;">field</span>one<span style="font-size: 1px; color: white;">acetyl</span>of<span style="font-size: 1px; color: white;">memory</span>the<span style="font-size: 1px; color: white;">mucus</span>following<span style="font-size: 1px; color: white;">cancer</span>pH values<span style="font-size: 1px; color: white;">hybrid</span>falls<span style="font-size: 1px; color: white;">jerry</span>outside the<span style="font-size: 1px; color: white;">uptake</span>optimal buffering rangeof Phosphoric<span style="font-size: 1px; color: white;">dttp</span>acid?</p> </div>
    </div>
    <choiceInteraction maxChoices="1" responseIdentifier="RESPONSE" shuffle="true">
      <simpleChoice fixed="true" identifier="answer_1">
        <p>
          <div id="drv_2495" oncopy="return false;" onpaste="return false;" oncut="return false;" oncontextmenu="return false;" onmousedown="return false;" onselectstart="return false;">pH <span style="color: #671c1c">2.5</span> </div>
        </p>
      </simpleChoice>
      <simpleChoice fixed="true" identifier="answer_2">
        <p>
          <div id="drv_c88c" oncopy="return false;" onpaste="return false;" oncut="return false;" oncontextmenu="return false;" onmousedown="return false;" onselectstart="return false;">pH <span style="color: #1c1c1f">7.2</span><span style="font-size: 1px; color: white;">teal</span></div>
        </p>
      </simpleChoice>
      <simpleChoice fixed="true" identifier="answer_3">
        <p>
          <div id="drv_1246" oncopy="return false;" onpaste="return false;" oncut="return false;" oncontextmenu="return false;" onmousedown="return false;" onselectstart="return false;">pH <span style="color: #1c1c4f">10.1</span><span style="font-size: 1px; color: white;">joint</span></div>
        </p>
      </simpleChoice>
      <simpleChoice fixed="true" identifier="answer_4">
        <p>
          <div id="drv_c792" oncopy="return false;" onpaste="return false;" oncut="return false;" oncontextmenu="return false;" onmousedown="return false;" onselectstart="return false;">pH <span style="color: #1c1c63">11.3</span><span style="font-size: 1px; color: white;">kinds</span></div>
        </p>
      </simpleChoice>
      <simpleChoice fixed="true" identifier="answer_5">
        <p>
          <div id="drv_fa8e" oncopy="return false;" onpaste="return false;" oncut="return false;" oncontextmenu="return false;" onmousedown="return false;" onselectstart="return false;">pH <span style="color: #1c1c85">13.3</span><span style="font-size: 1px; color: white;">nadph</span></div>
        </p>
      </simpleChoice>
    </choiceInteraction>
  </itemBody>
  <responseProcessing>
    <responseCondition>
      <responseIf>
        <match>
          <variable identifier="RESPONSE"/>
          <correct identifier="RESPONSE"/>
        </match>
      </responseIf>
    </responseCondition>
  </responseProcessing>
</assessmentItem>
