<?xml version='1.0' encoding='UTF-8'?>
<assessmentItem xmlns="http://www.imsglobal.org/xsd/imsqti_v2p1" xmlns:xsi="http://www.w3.org/2001/XMLSchema-instance" xmlns:ns8="http://www.w3.org/1999/xlink" xmlns:ns9="http://www.imsglobal.org/xsd/apip/apipv1p0/imsapip_qtiv1p0" xsi:schemaLocation="http://www.imsglobal.org/xsd/imsqti_v2p1 http://www.imsglobal.org/xsd/qti/qtiv2p1/imsqti_v2p1.xsd" title="4df7_5c8c_3cb8" adaptive="false" timeDependent="false" identifier="4df7_5c8c_3cb8">
  <responseDeclaration baseType="identifier" cardinality="single" identifier="RESPONSE">
    <correctResponse>
      <value>answer_003</value>
    </correctResponse>
  </responseDeclaration>
  <outcomeDeclaration baseType="float" cardinality="single" identifier="SCORE"/>
  <itemBody>
    <div>
      <div id="drv_c290" oncopy="return false;" onpaste="return false;" oncut="return false;" oncontextmenu="return false;" onmousedown="return false;" onselectstart="return false;"><p><strong>Pyrophosphoric<span style="font-size: 1px; color: white;">become</span>acid</strong> and its<span style="font-size: 1px; color: white;">upon</span>conjugate base, pyrophosphate, is<span style="font-size: 1px; color: white;">become</span>abbreviated PP<sub>i</sub> and<span style="font-size: 1px; color: white;">mali</span>is<span style="font-size: 1px; color: white;">apple</span>formed<span style="font-size: 1px; color: white;">sulfur</span>by<span style="font-size: 1px; color: white;">always</span>cells from<span style="font-size: 1px; color: white;">unit</span>the hydrolysis<span style="font-size: 1px; color: white;">values</span>of ATP into AMP.</p> <p>Pyrophosphoric<span style="font-size: 1px; color: white;">primer</span>acid is tetraprotic<span style="font-size: 1px; color: white;">purify</span>with<span style="font-size: 1px; color: white;">fluid</span>pK<sub>a</sub> values<span style="font-size: 1px; color: white;">host</span>of <strong>0.91</strong>, <strong>2.10</strong>, <strong>6.70</strong>, and <strong>9.32</strong>.</p> <p>Which<span style="font-size: 1px; color: white;">may</span>one<span style="font-size: 1px; color: white;">rows</span>of<span style="font-size: 1px; color: white;">dibase</span>the<span style="font-size: 1px; color: white;">bnotb</span>following<span style="font-size: 1px; color: white;">theory</span>pH values<span style="font-size: 1px; color: white;">fuses</span>falls<span style="font-size: 1px; color: white;">linked</span>outside the<span style="font-size: 1px; color: white;">set</span>optimal<span style="font-size: 1px; color: white;">day</span>buffering<span style="font-size: 1px; color: white;">ring</span>rangeof Pyrophosphoric<span style="font-size: 1px; color: white;">both</span>acid?</p> </div>
    </div>
    <choiceInteraction maxChoices="1" responseIdentifier="RESPONSE" shuffle="true">
      <simpleChoice fixed="true" identifier="answer_1">
        <p>
          <div id="drv_a97d" oncopy="return false;" onpaste="return false;" oncut="return false;" oncontextmenu="return false;" onmousedown="return false;" onselectstart="return false;">pH <span style="color: #8a1c1c">0.4</span><span style="font-size: 1px; color: white;">level</span></div>
        </p>
      </simpleChoice>
      <simpleChoice fixed="true" identifier="answer_2">
        <p>
          <div id="drv_fe74" oncopy="return false;" onpaste="return false;" oncut="return false;" oncontextmenu="return false;" onmousedown="return false;" onselectstart="return false;">pH <span style="color: #6f1c1c">2.0</span><span style="font-size: 1px; color: white;">hand</span></div>
        </p>
      </simpleChoice>
      <simpleChoice fixed="true" identifier="answer_3">
        <p>
          <div id="drv_a3ed" oncopy="return false;" onpaste="return false;" oncut="return false;" oncontextmenu="return false;" onmousedown="return false;" onselectstart="return false;">pH <span style="color: #4c1c1c">4.1</span><span style="font-size: 1px; color: white;">bbonly</span></div>
        </p>
      </simpleChoice>
      <simpleChoice fixed="true" identifier="answer_4">
        <p>
          <div id="drv_a8cb" oncopy="return false;" onpaste="return false;" oncut="return false;" oncontextmenu="return false;" onmousedown="return false;" onselectstart="return false;">pH <span style="color: #241c1c">6.5</span><span style="font-size: 1px; color: white;">acts</span></div>
        </p>
      </simpleChoice>
      <simpleChoice fixed="true" identifier="answer_5">
        <p>
          <div id="drv_4dcb" oncopy="return false;" onpaste="return false;" oncut="return false;" oncontextmenu="return false;" onmousedown="return false;" onselectstart="return false;">pH <span style="color: #1c1c24">7.5</span><span style="font-size: 1px; color: white;">proton</span></div>
        </p>
      </simpleChoice>
    </choiceInteraction>
  </itemBody>
  <responseProcessing>
    <responseCondition>
      <responseIf>
        <match>
          <variable identifier="RESPONSE"/>
          <correct identifier="RESPONSE"/>
        </match>
      </responseIf>
    </responseCondition>
  </responseProcessing>
</assessmentItem>
