<?xml version='1.0' encoding='UTF-8'?>
<assessmentItem xmlns="http://www.imsglobal.org/xsd/imsqti_v2p1" xmlns:xsi="http://www.w3.org/2001/XMLSchema-instance" xmlns:ns8="http://www.w3.org/1999/xlink" xmlns:ns9="http://www.imsglobal.org/xsd/apip/apipv1p0/imsapip_qtiv1p0" xsi:schemaLocation="http://www.imsglobal.org/xsd/imsqti_v2p1 http://www.imsglobal.org/xsd/qti/qtiv2p1/imsqti_v2p1.xsd" title="7e34_df23_4c62" adaptive="false" timeDependent="false" identifier="7e34_df23_4c62">
  <responseDeclaration baseType="identifier" cardinality="single" identifier="RESPONSE">
    <correctResponse>
      <value>answer_005</value>
    </correctResponse>
  </responseDeclaration>
  <outcomeDeclaration baseType="float" cardinality="single" identifier="SCORE"/>
  <itemBody>
    <div>
      <div id="drv_ae22" oncopy="return false;" onpaste="return false;" oncut="return false;" oncontextmenu="return false;" onmousedown="return false;" onselectstart="return false;"><p><strong>Citric<span style="font-size: 1px; color: white;">seal</span>acid</strong> and<span style="font-size: 1px; color: white;">begins</span>its<span style="font-size: 1px; color: white;">force</span>conjugate<span style="font-size: 1px; color: white;">bursts</span>base, citrate, is<span style="font-size: 1px; color: white;">column</span>an<span style="font-size: 1px; color: white;">watch</span>intermediate<span style="font-size: 1px; color: white;">fit</span>in<span style="font-size: 1px; color: white;">probes</span>the<span style="font-size: 1px; color: white;">narrow</span>citric acid cycle.</p> <p>Citric<span style="font-size: 1px; color: white;">begin</span>acid<span style="font-size: 1px; color: white;">brain</span>is triprotic<span style="font-size: 1px; color: white;">retain</span>with pK<sub>a</sub> values of <strong>3.13</strong>, <strong>4.76</strong>, and <strong>6.39</strong>.</p> <p>Which<span style="font-size: 1px; color: white;">pvalue</span>one of the following<span style="font-size: 1px; color: white;">aro</span>pH values<span style="font-size: 1px; color: white;">equal</span>falls<span style="font-size: 1px; color: white;">gpcrzz</span>outside<span style="font-size: 1px; color: white;">allows</span>the<span style="font-size: 1px; color: white;">forkbr</span>optimal<span style="font-size: 1px; color: white;">tall</span>buffering<span style="font-size: 1px; color: white;">front</span>rangeof Citric<span style="font-size: 1px; color: white;">via</span>acid?</p><span style="font-size: 1px; color: white;">serine</span></div>
    </div>
    <choiceInteraction maxChoices="1" responseIdentifier="RESPONSE" shuffle="true">
      <simpleChoice fixed="true" identifier="answer_1">
        <p>
          <div id="drv_5cfa" oncopy="return false;" onpaste="return false;" oncut="return false;" oncontextmenu="return false;" onmousedown="return false;" onselectstart="return false;">pH <span style="color: #681c1c">2.4</span> </div>
        </p>
      </simpleChoice>
      <simpleChoice fixed="true" identifier="answer_2">
        <p>
          <div id="drv_02ad" oncopy="return false;" onpaste="return false;" oncut="return false;" oncontextmenu="return false;" onmousedown="return false;" onselectstart="return false;">pH <span style="color: #591c1c">3.3</span><span style="font-size: 1px; color: white;">copy</span></div>
        </p>
      </simpleChoice>
      <simpleChoice fixed="true" identifier="answer_3">
        <p>
          <div id="drv_0b66" oncopy="return false;" onpaste="return false;" oncut="return false;" oncontextmenu="return false;" onmousedown="return false;" onselectstart="return false;">pH <span style="color: #311c1c">5.7</span><span style="font-size: 1px; color: white;">crispr</span></div>
        </p>
      </simpleChoice>
      <simpleChoice fixed="true" identifier="answer_4">
        <p>
          <div id="drv_3af0" oncopy="return false;" onpaste="return false;" oncut="return false;" oncontextmenu="return false;" onmousedown="return false;" onselectstart="return false;">pH <span style="color: #1c1c1f">7.2</span><span style="font-size: 1px; color: white;">stain</span></div>
        </p>
      </simpleChoice>
      <simpleChoice fixed="true" identifier="answer_5">
        <p>
          <div id="drv_6a48" oncopy="return false;" onpaste="return false;" oncut="return false;" oncontextmenu="return false;" onmousedown="return false;" onselectstart="return false;">pH <span style="color: #1c1c60">11.1</span> </div>
        </p>
      </simpleChoice>
    </choiceInteraction>
  </itemBody>
  <responseProcessing>
    <responseCondition>
      <responseIf>
        <match>
          <variable identifier="RESPONSE"/>
          <correct identifier="RESPONSE"/>
        </match>
      </responseIf>
    </responseCondition>
  </responseProcessing>
</assessmentItem>
