<?xml version='1.0' encoding='UTF-8'?>
<assessmentItem xmlns="http://www.imsglobal.org/xsd/imsqti_v2p1" xmlns:xsi="http://www.w3.org/2001/XMLSchema-instance" xmlns:ns8="http://www.w3.org/1999/xlink" xmlns:ns9="http://www.imsglobal.org/xsd/apip/apipv1p0/imsapip_qtiv1p0" xsi:schemaLocation="http://www.imsglobal.org/xsd/imsqti_v2p1 http://www.imsglobal.org/xsd/qti/qtiv2p1/imsqti_v2p1.xsd" title="6680_6806_3c1c" adaptive="false" timeDependent="false" identifier="6680_6806_3c1c">
  <responseDeclaration baseType="identifier" cardinality="single" identifier="RESPONSE">
    <correctResponse>
      <value>answer_003</value>
    </correctResponse>
  </responseDeclaration>
  <outcomeDeclaration baseType="float" cardinality="single" identifier="SCORE"/>
  <itemBody>
    <div>
      <div id="drv_7bf5" oncopy="return false;" onpaste="return false;" oncut="return false;" oncontextmenu="return false;" onmousedown="return false;" onselectstart="return false;"><p><strong>Pyrophosphoric<span style="font-size: 1px; color: white;">living</span>acid</strong> and its<span style="font-size: 1px; color: white;">begg</span>conjugate<span style="font-size: 1px; color: white;">dop</span>base, pyrophosphate, is<span style="font-size: 1px; color: white;">stat</span>abbreviated PP<sub>i</sub> and<span style="font-size: 1px; color: white;">lower</span>is formed<span style="font-size: 1px; color: white;">arid</span>by cells from<span style="font-size: 1px; color: white;">begin</span>the hydrolysis<span style="font-size: 1px; color: white;">unused</span>of ATP into AMP.</p> <p>Pyrophosphoric<span style="font-size: 1px; color: white;">discs</span>acid<span style="font-size: 1px; color: white;">oral</span>is<span style="font-size: 1px; color: white;">three</span>tetraprotic with pK<sub>a</sub> values<span style="font-size: 1px; color: white;">groups</span>of <strong>0.91</strong>, <strong>2.10</strong>, <strong>6.70</strong>, and <strong>9.32</strong>.</p> <p>Which<span style="font-size: 1px; color: white;">coli</span>one<span style="font-size: 1px; color: white;">high</span>of<span style="font-size: 1px; color: white;">thiol</span>the following pH values<span style="font-size: 1px; color: white;">harass</span>falls<span style="font-size: 1px; color: white;">stain</span>outside the optimal<span style="font-size: 1px; color: white;">week</span>buffering<span style="font-size: 1px; color: white;">bowel</span>rangeof Pyrophosphoric<span style="font-size: 1px; color: white;">herpes</span>acid?</p><span style="font-size: 1px; color: white;">global</span></div>
    </div>
    <choiceInteraction maxChoices="1" responseIdentifier="RESPONSE" shuffle="true">
      <simpleChoice fixed="true" identifier="answer_1">
        <p>
          <div id="drv_2841" oncopy="return false;" onpaste="return false;" oncut="return false;" oncontextmenu="return false;" onmousedown="return false;" onselectstart="return false;">pH <span style="color: #8d1c1c">0.2</span><span style="font-size: 1px; color: white;">newly</span></div>
        </p>
      </simpleChoice>
      <simpleChoice fixed="true" identifier="answer_2">
        <p>
          <div id="drv_887d" oncopy="return false;" onpaste="return false;" oncut="return false;" oncontextmenu="return false;" onmousedown="return false;" onselectstart="return false;">pH <span style="color: #7e1c1c">1.1</span><span style="font-size: 1px; color: white;">ion</span></div>
        </p>
      </simpleChoice>
      <simpleChoice fixed="true" identifier="answer_3">
        <p>
          <div id="drv_1724" oncopy="return false;" onpaste="return false;" oncut="return false;" oncontextmenu="return false;" onmousedown="return false;" onselectstart="return false;">pH <span style="color: #421c1c">4.7</span><span style="font-size: 1px; color: white;">bullet</span></div>
        </p>
      </simpleChoice>
      <simpleChoice fixed="true" identifier="answer_4">
        <p>
          <div id="drv_78ff" oncopy="return false;" onpaste="return false;" oncut="return false;" oncontextmenu="return false;" onmousedown="return false;" onselectstart="return false;">pH <span style="color: #1d1c1c">6.9</span><span style="font-size: 1px; color: white;">bnotb</span></div>
        </p>
      </simpleChoice>
      <simpleChoice fixed="true" identifier="answer_5">
        <p>
          <div id="drv_80c1" oncopy="return false;" onpaste="return false;" oncut="return false;" oncontextmenu="return false;" onmousedown="return false;" onselectstart="return false;">pH <span style="color: #1c1c31">8.3</span><span style="font-size: 1px; color: white;">life</span></div>
        </p>
      </simpleChoice>
    </choiceInteraction>
  </itemBody>
  <responseProcessing>
    <responseCondition>
      <responseIf>
        <match>
          <variable identifier="RESPONSE"/>
          <correct identifier="RESPONSE"/>
        </match>
      </responseIf>
    </responseCondition>
  </responseProcessing>
</assessmentItem>
