<?xml version='1.0' encoding='UTF-8'?>
<assessmentItem xmlns="http://www.imsglobal.org/xsd/imsqti_v2p1" xmlns:xsi="http://www.w3.org/2001/XMLSchema-instance" xmlns:ns8="http://www.w3.org/1999/xlink" xmlns:ns9="http://www.imsglobal.org/xsd/apip/apipv1p0/imsapip_qtiv1p0" xsi:schemaLocation="http://www.imsglobal.org/xsd/imsqti_v2p1 http://www.imsglobal.org/xsd/qti/qtiv2p1/imsqti_v2p1.xsd" title="a994_5ec2_2ff4" adaptive="false" timeDependent="false" identifier="a994_5ec2_2ff4">
  <responseDeclaration baseType="identifier" cardinality="single" identifier="RESPONSE">
    <correctResponse>
      <value>answer_005</value>
    </correctResponse>
  </responseDeclaration>

  <outcomeDeclaration baseType="float" cardinality="single" identifier="SCORE"/>

  <itemBody>
    <div><p><strong>Citric acid</strong> and its conjugate base, citrate, is an intermediate in the citric acid cycle.</p> <p>Citric acid is triprotic with pK<sub>a</sub> values of <strong>3.13</strong>, <strong>4.76</strong>, and <strong>6.39</strong>.</p> <p>Which one of the following pH values falls outside the optimal buffering rangeof Citric acid?</p></div>
    <choiceInteraction maxChoices="1" responseIdentifier="RESPONSE" shuffle="true">
      <simpleChoice fixed="true" identifier="answer_1">
        <p>pH <span style="color: #631c1c">2.7</span></p>
      </simpleChoice>
      <simpleChoice fixed="true" identifier="answer_2">
        <p>pH <span style="color: #3b1c1c">5.1</span></p>
      </simpleChoice>
      <simpleChoice fixed="true" identifier="answer_3">
        <p>pH <span style="color: #2e1c1c">5.9</span></p>
      </simpleChoice>
      <simpleChoice fixed="true" identifier="answer_4">
        <p>pH <span style="color: #1c1c21">7.3</span></p>
      </simpleChoice>
      <simpleChoice fixed="true" identifier="answer_5">
        <p>pH <span style="color: #1c1c2e">8.1</span></p>
      </simpleChoice>
    </choiceInteraction>
  </itemBody>

  <responseProcessing>
    <responseCondition>
      <responseIf>
        <match>
          <variable identifier="RESPONSE"/>
          <correct identifier="RESPONSE"/>
        </match>
      </responseIf>
    </responseCondition>
  </responseProcessing>
</assessmentItem>
