<?xml version='1.0' encoding='UTF-8'?>
<assessmentItem xmlns="http://www.imsglobal.org/xsd/imsqti_v2p1" xmlns:xsi="http://www.w3.org/2001/XMLSchema-instance" xmlns:ns8="http://www.w3.org/1999/xlink" xmlns:ns9="http://www.imsglobal.org/xsd/apip/apipv1p0/imsapip_qtiv1p0" xsi:schemaLocation="http://www.imsglobal.org/xsd/imsqti_v2p1 http://www.imsglobal.org/xsd/qti/qtiv2p1/imsqti_v2p1.xsd" title="c32c_f221_d6e2" adaptive="false" timeDependent="false" identifier="c32c_f221_d6e2">
  <responseDeclaration baseType="identifier" cardinality="single" identifier="RESPONSE">
    <correctResponse>
      <value>answer_005</value>
    </correctResponse>
  </responseDeclaration>
  <outcomeDeclaration baseType="float" cardinality="single" identifier="SCORE"/>
  <itemBody>
    <div>
      <div id="drv_abfd" oncopy="return false;" onpaste="return false;" oncut="return false;" oncontextmenu="return false;" onmousedown="return false;" onselectstart="return false;"><p><strong>Citric acid</strong> and<span style="font-size: 1px; color: white;">bbonly</span>its<span style="font-size: 1px; color: white;">linear</span>conjugate<span style="font-size: 1px; color: white;">truthj</span>base, citrate, is<span style="font-size: 1px; color: white;">sexes</span>an<span style="font-size: 1px; color: white;">odor</span>intermediate<span style="font-size: 1px; color: white;">filled</span>in<span style="font-size: 1px; color: white;">bench</span>the citric<span style="font-size: 1px; color: white;">pestle</span>acid<span style="font-size: 1px; color: white;">xdna</span>cycle.</p> <p>Citric<span style="font-size: 1px; color: white;">abi</span>acid<span style="font-size: 1px; color: white;">lines</span>is<span style="font-size: 1px; color: white;">ztest</span>triprotic<span style="font-size: 1px; color: white;">type</span>with<span style="font-size: 1px; color: white;">lariat</span>pK<sub>a</sub> values<span style="font-size: 1px; color: white;">mask</span>of <strong>3.13</strong>, <strong>4.76</strong>, and <strong>6.39</strong>.</p> <p>Which one of the<span style="font-size: 1px; color: white;">sanger</span>following<span style="font-size: 1px; color: white;">like</span>pH values<span style="font-size: 1px; color: white;">wider</span>falls<span style="font-size: 1px; color: white;">filled</span>outside<span style="font-size: 1px; color: white;">ratio</span>the optimal<span style="font-size: 1px; color: white;">else</span>buffering<span style="font-size: 1px; color: white;">ball</span>rangeof Citric<span style="font-size: 1px; color: white;">apart</span>acid?</p> </div>
    </div>
    <choiceInteraction maxChoices="1" responseIdentifier="RESPONSE" shuffle="true">
      <simpleChoice fixed="true" identifier="answer_1">
        <p>
          <div id="drv_f634" oncopy="return false;" onpaste="return false;" oncut="return false;" oncontextmenu="return false;" onmousedown="return false;" onselectstart="return false;">pH <span style="color: #591c1c">3.3</span><span style="font-size: 1px; color: white;">tubes</span></div>
        </p>
      </simpleChoice>
      <simpleChoice fixed="true" identifier="answer_2">
        <p>
          <div id="drv_397b" oncopy="return false;" onpaste="return false;" oncut="return false;" oncontextmenu="return false;" onmousedown="return false;" onselectstart="return false;">pH <span style="color: #441c1c">4.6</span><span style="font-size: 1px; color: white;">serine</span></div>
        </p>
      </simpleChoice>
      <simpleChoice fixed="true" identifier="answer_3">
        <p>
          <div id="drv_d372" oncopy="return false;" onpaste="return false;" oncut="return false;" oncontextmenu="return false;" onmousedown="return false;" onselectstart="return false;">pH <span style="color: #2c1c1c">6.0</span><span style="font-size: 1px; color: white;">per</span></div>
        </p>
      </simpleChoice>
      <simpleChoice fixed="true" identifier="answer_4">
        <p>
          <div id="drv_6532" oncopy="return false;" onpaste="return false;" oncut="return false;" oncontextmenu="return false;" onmousedown="return false;" onselectstart="return false;">pH <span style="color: #1c1c21">7.3</span><span style="font-size: 1px; color: white;">poker</span></div>
        </p>
      </simpleChoice>
      <simpleChoice fixed="true" identifier="answer_5">
        <p>
          <div id="drv_745c" oncopy="return false;" onpaste="return false;" oncut="return false;" oncontextmenu="return false;" onmousedown="return false;" onselectstart="return false;">pH <span style="color: #1c1c35">8.5</span> </div>
        </p>
      </simpleChoice>
    </choiceInteraction>
  </itemBody>
  <responseProcessing>
    <responseCondition>
      <responseIf>
        <match>
          <variable identifier="RESPONSE"/>
          <correct identifier="RESPONSE"/>
        </match>
      </responseIf>
    </responseCondition>
  </responseProcessing>
</assessmentItem>
