<?xml version='1.0' encoding='UTF-8'?>
<assessmentItem xmlns="http://www.imsglobal.org/xsd/imsqti_v2p1" xmlns:xsi="http://www.w3.org/2001/XMLSchema-instance" xmlns:ns8="http://www.w3.org/1999/xlink" xmlns:ns9="http://www.imsglobal.org/xsd/apip/apipv1p0/imsapip_qtiv1p0" xsi:schemaLocation="http://www.imsglobal.org/xsd/imsqti_v2p1 http://www.imsglobal.org/xsd/qti/qtiv2p1/imsqti_v2p1.xsd" title="d9f0_00b7_708b" adaptive="false" timeDependent="false" identifier="d9f0_00b7_708b">
  <responseDeclaration baseType="identifier" cardinality="single" identifier="RESPONSE">
    <correctResponse>
      <value>answer_004</value>
    </correctResponse>
  </responseDeclaration>
  <outcomeDeclaration baseType="float" cardinality="single" identifier="SCORE"/>
  <itemBody>
    <div>
      <div id="drv_0b46" oncopy="return false;" onpaste="return false;" oncut="return false;" oncontextmenu="return false;" onmousedown="return false;" onselectstart="return false;"><p><strong>Phosphoric<span style="font-size: 1px; color: white;">cystic</span>acid</strong> and<span style="font-size: 1px; color: white;">palm</span>its<span style="font-size: 1px; color: white;">oxide</span>conjugate<span style="font-size: 1px; color: white;">amine</span>base, phosphate, is<span style="font-size: 1px; color: white;">switch</span>abbreviated P<sub>i</sub> and is<span style="font-size: 1px; color: white;">mirror</span>formed<span style="font-size: 1px; color: white;">thin</span>by<span style="font-size: 1px; color: white;">number</span>cells<span style="font-size: 1px; color: white;">owner</span>from<span style="font-size: 1px; color: white;">deltag</span>the hydrolysis of ATP into ADP.</p> <p>Phosphoric acid is<span style="font-size: 1px; color: white;">dprime</span>triprotic<span style="font-size: 1px; color: white;">truthj</span>with pK<sub>a</sub> values<span style="font-size: 1px; color: white;">method</span>of <strong>2.16</strong>, <strong>7.21</strong>, and <strong>12.32</strong>.</p> <p>Which<span style="font-size: 1px; color: white;">cycler</span>one of the<span style="font-size: 1px; color: white;">fungi</span>following<span style="font-size: 1px; color: white;">lines</span>pH values<span style="font-size: 1px; color: white;">exist</span>falls<span style="font-size: 1px; color: white;">dgtp</span>outside<span style="font-size: 1px; color: white;">amount</span>the optimal<span style="font-size: 1px; color: white;">gel</span>buffering<span style="font-size: 1px; color: white;">angle</span>rangeof Phosphoric acid?</p> </div>
    </div>
    <choiceInteraction maxChoices="1" responseIdentifier="RESPONSE" shuffle="true">
      <simpleChoice fixed="true" identifier="answer_1">
        <p>
          <div id="drv_4c07" oncopy="return false;" onpaste="return false;" oncut="return false;" oncontextmenu="return false;" onmousedown="return false;" onselectstart="return false;">pH <span style="color: #7c1c1c">1.2</span><span style="font-size: 1px; color: white;">heart</span></div>
        </p>
      </simpleChoice>
      <simpleChoice fixed="true" identifier="answer_2">
        <p>
          <div id="drv_ab34" oncopy="return false;" onpaste="return false;" oncut="return false;" oncontextmenu="return false;" onmousedown="return false;" onselectstart="return false;">pH <span style="color: #5e1c1c">3.0</span> </div>
        </p>
      </simpleChoice>
      <simpleChoice fixed="true" identifier="answer_3">
        <p>
          <div id="drv_b82c" oncopy="return false;" onpaste="return false;" oncut="return false;" oncontextmenu="return false;" onmousedown="return false;" onselectstart="return false;">pH <span style="color: #291c1c">6.2</span> </div>
        </p>
      </simpleChoice>
      <simpleChoice fixed="true" identifier="answer_4">
        <p>
          <div id="drv_9227" oncopy="return false;" onpaste="return false;" oncut="return false;" oncontextmenu="return false;" onmousedown="return false;" onselectstart="return false;">pH <span style="color: #1c1c36">8.6</span><span style="font-size: 1px; color: white;">starch</span></div>
        </p>
      </simpleChoice>
      <simpleChoice fixed="true" identifier="answer_5">
        <p>
          <div id="drv_9b31" oncopy="return false;" onpaste="return false;" oncut="return false;" oncontextmenu="return false;" onmousedown="return false;" onselectstart="return false;">pH <span style="color: #1c1c6f">12.0</span><span style="font-size: 1px; color: white;">starch</span></div>
        </p>
      </simpleChoice>
    </choiceInteraction>
  </itemBody>
  <responseProcessing>
    <responseCondition>
      <responseIf>
        <match>
          <variable identifier="RESPONSE"/>
          <correct identifier="RESPONSE"/>
        </match>
      </responseIf>
    </responseCondition>
  </responseProcessing>
</assessmentItem>
