<?xml version='1.0' encoding='UTF-8'?>
<assessmentItem xmlns="http://www.imsglobal.org/xsd/imsqti_v2p1" xmlns:xsi="http://www.w3.org/2001/XMLSchema-instance" xmlns:ns8="http://www.w3.org/1999/xlink" xmlns:ns9="http://www.imsglobal.org/xsd/apip/apipv1p0/imsapip_qtiv1p0" xsi:schemaLocation="http://www.imsglobal.org/xsd/imsqti_v2p1 http://www.imsglobal.org/xsd/qti/qtiv2p1/imsqti_v2p1.xsd" title="2e4f_0699_b0b8" adaptive="false" timeDependent="false" identifier="2e4f_0699_b0b8">
  <responseDeclaration baseType="identifier" cardinality="single" identifier="RESPONSE">
    <correctResponse>
      <value>answer_002</value>
    </correctResponse>
  </responseDeclaration>
  <outcomeDeclaration baseType="float" cardinality="single" identifier="SCORE"/>
  <itemBody>
    <div>
      <div id="drv_976f" oncopy="return false;" onpaste="return false;" oncut="return false;" oncontextmenu="return false;" onmousedown="return false;" onselectstart="return false;"><p><strong>Arsenic<span style="font-size: 1px; color: white;">due</span>acid</strong> and<span style="font-size: 1px; color: white;">lysine</span>its<span style="font-size: 1px; color: white;">capric</span>conjugate<span style="font-size: 1px; color: white;">truthm</span>base, arsenate, is<span style="font-size: 1px; color: white;">atoms</span>extremely<span style="font-size: 1px; color: white;">alerts</span>toxic, corrosive, and carcinogenic; it serves as a precursor<span style="font-size: 1px; color: white;">linear</span>to<span style="font-size: 1px; color: white;">based</span>a variety of<span style="font-size: 1px; color: white;">truthe</span>pesticides.</p> <p>Arsenic<span style="font-size: 1px; color: white;">atomic</span>acid is triprotic<span style="font-size: 1px; color: white;">tumor</span>with<span style="font-size: 1px; color: white;">spots</span>pK<sub>a</sub> values<span style="font-size: 1px; color: white;">also</span>of <strong>2.19</strong>, <strong>6.94</strong>, and <strong>11.50</strong>.</p> <p>Which<span style="font-size: 1px; color: white;">letter</span>one of the<span style="font-size: 1px; color: white;">plp</span>following<span style="font-size: 1px; color: white;">gmp</span>pH values<span style="font-size: 1px; color: white;">site</span>falls outside<span style="font-size: 1px; color: white;">sky</span>the<span style="font-size: 1px; color: white;">organs</span>optimal buffering<span style="font-size: 1px; color: white;">half</span>rangeof Arsenic acid?</p><span style="font-size: 1px; color: white;">itaqi</span></div>
    </div>
    <choiceInteraction maxChoices="1" responseIdentifier="RESPONSE" shuffle="true">
      <simpleChoice fixed="true" identifier="answer_1">
        <p>
          <div id="drv_07c8" oncopy="return false;" onpaste="return false;" oncut="return false;" oncontextmenu="return false;" onmousedown="return false;" onselectstart="return false;">pH <span style="color: #6f1c1c">2.0</span> </div>
        </p>
      </simpleChoice>
      <simpleChoice fixed="true" identifier="answer_2">
        <p>
          <div id="drv_bdaa" oncopy="return false;" onpaste="return false;" oncut="return false;" oncontextmenu="return false;" onmousedown="return false;" onselectstart="return false;">pH <span style="color: #361c1c">5.4</span><span style="font-size: 1px; color: white;">angles</span></div>
        </p>
      </simpleChoice>
      <simpleChoice fixed="true" identifier="answer_3">
        <p>
          <div id="drv_06c7" oncopy="return false;" onpaste="return false;" oncut="return false;" oncontextmenu="return false;" onmousedown="return false;" onselectstart="return false;">pH <span style="color: #1c1c2b">7.9</span><span style="font-size: 1px; color: white;">piece</span></div>
        </p>
      </simpleChoice>
      <simpleChoice fixed="true" identifier="answer_4">
        <p>
          <div id="drv_0dfa" oncopy="return false;" onpaste="return false;" oncut="return false;" oncontextmenu="return false;" onmousedown="return false;" onselectstart="return false;">pH <span style="color: #1c1c67">11.5</span><span style="font-size: 1px; color: white;">mode</span></div>
        </p>
      </simpleChoice>
      <simpleChoice fixed="true" identifier="answer_5">
        <p>
          <div id="drv_e4c2" oncopy="return false;" onpaste="return false;" oncut="return false;" oncontextmenu="return false;" onmousedown="return false;" onselectstart="return false;">pH <span style="color: #1c1c71">12.1</span><span style="font-size: 1px; color: white;">clamp</span></div>
        </p>
      </simpleChoice>
    </choiceInteraction>
  </itemBody>
  <responseProcessing>
    <responseCondition>
      <responseIf>
        <match>
          <variable identifier="RESPONSE"/>
          <correct identifier="RESPONSE"/>
        </match>
      </responseIf>
    </responseCondition>
  </responseProcessing>
</assessmentItem>
