<?xml version='1.0' encoding='UTF-8'?>
<assessmentItem xmlns="http://www.imsglobal.org/xsd/imsqti_v2p1" xmlns:xsi="http://www.w3.org/2001/XMLSchema-instance" xmlns:ns8="http://www.w3.org/1999/xlink" xmlns:ns9="http://www.imsglobal.org/xsd/apip/apipv1p0/imsapip_qtiv1p0" xsi:schemaLocation="http://www.imsglobal.org/xsd/imsqti_v2p1 http://www.imsglobal.org/xsd/qti/qtiv2p1/imsqti_v2p1.xsd" title="fa14_e905_b631" adaptive="false" timeDependent="false" identifier="fa14_e905_b631">
  <responseDeclaration baseType="identifier" cardinality="single" identifier="RESPONSE">
    <correctResponse>
      <value>answer_003</value>
    </correctResponse>
  </responseDeclaration>
  <outcomeDeclaration baseType="float" cardinality="single" identifier="SCORE"/>
  <itemBody>
    <div>
      <div id="drv_8938" oncopy="return false;" onpaste="return false;" oncut="return false;" oncontextmenu="return false;" onmousedown="return false;" onselectstart="return false;"><p><strong>Pyrophosphoric<span style="font-size: 1px; color: white;">garlic</span>acid</strong> and<span style="font-size: 1px; color: white;">fixed</span>its conjugate<span style="font-size: 1px; color: white;">thrive</span>base, pyrophosphate, is<span style="font-size: 1px; color: white;">sodium</span>abbreviated PP<sub>i</sub> and<span style="font-size: 1px; color: white;">non</span>is<span style="font-size: 1px; color: white;">fdna</span>formed by<span style="font-size: 1px; color: white;">rate</span>cells<span style="font-size: 1px; color: white;">brain</span>from the<span style="font-size: 1px; color: white;">error</span>hydrolysis<span style="font-size: 1px; color: white;">heart</span>of ATP into AMP.</p> <p>Pyrophosphoric<span style="font-size: 1px; color: white;">act</span>acid<span style="font-size: 1px; color: white;">band</span>is tetraprotic<span style="font-size: 1px; color: white;">copied</span>with<span style="font-size: 1px; color: white;">arm</span>pK<sub>a</sub> values<span style="font-size: 1px; color: white;">run</span>of <strong>0.91</strong>, <strong>2.10</strong>, <strong>6.70</strong>, and <strong>9.32</strong>.</p> <p>Which one<span style="font-size: 1px; color: white;">cat</span>of<span style="font-size: 1px; color: white;">nearby</span>the following<span style="font-size: 1px; color: white;">very</span>pH values<span style="font-size: 1px; color: white;">anova</span>falls<span style="font-size: 1px; color: white;">aid</span>outside the optimal<span style="font-size: 1px; color: white;">frame</span>buffering<span style="font-size: 1px; color: white;">code</span>rangeof Pyrophosphoric acid?</p><span style="font-size: 1px; color: white;">spots</span></div>
    </div>
    <choiceInteraction maxChoices="1" responseIdentifier="RESPONSE" shuffle="true">
      <simpleChoice fixed="true" identifier="answer_1">
        <p>
          <div id="drv_5839" oncopy="return false;" onpaste="return false;" oncut="return false;" oncontextmenu="return false;" onmousedown="return false;" onselectstart="return false;">pH <span style="color: #851c1c">0.7</span><span style="font-size: 1px; color: white;">dogma</span></div>
        </p>
      </simpleChoice>
      <simpleChoice fixed="true" identifier="answer_2">
        <p>
          <div id="drv_230a" oncopy="return false;" onpaste="return false;" oncut="return false;" oncontextmenu="return false;" onmousedown="return false;" onselectstart="return false;">pH <span style="color: #601c1c">2.9</span><span style="font-size: 1px; color: white;">fast</span></div>
        </p>
      </simpleChoice>
      <simpleChoice fixed="true" identifier="answer_3">
        <p>
          <div id="drv_779d" oncopy="return false;" onpaste="return false;" oncut="return false;" oncontextmenu="return false;" onmousedown="return false;" onselectstart="return false;">pH <span style="color: #471c1c">4.4</span><span style="font-size: 1px; color: white;">hold</span></div>
        </p>
      </simpleChoice>
      <simpleChoice fixed="true" identifier="answer_4">
        <p>
          <div id="drv_79e5" oncopy="return false;" onpaste="return false;" oncut="return false;" oncontextmenu="return false;" onmousedown="return false;" onselectstart="return false;">pH <span style="color: #1c1c27">7.7</span><span style="font-size: 1px; color: white;">moving</span></div>
        </p>
      </simpleChoice>
      <simpleChoice fixed="true" identifier="answer_5">
        <p>
          <div id="drv_bdae" oncopy="return false;" onpaste="return false;" oncut="return false;" oncontextmenu="return false;" onmousedown="return false;" onselectstart="return false;">pH <span style="color: #1c1c42">9.3</span> </div>
        </p>
      </simpleChoice>
    </choiceInteraction>
  </itemBody>
  <responseProcessing>
    <responseCondition>
      <responseIf>
        <match>
          <variable identifier="RESPONSE"/>
          <correct identifier="RESPONSE"/>
        </match>
      </responseIf>
    </responseCondition>
  </responseProcessing>
</assessmentItem>
