<?xml version='1.0' encoding='UTF-8'?>
<assessmentItem xmlns="http://www.imsglobal.org/xsd/imsqti_v2p1" xmlns:xsi="http://www.w3.org/2001/XMLSchema-instance" xmlns:ns8="http://www.w3.org/1999/xlink" xmlns:ns9="http://www.imsglobal.org/xsd/apip/apipv1p0/imsapip_qtiv1p0" xsi:schemaLocation="http://www.imsglobal.org/xsd/imsqti_v2p1 http://www.imsglobal.org/xsd/qti/qtiv2p1/imsqti_v2p1.xsd" title="3731_8eec_a050" adaptive="false" timeDependent="false" identifier="3731_8eec_a050">
  <responseDeclaration baseType="identifier" cardinality="single" identifier="RESPONSE">
    <correctResponse>
      <value>answer_005</value>
    </correctResponse>
  </responseDeclaration>
  <outcomeDeclaration baseType="float" cardinality="single" identifier="SCORE"/>
  <itemBody>
    <div>
      <div id="drv_7a48" oncopy="return false;" onpaste="return false;" oncut="return false;" oncontextmenu="return false;" onmousedown="return false;" onselectstart="return false;"><p><strong>Citric<span style="font-size: 1px; color: white;">ispan</span>acid</strong> and<span style="font-size: 1px; color: white;">gtag</span>its<span style="font-size: 1px; color: white;">person</span>conjugate<span style="font-size: 1px; color: white;">list</span>base, citrate, is<span style="font-size: 1px; color: white;">dense</span>an<span style="font-size: 1px; color: white;">binds</span>intermediate<span style="font-size: 1px; color: white;">raised</span>in the<span style="font-size: 1px; color: white;">abi</span>citric<span style="font-size: 1px; color: white;">xylo</span>acid<span style="font-size: 1px; color: white;">build</span>cycle.</p> <p>Citric<span style="font-size: 1px; color: white;">fuse</span>acid<span style="font-size: 1px; color: white;">lead</span>is<span style="font-size: 1px; color: white;">new</span>triprotic with<span style="font-size: 1px; color: white;">fusion</span>pK<sub>a</sub> values<span style="font-size: 1px; color: white;">yield</span>of <strong>3.13</strong>, <strong>4.76</strong>, and <strong>6.39</strong>.</p> <p>Which<span style="font-size: 1px; color: white;">joined</span>one of<span style="font-size: 1px; color: white;">light</span>the following<span style="font-size: 1px; color: white;">per</span>pH values falls outside the<span style="font-size: 1px; color: white;">made</span>optimal buffering<span style="font-size: 1px; color: white;">stem</span>rangeof Citric<span style="font-size: 1px; color: white;">iii</span>acid?</p><span style="font-size: 1px; color: white;">side</span></div>
    </div>
    <choiceInteraction maxChoices="1" responseIdentifier="RESPONSE" shuffle="true">
      <simpleChoice fixed="true" identifier="answer_1">
        <p>
          <div id="drv_4fe4" oncopy="return false;" onpaste="return false;" oncut="return false;" oncontextmenu="return false;" onmousedown="return false;" onselectstart="return false;">pH <span style="color: #5c1c1c">3.1</span><span style="font-size: 1px; color: white;">since</span></div>
        </p>
      </simpleChoice>
      <simpleChoice fixed="true" identifier="answer_2">
        <p>
          <div id="drv_65c7" oncopy="return false;" onpaste="return false;" oncut="return false;" oncontextmenu="return false;" onmousedown="return false;" onselectstart="return false;">pH <span style="color: #531c1c">3.7</span> </div>
        </p>
      </simpleChoice>
      <simpleChoice fixed="true" identifier="answer_3">
        <p>
          <div id="drv_141a" oncopy="return false;" onpaste="return false;" oncut="return false;" oncontextmenu="return false;" onmousedown="return false;" onselectstart="return false;">pH <span style="color: #4a1c1c">4.2</span> </div>
        </p>
      </simpleChoice>
      <simpleChoice fixed="true" identifier="answer_4">
        <p>
          <div id="drv_d8ca" oncopy="return false;" onpaste="return false;" oncut="return false;" oncontextmenu="return false;" onmousedown="return false;" onselectstart="return false;">pH <span style="color: #1f1c1c">6.8</span> </div>
        </p>
      </simpleChoice>
      <simpleChoice fixed="true" identifier="answer_5">
        <p>
          <div id="drv_5280" oncopy="return false;" onpaste="return false;" oncut="return false;" oncontextmenu="return false;" onmousedown="return false;" onselectstart="return false;">pH <span style="color: #1c1c2c">8.0</span> </div>
        </p>
      </simpleChoice>
    </choiceInteraction>
  </itemBody>
  <responseProcessing>
    <responseCondition>
      <responseIf>
        <match>
          <variable identifier="RESPONSE"/>
          <correct identifier="RESPONSE"/>
        </match>
      </responseIf>
    </responseCondition>
  </responseProcessing>
</assessmentItem>
