<?xml version='1.0' encoding='UTF-8'?>
<assessmentItem xmlns="http://www.imsglobal.org/xsd/imsqti_v2p1" xmlns:xsi="http://www.w3.org/2001/XMLSchema-instance" xmlns:ns8="http://www.w3.org/1999/xlink" xmlns:ns9="http://www.imsglobal.org/xsd/apip/apipv1p0/imsapip_qtiv1p0" xsi:schemaLocation="http://www.imsglobal.org/xsd/imsqti_v2p1 http://www.imsglobal.org/xsd/qti/qtiv2p1/imsqti_v2p1.xsd" title="6be1_1ea5_e6c1" adaptive="false" timeDependent="false" identifier="6be1_1ea5_e6c1">
  <responseDeclaration baseType="identifier" cardinality="single" identifier="RESPONSE">
    <correctResponse>
      <value>answer_002</value>
    </correctResponse>
  </responseDeclaration>
  <outcomeDeclaration baseType="float" cardinality="single" identifier="SCORE"/>
  <itemBody>
    <div>
      <div id="drv_d71c" oncopy="return false;" onpaste="return false;" oncut="return false;" oncontextmenu="return false;" onmousedown="return false;" onselectstart="return false;"><p><strong>Phosphoric<span style="font-size: 1px; color: white;">open</span>acid</strong> and<span style="font-size: 1px; color: white;">aitaqi</span>its<span style="font-size: 1px; color: white;">points</span>conjugate<span style="font-size: 1px; color: white;">bites</span>base, phosphate, is<span style="font-size: 1px; color: white;">insect</span>abbreviated P<sub>i</sub> and<span style="font-size: 1px; color: white;">enable</span>is formed<span style="font-size: 1px; color: white;">was</span>by<span style="font-size: 1px; color: white;">avie</span>cells<span style="font-size: 1px; color: white;">least</span>from<span style="font-size: 1px; color: white;">tube</span>the hydrolysis<span style="font-size: 1px; color: white;">gef</span>of ATP into ADP.</p> <p>Phosphoric acid<span style="font-size: 1px; color: white;">beads</span>is<span style="font-size: 1px; color: white;">owner</span>triprotic<span style="font-size: 1px; color: white;">growth</span>with pK<sub>a</sub> values<span style="font-size: 1px; color: white;">ztest</span>of <strong>2.16</strong>, <strong>7.21</strong>, and <strong>12.32</strong>.</p> <p>Which one<span style="font-size: 1px; color: white;">seal</span>of<span style="font-size: 1px; color: white;">bnotb</span>the<span style="font-size: 1px; color: white;">harass</span>following<span style="font-size: 1px; color: white;">aitaqi</span>pH values<span style="font-size: 1px; color: white;">etest</span>falls outside<span style="font-size: 1px; color: white;">influx</span>the<span style="font-size: 1px; color: white;">cope</span>optimal buffering<span style="font-size: 1px; color: white;">navy</span>rangeof Phosphoric acid?</p><span style="font-size: 1px; color: white;">caries</span></div>
    </div>
    <choiceInteraction maxChoices="1" responseIdentifier="RESPONSE" shuffle="true">
      <simpleChoice fixed="true" identifier="answer_1">
        <p>
          <div id="drv_508e" oncopy="return false;" onpaste="return false;" oncut="return false;" oncontextmenu="return false;" onmousedown="return false;" onselectstart="return false;">pH <span style="color: #631c1c">2.7</span><span style="font-size: 1px; color: white;">block</span></div>
        </p>
      </simpleChoice>
      <simpleChoice fixed="true" identifier="answer_2">
        <p>
          <div id="drv_8f6e" oncopy="return false;" onpaste="return false;" oncut="return false;" oncontextmenu="return false;" onmousedown="return false;" onselectstart="return false;">pH <span style="color: #3b1c1c">5.1</span> </div>
        </p>
      </simpleChoice>
      <simpleChoice fixed="true" identifier="answer_3">
        <p>
          <div id="drv_a31e" oncopy="return false;" onpaste="return false;" oncut="return false;" oncontextmenu="return false;" onmousedown="return false;" onselectstart="return false;">pH <span style="color: #1c1c24">7.5</span><span style="font-size: 1px; color: white;">manner</span></div>
        </p>
      </simpleChoice>
      <simpleChoice fixed="true" identifier="answer_4">
        <p>
          <div id="drv_b3c2" oncopy="return false;" onpaste="return false;" oncut="return false;" oncontextmenu="return false;" onmousedown="return false;" onselectstart="return false;">pH <span style="color: #1c1c6f">12.0</span> </div>
        </p>
      </simpleChoice>
      <simpleChoice fixed="true" identifier="answer_5">
        <p>
          <div id="drv_462b" oncopy="return false;" onpaste="return false;" oncut="return false;" oncontextmenu="return false;" onmousedown="return false;" onselectstart="return false;">pH <span style="color: #1c1c7c">12.8</span><span style="font-size: 1px; color: white;">bell</span></div>
        </p>
      </simpleChoice>
    </choiceInteraction>
  </itemBody>
  <responseProcessing>
    <responseCondition>
      <responseIf>
        <match>
          <variable identifier="RESPONSE"/>
          <correct identifier="RESPONSE"/>
        </match>
      </responseIf>
    </responseCondition>
  </responseProcessing>
</assessmentItem>
