<?xml version='1.0' encoding='UTF-8'?>
<assessmentItem xmlns="http://www.imsglobal.org/xsd/imsqti_v2p1" xmlns:xsi="http://www.w3.org/2001/XMLSchema-instance" xmlns:ns8="http://www.w3.org/1999/xlink" xmlns:ns9="http://www.imsglobal.org/xsd/apip/apipv1p0/imsapip_qtiv1p0" xsi:schemaLocation="http://www.imsglobal.org/xsd/imsqti_v2p1 http://www.imsglobal.org/xsd/qti/qtiv2p1/imsqti_v2p1.xsd" title="7a18_b1a8_e314" adaptive="false" timeDependent="false" identifier="7a18_b1a8_e314">
  <responseDeclaration baseType="identifier" cardinality="single" identifier="RESPONSE">
    <correctResponse>
      <value>answer_003</value>
    </correctResponse>
  </responseDeclaration>
  <outcomeDeclaration baseType="float" cardinality="single" identifier="SCORE"/>
  <itemBody>
    <div>
      <div id="drv_5b48" oncopy="return false;" onpaste="return false;" oncut="return false;" oncontextmenu="return false;" onmousedown="return false;" onselectstart="return false;"><p><strong>Ethylenediaminetetraacetic acid</strong> and its conjugate<span style="font-size: 1px; color: white;">toes</span>base, EDTA, is<span style="font-size: 1px; color: white;">wide</span>commonly<span style="font-size: 1px; color: white;">center</span>used in chelation<span style="font-size: 1px; color: white;">board</span>therapy<span style="font-size: 1px; color: white;">treats</span>and as<span style="font-size: 1px; color: white;">rock</span>a chelating<span style="font-size: 1px; color: white;">easily</span>agent<span style="font-size: 1px; color: white;">novel</span>in biochemical<span style="font-size: 1px; color: white;">dense</span>experiments..</p> <p>Ethylenediaminetetraacetic<span style="font-size: 1px; color: white;">appear</span>acid<span style="font-size: 1px; color: white;">test</span>is<span style="font-size: 1px; color: white;">expose</span>tetraprotic<span style="font-size: 1px; color: white;">avp</span>with pK<sub>a</sub> values<span style="font-size: 1px; color: white;">both</span>of <strong>2.00</strong>, <strong>2.67</strong>, <strong>6.16</strong>, and <strong>10.26</strong>.</p> <p>Which one<span style="font-size: 1px; color: white;">larger</span>of<span style="font-size: 1px; color: white;">ensure</span>the following pH values<span style="font-size: 1px; color: white;">test</span>falls<span style="font-size: 1px; color: white;">main</span>outside the optimal<span style="font-size: 1px; color: white;">green</span>buffering<span style="font-size: 1px; color: white;">bad</span>rangeof Ethylenediaminetetraacetic<span style="font-size: 1px; color: white;">edge</span>acid?</p><span style="font-size: 1px; color: white;">get</span></div>
    </div>
    <choiceInteraction maxChoices="1" responseIdentifier="RESPONSE" shuffle="true">
      <simpleChoice fixed="true" identifier="answer_1">
        <p>
          <div id="drv_0da5" oncopy="return false;" onpaste="return false;" oncut="return false;" oncontextmenu="return false;" onmousedown="return false;" onselectstart="return false;">pH <span style="color: #6d1c1c">2.1</span> </div>
        </p>
      </simpleChoice>
      <simpleChoice fixed="true" identifier="answer_2">
        <p>
          <div id="drv_d196" oncopy="return false;" onpaste="return false;" oncut="return false;" oncontextmenu="return false;" onmousedown="return false;" onselectstart="return false;">pH <span style="color: #601c1c">2.9</span><span style="font-size: 1px; color: white;">sister</span></div>
        </p>
      </simpleChoice>
      <simpleChoice fixed="true" identifier="answer_3">
        <p>
          <div id="drv_bb5f" oncopy="return false;" onpaste="return false;" oncut="return false;" oncontextmenu="return false;" onmousedown="return false;" onselectstart="return false;">pH <span style="color: #441c1c">4.6</span> </div>
        </p>
      </simpleChoice>
      <simpleChoice fixed="true" identifier="answer_4">
        <p>
          <div id="drv_73ac" oncopy="return false;" onpaste="return false;" oncut="return false;" oncontextmenu="return false;" onmousedown="return false;" onselectstart="return false;">pH <span style="color: #1f1c1c">6.8</span><span style="font-size: 1px; color: white;">group</span></div>
        </p>
      </simpleChoice>
      <simpleChoice fixed="true" identifier="answer_5">
        <p>
          <div id="drv_921f" oncopy="return false;" onpaste="return false;" oncut="return false;" oncontextmenu="return false;" onmousedown="return false;" onselectstart="return false;">pH <span style="color: #1c1c54">10.4</span> </div>
        </p>
      </simpleChoice>
    </choiceInteraction>
  </itemBody>
  <responseProcessing>
    <responseCondition>
      <responseIf>
        <match>
          <variable identifier="RESPONSE"/>
          <correct identifier="RESPONSE"/>
        </match>
      </responseIf>
    </responseCondition>
  </responseProcessing>
</assessmentItem>
