<?xml version='1.0' encoding='UTF-8'?>
<assessmentItem xmlns="http://www.imsglobal.org/xsd/imsqti_v2p1" xmlns:xsi="http://www.w3.org/2001/XMLSchema-instance" xmlns:ns8="http://www.w3.org/1999/xlink" xmlns:ns9="http://www.imsglobal.org/xsd/apip/apipv1p0/imsapip_qtiv1p0" xsi:schemaLocation="http://www.imsglobal.org/xsd/imsqti_v2p1 http://www.imsglobal.org/xsd/qti/qtiv2p1/imsqti_v2p1.xsd" title="b419_6cc2_8578" adaptive="false" timeDependent="false" identifier="b419_6cc2_8578">
  <responseDeclaration baseType="identifier" cardinality="single" identifier="RESPONSE">
    <correctResponse>
      <value>answer_004</value>
    </correctResponse>
  </responseDeclaration>

  <outcomeDeclaration baseType="float" cardinality="single" identifier="SCORE"/>

  <itemBody>
    <div><p><strong>Arsenic acid</strong> and its conjugate base, arsenate, is extremely toxic, corrosive, and carcinogenic; it serves as a precursor to a variety of pesticides.</p> <p>Arsenic acid is triprotic with pK<sub>a</sub> values of <strong>2.19</strong>, <strong>6.94</strong>, and <strong>11.50</strong>.</p> <p>Which one of the following pH values falls outside the optimal buffering rangeof Arsenic acid?</p></div>
    <choiceInteraction maxChoices="1" responseIdentifier="RESPONSE" shuffle="true">
      <simpleChoice fixed="true" identifier="answer_1">
        <p>pH <span style="color: #791c1c">1.4</span></p>
      </simpleChoice>
      <simpleChoice fixed="true" identifier="answer_2">
        <p>pH <span style="color: #5c1c1c">3.1</span></p>
      </simpleChoice>
      <simpleChoice fixed="true" identifier="answer_3">
        <p>pH <span style="color: #1c1c1d">7.1</span></p>
      </simpleChoice>
      <simpleChoice fixed="true" identifier="answer_4">
        <p>pH <span style="color: #1c1c4a">9.8</span></p>
      </simpleChoice>
      <simpleChoice fixed="true" identifier="answer_5">
        <p>pH <span style="color: #1c1c5b">10.8</span></p>
      </simpleChoice>
    </choiceInteraction>
  </itemBody>

  <responseProcessing>
    <responseCondition>
      <responseIf>
        <match>
          <variable identifier="RESPONSE"/>
          <correct identifier="RESPONSE"/>
        </match>
      </responseIf>
    </responseCondition>
  </responseProcessing>
</assessmentItem>
