<?xml version='1.0' encoding='UTF-8'?>
<assessmentItem xmlns="http://www.imsglobal.org/xsd/imsqti_v2p1" xmlns:xsi="http://www.w3.org/2001/XMLSchema-instance" xmlns:ns8="http://www.w3.org/1999/xlink" xmlns:ns9="http://www.imsglobal.org/xsd/apip/apipv1p0/imsapip_qtiv1p0" xsi:schemaLocation="http://www.imsglobal.org/xsd/imsqti_v2p1 http://www.imsglobal.org/xsd/qti/qtiv2p1/imsqti_v2p1.xsd" title="c35a_9b1e_0d4e" adaptive="false" timeDependent="false" identifier="c35a_9b1e_0d4e">
  <responseDeclaration baseType="identifier" cardinality="single" identifier="RESPONSE">
    <correctResponse>
      <value>answer_005</value>
    </correctResponse>
  </responseDeclaration>

  <outcomeDeclaration baseType="float" cardinality="single" identifier="SCORE"/>

  <itemBody>
    <div><p><strong>Ethylenediaminetetraacetic acid</strong> and its conjugate base, EDTA, is commonly used in chelation therapy and as a chelating agent in biochemical experiments..</p> <p>Ethylenediaminetetraacetic acid is tetraprotic with pK<sub>a</sub> values of <strong>2.00</strong>, <strong>2.67</strong>, <strong>6.16</strong>, and <strong>10.26</strong>.</p> <p>Which one of the following pH values falls outside the optimal buffering rangeof Ethylenediaminetetraacetic acid?</p></div>
    <choiceInteraction maxChoices="1" responseIdentifier="RESPONSE" shuffle="true">
      <simpleChoice fixed="true" identifier="answer_1">
        <p>pH <span style="color: #6a1c1c">2.3</span></p>
      </simpleChoice>
      <simpleChoice fixed="true" identifier="answer_2">
        <p>pH <span style="color: #621c1c">2.8</span></p>
      </simpleChoice>
      <simpleChoice fixed="true" identifier="answer_3">
        <p>pH <span style="color: #361c1c">5.4</span></p>
      </simpleChoice>
      <simpleChoice fixed="true" identifier="answer_4">
        <p>pH <span style="color: #1c1c60">11.1</span></p>
      </simpleChoice>
      <simpleChoice fixed="true" identifier="answer_5">
        <p>pH <span style="color: #1c1c68">11.6</span></p>
      </simpleChoice>
    </choiceInteraction>
  </itemBody>

  <responseProcessing>
    <responseCondition>
      <responseIf>
        <match>
          <variable identifier="RESPONSE"/>
          <correct identifier="RESPONSE"/>
        </match>
      </responseIf>
    </responseCondition>
  </responseProcessing>
</assessmentItem>
