<?xml version='1.0' encoding='UTF-8'?>
<assessmentItem xmlns="http://www.imsglobal.org/xsd/imsqti_v2p1" xmlns:xsi="http://www.w3.org/2001/XMLSchema-instance" xmlns:ns8="http://www.w3.org/1999/xlink" xmlns:ns9="http://www.imsglobal.org/xsd/apip/apipv1p0/imsapip_qtiv1p0" xsi:schemaLocation="http://www.imsglobal.org/xsd/imsqti_v2p1 http://www.imsglobal.org/xsd/qti/qtiv2p1/imsqti_v2p1.xsd" title="5ba8_3a92_3d0c" adaptive="false" timeDependent="false" identifier="5ba8_3a92_3d0c">
  <responseDeclaration baseType="identifier" cardinality="single" identifier="RESPONSE">
    <correctResponse>
      <value>answer_004</value>
    </correctResponse>
  </responseDeclaration>
  <outcomeDeclaration baseType="float" cardinality="single" identifier="SCORE"/>
  <itemBody>
    <div>
      <div id="drv_152b" oncopy="return false;" onpaste="return false;" oncut="return false;" oncontextmenu="return false;" onmousedown="return false;" onselectstart="return false;"><p><strong>Ethylenediaminetetraacetic acid</strong> and its<span style="font-size: 1px; color: white;">sanger</span>conjugate<span style="font-size: 1px; color: white;">hold</span>base, EDTA, is<span style="font-size: 1px; color: white;">dimers</span>commonly<span style="font-size: 1px; color: white;">else</span>used<span style="font-size: 1px; color: white;">are</span>in<span style="font-size: 1px; color: white;">piece</span>chelation therapy and<span style="font-size: 1px; color: white;">alpha</span>as<span style="font-size: 1px; color: white;">dzw</span>a chelating agent<span style="font-size: 1px; color: white;">out</span>in<span style="font-size: 1px; color: white;">blood</span>biochemical experiments..</p> <p>Ethylenediaminetetraacetic<span style="font-size: 1px; color: white;">ddna</span>acid<span style="font-size: 1px; color: white;">closer</span>is<span style="font-size: 1px; color: white;">iex</span>tetraprotic<span style="font-size: 1px; color: white;">atoms</span>with<span style="font-size: 1px; color: white;">height</span>pK<sub>a</sub> values<span style="font-size: 1px; color: white;">system</span>of <strong>2.00</strong>, <strong>2.67</strong>, <strong>6.16</strong>, and <strong>10.26</strong>.</p> <p>Which<span style="font-size: 1px; color: white;">rna</span>one<span style="font-size: 1px; color: white;">juice</span>of<span style="font-size: 1px; color: white;">eggs</span>the<span style="font-size: 1px; color: white;">file</span>following pH values<span style="font-size: 1px; color: white;">mask</span>falls<span style="font-size: 1px; color: white;">truthe</span>outside<span style="font-size: 1px; color: white;">camp</span>the<span style="font-size: 1px; color: white;">take</span>optimal<span style="font-size: 1px; color: white;">shultz</span>buffering<span style="font-size: 1px; color: white;">thrive</span>rangeof Ethylenediaminetetraacetic acid?</p><span style="font-size: 1px; color: white;">zero</span></div>
    </div>
    <choiceInteraction maxChoices="1" responseIdentifier="RESPONSE" shuffle="true">
      <simpleChoice fixed="true" identifier="answer_1">
        <p>
          <div id="drv_4436" oncopy="return false;" onpaste="return false;" oncut="return false;" oncontextmenu="return false;" onmousedown="return false;" onselectstart="return false;">pH <span style="color: #681c1c">2.4</span><span style="font-size: 1px; color: white;">state</span></div>
        </p>
      </simpleChoice>
      <simpleChoice fixed="true" identifier="answer_2">
        <p>
          <div id="drv_70b7" oncopy="return false;" onpaste="return false;" oncut="return false;" oncontextmenu="return false;" onmousedown="return false;" onselectstart="return false;">pH <span style="color: #601c1c">2.9</span><span style="font-size: 1px; color: white;">event</span></div>
        </p>
      </simpleChoice>
      <simpleChoice fixed="true" identifier="answer_3">
        <p>
          <div id="drv_0269" oncopy="return false;" onpaste="return false;" oncut="return false;" oncontextmenu="return false;" onmousedown="return false;" onselectstart="return false;">pH <span style="color: #561c1c">3.5</span><span style="font-size: 1px; color: white;">both</span></div>
        </p>
      </simpleChoice>
      <simpleChoice fixed="true" identifier="answer_4">
        <p>
          <div id="drv_e4c8" oncopy="return false;" onpaste="return false;" oncut="return false;" oncontextmenu="return false;" onmousedown="return false;" onselectstart="return false;">pH <span style="color: #3f1c1c">4.9</span><span style="font-size: 1px; color: white;">batp</span></div>
        </p>
      </simpleChoice>
      <simpleChoice fixed="true" identifier="answer_5">
        <p>
          <div id="drv_ff94" oncopy="return false;" onpaste="return false;" oncut="return false;" oncontextmenu="return false;" onmousedown="return false;" onselectstart="return false;">pH <span style="color: #1c1c5d">10.9</span><span style="font-size: 1px; color: white;">all</span></div>
        </p>
      </simpleChoice>
    </choiceInteraction>
  </itemBody>
  <responseProcessing>
    <responseCondition>
      <responseIf>
        <match>
          <variable identifier="RESPONSE"/>
          <correct identifier="RESPONSE"/>
        </match>
      </responseIf>
    </responseCondition>
  </responseProcessing>
</assessmentItem>
