<?xml version='1.0' encoding='UTF-8'?>
<assessmentItem xmlns="http://www.imsglobal.org/xsd/imsqti_v2p1" xmlns:xsi="http://www.w3.org/2001/XMLSchema-instance" xmlns:ns8="http://www.w3.org/1999/xlink" xmlns:ns9="http://www.imsglobal.org/xsd/apip/apipv1p0/imsapip_qtiv1p0" xsi:schemaLocation="http://www.imsglobal.org/xsd/imsqti_v2p1 http://www.imsglobal.org/xsd/qti/qtiv2p1/imsqti_v2p1.xsd" title="12d6_11f1_c61a" adaptive="false" timeDependent="false" identifier="12d6_11f1_c61a">
  <responseDeclaration baseType="identifier" cardinality="single" identifier="RESPONSE">
    <correctResponse>
      <value>answer_002</value>
    </correctResponse>
  </responseDeclaration>
  <outcomeDeclaration baseType="float" cardinality="single" identifier="SCORE"/>
  <itemBody>
    <div>
      <div id="drv_f57f" oncopy="return false;" onpaste="return false;" oncut="return false;" oncontextmenu="return false;" onmousedown="return false;" onselectstart="return false;"><p><strong>Phosphoric<span style="font-size: 1px; color: white;">tail</span>acid</strong> and<span style="font-size: 1px; color: white;">xyloid</span>its<span style="font-size: 1px; color: white;">field</span>conjugate<span style="font-size: 1px; color: white;">author</span>base, phosphate, is abbreviated P<sub>i</sub> and<span style="font-size: 1px; color: white;">alerts</span>is<span style="font-size: 1px; color: white;">fuses</span>formed by<span style="font-size: 1px; color: white;">works</span>cells<span style="font-size: 1px; color: white;">esspan</span>from<span style="font-size: 1px; color: white;">runway</span>the<span style="font-size: 1px; color: white;">times</span>hydrolysis<span style="font-size: 1px; color: white;">term</span>of ATP into ADP.</p> <p>Phosphoric<span style="font-size: 1px; color: white;">shape</span>acid<span style="font-size: 1px; color: white;">plot</span>is<span style="font-size: 1px; color: white;">useful</span>triprotic with<span style="font-size: 1px; color: white;">acid</span>pK<sub>a</sub> values of <strong>2.16</strong>, <strong>7.21</strong>, and <strong>12.32</strong>.</p> <p>Which<span style="font-size: 1px; color: white;">tipoff</span>one<span style="font-size: 1px; color: white;">lines</span>of<span style="font-size: 1px; color: white;">moving</span>the following<span style="font-size: 1px; color: white;">althyp</span>pH values<span style="font-size: 1px; color: white;">fills</span>falls outside<span style="font-size: 1px; color: white;">taking</span>the optimal<span style="font-size: 1px; color: white;">train</span>buffering<span style="font-size: 1px; color: white;">lyxose</span>rangeof Phosphoric acid?</p><span style="font-size: 1px; color: white;">need</span></div>
    </div>
    <choiceInteraction maxChoices="1" responseIdentifier="RESPONSE" shuffle="true">
      <simpleChoice fixed="true" identifier="answer_1">
        <p>
          <div id="drv_18ad" oncopy="return false;" onpaste="return false;" oncut="return false;" oncontextmenu="return false;" onmousedown="return false;" onselectstart="return false;">pH <span style="color: #711c1c">1.9</span> </div>
        </p>
      </simpleChoice>
      <simpleChoice fixed="true" identifier="answer_2">
        <p>
          <div id="drv_5f2f" oncopy="return false;" onpaste="return false;" oncut="return false;" oncontextmenu="return false;" onmousedown="return false;" onselectstart="return false;">pH <span style="color: #451c1c">4.5</span><span style="font-size: 1px; color: white;">front</span></div>
        </p>
      </simpleChoice>
      <simpleChoice fixed="true" identifier="answer_3">
        <p>
          <div id="drv_e3b4" oncopy="return false;" onpaste="return false;" oncut="return false;" oncontextmenu="return false;" onmousedown="return false;" onselectstart="return false;">pH <span style="color: #221c1c">6.6</span><span style="font-size: 1px; color: white;">exy</span></div>
        </p>
      </simpleChoice>
      <simpleChoice fixed="true" identifier="answer_4">
        <p>
          <div id="drv_7f33" oncopy="return false;" onpaste="return false;" oncut="return false;" oncontextmenu="return false;" onmousedown="return false;" onselectstart="return false;">pH <span style="color: #1c1c22">7.4</span><span style="font-size: 1px; color: white;">itself</span></div>
        </p>
      </simpleChoice>
      <simpleChoice fixed="true" identifier="answer_5">
        <p>
          <div id="drv_d631" oncopy="return false;" onpaste="return false;" oncut="return false;" oncontextmenu="return false;" onmousedown="return false;" onselectstart="return false;">pH <span style="color: #1c1c6a">11.7</span><span style="font-size: 1px; color: white;">probes</span></div>
        </p>
      </simpleChoice>
    </choiceInteraction>
  </itemBody>
  <responseProcessing>
    <responseCondition>
      <responseIf>
        <match>
          <variable identifier="RESPONSE"/>
          <correct identifier="RESPONSE"/>
        </match>
      </responseIf>
    </responseCondition>
  </responseProcessing>
</assessmentItem>
