<?xml version='1.0' encoding='UTF-8'?>
<assessmentItem xmlns="http://www.imsglobal.org/xsd/imsqti_v2p1" xmlns:xsi="http://www.w3.org/2001/XMLSchema-instance" xmlns:ns8="http://www.w3.org/1999/xlink" xmlns:ns9="http://www.imsglobal.org/xsd/apip/apipv1p0/imsapip_qtiv1p0" xsi:schemaLocation="http://www.imsglobal.org/xsd/imsqti_v2p1 http://www.imsglobal.org/xsd/qti/qtiv2p1/imsqti_v2p1.xsd" title="aef1_cfd2_2b4a" adaptive="false" timeDependent="false" identifier="aef1_cfd2_2b4a">
  <responseDeclaration baseType="identifier" cardinality="single" identifier="RESPONSE">
    <correctResponse>
      <value>answer_003</value>
    </correctResponse>
  </responseDeclaration>
  <outcomeDeclaration baseType="float" cardinality="single" identifier="SCORE"/>
  <itemBody>
    <div>
      <div id="drv_a345" oncopy="return false;" onpaste="return false;" oncut="return false;" oncontextmenu="return false;" onmousedown="return false;" onselectstart="return false;"><p><strong>Arsenic<span style="font-size: 1px; color: white;">dreba</span>acid</strong> and its conjugate base, arsenate, is<span style="font-size: 1px; color: white;">hydrid</span>extremely<span style="font-size: 1px; color: white;">washer</span>toxic, corrosive, and<span style="font-size: 1px; color: white;">oxygen</span>carcinogenic; it<span style="font-size: 1px; color: white;">linked</span>serves as a precursor<span style="font-size: 1px; color: white;">etest</span>to a variety<span style="font-size: 1px; color: white;">thin</span>of pesticides.</p> <p>Arsenic<span style="font-size: 1px; color: white;">drift</span>acid<span style="font-size: 1px; color: white;">keep</span>is<span style="font-size: 1px; color: white;">ring</span>triprotic with pK<sub>a</sub> values<span style="font-size: 1px; color: white;">blocks</span>of <strong>2.19</strong>, <strong>6.94</strong>, and <strong>11.50</strong>.</p> <p>Which<span style="font-size: 1px; color: white;">lime</span>one<span style="font-size: 1px; color: white;">who</span>of<span style="font-size: 1px; color: white;">passed</span>the<span style="font-size: 1px; color: white;">cancer</span>following<span style="font-size: 1px; color: white;">tracks</span>pH values falls outside the<span style="font-size: 1px; color: white;">pvalue</span>optimal<span style="font-size: 1px; color: white;">truthd</span>buffering<span style="font-size: 1px; color: white;">larger</span>rangeof Arsenic<span style="font-size: 1px; color: white;">ion</span>acid?</p><span style="font-size: 1px; color: white;">still</span></div>
    </div>
    <choiceInteraction maxChoices="1" responseIdentifier="RESPONSE" shuffle="true">
      <simpleChoice fixed="true" identifier="answer_1">
        <p>
          <div id="drv_30a1" oncopy="return false;" onpaste="return false;" oncut="return false;" oncontextmenu="return false;" onmousedown="return false;" onselectstart="return false;">pH <span style="color: #5c1c1c">3.1</span><span style="font-size: 1px; color: white;">hiv</span></div>
        </p>
      </simpleChoice>
      <simpleChoice fixed="true" identifier="answer_2">
        <p>
          <div id="drv_f3ed" oncopy="return false;" onpaste="return false;" oncut="return false;" oncontextmenu="return false;" onmousedown="return false;" onselectstart="return false;">pH <span style="color: #261c1c">6.4</span> </div>
        </p>
      </simpleChoice>
      <simpleChoice fixed="true" identifier="answer_3">
        <p>
          <div id="drv_16e7" oncopy="return false;" onpaste="return false;" oncut="return false;" oncontextmenu="return false;" onmousedown="return false;" onselectstart="return false;">pH <span style="color: #1c1c3e">9.1</span><span style="font-size: 1px; color: white;">sulfur</span></div>
        </p>
      </simpleChoice>
      <simpleChoice fixed="true" identifier="answer_4">
        <p>
          <div id="drv_c0ae" oncopy="return false;" onpaste="return false;" oncut="return false;" oncontextmenu="return false;" onmousedown="return false;" onselectstart="return false;">pH <span style="color: #1c1c5b">10.8</span><span style="font-size: 1px; color: white;">single</span></div>
        </p>
      </simpleChoice>
      <simpleChoice fixed="true" identifier="answer_5">
        <p>
          <div id="drv_dada" oncopy="return false;" onpaste="return false;" oncut="return false;" oncontextmenu="return false;" onmousedown="return false;" onselectstart="return false;">pH <span style="color: #1c1c6f">12.0</span> </div>
        </p>
      </simpleChoice>
    </choiceInteraction>
  </itemBody>
  <responseProcessing>
    <responseCondition>
      <responseIf>
        <match>
          <variable identifier="RESPONSE"/>
          <correct identifier="RESPONSE"/>
        </match>
      </responseIf>
    </responseCondition>
  </responseProcessing>
</assessmentItem>
