<?xml version='1.0' encoding='UTF-8'?>
<assessmentItem xmlns="http://www.imsglobal.org/xsd/imsqti_v2p1" xmlns:xsi="http://www.w3.org/2001/XMLSchema-instance" xmlns:ns8="http://www.w3.org/1999/xlink" xmlns:ns9="http://www.imsglobal.org/xsd/apip/apipv1p0/imsapip_qtiv1p0" xsi:schemaLocation="http://www.imsglobal.org/xsd/imsqti_v2p1 http://www.imsglobal.org/xsd/qti/qtiv2p1/imsqti_v2p1.xsd" title="a704_0f47_f1ed" adaptive="false" timeDependent="false" identifier="a704_0f47_f1ed">
  <responseDeclaration baseType="identifier" cardinality="single" identifier="RESPONSE">
    <correctResponse>
      <value>answer_003</value>
    </correctResponse>
  </responseDeclaration>
  <outcomeDeclaration baseType="float" cardinality="single" identifier="SCORE"/>
  <itemBody>
    <div>
      <div id="drv_bbb8" oncopy="return false;" onpaste="return false;" oncut="return false;" oncontextmenu="return false;" onmousedown="return false;" onselectstart="return false;"><p><strong>Phosphoric<span style="font-size: 1px; color: white;">novel</span>acid</strong> and<span style="font-size: 1px; color: white;">select</span>its conjugate<span style="font-size: 1px; color: white;">data</span>base, phosphate, is abbreviated P<sub>i</sub> and is<span style="font-size: 1px; color: white;">immune</span>formed<span style="font-size: 1px; color: white;">carbon</span>by<span style="font-size: 1px; color: white;">reduce</span>cells<span style="font-size: 1px; color: white;">homo</span>from<span style="font-size: 1px; color: white;">abf</span>the<span style="font-size: 1px; color: white;">sleep</span>hydrolysis<span style="font-size: 1px; color: white;">aids</span>of ATP into ADP.</p> <p>Phosphoric acid is triprotic<span style="font-size: 1px; color: white;">exons</span>with<span style="font-size: 1px; color: white;">help</span>pK<sub>a</sub> values<span style="font-size: 1px; color: white;">dental</span>of <strong>2.16</strong>, <strong>7.21</strong>, and <strong>12.32</strong>.</p> <p>Which<span style="font-size: 1px; color: white;">human</span>one of<span style="font-size: 1px; color: white;">yeah</span>the<span style="font-size: 1px; color: white;">rapid</span>following<span style="font-size: 1px; color: white;">meters</span>pH values<span style="font-size: 1px; color: white;">mating</span>falls<span style="font-size: 1px; color: white;">during</span>outside<span style="font-size: 1px; color: white;">place</span>the<span style="font-size: 1px; color: white;">redder</span>optimal<span style="font-size: 1px; color: white;">wick</span>buffering<span style="font-size: 1px; color: white;">mated</span>rangeof Phosphoric<span style="font-size: 1px; color: white;">likely</span>acid?</p><span style="font-size: 1px; color: white;">oxygen</span></div>
    </div>
    <choiceInteraction maxChoices="1" responseIdentifier="RESPONSE" shuffle="true">
      <simpleChoice fixed="true" identifier="answer_1">
        <p>
          <div id="drv_3c41" oncopy="return false;" onpaste="return false;" oncut="return false;" oncontextmenu="return false;" onmousedown="return false;" onselectstart="return false;">pH <span style="color: #791c1c">1.4</span> </div>
        </p>
      </simpleChoice>
      <simpleChoice fixed="true" identifier="answer_2">
        <p>
          <div id="drv_9cdf" oncopy="return false;" onpaste="return false;" oncut="return false;" oncontextmenu="return false;" onmousedown="return false;" onselectstart="return false;">pH <span style="color: #651c1c">2.6</span><span style="font-size: 1px; color: white;">plural</span></div>
        </p>
      </simpleChoice>
      <simpleChoice fixed="true" identifier="answer_3">
        <p>
          <div id="drv_7502" oncopy="return false;" onpaste="return false;" oncut="return false;" oncontextmenu="return false;" onmousedown="return false;" onselectstart="return false;">pH <span style="color: #2c1c1c">6.0</span><span style="font-size: 1px; color: white;">making</span></div>
        </p>
      </simpleChoice>
      <simpleChoice fixed="true" identifier="answer_4">
        <p>
          <div id="drv_2b39" oncopy="return false;" onpaste="return false;" oncut="return false;" oncontextmenu="return false;" onmousedown="return false;" onselectstart="return false;">pH <span style="color: #1c1c2e">8.1</span> </div>
        </p>
      </simpleChoice>
      <simpleChoice fixed="true" identifier="answer_5">
        <p>
          <div id="drv_99c8" oncopy="return false;" onpaste="return false;" oncut="return false;" oncontextmenu="return false;" onmousedown="return false;" onselectstart="return false;">pH <span style="color: #1c1c74">12.3</span> </div>
        </p>
      </simpleChoice>
    </choiceInteraction>
  </itemBody>
  <responseProcessing>
    <responseCondition>
      <responseIf>
        <match>
          <variable identifier="RESPONSE"/>
          <correct identifier="RESPONSE"/>
        </match>
      </responseIf>
    </responseCondition>
  </responseProcessing>
</assessmentItem>
