<?xml version='1.0' encoding='UTF-8'?>
<assessmentItem xmlns="http://www.imsglobal.org/xsd/imsqti_v2p1" xmlns:xsi="http://www.w3.org/2001/XMLSchema-instance" xmlns:ns8="http://www.w3.org/1999/xlink" xmlns:ns9="http://www.imsglobal.org/xsd/apip/apipv1p0/imsapip_qtiv1p0" xsi:schemaLocation="http://www.imsglobal.org/xsd/imsqti_v2p1 http://www.imsglobal.org/xsd/qti/qtiv2p1/imsqti_v2p1.xsd" title="10dd_3c32_47f3" adaptive="false" timeDependent="false" identifier="10dd_3c32_47f3">
  <responseDeclaration baseType="identifier" cardinality="single" identifier="RESPONSE">
    <correctResponse>
      <value>answer_004</value>
    </correctResponse>
  </responseDeclaration>
  <outcomeDeclaration baseType="float" cardinality="single" identifier="SCORE"/>
  <itemBody>
    <div>
      <div id="drv_f84a" oncopy="return false;" onpaste="return false;" oncut="return false;" oncontextmenu="return false;" onmousedown="return false;" onselectstart="return false;"><p><strong>Pyrophosphoric<span style="font-size: 1px; color: white;">pumps</span>acid</strong> and<span style="font-size: 1px; color: white;">muscle</span>its conjugate<span style="font-size: 1px; color: white;">apple</span>base, pyrophosphate, is<span style="font-size: 1px; color: white;">stats</span>abbreviated PP<sub>i</sub> and is<span style="font-size: 1px; color: white;">iex</span>formed<span style="font-size: 1px; color: white;">then</span>by cells from<span style="font-size: 1px; color: white;">last</span>the hydrolysis<span style="font-size: 1px; color: white;">lead</span>of ATP into AMP.</p> <p>Pyrophosphoric<span style="font-size: 1px; color: white;">expose</span>acid<span style="font-size: 1px; color: white;">flavor</span>is tetraprotic with<span style="font-size: 1px; color: white;">sexual</span>pK<sub>a</sub> values<span style="font-size: 1px; color: white;">seals</span>of <strong>0.91</strong>, <strong>2.10</strong>, <strong>6.70</strong>, and <strong>9.32</strong>.</p> <p>Which<span style="font-size: 1px; color: white;">highly</span>one of<span style="font-size: 1px; color: white;">gapdh</span>the<span style="font-size: 1px; color: white;">gaps</span>following<span style="font-size: 1px; color: white;">pain</span>pH values falls<span style="font-size: 1px; color: white;">chain</span>outside<span style="font-size: 1px; color: white;">not</span>the<span style="font-size: 1px; color: white;">even</span>optimal<span style="font-size: 1px; color: white;">heat</span>buffering rangeof Pyrophosphoric<span style="font-size: 1px; color: white;">exon</span>acid?</p><span style="font-size: 1px; color: white;">ceo</span></div>
    </div>
    <choiceInteraction maxChoices="1" responseIdentifier="RESPONSE" shuffle="true">
      <simpleChoice fixed="true" identifier="answer_1">
        <p>
          <div id="drv_9b96" oncopy="return false;" onpaste="return false;" oncut="return false;" oncontextmenu="return false;" onmousedown="return false;" onselectstart="return false;">pH <span style="color: #791c1c">1.4</span><span style="font-size: 1px; color: white;">occurs</span></div>
        </p>
      </simpleChoice>
      <simpleChoice fixed="true" identifier="answer_2">
        <p>
          <div id="drv_2521" oncopy="return false;" onpaste="return false;" oncut="return false;" oncontextmenu="return false;" onmousedown="return false;" onselectstart="return false;">pH <span style="color: #741c1c">1.7</span><span style="font-size: 1px; color: white;">break</span></div>
        </p>
      </simpleChoice>
      <simpleChoice fixed="true" identifier="answer_3">
        <p>
          <div id="drv_5a6a" oncopy="return false;" onpaste="return false;" oncut="return false;" oncontextmenu="return false;" onmousedown="return false;" onselectstart="return false;">pH <span style="color: #631c1c">2.7</span> </div>
        </p>
      </simpleChoice>
      <simpleChoice fixed="true" identifier="answer_4">
        <p>
          <div id="drv_ce9e" oncopy="return false;" onpaste="return false;" oncut="return false;" oncontextmenu="return false;" onmousedown="return false;" onselectstart="return false;">pH <span style="color: #451c1c">4.5</span> </div>
        </p>
      </simpleChoice>
      <simpleChoice fixed="true" identifier="answer_5">
        <p>
          <div id="drv_b811" oncopy="return false;" onpaste="return false;" oncut="return false;" oncontextmenu="return false;" onmousedown="return false;" onselectstart="return false;">pH <span style="color: #1d1c1c">6.9</span><span style="font-size: 1px; color: white;">germ</span></div>
        </p>
      </simpleChoice>
    </choiceInteraction>
  </itemBody>
  <responseProcessing>
    <responseCondition>
      <responseIf>
        <match>
          <variable identifier="RESPONSE"/>
          <correct identifier="RESPONSE"/>
        </match>
      </responseIf>
    </responseCondition>
  </responseProcessing>
</assessmentItem>
