<?xml version='1.0' encoding='UTF-8'?>
<assessmentItem xmlns="http://www.imsglobal.org/xsd/imsqti_v2p1" xmlns:xsi="http://www.w3.org/2001/XMLSchema-instance" xmlns:ns8="http://www.w3.org/1999/xlink" xmlns:ns9="http://www.imsglobal.org/xsd/apip/apipv1p0/imsapip_qtiv1p0" xsi:schemaLocation="http://www.imsglobal.org/xsd/imsqti_v2p1 http://www.imsglobal.org/xsd/qti/qtiv2p1/imsqti_v2p1.xsd" title="e47c_c52a_24ad" adaptive="false" timeDependent="false" identifier="e47c_c52a_24ad">
  <responseDeclaration baseType="identifier" cardinality="single" identifier="RESPONSE">
    <correctResponse>
      <value>answer_002</value>
    </correctResponse>
  </responseDeclaration>
  <outcomeDeclaration baseType="float" cardinality="single" identifier="SCORE"/>
  <itemBody>
    <div>
      <div id="drv_81f6" oncopy="return false;" onpaste="return false;" oncut="return false;" oncontextmenu="return false;" onmousedown="return false;" onselectstart="return false;"><p><strong>Pyrophosphoric<span style="font-size: 1px; color: white;">ramesh</span>acid</strong> and its<span style="font-size: 1px; color: white;">blaw</span>conjugate<span style="font-size: 1px; color: white;">bow</span>base, pyrophosphate, is abbreviated PP<sub>i</sub> and<span style="font-size: 1px; color: white;">xxy</span>is formed by<span style="font-size: 1px; color: white;">coo</span>cells<span style="font-size: 1px; color: white;">thing</span>from<span style="font-size: 1px; color: white;">works</span>the<span style="font-size: 1px; color: white;">duplex</span>hydrolysis<span style="font-size: 1px; color: white;">pka</span>of ATP into AMP.</p> <p>Pyrophosphoric acid<span style="font-size: 1px; color: white;">come</span>is<span style="font-size: 1px; color: white;">white</span>tetraprotic<span style="font-size: 1px; color: white;">patent</span>with<span style="font-size: 1px; color: white;">run</span>pK<sub>a</sub> values of <strong>0.91</strong>, <strong>2.10</strong>, <strong>6.70</strong>, and <strong>9.32</strong>.</p> <p>Which one of the<span style="font-size: 1px; color: white;">andor</span>following pH values<span style="font-size: 1px; color: white;">linked</span>falls<span style="font-size: 1px; color: white;">lysis</span>outside<span style="font-size: 1px; color: white;">spice</span>the<span style="font-size: 1px; color: white;">form</span>optimal buffering rangeof Pyrophosphoric acid?</p> </div>
    </div>
    <choiceInteraction maxChoices="1" responseIdentifier="RESPONSE" shuffle="true">
      <simpleChoice fixed="true" identifier="answer_1">
        <p>
          <div id="drv_3b29" oncopy="return false;" onpaste="return false;" oncut="return false;" oncontextmenu="return false;" onmousedown="return false;" onselectstart="return false;">pH <span style="color: #741c1c">1.7</span><span style="font-size: 1px; color: white;">bone</span></div>
        </p>
      </simpleChoice>
      <simpleChoice fixed="true" identifier="answer_2">
        <p>
          <div id="drv_db98" oncopy="return false;" onpaste="return false;" oncut="return false;" oncontextmenu="return false;" onmousedown="return false;" onselectstart="return false;">pH <span style="color: #391c1c">5.2</span><span style="font-size: 1px; color: white;">proton</span></div>
        </p>
      </simpleChoice>
      <simpleChoice fixed="true" identifier="answer_3">
        <p>
          <div id="drv_6944" oncopy="return false;" onpaste="return false;" oncut="return false;" oncontextmenu="return false;" onmousedown="return false;" onselectstart="return false;">pH <span style="color: #261c1c">6.4</span><span style="font-size: 1px; color: white;">fine</span></div>
        </p>
      </simpleChoice>
      <simpleChoice fixed="true" identifier="answer_4">
        <p>
          <div id="drv_485b" oncopy="return false;" onpaste="return false;" oncut="return false;" oncontextmenu="return false;" onmousedown="return false;" onselectstart="return false;">pH <span style="color: #1c1c22">7.4</span><span style="font-size: 1px; color: white;">add</span></div>
        </p>
      </simpleChoice>
      <simpleChoice fixed="true" identifier="answer_5">
        <p>
          <div id="drv_cf4f" oncopy="return false;" onpaste="return false;" oncut="return false;" oncontextmenu="return false;" onmousedown="return false;" onselectstart="return false;">pH <span style="color: #1c1c35">8.5</span> </div>
        </p>
      </simpleChoice>
    </choiceInteraction>
  </itemBody>
  <responseProcessing>
    <responseCondition>
      <responseIf>
        <match>
          <variable identifier="RESPONSE"/>
          <correct identifier="RESPONSE"/>
        </match>
      </responseIf>
    </responseCondition>
  </responseProcessing>
</assessmentItem>
