<?xml version='1.0' encoding='UTF-8'?>
<assessmentItem xmlns="http://www.imsglobal.org/xsd/imsqti_v2p1" xmlns:xsi="http://www.w3.org/2001/XMLSchema-instance" xmlns:ns8="http://www.w3.org/1999/xlink" xmlns:ns9="http://www.imsglobal.org/xsd/apip/apipv1p0/imsapip_qtiv1p0" xsi:schemaLocation="http://www.imsglobal.org/xsd/imsqti_v2p1 http://www.imsglobal.org/xsd/qti/qtiv2p1/imsqti_v2p1.xsd" title="0863_0dc0_9087" adaptive="false" timeDependent="false" identifier="0863_0dc0_9087">
  <responseDeclaration baseType="identifier" cardinality="single" identifier="RESPONSE">
    <correctResponse>
      <value>answer_004</value>
    </correctResponse>
  </responseDeclaration>

  <outcomeDeclaration baseType="float" cardinality="single" identifier="SCORE"/>

  <itemBody>
    <div>
      <p>
        <b>Calculate the ratio of weak base to conjugate acid.</b>
      </p>
      <p>For <strong>ammonia</strong> / <strong>ammonium</strong>, pK<sub>b</sub> = <span style="font-family: monospace;">4.76</span> and the desired pH is <span style="font-family: monospace;">8.42</span>.</p>
      <p><b>What is the ratio</b> [base] / [conjugate acid] ?</p>
      <p>Hint: pK<sub>a</sub> + pK<sub>b</sub> = 14.00 for a conjugate acid-base pair.</p>
    </div>
    <choiceInteraction maxChoices="1" responseIdentifier="RESPONSE" shuffle="true">
      <simpleChoice fixed="true" identifier="answer_1">
        <p>
          <span style="font-family: monospace;"> 0.303</span>
        </p>
      </simpleChoice>
      <simpleChoice fixed="true" identifier="answer_2">
        <p>
          <span style="font-family: monospace;"> 0.015</span>
        </p>
      </simpleChoice>
      <simpleChoice fixed="true" identifier="answer_3">
        <p>
          <span style="font-family: monospace;"> 0.076</span>
        </p>
      </simpleChoice>
      <simpleChoice fixed="true" identifier="answer_4">
        <p>
          <span style="font-family: monospace;"> 0.151</span>
        </p>
      </simpleChoice>
    </choiceInteraction>
  </itemBody>

  <responseProcessing>
    <responseCondition>
      <responseIf>
        <match>
          <variable identifier="RESPONSE"/>
          <correct identifier="RESPONSE"/>
        </match>
      </responseIf>
    </responseCondition>
  </responseProcessing>
</assessmentItem>
