<?xml version='1.0' encoding='UTF-8'?>
<assessmentItem xmlns="http://www.imsglobal.org/xsd/imsqti_v2p1" xmlns:xsi="http://www.w3.org/2001/XMLSchema-instance" xmlns:ns8="http://www.w3.org/1999/xlink" xmlns:ns9="http://www.imsglobal.org/xsd/apip/apipv1p0/imsapip_qtiv1p0" xsi:schemaLocation="http://www.imsglobal.org/xsd/imsqti_v2p1 http://www.imsglobal.org/xsd/qti/qtiv2p1/imsqti_v2p1.xsd" title="a524_7e03_d3cf" adaptive="false" timeDependent="false" identifier="a524_7e03_d3cf">
  <responseDeclaration baseType="identifier" cardinality="single" identifier="RESPONSE">
    <correctResponse>
      <value>answer_005</value>
    </correctResponse>
  </responseDeclaration>

  <outcomeDeclaration baseType="float" cardinality="single" identifier="SCORE"/>

  <itemBody>
    <div>
      <p>Which one of the following statements is<strong> <span style="color: #ba372a;"><strong>FALSE</strong></span> </strong> about the Gibbs <strong><span style="color: #7b12a1;"><strong><span style="color: #7b12a1;">free energy</span></strong></span></strong>, <strong><span style="color: #004d99;"><strong>Δ<i>G</i></strong></span></strong> = <strong><span style="color: #e60000;"><strong>Δ<i>H</i></strong></span></strong> – <strong><span style="color: #e69100;"><strong><i>T</i></strong></span></strong><strong><span style="color: #0a9bf5;"><strong>Δ<i>S</i></strong></span></strong>?</p>
    </div>
    <choiceInteraction maxChoices="1" responseIdentifier="RESPONSE" shuffle="true">
      <simpleChoice fixed="true" identifier="answer_1">
        <p><strong><span style="color: #e65400;">enthalpy</span></strong> is associated with the amount of heat exchanged with the environment</p>
      </simpleChoice>
      <simpleChoice fixed="true" identifier="answer_2">
        <p>Positive <strong><span style="color: #00b3b3;">entropy</span></strong> makes a reaction more favorable</p>
      </simpleChoice>
      <simpleChoice fixed="true" identifier="answer_3">
        <p>When <strong><span style="color: #004d99;"><strong>Δ<i>G</i></strong></span></strong> = 0 the reaction has reached equilibrium</p>
      </simpleChoice>
      <simpleChoice fixed="true" identifier="answer_4">
        <p><strong><span style="color: #e69100;"><strong><i>T</i></strong></span></strong>is the <strong><span style="color: #b3b300;">temperature</span></strong> in <strong><span style="color: #cc0066;">degrees Kelvin</span></strong></p>
      </simpleChoice>
      <simpleChoice fixed="true" identifier="answer_5">
        <p><strong><span style="color: #e60000;"><strong>Δ<i>H</i></strong></span></strong> is the change in <strong><span style="color: #00b3b3;"><strong><span style="color: #00b3b3;">entropy</span></strong></span></strong></p>
      </simpleChoice>
    </choiceInteraction>
  </itemBody>

  <responseProcessing>
    <responseCondition>
      <responseIf>
        <match>
          <variable identifier="RESPONSE"/>
          <correct identifier="RESPONSE"/>
        </match>
      </responseIf>
    </responseCondition>
  </responseProcessing>
</assessmentItem>
