<?xml version='1.0' encoding='UTF-8'?>
<assessmentItem xmlns="http://www.imsglobal.org/xsd/imsqti_v2p1" xmlns:xsi="http://www.w3.org/2001/XMLSchema-instance" xmlns:ns8="http://www.w3.org/1999/xlink" xmlns:ns9="http://www.imsglobal.org/xsd/apip/apipv1p0/imsapip_qtiv1p0" xsi:schemaLocation="http://www.imsglobal.org/xsd/imsqti_v2p1 http://www.imsglobal.org/xsd/qti/qtiv2p1/imsqti_v2p1.xsd" title="d8f9_64cf_5fe1" adaptive="false" timeDependent="false" identifier="d8f9_64cf_5fe1">
  <responseDeclaration baseType="identifier" cardinality="single" identifier="RESPONSE">
    <correctResponse>
      <value>answer_001</value>
    </correctResponse>
  </responseDeclaration>
  <outcomeDeclaration baseType="float" cardinality="single" identifier="SCORE"/>
  <itemBody>
    <div>
      <div id="drv_1066" oncopy="return false;" onpaste="return false;" oncut="return false;" oncontextmenu="return false;" onmousedown="return false;" onselectstart="return false;"><p>Using<span style="font-size: 1px; color: white;">forkbr</span>a <span style="color: #7a1f7a;">previous<span style="font-size: 1px; color: white;">shaft</span>diluted<span style="font-size: 1px; color: white;">rate</span>sample</span> at <span style="font-size: 1.05em;"><span style="color: #228b22;"><span style="font-family: monospace;">DF=40</span></span></span>, create<span style="font-size: 1px; color: white;">damm</span>a new<span style="font-size: 1px; color: white;">carry</span>dilution<span style="font-size: 1px; color: white;">damage</span>with<span style="font-size: 1px; color: white;">middle</span>a final<span style="font-size: 1px; color: white;">varies</span>dilution of <span style="font-size: 1.05em;"><span style="color: #228b22;"><span style="font-family: monospace;">DF=70</span></span></span>.</p><p>How<span style="font-size: 1px; color: white;">events</span>much<span style="font-size: 1px; color: white;">father</span>liquid<span style="font-size: 1px; color: white;">combat</span>do you<span style="font-size: 1px; color: white;">dmd</span>add<span style="font-size: 1px; color: white;">expose</span>to<span style="font-size: 1px; color: white;">pushes</span>make<span style="font-size: 1px; color: white;">bpm</span>a total of <span style="font-size: 1.05em;"><span style="font-family: monospace;">770 μL</span></span>?</p> </div>
    </div>
    <choiceInteraction maxChoices="1" responseIdentifier="RESPONSE" shuffle="true">
      <simpleChoice fixed="true" identifier="answer_1">
        <p>
          <div id="drv_e053" oncopy="return false;" onpaste="return false;" oncut="return false;" oncontextmenu="return false;" onmousedown="return false;" onselectstart="return false;"><span style="color: #7a1f7a;"><span style="font-family: monospace;">440.0 mL</span> previously<span style="font-size: 1px; color: white;">solos</span>diluted sample (aliquot)</span><br/>  <span style="color: #005cb3;"><span style="font-family: monospace;">330 mL</span> distilled<span style="font-size: 1px; color: white;">manual</span>water (diluent)</span> </div>
        </p>
      </simpleChoice>
      <simpleChoice fixed="true" identifier="answer_2">
        <p>
          <div id="drv_4e4c" oncopy="return false;" onpaste="return false;" oncut="return false;" oncontextmenu="return false;" onmousedown="return false;" onselectstart="return false;"><span style="color: #7a1f7a;"><span style="font-family: monospace;">385.0 mL</span> previously diluted sample (aliquot)</span><br/>  <span style="color: #005cb3;"><span style="font-family: monospace;">385 mL</span> distilled<span style="font-size: 1px; color: white;">aro</span>water (diluent)</span> </div>
        </p>
      </simpleChoice>
      <simpleChoice fixed="true" identifier="answer_3">
        <p>
          <div id="drv_0b72" oncopy="return false;" onpaste="return false;" oncut="return false;" oncontextmenu="return false;" onmousedown="return false;" onselectstart="return false;"><span style="color: #7a1f7a;"><span style="font-family: monospace;">330.0 mL</span> previously<span style="font-size: 1px; color: white;">sybr</span>diluted sample (aliquot)</span><br/>  <span style="color: #005cb3;"><span style="font-family: monospace;">440 mL</span> distilled water (diluent)</span><span style="font-size: 1px; color: white;">serve</span></div>
        </p>
      </simpleChoice>
      <simpleChoice fixed="true" identifier="answer_4">
        <p>
          <div id="drv_bfd7" oncopy="return false;" onpaste="return false;" oncut="return false;" oncontextmenu="return false;" onmousedown="return false;" onselectstart="return false;"><span style="color: #7a1f7a;"><span style="font-family: monospace;">308.0 mL</span> previously<span style="font-size: 1px; color: white;">copy</span>diluted sample (aliquot)</span><br/>  <span style="color: #005cb3;"><span style="font-family: monospace;">462 mL</span> distilled water (diluent)</span><span style="font-size: 1px; color: white;">cord</span></div>
        </p>
      </simpleChoice>
      <simpleChoice fixed="true" identifier="answer_5">
        <p>
          <div id="drv_7c1d" oncopy="return false;" onpaste="return false;" oncut="return false;" oncontextmenu="return false;" onmousedown="return false;" onselectstart="return false;"><span style="color: #7a1f7a;"><span style="font-family: monospace;">220.0 mL</span> previously<span style="font-size: 1px; color: white;">double</span>diluted sample (aliquot)</span><br/>  <span style="color: #005cb3;"><span style="font-family: monospace;">550 mL</span> distilled<span style="font-size: 1px; color: white;">yeast</span>water (diluent)</span><span style="font-size: 1px; color: white;">ityri</span></div>
        </p>
      </simpleChoice>
    </choiceInteraction>
  </itemBody>
  <responseProcessing>
    <responseCondition>
      <responseIf>
        <match>
          <variable identifier="RESPONSE"/>
          <correct identifier="RESPONSE"/>
        </match>
      </responseIf>
    </responseCondition>
  </responseProcessing>
</assessmentItem>
