<?xml version='1.0' encoding='UTF-8'?>
<assessmentItem xmlns="http://www.imsglobal.org/xsd/imsqti_v2p1" xmlns:xsi="http://www.w3.org/2001/XMLSchema-instance" xmlns:ns8="http://www.w3.org/1999/xlink" xmlns:ns9="http://www.imsglobal.org/xsd/apip/apipv1p0/imsapip_qtiv1p0" xsi:schemaLocation="http://www.imsglobal.org/xsd/imsqti_v2p1 http://www.imsglobal.org/xsd/qti/qtiv2p1/imsqti_v2p1.xsd" title="e313_0d79_6441" adaptive="false" timeDependent="false" identifier="e313_0d79_6441">
  <responseDeclaration baseType="identifier" cardinality="single" identifier="RESPONSE">
    <correctResponse>
      <value>answer_003</value>
    </correctResponse>
  </responseDeclaration>
  <outcomeDeclaration baseType="float" cardinality="single" identifier="SCORE"/>
  <itemBody>
    <div>
      <div id="drv_997f" oncopy="return false;" onpaste="return false;" oncut="return false;" oncontextmenu="return false;" onmousedown="return false;" onselectstart="return false;"><p>Using<span style="font-size: 1px; color: white;">unit</span>a <span style="color: #7a1f7a;">previous<span style="font-size: 1px; color: white;">uptake</span>diluted<span style="font-size: 1px; color: white;">rows</span>sample</span> at <span style="font-size: 1.05em;"><span style="color: #228b22;"><span style="font-family: monospace;">DF=32</span></span></span>, create a new<span style="font-size: 1px; color: white;">skull</span>dilution<span style="font-size: 1px; color: white;">acspan</span>with a final<span style="font-size: 1px; color: white;">theory</span>dilution of <span style="font-size: 1.05em;"><span style="color: #228b22;"><span style="font-family: monospace;">DF=40</span></span></span>.</p><p>How<span style="font-size: 1px; color: white;">few</span>much liquid<span style="font-size: 1px; color: white;">smart</span>do<span style="font-size: 1px; color: white;">health</span>you add to make<span style="font-size: 1px; color: white;">bursts</span>a total of <span style="font-size: 1.05em;"><span style="font-family: monospace;">500 μL</span></span>?</p> </div>
    </div>
    <choiceInteraction maxChoices="1" responseIdentifier="RESPONSE" shuffle="true">
      <simpleChoice fixed="true" identifier="answer_1">
        <p>
          <div id="drv_1fb6" oncopy="return false;" onpaste="return false;" oncut="return false;" oncontextmenu="return false;" onmousedown="return false;" onselectstart="return false;"><span style="color: #7a1f7a;"><span style="font-family: monospace;">100.0 mL</span> previously<span style="font-size: 1px; color: white;">ttest</span>diluted<span style="font-size: 1px; color: white;">could</span>sample (aliquot)</span><br/>  <span style="color: #005cb3;"><span style="font-family: monospace;">400 mL</span> distilled<span style="font-size: 1px; color: white;">purple</span>water (diluent)</span> </div>
        </p>
      </simpleChoice>
      <simpleChoice fixed="true" identifier="answer_2">
        <p>
          <div id="drv_97e1" oncopy="return false;" onpaste="return false;" oncut="return false;" oncontextmenu="return false;" onmousedown="return false;" onselectstart="return false;"><span style="color: #7a1f7a;"><span style="font-family: monospace;">300.0 mL</span> previously<span style="font-size: 1px; color: white;">bound</span>diluted<span style="font-size: 1px; color: white;">exons</span>sample (aliquot)</span><br/>  <span style="color: #005cb3;"><span style="font-family: monospace;">200 mL</span> distilled water (diluent)</span> </div>
        </p>
      </simpleChoice>
      <simpleChoice fixed="true" identifier="answer_3">
        <p>
          <div id="drv_be1d" oncopy="return false;" onpaste="return false;" oncut="return false;" oncontextmenu="return false;" onmousedown="return false;" onselectstart="return false;"><span style="color: #7a1f7a;"><span style="font-family: monospace;">400.0 mL</span> previously<span style="font-size: 1px; color: white;">anemia</span>diluted sample (aliquot)</span><br/>  <span style="color: #005cb3;"><span style="font-family: monospace;">100 mL</span> distilled water (diluent)</span><span style="font-size: 1px; color: white;">dzw</span></div>
        </p>
      </simpleChoice>
      <simpleChoice fixed="true" identifier="answer_4">
        <p>
          <div id="drv_2397" oncopy="return false;" onpaste="return false;" oncut="return false;" oncontextmenu="return false;" onmousedown="return false;" onselectstart="return false;"><span style="color: #7a1f7a;"><span style="font-family: monospace;">125.0 mL</span> previously<span style="font-size: 1px; color: white;">baby</span>diluted<span style="font-size: 1px; color: white;">deltas</span>sample (aliquot)</span><br/>  <span style="color: #005cb3;"><span style="font-family: monospace;">375 mL</span> distilled<span style="font-size: 1px; color: white;">idea</span>water (diluent)</span><span style="font-size: 1px; color: white;">pushes</span></div>
        </p>
      </simpleChoice>
    </choiceInteraction>
  </itemBody>
  <responseProcessing>
    <responseCondition>
      <responseIf>
        <match>
          <variable identifier="RESPONSE"/>
          <correct identifier="RESPONSE"/>
        </match>
      </responseIf>
    </responseCondition>
  </responseProcessing>
</assessmentItem>
