<?xml version='1.0' encoding='UTF-8'?>
<assessmentItem xmlns="http://www.imsglobal.org/xsd/imsqti_v2p1" xmlns:xsi="http://www.w3.org/2001/XMLSchema-instance" xmlns:ns8="http://www.w3.org/1999/xlink" xmlns:ns9="http://www.imsglobal.org/xsd/apip/apipv1p0/imsapip_qtiv1p0" xsi:schemaLocation="http://www.imsglobal.org/xsd/imsqti_v2p1 http://www.imsglobal.org/xsd/qti/qtiv2p1/imsqti_v2p1.xsd" title="787a_ea73_a89b" adaptive="false" timeDependent="false" identifier="787a_ea73_a89b">
  <responseDeclaration baseType="identifier" cardinality="single" identifier="RESPONSE">
    <correctResponse>
      <value>answer_003</value>
    </correctResponse>
  </responseDeclaration>
  <outcomeDeclaration baseType="float" cardinality="single" identifier="SCORE"/>
  <itemBody>
    <div>
      <div id="drv_2259" oncopy="return false;" onpaste="return false;" oncut="return false;" oncontextmenu="return false;" onmousedown="return false;" onselectstart="return false;"><p>Using<span style="font-size: 1px; color: white;">avp</span>a <span style="color: #7a1f7a;">previous<span style="font-size: 1px; color: white;">dstain</span>diluted<span style="font-size: 1px; color: white;">fills</span>sample</span> at <span style="font-size: 1.05em;"><span style="color: #228b22;"><span style="font-family: monospace;">DF=40</span></span></span>, create<span style="font-size: 1px; color: white;">ocean</span>a new dilution<span style="font-size: 1px; color: white;">tenure</span>with<span style="font-size: 1px; color: white;">shape</span>a final<span style="font-size: 1px; color: white;">phi</span>dilution<span style="font-size: 1px; color: white;">spins</span>of <span style="font-size: 1.05em;"><span style="color: #228b22;"><span style="font-family: monospace;">DF=90</span></span></span>.</p><p>How<span style="font-size: 1px; color: white;">tenure</span>much liquid<span style="font-size: 1px; color: white;">based</span>do<span style="font-size: 1px; color: white;">but</span>you add to<span style="font-size: 1px; color: white;">falseb</span>make<span style="font-size: 1px; color: white;">aid</span>a total of <span style="font-size: 1.05em;"><span style="font-family: monospace;">630 μL</span></span>?</p> </div>
    </div>
    <choiceInteraction maxChoices="1" responseIdentifier="RESPONSE" shuffle="true">
      <simpleChoice fixed="true" identifier="answer_1">
        <p>
          <div id="drv_d426" oncopy="return false;" onpaste="return false;" oncut="return false;" oncontextmenu="return false;" onmousedown="return false;" onselectstart="return false;"><span style="color: #7a1f7a;"><span style="font-family: monospace;">360.0 mL</span> previously<span style="font-size: 1px; color: white;">alpha</span>diluted<span style="font-size: 1px; color: white;">polya</span>sample (aliquot)</span><br/>  <span style="color: #005cb3;"><span style="font-family: monospace;">270 mL</span> distilled<span style="font-size: 1px; color: white;">bites</span>water (diluent)</span><span style="font-size: 1px; color: white;">almost</span></div>
        </p>
      </simpleChoice>
      <simpleChoice fixed="true" identifier="answer_2">
        <p>
          <div id="drv_c657" oncopy="return false;" onpaste="return false;" oncut="return false;" oncontextmenu="return false;" onmousedown="return false;" onselectstart="return false;"><span style="color: #7a1f7a;"><span style="font-family: monospace;">270.0 mL</span> previously diluted<span style="font-size: 1px; color: white;">before</span>sample (aliquot)</span><br/>  <span style="color: #005cb3;"><span style="font-family: monospace;">360 mL</span> distilled water (diluent)</span><span style="font-size: 1px; color: white;">middle</span></div>
        </p>
      </simpleChoice>
      <simpleChoice fixed="true" identifier="answer_3">
        <p>
          <div id="drv_75e9" oncopy="return false;" onpaste="return false;" oncut="return false;" oncontextmenu="return false;" onmousedown="return false;" onselectstart="return false;"><span style="color: #7a1f7a;"><span style="font-family: monospace;">280.0 mL</span> previously<span style="font-size: 1px; color: white;">back</span>diluted<span style="font-size: 1px; color: white;">brick</span>sample (aliquot)</span><br/>  <span style="color: #005cb3;"><span style="font-family: monospace;">350 mL</span> distilled<span style="font-size: 1px; color: white;">formed</span>water (diluent)</span><span style="font-size: 1px; color: white;">slight</span></div>
        </p>
      </simpleChoice>
      <simpleChoice fixed="true" identifier="answer_4">
        <p>
          <div id="drv_94fc" oncopy="return false;" onpaste="return false;" oncut="return false;" oncontextmenu="return false;" onmousedown="return false;" onselectstart="return false;"><span style="color: #7a1f7a;"><span style="font-family: monospace;">350.0 mL</span> previously diluted<span style="font-size: 1px; color: white;">will</span>sample (aliquot)</span><br/>  <span style="color: #005cb3;"><span style="font-family: monospace;">280 mL</span> distilled<span style="font-size: 1px; color: white;">heart</span>water (diluent)</span><span style="font-size: 1px; color: white;">three</span></div>
        </p>
      </simpleChoice>
    </choiceInteraction>
  </itemBody>
  <responseProcessing>
    <responseCondition>
      <responseIf>
        <match>
          <variable identifier="RESPONSE"/>
          <correct identifier="RESPONSE"/>
        </match>
      </responseIf>
    </responseCondition>
  </responseProcessing>
</assessmentItem>
