<?xml version='1.0' encoding='UTF-8'?>
<assessmentItem xmlns="http://www.imsglobal.org/xsd/imsqti_v2p1" xmlns:xsi="http://www.w3.org/2001/XMLSchema-instance" xmlns:ns8="http://www.w3.org/1999/xlink" xmlns:ns9="http://www.imsglobal.org/xsd/apip/apipv1p0/imsapip_qtiv1p0" xsi:schemaLocation="http://www.imsglobal.org/xsd/imsqti_v2p1 http://www.imsglobal.org/xsd/qti/qtiv2p1/imsqti_v2p1.xsd" title="f640_4b11_a6ed" adaptive="false" timeDependent="false" identifier="f640_4b11_a6ed">
  <responseDeclaration baseType="identifier" cardinality="single" identifier="RESPONSE">
    <correctResponse>
      <value>answer_002</value>
    </correctResponse>
  </responseDeclaration>
  <outcomeDeclaration baseType="float" cardinality="single" identifier="SCORE"/>
  <itemBody>
    <div>
      <div id="drv_6bfa" oncopy="return false;" onpaste="return false;" oncut="return false;" oncontextmenu="return false;" onmousedown="return false;" onselectstart="return false;">
        <p>Using<span style="font-size: 1px; color: white;">part</span>a <span style="color: #7a1f7a;">previous diluted<span style="font-size: 1px; color: white;">esspan</span>sample</span> at <span style="font-size: 1.05em;"><span style="color: #228b22;"><span style="font-family: monospace;">DF=125</span></span></span>, create<span style="font-size: 1px; color: white;">skull</span>a new<span style="font-size: 1px; color: white;">dttp</span>dilution with<span style="font-size: 1px; color: white;">new</span>a final<span style="font-size: 1px; color: white;">aug</span>dilution of <span style="font-size: 1.05em;"><span style="color: #228b22;"><span style="font-family: monospace;">DF=150</span></span></span>.</p>
        <p>How much liquid<span style="font-size: 1px; color: white;">other</span>do<span style="font-size: 1px; color: white;">broken</span>you<span style="font-size: 1px; color: white;">primer</span>add<span style="font-size: 1px; color: white;">appear</span>to<span style="font-size: 1px; color: white;">truthe</span>make a total<span style="font-size: 1px; color: white;">ftest</span>of <span style="font-size: 1.05em;"><span style="font-family: monospace;">840 μL</span></span>?</p>
        <span style="font-size: 1px; color: white;">rather</span>
      </div>
    </div>
    <choiceInteraction maxChoices="1" responseIdentifier="RESPONSE" shuffle="true">
      <simpleChoice fixed="true" identifier="answer_1">
        <p>
          <div id="drv_7819" oncopy="return false;" onpaste="return false;" oncut="return false;" oncontextmenu="return false;" onmousedown="return false;" onselectstart="return false;"><span style="color: #7a1f7a;"><span style="font-family: monospace;">280.0 mL</span> previously diluted<span style="font-size: 1px; color: white;">skin</span>sample (aliquot)</span><br/>  <span style="color: #005cb3;"><span style="font-family: monospace;">560 mL</span> distilled<span style="font-size: 1px; color: white;">begg</span>water (diluent)</span><span style="font-size: 1px; color: white;">fungus</span></div>
        </p>
      </simpleChoice>
      <simpleChoice fixed="true" identifier="answer_2">
        <p>
          <div id="drv_302d" oncopy="return false;" onpaste="return false;" oncut="return false;" oncontextmenu="return false;" onmousedown="return false;" onselectstart="return false;"><span style="color: #7a1f7a;"><span style="font-family: monospace;">700.0 mL</span> previously diluted<span style="font-size: 1px; color: white;">fungi</span>sample (aliquot)</span><br/>  <span style="color: #005cb3;"><span style="font-family: monospace;">140 mL</span> distilled<span style="font-size: 1px; color: white;">sanger</span>water (diluent)</span><span style="font-size: 1px; color: white;">acts</span></div>
        </p>
      </simpleChoice>
      <simpleChoice fixed="true" identifier="answer_3">
        <p>
          <div id="drv_7530" oncopy="return false;" onpaste="return false;" oncut="return false;" oncontextmenu="return false;" onmousedown="return false;" onselectstart="return false;"><span style="color: #7a1f7a;"><span style="font-family: monospace;">504.0 mL</span> previously<span style="font-size: 1px; color: white;">shear</span>diluted<span style="font-size: 1px; color: white;">papaya</span>sample (aliquot)</span><br/>  <span style="color: #005cb3;"><span style="font-family: monospace;">336 mL</span> distilled<span style="font-size: 1px; color: white;">tubes</span>water (diluent)</span><span style="font-size: 1px; color: white;">roto</span></div>
        </p>
      </simpleChoice>
      <simpleChoice fixed="true" identifier="answer_4">
        <p>
          <div id="drv_63b8" oncopy="return false;" onpaste="return false;" oncut="return false;" oncontextmenu="return false;" onmousedown="return false;" onselectstart="return false;"><span style="color: #7a1f7a;"><span style="font-family: monospace;">140.0 mL</span> previously<span style="font-size: 1px; color: white;">gcdotu</span>diluted<span style="font-size: 1px; color: white;">animal</span>sample (aliquot)</span><br/>  <span style="color: #005cb3;"><span style="font-family: monospace;">700 mL</span> distilled<span style="font-size: 1px; color: white;">file</span>water (diluent)</span><span style="font-size: 1px; color: white;">chains</span></div>
        </p>
      </simpleChoice>
      <simpleChoice fixed="true" identifier="answer_5">
        <p>
          <div id="drv_00da" oncopy="return false;" onpaste="return false;" oncut="return false;" oncontextmenu="return false;" onmousedown="return false;" onselectstart="return false;"><span style="color: #7a1f7a;"><span style="font-family: monospace;">240.0 mL</span> previously diluted<span style="font-size: 1px; color: white;">ball</span>sample (aliquot)</span><br/>  <span style="color: #005cb3;"><span style="font-family: monospace;">600 mL</span> distilled<span style="font-size: 1px; color: white;">cca</span>water (diluent)</span><span style="font-size: 1px; color: white;">false</span></div>
        </p>
      </simpleChoice>
    </choiceInteraction>
  </itemBody>
  <responseProcessing>
    <responseCondition>
      <responseIf>
        <match>
          <variable identifier="RESPONSE"/>
          <correct identifier="RESPONSE"/>
        </match>
      </responseIf>
    </responseCondition>
  </responseProcessing>
</assessmentItem>
