<?xml version='1.0' encoding='UTF-8'?>
<assessmentItem xmlns="http://www.imsglobal.org/xsd/imsqti_v2p1" xmlns:xsi="http://www.w3.org/2001/XMLSchema-instance" xmlns:ns8="http://www.w3.org/1999/xlink" xmlns:ns9="http://www.imsglobal.org/xsd/apip/apipv1p0/imsapip_qtiv1p0" xsi:schemaLocation="http://www.imsglobal.org/xsd/imsqti_v2p1 http://www.imsglobal.org/xsd/qti/qtiv2p1/imsqti_v2p1.xsd" title="1254_5bf3_0ee2" adaptive="false" timeDependent="false" identifier="1254_5bf3_0ee2">
  <responseDeclaration baseType="identifier" cardinality="single" identifier="RESPONSE">
    <correctResponse>
      <value>answer_005</value>
    </correctResponse>
  </responseDeclaration>
  <outcomeDeclaration baseType="float" cardinality="single" identifier="SCORE"/>
  <itemBody>
    <div>
      <div id="drv_e93a" oncopy="return false;" onpaste="return false;" oncut="return false;" oncontextmenu="return false;" onmousedown="return false;" onselectstart="return false;">
        <p>Using a <span style="color: #7a1f7a;">previous<span style="font-size: 1px; color: white;">closer</span>diluted<span style="font-size: 1px; color: white;">tandem</span>sample</span> at <span style="font-size: 1.05em;"><span style="color: #228b22;"><span style="font-family: monospace;">DF=25</span></span></span>, create<span style="font-size: 1px; color: white;">cheese</span>a new<span style="font-size: 1px; color: white;">when</span>dilution<span style="font-size: 1px; color: white;">due</span>with<span style="font-size: 1px; color: white;">bottom</span>a final<span style="font-size: 1px; color: white;">seven</span>dilution of <span style="font-size: 1.05em;"><span style="color: #228b22;"><span style="font-family: monospace;">DF=30</span></span></span>.</p>
        <p>How much liquid<span style="font-size: 1px; color: white;">xmale</span>do<span style="font-size: 1px; color: white;">mali</span>you<span style="font-size: 1px; color: white;">kda</span>add<span style="font-size: 1px; color: white;">stain</span>to<span style="font-size: 1px; color: white;">dntps</span>make a total<span style="font-size: 1px; color: white;">walls</span>of <span style="font-size: 1.05em;"><span style="font-family: monospace;">360 μL</span></span>?</p>
        <span style="font-size: 1px; color: white;">attach</span>
      </div>
    </div>
    <choiceInteraction maxChoices="1" responseIdentifier="RESPONSE" shuffle="true">
      <simpleChoice fixed="true" identifier="answer_1">
        <p>
          <div id="drv_665f" oncopy="return false;" onpaste="return false;" oncut="return false;" oncontextmenu="return false;" onmousedown="return false;" onselectstart="return false;"><span style="color: #7a1f7a;"><span style="font-family: monospace;">216.0 mL</span> previously diluted sample (aliquot)</span><br/>  <span style="color: #005cb3;"><span style="font-family: monospace;">144 mL</span> distilled<span style="font-size: 1px; color: white;">pushes</span>water (diluent)</span> </div>
        </p>
      </simpleChoice>
      <simpleChoice fixed="true" identifier="answer_2">
        <p>
          <div id="drv_660c" oncopy="return false;" onpaste="return false;" oncut="return false;" oncontextmenu="return false;" onmousedown="return false;" onselectstart="return false;"><span style="color: #7a1f7a;"><span style="font-family: monospace;">72.0 mL</span> previously diluted sample (aliquot)</span><br/>  <span style="color: #005cb3;"><span style="font-family: monospace;">288 mL</span> distilled water (diluent)</span><span style="font-size: 1px; color: white;">behind</span></div>
        </p>
      </simpleChoice>
      <simpleChoice fixed="true" identifier="answer_3">
        <p>
          <div id="drv_bc48" oncopy="return false;" onpaste="return false;" oncut="return false;" oncontextmenu="return false;" onmousedown="return false;" onselectstart="return false;"><span style="color: #7a1f7a;"><span style="font-family: monospace;">120.0 mL</span> previously<span style="font-size: 1px; color: white;">other</span>diluted<span style="font-size: 1px; color: white;">urine</span>sample (aliquot)</span><br/>  <span style="color: #005cb3;"><span style="font-family: monospace;">240 mL</span> distilled<span style="font-size: 1px; color: white;">yogurt</span>water (diluent)</span> </div>
        </p>
      </simpleChoice>
      <simpleChoice fixed="true" identifier="answer_4">
        <p>
          <div id="drv_5e4f" oncopy="return false;" onpaste="return false;" oncut="return false;" oncontextmenu="return false;" onmousedown="return false;" onselectstart="return false;"><span style="color: #7a1f7a;"><span style="font-family: monospace;">60.0 mL</span> previously<span style="font-size: 1px; color: white;">cancer</span>diluted<span style="font-size: 1px; color: white;">remove</span>sample (aliquot)</span><br/>  <span style="color: #005cb3;"><span style="font-family: monospace;">300 mL</span> distilled<span style="font-size: 1px; color: white;">layers</span>water (diluent)</span><span style="font-size: 1px; color: white;">real</span></div>
        </p>
      </simpleChoice>
      <simpleChoice fixed="true" identifier="answer_5">
        <p>
          <div id="drv_1cb0" oncopy="return false;" onpaste="return false;" oncut="return false;" oncontextmenu="return false;" onmousedown="return false;" onselectstart="return false;"><span style="color: #7a1f7a;"><span style="font-family: monospace;">300.0 mL</span> previously diluted<span style="font-size: 1px; color: white;">curry</span>sample (aliquot)</span><br/>  <span style="color: #005cb3;"><span style="font-family: monospace;">60 mL</span> distilled<span style="font-size: 1px; color: white;">dimers</span>water (diluent)</span> </div>
        </p>
      </simpleChoice>
    </choiceInteraction>
  </itemBody>
  <responseProcessing>
    <responseCondition>
      <responseIf>
        <match>
          <variable identifier="RESPONSE"/>
          <correct identifier="RESPONSE"/>
        </match>
      </responseIf>
    </responseCondition>
  </responseProcessing>
</assessmentItem>
