<?xml version='1.0' encoding='UTF-8'?>
<assessmentItem xmlns="http://www.imsglobal.org/xsd/imsqti_v2p1" xmlns:xsi="http://www.w3.org/2001/XMLSchema-instance" xmlns:ns8="http://www.w3.org/1999/xlink" xmlns:ns9="http://www.imsglobal.org/xsd/apip/apipv1p0/imsapip_qtiv1p0" xsi:schemaLocation="http://www.imsglobal.org/xsd/imsqti_v2p1 http://www.imsglobal.org/xsd/qti/qtiv2p1/imsqti_v2p1.xsd" title="be63_8f2f_66ef" adaptive="false" timeDependent="false" identifier="be63_8f2f_66ef">
  <responseDeclaration baseType="identifier" cardinality="single" identifier="RESPONSE">
    <correctResponse>
      <value>answer_004</value>
    </correctResponse>
  </responseDeclaration>
  <outcomeDeclaration baseType="float" cardinality="single" identifier="SCORE"/>
  <itemBody>
    <div>
      <div id="drv_f12f" oncopy="return false;" onpaste="return false;" oncut="return false;" oncontextmenu="return false;" onmousedown="return false;" onselectstart="return false;">
        <p>Using<span style="font-size: 1px; color: white;">lead</span>a <span style="color: #7a1f7a;">previous diluted<span style="font-size: 1px; color: white;">mix</span>sample</span> at <span style="font-size: 1.05em;"><span style="color: #228b22;"><span style="font-family: monospace;">DF=250</span></span></span>, create<span style="font-size: 1px; color: white;">sexual</span>a new<span style="font-size: 1px; color: white;">else</span>dilution with<span style="font-size: 1px; color: white;">washer</span>a final<span style="font-size: 1px; color: white;">better</span>dilution of <span style="font-size: 1.05em;"><span style="color: #228b22;"><span style="font-family: monospace;">DF=300</span></span></span>.</p>
        <p>How<span style="font-size: 1px; color: white;">deltah</span>much<span style="font-size: 1px; color: white;">pilus</span>liquid<span style="font-size: 1px; color: white;">factor</span>do<span style="font-size: 1px; color: white;">could</span>you add<span style="font-size: 1px; color: white;">aform</span>to make<span style="font-size: 1px; color: white;">you</span>a total<span style="font-size: 1px; color: white;">bpspan</span>of <span style="font-size: 1.05em;"><span style="font-family: monospace;">600 μL</span></span>?</p>
        <span style="font-size: 1px; color: white;">mates</span>
      </div>
    </div>
    <choiceInteraction maxChoices="1" responseIdentifier="RESPONSE" shuffle="true">
      <simpleChoice fixed="true" identifier="answer_1">
        <p>
          <div id="drv_b274" oncopy="return false;" onpaste="return false;" oncut="return false;" oncontextmenu="return false;" onmousedown="return false;" onselectstart="return false;"><span style="color: #7a1f7a;"><span style="font-family: monospace;">150.0 mL</span> previously diluted<span style="font-size: 1px; color: white;">occurs</span>sample (aliquot)</span><br/>  <span style="color: #005cb3;"><span style="font-family: monospace;">450 mL</span> distilled water (diluent)</span><span style="font-size: 1px; color: white;">cliff</span></div>
        </p>
      </simpleChoice>
      <simpleChoice fixed="true" identifier="answer_2">
        <p>
          <div id="drv_e110" oncopy="return false;" onpaste="return false;" oncut="return false;" oncontextmenu="return false;" onmousedown="return false;" onselectstart="return false;"><span style="color: #7a1f7a;"><span style="font-family: monospace;">100.0 mL</span> previously<span style="font-size: 1px; color: white;">dtt</span>diluted<span style="font-size: 1px; color: white;">paired</span>sample (aliquot)</span><br/>  <span style="color: #005cb3;"><span style="font-family: monospace;">500 mL</span> distilled water (diluent)</span><span style="font-size: 1px; color: white;">dounce</span></div>
        </p>
      </simpleChoice>
      <simpleChoice fixed="true" identifier="answer_3">
        <p>
          <div id="drv_7e29" oncopy="return false;" onpaste="return false;" oncut="return false;" oncontextmenu="return false;" onmousedown="return false;" onselectstart="return false;"><span style="color: #7a1f7a;"><span style="font-family: monospace;">375.0 mL</span> previously<span style="font-size: 1px; color: white;">else</span>diluted<span style="font-size: 1px; color: white;">allele</span>sample (aliquot)</span><br/>  <span style="color: #005cb3;"><span style="font-family: monospace;">225 mL</span> distilled water (diluent)</span><span style="font-size: 1px; color: white;">apart</span></div>
        </p>
      </simpleChoice>
      <simpleChoice fixed="true" identifier="answer_4">
        <p>
          <div id="drv_24dd" oncopy="return false;" onpaste="return false;" oncut="return false;" oncontextmenu="return false;" onmousedown="return false;" onselectstart="return false;"><span style="color: #7a1f7a;"><span style="font-family: monospace;">500.0 mL</span> previously diluted<span style="font-size: 1px; color: white;">sybr</span>sample (aliquot)</span><br/>  <span style="color: #005cb3;"><span style="font-family: monospace;">100 mL</span> distilled water (diluent)</span><span style="font-size: 1px; color: white;">runway</span></div>
        </p>
      </simpleChoice>
      <simpleChoice fixed="true" identifier="answer_5">
        <p>
          <div id="drv_2f93" oncopy="return false;" onpaste="return false;" oncut="return false;" oncontextmenu="return false;" onmousedown="return false;" onselectstart="return false;"><span style="color: #7a1f7a;"><span style="font-family: monospace;">400.0 mL</span> previously<span style="font-size: 1px; color: white;">native</span>diluted<span style="font-size: 1px; color: white;">tmspan</span>sample (aliquot)</span><br/>  <span style="color: #005cb3;"><span style="font-family: monospace;">200 mL</span> distilled<span style="font-size: 1px; color: white;">hold</span>water (diluent)</span> </div>
        </p>
      </simpleChoice>
    </choiceInteraction>
  </itemBody>
  <responseProcessing>
    <responseCondition>
      <responseIf>
        <match>
          <variable identifier="RESPONSE"/>
          <correct identifier="RESPONSE"/>
        </match>
      </responseIf>
    </responseCondition>
  </responseProcessing>
</assessmentItem>
