<?xml version='1.0' encoding='UTF-8'?>
<assessmentItem xmlns="http://www.imsglobal.org/xsd/imsqti_v2p1" xmlns:xsi="http://www.w3.org/2001/XMLSchema-instance" xmlns:ns8="http://www.w3.org/1999/xlink" xmlns:ns9="http://www.imsglobal.org/xsd/apip/apipv1p0/imsapip_qtiv1p0" xsi:schemaLocation="http://www.imsglobal.org/xsd/imsqti_v2p1 http://www.imsglobal.org/xsd/qti/qtiv2p1/imsqti_v2p1.xsd" title="2cba_11b8_c7d2" adaptive="false" timeDependent="false" identifier="2cba_11b8_c7d2">
  <responseDeclaration baseType="identifier" cardinality="single" identifier="RESPONSE">
    <correctResponse>
      <value>answer_002</value>
    </correctResponse>
  </responseDeclaration>
  <outcomeDeclaration baseType="float" cardinality="single" identifier="SCORE"/>
  <itemBody>
    <div>
      <div id="drv_51fa" oncopy="return false;" onpaste="return false;" oncut="return false;" oncontextmenu="return false;" onmousedown="return false;" onselectstart="return false;">
        <p>Using<span style="font-size: 1px; color: white;">baboth</span>a <span style="color: #7a1f7a;">previous<span style="font-size: 1px; color: white;">inside</span>diluted<span style="font-size: 1px; color: white;">flight</span>sample</span> at <span style="font-size: 1.05em;"><span style="color: #228b22;"><span style="font-family: monospace;">DF=40</span></span></span>, create<span style="font-size: 1px; color: white;">helix</span>a new<span style="font-size: 1px; color: white;">areas</span>dilution<span style="font-size: 1px; color: white;">cri</span>with<span style="font-size: 1px; color: white;">avoid</span>a final<span style="font-size: 1px; color: white;">remedy</span>dilution of <span style="font-size: 1.05em;"><span style="color: #228b22;"><span style="font-family: monospace;">DF=64</span></span></span>.</p>
        <p>How<span style="font-size: 1px; color: white;">elevel</span>much<span style="font-size: 1px; color: white;">umami</span>liquid<span style="font-size: 1px; color: white;">tend</span>do<span style="font-size: 1px; color: white;">bpm</span>you<span style="font-size: 1px; color: white;">lines</span>add<span style="font-size: 1px; color: white;">polya</span>to<span style="font-size: 1px; color: white;">fungus</span>make<span style="font-size: 1px; color: white;">uaa</span>a total of <span style="font-size: 1.05em;"><span style="font-family: monospace;">320 μL</span></span>?</p>
        <span style="font-size: 1px; color: white;">bodys</span>
      </div>
    </div>
    <choiceInteraction maxChoices="1" responseIdentifier="RESPONSE" shuffle="true">
      <simpleChoice fixed="true" identifier="answer_1">
        <p>
          <div id="drv_1f23" oncopy="return false;" onpaste="return false;" oncut="return false;" oncontextmenu="return false;" onmousedown="return false;" onselectstart="return false;"><span style="color: #7a1f7a;"><span style="font-family: monospace;">240.0 mL</span> previously<span style="font-size: 1px; color: white;">cell</span>diluted<span style="font-size: 1px; color: white;">primer</span>sample (aliquot)</span><br/>  <span style="color: #005cb3;"><span style="font-family: monospace;">80 mL</span> distilled<span style="font-size: 1px; color: white;">gets</span>water (diluent)</span> </div>
        </p>
      </simpleChoice>
      <simpleChoice fixed="true" identifier="answer_2">
        <p>
          <div id="drv_6054" oncopy="return false;" onpaste="return false;" oncut="return false;" oncontextmenu="return false;" onmousedown="return false;" onselectstart="return false;"><span style="color: #7a1f7a;"><span style="font-family: monospace;">200.0 mL</span> previously<span style="font-size: 1px; color: white;">nonetd</span>diluted<span style="font-size: 1px; color: white;">author</span>sample (aliquot)</span><br/>  <span style="color: #005cb3;"><span style="font-family: monospace;">120 mL</span> distilled<span style="font-size: 1px; color: white;">drift</span>water (diluent)</span><span style="font-size: 1px; color: white;">been</span></div>
        </p>
      </simpleChoice>
      <simpleChoice fixed="true" identifier="answer_3">
        <p>
          <div id="drv_d0d8" oncopy="return false;" onpaste="return false;" oncut="return false;" oncontextmenu="return false;" onmousedown="return false;" onselectstart="return false;"><span style="color: #7a1f7a;"><span style="font-family: monospace;">80.0 mL</span> previously diluted<span style="font-size: 1px; color: white;">above</span>sample (aliquot)</span><br/>  <span style="color: #005cb3;"><span style="font-family: monospace;">240 mL</span> distilled water (diluent)</span><span style="font-size: 1px; color: white;">syrup</span></div>
        </p>
      </simpleChoice>
      <simpleChoice fixed="true" identifier="answer_4">
        <p>
          <div id="drv_58f1" oncopy="return false;" onpaste="return false;" oncut="return false;" oncontextmenu="return false;" onmousedown="return false;" onselectstart="return false;"><span style="color: #7a1f7a;"><span style="font-family: monospace;">120.0 mL</span> previously diluted<span style="font-size: 1px; color: white;">dop</span>sample (aliquot)</span><br/>  <span style="color: #005cb3;"><span style="font-family: monospace;">200 mL</span> distilled<span style="font-size: 1px; color: white;">grow</span>water (diluent)</span> </div>
        </p>
      </simpleChoice>
    </choiceInteraction>
  </itemBody>
  <responseProcessing>
    <responseCondition>
      <responseIf>
        <match>
          <variable identifier="RESPONSE"/>
          <correct identifier="RESPONSE"/>
        </match>
      </responseIf>
    </responseCondition>
  </responseProcessing>
</assessmentItem>
