<?xml version='1.0' encoding='UTF-8'?>
<assessmentItem xmlns="http://www.imsglobal.org/xsd/imsqti_v2p1" xmlns:xsi="http://www.w3.org/2001/XMLSchema-instance" xmlns:ns8="http://www.w3.org/1999/xlink" xmlns:ns9="http://www.imsglobal.org/xsd/apip/apipv1p0/imsapip_qtiv1p0" xsi:schemaLocation="http://www.imsglobal.org/xsd/imsqti_v2p1 http://www.imsglobal.org/xsd/qti/qtiv2p1/imsqti_v2p1.xsd" title="8785_70a0_1f33" adaptive="false" timeDependent="false" identifier="8785_70a0_1f33">
  <responseDeclaration baseType="identifier" cardinality="single" identifier="RESPONSE">
    <correctResponse>
      <value>answer_004</value>
    </correctResponse>
  </responseDeclaration>
  <outcomeDeclaration baseType="float" cardinality="single" identifier="SCORE"/>
  <itemBody>
    <div>
      <div id="drv_af55" oncopy="return false;" onpaste="return false;" oncut="return false;" oncontextmenu="return false;" onmousedown="return false;" onselectstart="return false;"><p>Using a <span style="color: #7a1f7a;">previous<span style="font-size: 1px; color: white;">allose</span>diluted<span style="font-size: 1px; color: white;">sleep</span>sample</span> at <span style="font-size: 1.05em;"><span style="color: #228b22;"><span style="font-family: monospace;">DF=20</span></span></span>, create a new dilution<span style="font-size: 1px; color: white;">ran</span>with<span style="font-size: 1px; color: white;">lime</span>a final<span style="font-size: 1px; color: white;">amount</span>dilution<span style="font-size: 1px; color: white;">area</span>of <span style="font-size: 1.05em;"><span style="color: #228b22;"><span style="font-family: monospace;">DF=32</span></span></span>.</p><p>How<span style="font-size: 1px; color: white;">pla</span>much<span style="font-size: 1px; color: white;">within</span>liquid do you<span style="font-size: 1px; color: white;">cyclic</span>add to<span style="font-size: 1px; color: white;">was</span>make a total<span style="font-size: 1px; color: white;">known</span>of <span style="font-size: 1.05em;"><span style="font-family: monospace;">240 μL</span></span>?</p> </div>
    </div>
    <choiceInteraction maxChoices="1" responseIdentifier="RESPONSE" shuffle="true">
      <simpleChoice fixed="true" identifier="answer_1">
        <p>
          <div id="drv_a239" oncopy="return false;" onpaste="return false;" oncut="return false;" oncontextmenu="return false;" onmousedown="return false;" onselectstart="return false;"><span style="color: #7a1f7a;"><span style="font-family: monospace;">160.0 mL</span> previously<span style="font-size: 1px; color: white;">ones</span>diluted sample (aliquot)</span><br/>  <span style="color: #005cb3;"><span style="font-family: monospace;">80 mL</span> distilled<span style="font-size: 1px; color: white;">unit</span>water (diluent)</span><span style="font-size: 1px; color: white;">her</span></div>
        </p>
      </simpleChoice>
      <simpleChoice fixed="true" identifier="answer_2">
        <p>
          <div id="drv_990b" oncopy="return false;" onpaste="return false;" oncut="return false;" oncontextmenu="return false;" onmousedown="return false;" onselectstart="return false;"><span style="color: #7a1f7a;"><span style="font-family: monospace;">180.0 mL</span> previously<span style="font-size: 1px; color: white;">bullet</span>diluted sample (aliquot)</span><br/>  <span style="color: #005cb3;"><span style="font-family: monospace;">60 mL</span> distilled<span style="font-size: 1px; color: white;">treat</span>water (diluent)</span><span style="font-size: 1px; color: white;">pilus</span></div>
        </p>
      </simpleChoice>
      <simpleChoice fixed="true" identifier="answer_3">
        <p>
          <div id="drv_2452" oncopy="return false;" onpaste="return false;" oncut="return false;" oncontextmenu="return false;" onmousedown="return false;" onselectstart="return false;"><span style="color: #7a1f7a;"><span style="font-family: monospace;">80.0 mL</span> previously diluted<span style="font-size: 1px; color: white;">dimers</span>sample (aliquot)</span><br/>  <span style="color: #005cb3;"><span style="font-family: monospace;">160 mL</span> distilled water (diluent)</span><span style="font-size: 1px; color: white;">string</span></div>
        </p>
      </simpleChoice>
      <simpleChoice fixed="true" identifier="answer_4">
        <p>
          <div id="drv_6028" oncopy="return false;" onpaste="return false;" oncut="return false;" oncontextmenu="return false;" onmousedown="return false;" onselectstart="return false;"><span style="color: #7a1f7a;"><span style="font-family: monospace;">150.0 mL</span> previously<span style="font-size: 1px; color: white;">gum</span>diluted<span style="font-size: 1px; color: white;">asking</span>sample (aliquot)</span><br/>  <span style="color: #005cb3;"><span style="font-family: monospace;">90 mL</span> distilled<span style="font-size: 1px; color: white;">area</span>water (diluent)</span><span style="font-size: 1px; color: white;">copies</span></div>
        </p>
      </simpleChoice>
      <simpleChoice fixed="true" identifier="answer_5">
        <p>
          <div id="drv_2853" oncopy="return false;" onpaste="return false;" oncut="return false;" oncontextmenu="return false;" onmousedown="return false;" onselectstart="return false;"><span style="color: #7a1f7a;"><span style="font-family: monospace;">90.0 mL</span> previously<span style="font-size: 1px; color: white;">capric</span>diluted<span style="font-size: 1px; color: white;">shaft</span>sample (aliquot)</span><br/>  <span style="color: #005cb3;"><span style="font-family: monospace;">150 mL</span> distilled<span style="font-size: 1px; color: white;">have</span>water (diluent)</span><span style="font-size: 1px; color: white;">rattat</span></div>
        </p>
      </simpleChoice>
    </choiceInteraction>
  </itemBody>
  <responseProcessing>
    <responseCondition>
      <responseIf>
        <match>
          <variable identifier="RESPONSE"/>
          <correct identifier="RESPONSE"/>
        </match>
      </responseIf>
    </responseCondition>
  </responseProcessing>
</assessmentItem>
