<?xml version='1.0' encoding='UTF-8'?>
<assessmentItem xmlns="http://www.imsglobal.org/xsd/imsqti_v2p1" xmlns:xsi="http://www.w3.org/2001/XMLSchema-instance" xmlns:ns8="http://www.w3.org/1999/xlink" xmlns:ns9="http://www.imsglobal.org/xsd/apip/apipv1p0/imsapip_qtiv1p0" xsi:schemaLocation="http://www.imsglobal.org/xsd/imsqti_v2p1 http://www.imsglobal.org/xsd/qti/qtiv2p1/imsqti_v2p1.xsd" title="b173_704a_9584" adaptive="false" timeDependent="false" identifier="b173_704a_9584">
  <responseDeclaration baseType="identifier" cardinality="single" identifier="RESPONSE">
    <correctResponse>
      <value>answer_003</value>
    </correctResponse>
  </responseDeclaration>
  <outcomeDeclaration baseType="float" cardinality="single" identifier="SCORE"/>
  <itemBody>
    <div>
      <div id="drv_2fd5" oncopy="return false;" onpaste="return false;" oncut="return false;" oncontextmenu="return false;" onmousedown="return false;" onselectstart="return false;"><p>Using<span style="font-size: 1px; color: white;">pass</span>a <span style="color: #7a1f7a;">previous<span style="font-size: 1px; color: white;">pieces</span>diluted<span style="font-size: 1px; color: white;">people</span>sample</span> at <span style="font-size: 1.05em;"><span style="color: #228b22;"><span style="font-family: monospace;">DF=125</span></span></span>, create a new<span style="font-size: 1px; color: white;">wood</span>dilution<span style="font-size: 1px; color: white;">source</span>with<span style="font-size: 1px; color: white;">origin</span>a final<span style="font-size: 1px; color: white;">john</span>dilution<span style="font-size: 1px; color: white;">pectin</span>of <span style="font-size: 1.05em;"><span style="color: #228b22;"><span style="font-family: monospace;">DF=175</span></span></span>.</p><p>How<span style="font-size: 1px; color: white;">acetyl</span>much<span style="font-size: 1px; color: white;">pvalue</span>liquid<span style="font-size: 1px; color: white;">eye</span>do you<span style="font-size: 1px; color: white;">not</span>add<span style="font-size: 1px; color: white;">truthm</span>to<span style="font-size: 1px; color: white;">repel</span>make<span style="font-size: 1px; color: white;">adult</span>a total<span style="font-size: 1px; color: white;">useful</span>of <span style="font-size: 1.05em;"><span style="font-family: monospace;">210 μL</span></span>?</p> </div>
    </div>
    <choiceInteraction maxChoices="1" responseIdentifier="RESPONSE" shuffle="true">
      <simpleChoice fixed="true" identifier="answer_1">
        <p>
          <div id="drv_af21" oncopy="return false;" onpaste="return false;" oncut="return false;" oncontextmenu="return false;" onmousedown="return false;" onselectstart="return false;"><span style="color: #7a1f7a;"><span style="font-family: monospace;">60.0 mL</span> previously diluted sample (aliquot)</span><br/>  <span style="color: #005cb3;"><span style="font-family: monospace;">150 mL</span> distilled water (diluent)</span><span style="font-size: 1px; color: white;">aug</span></div>
        </p>
      </simpleChoice>
      <simpleChoice fixed="true" identifier="answer_2">
        <p>
          <div id="drv_62cc" oncopy="return false;" onpaste="return false;" oncut="return false;" oncontextmenu="return false;" onmousedown="return false;" onselectstart="return false;"><span style="color: #7a1f7a;"><span style="font-family: monospace;">175.0 mL</span> previously<span style="font-size: 1px; color: white;">easier</span>diluted<span style="font-size: 1px; color: white;">pump</span>sample (aliquot)</span><br/>  <span style="color: #005cb3;"><span style="font-family: monospace;">35 mL</span> distilled<span style="font-size: 1px; color: white;">wool</span>water (diluent)</span> </div>
        </p>
      </simpleChoice>
      <simpleChoice fixed="true" identifier="answer_3">
        <p>
          <div id="drv_7d27" oncopy="return false;" onpaste="return false;" oncut="return false;" oncontextmenu="return false;" onmousedown="return false;" onselectstart="return false;"><span style="color: #7a1f7a;"><span style="font-family: monospace;">150.0 mL</span> previously<span style="font-size: 1px; color: white;">crops</span>diluted<span style="font-size: 1px; color: white;">bound</span>sample (aliquot)</span><br/>  <span style="color: #005cb3;"><span style="font-family: monospace;">60 mL</span> distilled<span style="font-size: 1px; color: white;">death</span>water (diluent)</span><span style="font-size: 1px; color: white;">lower</span></div>
        </p>
      </simpleChoice>
      <simpleChoice fixed="true" identifier="answer_4">
        <p>
          <div id="drv_3209" oncopy="return false;" onpaste="return false;" oncut="return false;" oncontextmenu="return false;" onmousedown="return false;" onselectstart="return false;"><span style="color: #7a1f7a;"><span style="font-family: monospace;">35.0 mL</span> previously<span style="font-size: 1px; color: white;">nobel</span>diluted<span style="font-size: 1px; color: white;">author</span>sample (aliquot)</span><br/>  <span style="color: #005cb3;"><span style="font-family: monospace;">175 mL</span> distilled<span style="font-size: 1px; color: white;">higher</span>water (diluent)</span> </div>
        </p>
      </simpleChoice>
    </choiceInteraction>
  </itemBody>
  <responseProcessing>
    <responseCondition>
      <responseIf>
        <match>
          <variable identifier="RESPONSE"/>
          <correct identifier="RESPONSE"/>
        </match>
      </responseIf>
    </responseCondition>
  </responseProcessing>
</assessmentItem>
