<?xml version='1.0' encoding='UTF-8'?>
<assessmentItem xmlns="http://www.imsglobal.org/xsd/imsqti_v2p1" xmlns:xsi="http://www.w3.org/2001/XMLSchema-instance" xmlns:ns8="http://www.w3.org/1999/xlink" xmlns:ns9="http://www.imsglobal.org/xsd/apip/apipv1p0/imsapip_qtiv1p0" xsi:schemaLocation="http://www.imsglobal.org/xsd/imsqti_v2p1 http://www.imsglobal.org/xsd/qti/qtiv2p1/imsqti_v2p1.xsd" title="e9db_29a4_7a7d" adaptive="false" timeDependent="false" identifier="e9db_29a4_7a7d">
  <responseDeclaration baseType="identifier" cardinality="single" identifier="RESPONSE">
    <correctResponse>
      <value>answer_002</value>
    </correctResponse>
  </responseDeclaration>
  <outcomeDeclaration baseType="float" cardinality="single" identifier="SCORE"/>
  <itemBody>
    <div>
      <div id="drv_3014" oncopy="return false;" onpaste="return false;" oncut="return false;" oncontextmenu="return false;" onmousedown="return false;" onselectstart="return false;">
        <p>Using<span style="font-size: 1px; color: white;">enable</span>a <span style="color: #7a1f7a;">previous diluted<span style="font-size: 1px; color: white;">mobile</span>sample</span> at <span style="font-size: 1.05em;"><span style="color: #228b22;"><span style="font-family: monospace;">DF=15</span></span></span>, create<span style="font-size: 1px; color: white;">truthl</span>a new<span style="font-size: 1px; color: white;">amp</span>dilution<span style="font-size: 1px; color: white;">bond</span>with<span style="font-size: 1px; color: white;">found</span>a final dilution of <span style="font-size: 1.05em;"><span style="color: #228b22;"><span style="font-family: monospace;">DF=40</span></span></span>.</p>
        <p>How much liquid<span style="font-size: 1px; color: white;">grape</span>do<span style="font-size: 1px; color: white;">join</span>you add<span style="font-size: 1px; color: white;">switch</span>to<span style="font-size: 1px; color: white;">pumps</span>make<span style="font-size: 1px; color: white;">tall</span>a total<span style="font-size: 1px; color: white;">term</span>of <span style="font-size: 1.05em;"><span style="font-family: monospace;">720 μL</span></span>?</p>
        <span style="font-size: 1px; color: white;">truthh</span>
      </div>
    </div>
    <choiceInteraction maxChoices="1" responseIdentifier="RESPONSE" shuffle="true">
      <simpleChoice fixed="true" identifier="answer_1">
        <p>
          <div id="drv_5473" oncopy="return false;" onpaste="return false;" oncut="return false;" oncontextmenu="return false;" onmousedown="return false;" onselectstart="return false;"><span style="color: #7a1f7a;"><span style="font-family: monospace;">480.0 mL</span> previously<span style="font-size: 1px; color: white;">falsea</span>diluted<span style="font-size: 1px; color: white;">ring</span>sample (aliquot)</span><br/>  <span style="color: #005cb3;"><span style="font-family: monospace;">240 mL</span> distilled<span style="font-size: 1px; color: white;">pest</span>water (diluent)</span><span style="font-size: 1px; color: white;">killed</span></div>
        </p>
      </simpleChoice>
      <simpleChoice fixed="true" identifier="answer_2">
        <p>
          <div id="drv_3aee" oncopy="return false;" onpaste="return false;" oncut="return false;" oncontextmenu="return false;" onmousedown="return false;" onselectstart="return false;"><span style="color: #7a1f7a;"><span style="font-family: monospace;">270.0 mL</span> previously diluted<span style="font-size: 1px; color: white;">leaven</span>sample (aliquot)</span><br/>  <span style="color: #005cb3;"><span style="font-family: monospace;">450 mL</span> distilled<span style="font-size: 1px; color: white;">gef</span>water (diluent)</span><span style="font-size: 1px; color: white;">camp</span></div>
        </p>
      </simpleChoice>
      <simpleChoice fixed="true" identifier="answer_3">
        <p>
          <div id="drv_1148" oncopy="return false;" onpaste="return false;" oncut="return false;" oncontextmenu="return false;" onmousedown="return false;" onselectstart="return false;"><span style="color: #7a1f7a;"><span style="font-family: monospace;">240.0 mL</span> previously diluted sample (aliquot)</span><br/>  <span style="color: #005cb3;"><span style="font-family: monospace;">480 mL</span> distilled water (diluent)</span><span style="font-size: 1px; color: white;">study</span></div>
        </p>
      </simpleChoice>
      <simpleChoice fixed="true" identifier="answer_4">
        <p>
          <div id="drv_67a2" oncopy="return false;" onpaste="return false;" oncut="return false;" oncontextmenu="return false;" onmousedown="return false;" onselectstart="return false;"><span style="color: #7a1f7a;"><span style="font-family: monospace;">400.0 mL</span> previously<span style="font-size: 1px; color: white;">shapes</span>diluted sample (aliquot)</span><br/>  <span style="color: #005cb3;"><span style="font-family: monospace;">320 mL</span> distilled<span style="font-size: 1px; color: white;">acids</span>water (diluent)</span><span style="font-size: 1px; color: white;">drift</span></div>
        </p>
      </simpleChoice>
      <simpleChoice fixed="true" identifier="answer_5">
        <p>
          <div id="drv_c9cb" oncopy="return false;" onpaste="return false;" oncut="return false;" oncontextmenu="return false;" onmousedown="return false;" onselectstart="return false;"><span style="color: #7a1f7a;"><span style="font-family: monospace;">450.0 mL</span> previously<span style="font-size: 1px; color: white;">range</span>diluted<span style="font-size: 1px; color: white;">begins</span>sample (aliquot)</span><br/>  <span style="color: #005cb3;"><span style="font-family: monospace;">270 mL</span> distilled<span style="font-size: 1px; color: white;">two</span>water (diluent)</span><span style="font-size: 1px; color: white;">patau</span></div>
        </p>
      </simpleChoice>
    </choiceInteraction>
  </itemBody>
  <responseProcessing>
    <responseCondition>
      <responseIf>
        <match>
          <variable identifier="RESPONSE"/>
          <correct identifier="RESPONSE"/>
        </match>
      </responseIf>
    </responseCondition>
  </responseProcessing>
</assessmentItem>
