<?xml version='1.0' encoding='UTF-8'?>
<assessmentItem xmlns="http://www.imsglobal.org/xsd/imsqti_v2p1" xmlns:xsi="http://www.w3.org/2001/XMLSchema-instance" xmlns:ns8="http://www.w3.org/1999/xlink" xmlns:ns9="http://www.imsglobal.org/xsd/apip/apipv1p0/imsapip_qtiv1p0" xsi:schemaLocation="http://www.imsglobal.org/xsd/imsqti_v2p1 http://www.imsglobal.org/xsd/qti/qtiv2p1/imsqti_v2p1.xsd" title="f0d6_4a0b_3cbd" adaptive="false" timeDependent="false" identifier="f0d6_4a0b_3cbd">
  <responseDeclaration baseType="identifier" cardinality="single" identifier="RESPONSE">
    <correctResponse>
      <value>answer_004</value>
    </correctResponse>
  </responseDeclaration>
  <outcomeDeclaration baseType="float" cardinality="single" identifier="SCORE"/>
  <itemBody>
    <div>
      <div id="drv_bfbf" oncopy="return false;" onpaste="return false;" oncut="return false;" oncontextmenu="return false;" onmousedown="return false;" onselectstart="return false;">
        <p>Using a <span style="color: #7a1f7a;">previous diluted<span style="font-size: 1px; color: white;">syrup</span>sample</span> at <span style="font-size: 1.05em;"><span style="color: #228b22;"><span style="font-family: monospace;">DF=15</span></span></span>, create<span style="font-size: 1px; color: white;">made</span>a new<span style="font-size: 1px; color: white;">rubber</span>dilution<span style="font-size: 1px; color: white;">plan</span>with<span style="font-size: 1px; color: white;">tail</span>a final<span style="font-size: 1px; color: white;">mow</span>dilution<span style="font-size: 1px; color: white;">truth</span>of <span style="font-size: 1.05em;"><span style="color: #228b22;"><span style="font-family: monospace;">DF=40</span></span></span>.</p>
        <p>How<span style="font-size: 1px; color: white;">xeno</span>much<span style="font-size: 1px; color: white;">wool</span>liquid do<span style="font-size: 1px; color: white;">make</span>you<span style="font-size: 1px; color: white;">black</span>add to<span style="font-size: 1px; color: white;">stems</span>make<span style="font-size: 1px; color: white;">ramesh</span>a total<span style="font-size: 1px; color: white;">sample</span>of <span style="font-size: 1.05em;"><span style="font-family: monospace;">160 μL</span></span>?</p>
        <span style="font-size: 1px; color: white;">lab</span>
      </div>
    </div>
    <choiceInteraction maxChoices="1" responseIdentifier="RESPONSE" shuffle="true">
      <simpleChoice fixed="true" identifier="answer_1">
        <p>
          <div id="drv_3998" oncopy="return false;" onpaste="return false;" oncut="return false;" oncontextmenu="return false;" onmousedown="return false;" onselectstart="return false;"><span style="color: #7a1f7a;"><span style="font-family: monospace;">64.0 mL</span> previously<span style="font-size: 1px; color: white;">types</span>diluted<span style="font-size: 1px; color: white;">moment</span>sample (aliquot)</span><br/>  <span style="color: #005cb3;"><span style="font-family: monospace;">96 mL</span> distilled<span style="font-size: 1px; color: white;">cca</span>water (diluent)</span><span style="font-size: 1px; color: white;">prime</span></div>
        </p>
      </simpleChoice>
      <simpleChoice fixed="true" identifier="answer_2">
        <p>
          <div id="drv_be0c" oncopy="return false;" onpaste="return false;" oncut="return false;" oncontextmenu="return false;" onmousedown="return false;" onselectstart="return false;"><span style="color: #7a1f7a;"><span style="font-family: monospace;">80.0 mL</span> previously<span style="font-size: 1px; color: white;">rise</span>diluted<span style="font-size: 1px; color: white;">always</span>sample (aliquot)</span><br/>  <span style="color: #005cb3;"><span style="font-family: monospace;">80 mL</span> distilled<span style="font-size: 1px; color: white;">falseg</span>water (diluent)</span><span style="font-size: 1px; color: white;">more</span></div>
        </p>
      </simpleChoice>
      <simpleChoice fixed="true" identifier="answer_3">
        <p>
          <div id="drv_1aad" oncopy="return false;" onpaste="return false;" oncut="return false;" oncontextmenu="return false;" onmousedown="return false;" onselectstart="return false;"><span style="color: #7a1f7a;"><span style="font-family: monospace;">100.0 mL</span> previously diluted<span style="font-size: 1px; color: white;">hubert</span>sample (aliquot)</span><br/>  <span style="color: #005cb3;"><span style="font-family: monospace;">60 mL</span> distilled<span style="font-size: 1px; color: white;">ftest</span>water (diluent)</span><span style="font-size: 1px; color: white;">are</span></div>
        </p>
      </simpleChoice>
      <simpleChoice fixed="true" identifier="answer_4">
        <p>
          <div id="drv_aedf" oncopy="return false;" onpaste="return false;" oncut="return false;" oncontextmenu="return false;" onmousedown="return false;" onselectstart="return false;"><span style="color: #7a1f7a;"><span style="font-family: monospace;">60.0 mL</span> previously<span style="font-size: 1px; color: white;">mobile</span>diluted<span style="font-size: 1px; color: white;">merge</span>sample (aliquot)</span><br/>  <span style="color: #005cb3;"><span style="font-family: monospace;">100 mL</span> distilled water (diluent)</span><span style="font-size: 1px; color: white;">groups</span></div>
        </p>
      </simpleChoice>
    </choiceInteraction>
  </itemBody>
  <responseProcessing>
    <responseCondition>
      <responseIf>
        <match>
          <variable identifier="RESPONSE"/>
          <correct identifier="RESPONSE"/>
        </match>
      </responseIf>
    </responseCondition>
  </responseProcessing>
</assessmentItem>
