<?xml version='1.0' encoding='UTF-8'?>
<assessmentItem xmlns="http://www.imsglobal.org/xsd/imsqti_v2p1" xmlns:xsi="http://www.w3.org/2001/XMLSchema-instance" xmlns:ns8="http://www.w3.org/1999/xlink" xmlns:ns9="http://www.imsglobal.org/xsd/apip/apipv1p0/imsapip_qtiv1p0" xsi:schemaLocation="http://www.imsglobal.org/xsd/imsqti_v2p1 http://www.imsglobal.org/xsd/qti/qtiv2p1/imsqti_v2p1.xsd" title="5506_28aa_7f01" adaptive="false" timeDependent="false" identifier="5506_28aa_7f01">
  <responseDeclaration baseType="identifier" cardinality="single" identifier="RESPONSE">
    <correctResponse>
      <value>answer_001</value>
    </correctResponse>
  </responseDeclaration>
  <outcomeDeclaration baseType="float" cardinality="single" identifier="SCORE"/>
  <itemBody>
    <div>
      <div id="drv_ab82" oncopy="return false;" onpaste="return false;" oncut="return false;" oncontextmenu="return false;" onmousedown="return false;" onselectstart="return false;">
        <p>Using a <span style="color: #7a1f7a;">previous diluted sample</span> at <span style="font-size: 1.05em;"><span style="color: #228b22;"><span style="font-family: monospace;">DF=24</span></span></span>, create a new<span style="font-size: 1px; color: white;">heavy</span>dilution with a final dilution<span style="font-size: 1px; color: white;">salt</span>of <span style="font-size: 1.05em;"><span style="color: #228b22;"><span style="font-family: monospace;">DF=40</span></span></span>.</p>
        <p>How much<span style="font-size: 1px; color: white;">derive</span>liquid<span style="font-size: 1px; color: white;">ribose</span>do you<span style="font-size: 1px; color: white;">losa</span>add to make<span style="font-size: 1px; color: white;">eectwo</span>a total of <span style="font-size: 1.05em;"><span style="font-family: monospace;">550 μL</span></span>?</p>
        <span style="font-size: 1px; color: white;">focus</span>
      </div>
    </div>
    <choiceInteraction maxChoices="1" responseIdentifier="RESPONSE" shuffle="true">
      <simpleChoice fixed="true" identifier="answer_1">
        <p>
          <div id="drv_b608" oncopy="return false;" onpaste="return false;" oncut="return false;" oncontextmenu="return false;" onmousedown="return false;" onselectstart="return false;"><span style="color: #7a1f7a;"><span style="font-family: monospace;">330.0 mL</span> previously<span style="font-size: 1px; color: white;">harass</span>diluted<span style="font-size: 1px; color: white;">field</span>sample (aliquot)</span><br/>  <span style="color: #005cb3;"><span style="font-family: monospace;">220 mL</span> distilled<span style="font-size: 1px; color: white;">subset</span>water (diluent)</span> </div>
        </p>
      </simpleChoice>
      <simpleChoice fixed="true" identifier="answer_2">
        <p>
          <div id="drv_90de" oncopy="return false;" onpaste="return false;" oncut="return false;" oncontextmenu="return false;" onmousedown="return false;" onselectstart="return false;"><span style="color: #7a1f7a;"><span style="font-family: monospace;">220.0 mL</span> previously diluted sample (aliquot)</span><br/>  <span style="color: #005cb3;"><span style="font-family: monospace;">330 mL</span> distilled<span style="font-size: 1px; color: white;">stop</span>water (diluent)</span><span style="font-size: 1px; color: white;">much</span></div>
        </p>
      </simpleChoice>
    </choiceInteraction>
  </itemBody>
  <responseProcessing>
    <responseCondition>
      <responseIf>
        <match>
          <variable identifier="RESPONSE"/>
          <correct identifier="RESPONSE"/>
        </match>
      </responseIf>
    </responseCondition>
  </responseProcessing>
</assessmentItem>
