<?xml version='1.0' encoding='UTF-8'?>
<assessmentItem xmlns="http://www.imsglobal.org/xsd/imsqti_v2p1" xmlns:xsi="http://www.w3.org/2001/XMLSchema-instance" xmlns:ns8="http://www.w3.org/1999/xlink" xmlns:ns9="http://www.imsglobal.org/xsd/apip/apipv1p0/imsapip_qtiv1p0" xsi:schemaLocation="http://www.imsglobal.org/xsd/imsqti_v2p1 http://www.imsglobal.org/xsd/qti/qtiv2p1/imsqti_v2p1.xsd" title="d414_8e3f_5a7f" adaptive="false" timeDependent="false" identifier="d414_8e3f_5a7f">
  <responseDeclaration baseType="identifier" cardinality="single" identifier="RESPONSE">
    <correctResponse>
      <value>answer_001</value>
    </correctResponse>
  </responseDeclaration>
  <outcomeDeclaration baseType="float" cardinality="single" identifier="SCORE"/>
  <itemBody>
    <div>
      <div id="drv_77d5" oncopy="return false;" onpaste="return false;" oncut="return false;" oncontextmenu="return false;" onmousedown="return false;" onselectstart="return false;">
        <p>Using a <span style="color: #7a1f7a;">previous<span style="font-size: 1px; color: white;">flow</span>diluted sample</span> at <span style="font-size: 1.05em;"><span style="color: #228b22;"><span style="font-family: monospace;">DF=20</span></span></span>, create<span style="font-size: 1px; color: white;">polar</span>a new<span style="font-size: 1px; color: white;">step</span>dilution with<span style="font-size: 1px; color: white;">vdw</span>a final<span style="font-size: 1px; color: white;">ratio</span>dilution<span style="font-size: 1px; color: white;">kayak</span>of <span style="font-size: 1.05em;"><span style="color: #228b22;"><span style="font-family: monospace;">DF=32</span></span></span>.</p>
        <p>How<span style="font-size: 1px; color: white;">red</span>much<span style="font-size: 1px; color: white;">fenull</span>liquid do<span style="font-size: 1px; color: white;">sky</span>you<span style="font-size: 1px; color: white;">joins</span>add to<span style="font-size: 1px; color: white;">result</span>make<span style="font-size: 1px; color: white;">mirror</span>a total<span style="font-size: 1px; color: white;">bcell</span>of <span style="font-size: 1.05em;"><span style="font-family: monospace;">400 μL</span></span>?</p>
        <span style="font-size: 1px; color: white;">hybrid</span>
      </div>
    </div>
    <choiceInteraction maxChoices="1" responseIdentifier="RESPONSE" shuffle="true">
      <simpleChoice fixed="true" identifier="answer_1">
        <p>
          <div id="drv_e811" oncopy="return false;" onpaste="return false;" oncut="return false;" oncontextmenu="return false;" onmousedown="return false;" onselectstart="return false;"><span style="color: #7a1f7a;"><span style="font-family: monospace;">250.0 mL</span> previously<span style="font-size: 1px; color: white;">sides</span>diluted sample (aliquot)</span><br/>  <span style="color: #005cb3;"><span style="font-family: monospace;">150 mL</span> distilled water (diluent)</span><span style="font-size: 1px; color: white;">glands</span></div>
        </p>
      </simpleChoice>
      <simpleChoice fixed="true" identifier="answer_2">
        <p>
          <div id="drv_3c2a" oncopy="return false;" onpaste="return false;" oncut="return false;" oncontextmenu="return false;" onmousedown="return false;" onselectstart="return false;"><span style="color: #7a1f7a;"><span style="font-family: monospace;">150.0 mL</span> previously<span style="font-size: 1px; color: white;">thus</span>diluted<span style="font-size: 1px; color: white;">ddna</span>sample (aliquot)</span><br/>  <span style="color: #005cb3;"><span style="font-family: monospace;">250 mL</span> distilled<span style="font-size: 1px; color: white;">simple</span>water (diluent)</span> </div>
        </p>
      </simpleChoice>
      <simpleChoice fixed="true" identifier="answer_3">
        <p>
          <div id="drv_55ee" oncopy="return false;" onpaste="return false;" oncut="return false;" oncontextmenu="return false;" onmousedown="return false;" onselectstart="return false;"><span style="color: #7a1f7a;"><span style="font-family: monospace;">100.0 mL</span> previously<span style="font-size: 1px; color: white;">angles</span>diluted<span style="font-size: 1px; color: white;">eside</span>sample (aliquot)</span><br/>  <span style="color: #005cb3;"><span style="font-family: monospace;">300 mL</span> distilled<span style="font-size: 1px; color: white;">tiny</span>water (diluent)</span><span style="font-size: 1px; color: white;">wool</span></div>
        </p>
      </simpleChoice>
      <simpleChoice fixed="true" identifier="answer_4">
        <p>
          <div id="drv_d433" oncopy="return false;" onpaste="return false;" oncut="return false;" oncontextmenu="return false;" onmousedown="return false;" onselectstart="return false;"><span style="color: #7a1f7a;"><span style="font-family: monospace;">160.0 mL</span> previously<span style="font-size: 1px; color: white;">day</span>diluted<span style="font-size: 1px; color: white;">bfd</span>sample (aliquot)</span><br/>  <span style="color: #005cb3;"><span style="font-family: monospace;">240 mL</span> distilled<span style="font-size: 1px; color: white;">state</span>water (diluent)</span> </div>
        </p>
      </simpleChoice>
    </choiceInteraction>
  </itemBody>
  <responseProcessing>
    <responseCondition>
      <responseIf>
        <match>
          <variable identifier="RESPONSE"/>
          <correct identifier="RESPONSE"/>
        </match>
      </responseIf>
    </responseCondition>
  </responseProcessing>
</assessmentItem>
