<?xml version='1.0' encoding='UTF-8'?>
<assessmentItem xmlns="http://www.imsglobal.org/xsd/imsqti_v2p1" xmlns:xsi="http://www.w3.org/2001/XMLSchema-instance" xmlns:ns8="http://www.w3.org/1999/xlink" xmlns:ns9="http://www.imsglobal.org/xsd/apip/apipv1p0/imsapip_qtiv1p0" xsi:schemaLocation="http://www.imsglobal.org/xsd/imsqti_v2p1 http://www.imsglobal.org/xsd/qti/qtiv2p1/imsqti_v2p1.xsd" title="88f5_9d5d_c75b" adaptive="false" timeDependent="false" identifier="88f5_9d5d_c75b">
  <responseDeclaration baseType="identifier" cardinality="single" identifier="RESPONSE">
    <correctResponse>
      <value>answer_001</value>
    </correctResponse>
  </responseDeclaration>
  <outcomeDeclaration baseType="float" cardinality="single" identifier="SCORE"/>
  <itemBody>
    <div>
      <div id="drv_7980" oncopy="return false;" onpaste="return false;" oncut="return false;" oncontextmenu="return false;" onmousedown="return false;" onselectstart="return false;"><p>Using<span style="font-size: 1px; color: white;">lab</span>a <span style="color: #7a1f7a;">previous diluted<span style="font-size: 1px; color: white;">newly</span>sample</span> at <span style="font-size: 1.05em;"><span style="color: #228b22;"><span style="font-family: monospace;">DF=250</span></span></span>, create<span style="font-size: 1px; color: white;">resin</span>a new<span style="font-size: 1px; color: white;">taking</span>dilution<span style="font-size: 1px; color: white;">adopts</span>with<span style="font-size: 1px; color: white;">makeup</span>a final<span style="font-size: 1px; color: white;">things</span>dilution<span style="font-size: 1px; color: white;">death</span>of <span style="font-size: 1.05em;"><span style="color: #228b22;"><span style="font-family: monospace;">DF=400</span></span></span>.</p><p>How<span style="font-size: 1px; color: white;">keep</span>much liquid<span style="font-size: 1px; color: white;">cold</span>do you<span style="font-size: 1px; color: white;">then</span>add<span style="font-size: 1px; color: white;">codon</span>to<span style="font-size: 1px; color: white;">lima</span>make a total<span style="font-size: 1px; color: white;">bees</span>of <span style="font-size: 1.05em;"><span style="font-family: monospace;">160 μL</span></span>?</p> </div>
    </div>
    <choiceInteraction maxChoices="1" responseIdentifier="RESPONSE" shuffle="true">
      <simpleChoice fixed="true" identifier="answer_1">
        <p>
          <div id="drv_2a43" oncopy="return false;" onpaste="return false;" oncut="return false;" oncontextmenu="return false;" onmousedown="return false;" onselectstart="return false;"><span style="color: #7a1f7a;"><span style="font-family: monospace;">100.0 mL</span> previously<span style="font-size: 1px; color: white;">dimer</span>diluted sample (aliquot)</span><br/>  <span style="color: #005cb3;"><span style="font-family: monospace;">60 mL</span> distilled<span style="font-size: 1px; color: white;">anchor</span>water (diluent)</span><span style="font-size: 1px; color: white;">talose</span></div>
        </p>
      </simpleChoice>
      <simpleChoice fixed="true" identifier="answer_2">
        <p>
          <div id="drv_8fe4" oncopy="return false;" onpaste="return false;" oncut="return false;" oncontextmenu="return false;" onmousedown="return false;" onselectstart="return false;"><span style="color: #7a1f7a;"><span style="font-family: monospace;">60.0 mL</span> previously<span style="font-size: 1px; color: white;">niacin</span>diluted<span style="font-size: 1px; color: white;">expose</span>sample (aliquot)</span><br/>  <span style="color: #005cb3;"><span style="font-family: monospace;">100 mL</span> distilled<span style="font-size: 1px; color: white;">host</span>water (diluent)</span> </div>
        </p>
      </simpleChoice>
      <simpleChoice fixed="true" identifier="answer_3">
        <p>
          <div id="drv_aa2f" oncopy="return false;" onpaste="return false;" oncut="return false;" oncontextmenu="return false;" onmousedown="return false;" onselectstart="return false;"><span style="color: #7a1f7a;"><span style="font-family: monospace;">120.0 mL</span> previously<span style="font-size: 1px; color: white;">xxx</span>diluted<span style="font-size: 1px; color: white;">shows</span>sample (aliquot)</span><br/>  <span style="color: #005cb3;"><span style="font-family: monospace;">40 mL</span> distilled water (diluent)</span><span style="font-size: 1px; color: white;">bond</span></div>
        </p>
      </simpleChoice>
      <simpleChoice fixed="true" identifier="answer_4">
        <p>
          <div id="drv_1817" oncopy="return false;" onpaste="return false;" oncut="return false;" oncontextmenu="return false;" onmousedown="return false;" onselectstart="return false;"><span style="color: #7a1f7a;"><span style="font-family: monospace;">96.0 mL</span> previously diluted<span style="font-size: 1px; color: white;">anna</span>sample (aliquot)</span><br/>  <span style="color: #005cb3;"><span style="font-family: monospace;">64 mL</span> distilled<span style="font-size: 1px; color: white;">xylene</span>water (diluent)</span><span style="font-size: 1px; color: white;">aform</span></div>
        </p>
      </simpleChoice>
    </choiceInteraction>
  </itemBody>
  <responseProcessing>
    <responseCondition>
      <responseIf>
        <match>
          <variable identifier="RESPONSE"/>
          <correct identifier="RESPONSE"/>
        </match>
      </responseIf>
    </responseCondition>
  </responseProcessing>
</assessmentItem>
