<?xml version='1.0' encoding='UTF-8'?>
<assessmentItem xmlns="http://www.imsglobal.org/xsd/imsqti_v2p1" xmlns:xsi="http://www.w3.org/2001/XMLSchema-instance" xmlns:ns8="http://www.w3.org/1999/xlink" xmlns:ns9="http://www.imsglobal.org/xsd/apip/apipv1p0/imsapip_qtiv1p0" xsi:schemaLocation="http://www.imsglobal.org/xsd/imsqti_v2p1 http://www.imsglobal.org/xsd/qti/qtiv2p1/imsqti_v2p1.xsd" title="9c9d_35de_8a6f" adaptive="false" timeDependent="false" identifier="9c9d_35de_8a6f">
  <responseDeclaration baseType="identifier" cardinality="single" identifier="RESPONSE">
    <correctResponse>
      <value>answer_001</value>
    </correctResponse>
  </responseDeclaration>
  <outcomeDeclaration baseType="float" cardinality="single" identifier="SCORE"/>
  <itemBody>
    <div>
      <div id="drv_1e50" oncopy="return false;" onpaste="return false;" oncut="return false;" oncontextmenu="return false;" onmousedown="return false;" onselectstart="return false;">
        <p>Using a <span style="color: #7a1f7a;">previous<span style="font-size: 1px; color: white;">baboth</span>diluted<span style="font-size: 1px; color: white;">her</span>sample</span> at <span style="font-size: 1.05em;"><span style="color: #228b22;"><span style="font-family: monospace;">DF=32</span></span></span>, create<span style="font-size: 1px; color: white;">lipids</span>a new<span style="font-size: 1px; color: white;">mean</span>dilution with<span style="font-size: 1px; color: white;">sides</span>a final dilution<span style="font-size: 1px; color: white;">rhythm</span>of <span style="font-size: 1.05em;"><span style="color: #228b22;"><span style="font-family: monospace;">DF=56</span></span></span>.</p>
        <p>How<span style="font-size: 1px; color: white;">dreba</span>much<span style="font-size: 1px; color: white;">adopt</span>liquid<span style="font-size: 1px; color: white;">effect</span>do you<span style="font-size: 1px; color: white;">river</span>add<span style="font-size: 1px; color: white;">gfc</span>to make<span style="font-size: 1px; color: white;">inner</span>a total of <span style="font-size: 1.05em;"><span style="font-family: monospace;">700 μL</span></span>?</p>
        <span style="font-size: 1px; color: white;">ecm</span>
      </div>
    </div>
    <choiceInteraction maxChoices="1" responseIdentifier="RESPONSE" shuffle="true">
      <simpleChoice fixed="true" identifier="answer_1">
        <p>
          <div id="drv_24be" oncopy="return false;" onpaste="return false;" oncut="return false;" oncontextmenu="return false;" onmousedown="return false;" onselectstart="return false;"><span style="color: #7a1f7a;"><span style="font-family: monospace;">400.0 mL</span> previously<span style="font-size: 1px; color: white;">forces</span>diluted<span style="font-size: 1px; color: white;">easily</span>sample (aliquot)</span><br/>  <span style="color: #005cb3;"><span style="font-family: monospace;">300 mL</span> distilled<span style="font-size: 1px; color: white;">spine</span>water (diluent)</span><span style="font-size: 1px; color: white;">builds</span></div>
        </p>
      </simpleChoice>
      <simpleChoice fixed="true" identifier="answer_2">
        <p>
          <div id="drv_f562" oncopy="return false;" onpaste="return false;" oncut="return false;" oncontextmenu="return false;" onmousedown="return false;" onselectstart="return false;"><span style="color: #7a1f7a;"><span style="font-family: monospace;">200.0 mL</span> previously<span style="font-size: 1px; color: white;">chi</span>diluted<span style="font-size: 1px; color: white;">letter</span>sample (aliquot)</span><br/>  <span style="color: #005cb3;"><span style="font-family: monospace;">500 mL</span> distilled water (diluent)</span><span style="font-size: 1px; color: white;">people</span></div>
        </p>
      </simpleChoice>
      <simpleChoice fixed="true" identifier="answer_3">
        <p>
          <div id="drv_a5e0" oncopy="return false;" onpaste="return false;" oncut="return false;" oncontextmenu="return false;" onmousedown="return false;" onselectstart="return false;"><span style="color: #7a1f7a;"><span style="font-family: monospace;">300.0 mL</span> previously<span style="font-size: 1px; color: white;">point</span>diluted<span style="font-size: 1px; color: white;">with</span>sample (aliquot)</span><br/>  <span style="color: #005cb3;"><span style="font-family: monospace;">400 mL</span> distilled<span style="font-size: 1px; color: white;">sheep</span>water (diluent)</span> </div>
        </p>
      </simpleChoice>
      <simpleChoice fixed="true" identifier="answer_4">
        <p>
          <div id="drv_7c70" oncopy="return false;" onpaste="return false;" oncut="return false;" oncontextmenu="return false;" onmousedown="return false;" onselectstart="return false;"><span style="color: #7a1f7a;"><span style="font-family: monospace;">350.0 mL</span> previously<span style="font-size: 1px; color: white;">larvae</span>diluted sample (aliquot)</span><br/>  <span style="color: #005cb3;"><span style="font-family: monospace;">350 mL</span> distilled<span style="font-size: 1px; color: white;">tca</span>water (diluent)</span> </div>
        </p>
      </simpleChoice>
    </choiceInteraction>
  </itemBody>
  <responseProcessing>
    <responseCondition>
      <responseIf>
        <match>
          <variable identifier="RESPONSE"/>
          <correct identifier="RESPONSE"/>
        </match>
      </responseIf>
    </responseCondition>
  </responseProcessing>
</assessmentItem>
