<?xml version='1.0' encoding='UTF-8'?>
<assessmentItem xmlns="http://www.imsglobal.org/xsd/imsqti_v2p1" xmlns:xsi="http://www.w3.org/2001/XMLSchema-instance" xmlns:ns8="http://www.w3.org/1999/xlink" xmlns:ns9="http://www.imsglobal.org/xsd/apip/apipv1p0/imsapip_qtiv1p0" xsi:schemaLocation="http://www.imsglobal.org/xsd/imsqti_v2p1 http://www.imsglobal.org/xsd/qti/qtiv2p1/imsqti_v2p1.xsd" title="1b81_88df_eb02" adaptive="false" timeDependent="false" identifier="1b81_88df_eb02">
  <responseDeclaration baseType="identifier" cardinality="single" identifier="RESPONSE">
    <correctResponse>
      <value>answer_001</value>
    </correctResponse>
  </responseDeclaration>
  <outcomeDeclaration baseType="float" cardinality="single" identifier="SCORE"/>
  <itemBody>
    <div>
      <div id="drv_af00" oncopy="return false;" onpaste="return false;" oncut="return false;" oncontextmenu="return false;" onmousedown="return false;" onselectstart="return false;">
        <p>Using a <span style="color: #7a1f7a;">previous<span style="font-size: 1px; color: white;">extent</span>diluted<span style="font-size: 1px; color: white;">watch</span>sample</span> at <span style="font-size: 1.05em;"><span style="color: #228b22;"><span style="font-family: monospace;">DF=12</span></span></span>, create<span style="font-size: 1px; color: white;">change</span>a new<span style="font-size: 1px; color: white;">strong</span>dilution<span style="font-size: 1px; color: white;">purify</span>with<span style="font-size: 1px; color: white;">plays</span>a final<span style="font-size: 1px; color: white;">castor</span>dilution<span style="font-size: 1px; color: white;">viral</span>of <span style="font-size: 1.05em;"><span style="color: #228b22;"><span style="font-family: monospace;">DF=32</span></span></span>.</p>
        <p>How much<span style="font-size: 1px; color: white;">bodys</span>liquid<span style="font-size: 1px; color: white;">when</span>do you<span style="font-size: 1px; color: white;">about</span>add<span style="font-size: 1px; color: white;">taste</span>to<span style="font-size: 1px; color: white;">play</span>make a total<span style="font-size: 1px; color: white;">mask</span>of <span style="font-size: 1.05em;"><span style="font-family: monospace;">240 μL</span></span>?</p>
        <span style="font-size: 1px; color: white;">end</span>
      </div>
    </div>
    <choiceInteraction maxChoices="1" responseIdentifier="RESPONSE" shuffle="true">
      <simpleChoice fixed="true" identifier="answer_1">
        <p>
          <div id="drv_4f31" oncopy="return false;" onpaste="return false;" oncut="return false;" oncontextmenu="return false;" onmousedown="return false;" onselectstart="return false;"><span style="color: #7a1f7a;"><span style="font-family: monospace;">90.0 mL</span> previously diluted sample (aliquot)</span><br/>  <span style="color: #005cb3;"><span style="font-family: monospace;">150 mL</span> distilled<span style="font-size: 1px; color: white;">select</span>water (diluent)</span> </div>
        </p>
      </simpleChoice>
      <simpleChoice fixed="true" identifier="answer_2">
        <p>
          <div id="drv_b651" oncopy="return false;" onpaste="return false;" oncut="return false;" oncontextmenu="return false;" onmousedown="return false;" onselectstart="return false;"><span style="color: #7a1f7a;"><span style="font-family: monospace;">160.0 mL</span> previously<span style="font-size: 1px; color: white;">used</span>diluted sample (aliquot)</span><br/>  <span style="color: #005cb3;"><span style="font-family: monospace;">80 mL</span> distilled<span style="font-size: 1px; color: white;">forkbr</span>water (diluent)</span> </div>
        </p>
      </simpleChoice>
      <simpleChoice fixed="true" identifier="answer_3">
        <p>
          <div id="drv_2526" oncopy="return false;" onpaste="return false;" oncut="return false;" oncontextmenu="return false;" onmousedown="return false;" onselectstart="return false;"><span style="color: #7a1f7a;"><span style="font-family: monospace;">96.0 mL</span> previously<span style="font-size: 1px; color: white;">fdna</span>diluted sample (aliquot)</span><br/>  <span style="color: #005cb3;"><span style="font-family: monospace;">144 mL</span> distilled<span style="font-size: 1px; color: white;">daily</span>water (diluent)</span> </div>
        </p>
      </simpleChoice>
      <simpleChoice fixed="true" identifier="answer_4">
        <p>
          <div id="drv_57e1" oncopy="return false;" onpaste="return false;" oncut="return false;" oncontextmenu="return false;" onmousedown="return false;" onselectstart="return false;"><span style="color: #7a1f7a;"><span style="font-family: monospace;">150.0 mL</span> previously<span style="font-size: 1px; color: white;">rings</span>diluted<span style="font-size: 1px; color: white;">organs</span>sample (aliquot)</span><br/>  <span style="color: #005cb3;"><span style="font-family: monospace;">90 mL</span> distilled water (diluent)</span><span style="font-size: 1px; color: white;">mutant</span></div>
        </p>
      </simpleChoice>
      <simpleChoice fixed="true" identifier="answer_5">
        <p>
          <div id="drv_e62f" oncopy="return false;" onpaste="return false;" oncut="return false;" oncontextmenu="return false;" onmousedown="return false;" onselectstart="return false;"><span style="color: #7a1f7a;"><span style="font-family: monospace;">144.0 mL</span> previously<span style="font-size: 1px; color: white;">area</span>diluted sample (aliquot)</span><br/>  <span style="color: #005cb3;"><span style="font-family: monospace;">96 mL</span> distilled<span style="font-size: 1px; color: white;">dogma</span>water (diluent)</span><span style="font-size: 1px; color: white;">blood</span></div>
        </p>
      </simpleChoice>
    </choiceInteraction>
  </itemBody>
  <responseProcessing>
    <responseCondition>
      <responseIf>
        <match>
          <variable identifier="RESPONSE"/>
          <correct identifier="RESPONSE"/>
        </match>
      </responseIf>
    </responseCondition>
  </responseProcessing>
</assessmentItem>
