<?xml version='1.0' encoding='UTF-8'?>
<assessmentItem xmlns="http://www.imsglobal.org/xsd/imsqti_v2p1" xmlns:xsi="http://www.w3.org/2001/XMLSchema-instance" xmlns:ns8="http://www.w3.org/1999/xlink" xmlns:ns9="http://www.imsglobal.org/xsd/apip/apipv1p0/imsapip_qtiv1p0" xsi:schemaLocation="http://www.imsglobal.org/xsd/imsqti_v2p1 http://www.imsglobal.org/xsd/qti/qtiv2p1/imsqti_v2p1.xsd" title="a459_0e7c_2fe4" adaptive="false" timeDependent="false" identifier="a459_0e7c_2fe4">
  <responseDeclaration baseType="identifier" cardinality="single" identifier="RESPONSE">
    <correctResponse>
      <value>answer_001</value>
    </correctResponse>
  </responseDeclaration>

  <outcomeDeclaration baseType="float" cardinality="single" identifier="SCORE"/>

  <itemBody>
    <div>Which statement best describes the <span style="color:#cc6600;font-weight:700;">Second</span> Law of Thermodynamics?</div>
    <choiceInteraction maxChoices="1" responseIdentifier="RESPONSE" shuffle="true">
      <simpleChoice fixed="true" identifier="answer_1">
        <p>the total entropy of a system and its surroundings increases for a spontaneous process</p>
      </simpleChoice>
      <simpleChoice fixed="true" identifier="answer_2">
        <p>temperatures will always decrease in a spontaneous process</p>
      </simpleChoice>
      <simpleChoice fixed="true" identifier="answer_3">
        <p>a spontaneous process always releases heat</p>
      </simpleChoice>
      <simpleChoice fixed="true" identifier="answer_4">
        <p>the total energy of a system and its surroundings is constant</p>
      </simpleChoice>
    </choiceInteraction>
  </itemBody>

  <responseProcessing>
    <responseCondition>
      <responseIf>
        <match>
          <variable identifier="RESPONSE"/>
          <correct identifier="RESPONSE"/>
        </match>
      </responseIf>
    </responseCondition>
  </responseProcessing>
</assessmentItem>
