<?xml version='1.0' encoding='UTF-8'?>
<assessmentItem xmlns="http://www.imsglobal.org/xsd/imsqti_v2p1" xmlns:xsi="http://www.w3.org/2001/XMLSchema-instance" xmlns:ns8="http://www.w3.org/1999/xlink" xmlns:ns9="http://www.imsglobal.org/xsd/apip/apipv1p0/imsapip_qtiv1p0" xsi:schemaLocation="http://www.imsglobal.org/xsd/imsqti_v2p1 http://www.imsglobal.org/xsd/qti/qtiv2p1/imsqti_v2p1.xsd" title="de52_acd4_f12e" adaptive="false" timeDependent="false" identifier="de52_acd4_f12e">
  <responseDeclaration baseType="identifier" cardinality="single" identifier="RESPONSE">
    <correctResponse>
      <value>answer_004</value>
    </correctResponse>
  </responseDeclaration>

  <outcomeDeclaration baseType="float" cardinality="single" identifier="SCORE"/>

  <itemBody>
    <div>The <span style="color:#0077bb;font-weight:700;">First</span> Law of Thermodynamics states:</div>
    <choiceInteraction maxChoices="1" responseIdentifier="RESPONSE" shuffle="true">
      <simpleChoice fixed="true" identifier="answer_1">
        <p>entropy of the universe is constant</p>
      </simpleChoice>
      <simpleChoice fixed="true" identifier="answer_2">
        <p>energy is always increasing in a spontaneous process</p>
      </simpleChoice>
      <simpleChoice fixed="true" identifier="answer_3">
        <p>the total entropy of a system and its surroundings increases for a spontaneous process</p>
      </simpleChoice>
      <simpleChoice fixed="true" identifier="answer_4">
        <p>the total energy of a system and its surroundings is constant</p>
      </simpleChoice>
    </choiceInteraction>
  </itemBody>

  <responseProcessing>
    <responseCondition>
      <responseIf>
        <match>
          <variable identifier="RESPONSE"/>
          <correct identifier="RESPONSE"/>
        </match>
      </responseIf>
    </responseCondition>
  </responseProcessing>
</assessmentItem>
