<?xml version='1.0' encoding='UTF-8'?>
<manifest xmlns="http://www.imsglobal.org/xsd/imscp_v1p1" xmlns:lom="http://ltsc.ieee.org/xsd/LOM" xmlns:imsmd="http://www.imsglobal.org/xsd/imsmd_v1p2" xmlns:xsi="http://www.w3.org/2001/XMLSchema-instance" identifier="main manifest" xsi:schemaLocation="http://www.imsglobal.org/xsd/imscp_v1p1 http://www.imsglobal.org/xsd/imscp_v1p1.xsd http://www.imsglobal.org/xsd/imsmd_v1p2 http://www.imsglobal.org/xsd/imsmd_v1p2.xsd http://ltsc.ieee.org/xsd/LOM http://ieee-sa.imeetcentral.com/ltsc/">
  <metadata>
    <schema>IMS Content</schema>
    <schemaversion>1.1.3</schemaversion>
    <imsmd:lom>
      <imsmd:general>
        <imsmd:title>
          <imsmd:string>optimal_buffering_range</imsmd:string>
        </imsmd:title>
      </imsmd:general>
      <imsmd:lifeCycle>
        <imsmd:contribute>
          <imsmd:date>
            <imsmd:dateTime>2025-03-28</imsmd:dateTime>
          </imsmd:date>
        </imsmd:contribute>
      </imsmd:lifeCycle>
      <imsmd:rights>
        <imsmd:description>
          <imsmd:string>CC Attribution - http://creativecommons.org/licenses/by/4.0</imsmd:string>
        </imsmd:description>
      </imsmd:rights>
    </imsmd:lom>
  </metadata>
  <resources>
    <resource href="canvas_qti12_questions/canvas_qti12_questions.xml" identifier="canvas_qti12_questions" type="imsqti_xmlv1p2">
      <file href="canvas_qti12_questions/canvas_qti12_questions.xml"/>
      <dependency identifierref="assessment_meta"/>
    </resource>
    <resource href="canvas_qti12_questions/assessment_meta.xml" identifier="assessment_meta" type="associatedcontent/imscc_xmlv1p1/learning-application-resource">
      <file href="canvas_qti12_questions/assessment_meta.xml"/>
      <dependency identifierref="canvas_qti12_questions"/>
    </resource>
  </resources>
</manifest>
