<?xml version='1.0' encoding='UTF-8'?>
<assessmentItem xmlns="http://www.imsglobal.org/xsd/imsqti_v2p1" xmlns:xsi="http://www.w3.org/2001/XMLSchema-instance" xmlns:ns8="http://www.w3.org/1999/xlink" xmlns:ns9="http://www.imsglobal.org/xsd/apip/apipv1p0/imsapip_qtiv1p0" xsi:schemaLocation="http://www.imsglobal.org/xsd/imsqti_v2p1 http://www.imsglobal.org/xsd/qti/qtiv2p1/imsqti_v2p1.xsd" title="3f44_7a13_ca8e" adaptive="false" timeDependent="false" identifier="3f44_7a13_ca8e">
  <responseDeclaration baseType="identifier" cardinality="single" identifier="RESPONSE">
    <correctResponse>
      <value>answer_004</value>
    </correctResponse>
  </responseDeclaration>

  <outcomeDeclaration baseType="float" cardinality="single" identifier="SCORE"/>

  <itemBody>
    <div><p>A series of enzymes catalyze the reactions in the following metabolic pathway:</p><table border="0" style="border-collapse: collapse;"><tr><td> </td><td style="font-size: 75%; text-align:center; vertical-align: bottom;">enzyme 1</td><td> </td><td style="font-size: 75%; text-align:center; vertical-align: bottom;">enzyme 2</td><td> </td><td style="font-size: 75%; text-align:center; vertical-align: bottom;">enzyme 3</td><td> </td><td style="font-size: 75%; text-align:center; vertical-align: bottom;">enzyme 4</td><td> </td></tr><tr><td style="font-size: 150%; text-align:center; padding: 0 6px;"><strong><span style="color: #e65400">B</span></strong></td><td style="text-align:center; padding: 0 6px;">⟶</td><td style="font-size: 150%; text-align:center; padding: 0 6px;"><strong><span style="color: #e69100">C</span></strong></td><td style="text-align:center; padding: 0 6px;">⟶</td><td style="font-size: 150%; text-align:center; padding: 0 6px;"><strong><span style="color: #b3b300">D</span></strong></td><td style="text-align:center; padding: 0 6px;">⟶</td><td style="font-size: 150%; text-align:center; padding: 0 6px;"><strong><span style="color: #59b300">E</span></strong></td><td style="text-align:center; padding: 0 6px;">⟶</td><td style="font-size: 150%; text-align:center; padding: 0 6px;"><strong><span style="color: #009900">F</span></strong></td></tr></table><p>Understanding the type of enzyme inhibition or activation is crucial for developing effective drugs and understanding metabolic regulation.</p><strong>enzyme 1</strong> converts substrate <strong><span style="color: #e65400">B</span></strong> into product <strong><span style="color: #e69100">C</span></strong>. <p>The end product <strong><span style="color: #009900">F</span></strong> of this pathway binds to <strong>enzyme 1</strong>in its active site blocking the substrate.</p><p>This binding <strong><span style="color: brown">decreases</span></strong> the activity of the enzyme.</p><p>Determine the type of enzyme inhibition or activation described:</p></div>
    <choiceInteraction maxChoices="1" responseIdentifier="RESPONSE" shuffle="true">
      <simpleChoice fixed="true" identifier="answer_1">
        <p>enzyme activator</p>
      </simpleChoice>
      <simpleChoice fixed="true" identifier="answer_2">
        <p>un-competitive inhibitor</p>
      </simpleChoice>
      <simpleChoice fixed="true" identifier="answer_3">
        <p>molecular stopper</p>
      </simpleChoice>
      <simpleChoice fixed="true" identifier="answer_4">
        <p>competitive inhibitor</p>
      </simpleChoice>
      <simpleChoice fixed="true" identifier="answer_5">
        <p>non-competitive inhibitor</p>
      </simpleChoice>
    </choiceInteraction>
  </itemBody>

  <responseProcessing>
    <responseCondition>
      <responseIf>
        <match>
          <variable identifier="RESPONSE"/>
          <correct identifier="RESPONSE"/>
        </match>
      </responseIf>
    </responseCondition>
  </responseProcessing>
</assessmentItem>
