<?xml version='1.0' encoding='UTF-8'?>
<assessmentItem xmlns="http://www.imsglobal.org/xsd/imsqti_v2p1" xmlns:xsi="http://www.w3.org/2001/XMLSchema-instance" xmlns:ns8="http://www.w3.org/1999/xlink" xmlns:ns9="http://www.imsglobal.org/xsd/apip/apipv1p0/imsapip_qtiv1p0" xsi:schemaLocation="http://www.imsglobal.org/xsd/imsqti_v2p1 http://www.imsglobal.org/xsd/qti/qtiv2p1/imsqti_v2p1.xsd" title="409d_ce85_9a56" adaptive="false" timeDependent="false" identifier="409d_ce85_9a56">
  <responseDeclaration baseType="identifier" cardinality="single" identifier="RESPONSE">
    <correctResponse>
      <value>answer_002</value>
    </correctResponse>
  </responseDeclaration>
  <outcomeDeclaration baseType="float" cardinality="single" identifier="SCORE"/>
  <itemBody>
    <div>
      <div id="drv_6302" oncopy="return false;" onpaste="return false;" oncut="return false;" oncontextmenu="return false;" onmousedown="return false;" onselectstart="return false;"><script src="https://unpkg.com/@rdkit/rdkit/dist/RDKit_minimal.js"/><h4>peptide_bf2a</h4><p><canvas id="canvas_15ed" width="480" height="512"/></p><hr/><script>/* */initRDKitModule().then(function(instance){RDKitModule=instance;console.log("RDKit:"+RDKitModule.version());/* */function/* */getPeptideBonds(mol){let/* */peptide_bond="CC(=O)NC";let/* */qmol=window.RDKitModule.get_qmol(peptide_bond);let/* */matches=JSON.parse(mol.get_substruct_matches(qmol));let/* */aggregatedBonds=[];for(let/* */i=0;i&lt;matches.length;i++){match=matches[i];if(Array.isArray(match["bonds"])){aggregatedBonds.push(match["bonds"].slice(-2)[0]);}}return/* */aggregatedBonds;}let/* */smiles="[NH3+][C@@H](CC1=CC=C2C(=C1)C(=CN2))(C(=O)N[C@@H](Cc1ccccc1)(C(=O)[O-]))";let/* */mol=RDKitModule.get_mol(smiles);let/* */mdetails={};mdetails["bonds"]=getPeptideBonds(mol);mdetails["atoms"]=[0];mdetails["highlightColour"]=[0,1,0];mdetails["legend"]="peptide_bf2a";mdetails["explicitMethyl"]=true;canvas=document.getElementById("canvas_15ed");mol.draw_to_canvas_with_highlights(canvas,JSON.stringify(mdetails));});/* */</script> <p>A dipeptide is<span style="font-size: 1px; color: white;">cry</span>made<span style="font-size: 1px; color: white;">added</span>up<span style="font-size: 1px; color: white;">border</span>of<span style="font-size: 1px; color: white;">tyler</span>two (2) amino<span style="font-size: 1px; color: white;">aldose</span>acids. The<span style="font-size: 1px; color: white;">wide</span>figure<span style="font-size: 1px; color: white;">how</span>above<span style="font-size: 1px; color: white;">acts</span>shows one<span style="font-size: 1px; color: white;">third</span>such dipeptide<span style="font-size: 1px; color: white;">groups</span>with<span style="font-size: 1px; color: white;">either</span>an<span style="font-size: 1px; color: white;">codon</span>unknown<span style="font-size: 1px; color: white;">cation</span>sequence. Your<span style="font-size: 1px; color: white;">enough</span>task is to<span style="font-size: 1px; color: white;">seven</span>find<span style="font-size: 1px; color: white;">over</span>out<span style="font-size: 1px; color: white;">fuisz</span>the<span style="font-size: 1px; color: white;">work</span>two (2) letter<span style="font-size: 1px; color: white;">native</span>sequence of<span style="font-size: 1px; color: white;">thus</span>this dipeptide.</p> <p>Here is a step-by-step<span style="font-size: 1px; color: white;">red</span>guide<span style="font-size: 1px; color: white;">beads</span>to<span style="font-size: 1px; color: white;">drug</span>help<span style="font-size: 1px; color: white;">waste</span>you<span style="font-size: 1px; color: white;">seal</span>answer<span style="font-size: 1px; color: white;">sound</span>the<span style="font-size: 1px; color: white;">ligase</span>question:</p> <ol> <li style="margin-bottom: 20px;">Consult an<span style="font-size: 1px; color: white;">degc</span>amino acid guide for reference. You can find<span style="font-size: 1px; color: white;">food</span>a PDF guide<span style="font-size: 1px; color: white;">term</span>on Blackboard under "Exam<span style="font-size: 1px; color: white;">speed</span>and Quiz" in<span style="font-size: 1px; color: white;">pla</span>the "Old Exams" section, with<span style="font-size: 1px; color: white;">root</span>the<span style="font-size: 1px; color: white;">risk</span>filename <a href="https://drive.google.com/file/d/1Mgum_TmZ71-XIjb38sStEpzzZLqkQb-W/view?usp=sharing">bchm_exam-help_sheet.pdf</a>, or search online for<span style="font-size: 1px; color: white;">linked</span>a visual<span style="font-size: 1px; color: white;">caries</span>guide<span style="font-size: 1px; color: white;">from</span>that<span style="font-size: 1px; color: white;">codon</span>shows all 20 amino acids<span style="font-size: 1px; color: white;">appear</span>with<span style="font-size: 1px; color: white;">stable</span>their<span style="font-size: 1px; color: white;">fields</span>single-letter<span style="font-size: 1px; color: white;">eye</span>codes.</li> <li style="margin-bottom: 20px;">Identify<span style="font-size: 1px; color: white;">water</span>the amino-terminal<span style="font-size: 1px; color: white;">wax</span>end, represented<span style="font-size: 1px; color: white;">begin</span>as <span style="padding: 2px; color: #0000cc; background-color: #66ff66;">NH<sub>3</sub><sup>+</sup></span> and<span style="font-size: 1px; color: white;">egel</span>highlighted in<span style="font-size: 1px; color: white;">bxo</span>bright<span style="font-size: 1px; color: white;">mow</span>green. Distinguish<span style="font-size: 1px; color: white;">rubber</span>between<span style="font-size: 1px; color: white;">taq</span>the<span style="font-size: 1px; color: white;">allows</span>general nitrogens<span style="font-size: 1px; color: white;">bone</span>in<span style="font-size: 1px; color: white;">arise</span>amino acid<span style="font-size: 1px; color: white;">tight</span>backbones (denoted as <span style="color:#0000cc">NH</span>) and<span style="font-size: 1px; color: white;">used</span>the<span style="font-size: 1px; color: white;">events</span>nitrogen in amino acid<span style="font-size: 1px; color: white;">favor</span>side<span style="font-size: 1px; color: white;">mom</span>chains.</li> <li style="margin-bottom: 20px;">The<span style="font-size: 1px; color: white;">prime</span>one (1) peptide<span style="font-size: 1px; color: white;">none</span>bonds<span style="font-size: 1px; color: white;">expose</span>connecting<span style="font-size: 1px; color: white;">elevel</span>the<span style="font-size: 1px; color: white;">tissue</span>two (2) amino acids<span style="font-size: 1px; color: white;">repeat</span>are highlighted<span style="font-size: 1px; color: white;">adapt</span>in <span style="background-color: #00FF00; padding: 2px;">bright green</span>, making<span style="font-size: 1px; color: white;">stick</span>it easier<span style="font-size: 1px; color: white;">runner</span>to<span style="font-size: 1px; color: white;">rely</span>distinguish the<span style="font-size: 1px; color: white;">you</span>two (2) amino<span style="font-size: 1px; color: white;">amine</span>acids.</li> <li style="margin-bottom: 20px;">Examine<span style="font-size: 1px; color: white;">thus</span>the<span style="font-size: 1px; color: white;">been</span>side chain<span style="font-size: 1px; color: white;">does</span>for each<span style="font-size: 1px; color: white;">free</span>of<span style="font-size: 1px; color: white;">proton</span>the two (2) amino<span style="font-size: 1px; color: white;">core</span>acids<span style="font-size: 1px; color: white;">minor</span>to<span style="font-size: 1px; color: white;">alike</span>determine<span style="font-size: 1px; color: white;">fungus</span>their single-letter<span style="font-size: 1px; color: white;">thing</span>amino<span style="font-size: 1px; color: white;">bridge</span>acid<span style="font-size: 1px; color: white;">probes</span>code.</li> <li style="margin-bottom: 20px;">List<span style="font-size: 1px; color: white;">center</span>the single-letter<span style="font-size: 1px; color: white;">truthc</span>amino<span style="font-size: 1px; color: white;">prime</span>acid codes<span style="font-size: 1px; color: white;">hdpe</span>in the<span style="font-size: 1px; color: white;">work</span>amino to<span style="font-size: 1px; color: white;">diving</span>carboxyl (N→C) direction. This<span style="font-size: 1px; color: white;">sample</span>is the standard<span style="font-size: 1px; color: white;">stick</span>method<span style="font-size: 1px; color: white;">ligase</span>for<span style="font-size: 1px; color: white;">others</span>writing<span style="font-size: 1px; color: white;">pop</span>peptide sequences.</li> </ol> <p>Select<span style="font-size: 1px; color: white;">falsed</span>the<span style="font-size: 1px; color: white;">pulled</span>correct<span style="font-size: 1px; color: white;">hic</span>peptide<span style="font-size: 1px; color: white;">ball</span>sequence from<span style="font-size: 1px; color: white;">rubber</span>the options below:</p> </div>
    </div>
    <choiceInteraction maxChoices="1" responseIdentifier="RESPONSE" shuffle="true">
      <simpleChoice fixed="true" identifier="answer_1">
        <p>
          <div id="drv_6945" oncopy="return false;" onpaste="return false;" oncut="return false;" oncontextmenu="return false;" onmousedown="return false;" onselectstart="return false;">CF<span style="font-size: 1px; color: white;">fight</span></div>
        </p>
      </simpleChoice>
      <simpleChoice fixed="true" identifier="answer_2">
        <p>
          <div id="drv_1cc2" oncopy="return false;" onpaste="return false;" oncut="return false;" oncontextmenu="return false;" onmousedown="return false;" onselectstart="return false;">WF<span style="font-size: 1px; color: white;">stage</span></div>
        </p>
      </simpleChoice>
      <simpleChoice fixed="true" identifier="answer_3">
        <p>
          <div id="drv_9698" oncopy="return false;" onpaste="return false;" oncut="return false;" oncontextmenu="return false;" onmousedown="return false;" onselectstart="return false;">WI </div>
        </p>
      </simpleChoice>
      <simpleChoice fixed="true" identifier="answer_4">
        <p>
          <div id="drv_1176" oncopy="return false;" onpaste="return false;" oncut="return false;" oncontextmenu="return false;" onmousedown="return false;" onselectstart="return false;">AP<span style="font-size: 1px; color: white;">who</span></div>
        </p>
      </simpleChoice>
    </choiceInteraction>
  </itemBody>
  <responseProcessing>
    <responseCondition>
      <responseIf>
        <match>
          <variable identifier="RESPONSE"/>
          <correct identifier="RESPONSE"/>
        </match>
      </responseIf>
    </responseCondition>
  </responseProcessing>
</assessmentItem>
