<?xml version='1.0' encoding='UTF-8'?>
<assessmentItem xmlns="http://www.imsglobal.org/xsd/imsqti_v2p1" xmlns:xsi="http://www.w3.org/2001/XMLSchema-instance" xmlns:ns8="http://www.w3.org/1999/xlink" xmlns:ns9="http://www.imsglobal.org/xsd/apip/apipv1p0/imsapip_qtiv1p0" xsi:schemaLocation="http://www.imsglobal.org/xsd/imsqti_v2p1 http://www.imsglobal.org/xsd/qti/qtiv2p1/imsqti_v2p1.xsd" title="e8f8_8899_9244" adaptive="false" timeDependent="false" identifier="e8f8_8899_9244">
  <responseDeclaration baseType="identifier" cardinality="single" identifier="RESPONSE">
    <correctResponse>
      <value>answer_004</value>
    </correctResponse>
  </responseDeclaration>
  <outcomeDeclaration baseType="float" cardinality="single" identifier="SCORE"/>
  <itemBody>
    <div>
      <div id="drv_b8b9" oncopy="return false;" onpaste="return false;" oncut="return false;" oncontextmenu="return false;" onmousedown="return false;" onselectstart="return false;"><script src="https://unpkg.com/@rdkit/rdkit/dist/RDKit_minimal.js"/><h4>peptide_6fc5</h4><p><canvas id="canvas_5d58" width="480" height="512"/></p><hr/><script>/* */initRDKitModule().then(function(instance){RDKitModule=instance;console.log("RDKit:"+RDKitModule.version());/* */function/* */getPeptideBonds(mol){let/* */peptide_bond="CC(=O)NC";let/* */qmol=window.RDKitModule.get_qmol(peptide_bond);let/* */matches=JSON.parse(mol.get_substruct_matches(qmol));let/* */aggregatedBonds=[];for(let/* */i=0;i&lt;matches.length;i++){match=matches[i];if(Array.isArray(match["bonds"])){aggregatedBonds.push(match["bonds"].slice(-2)[0]);}}return/* */aggregatedBonds;}let/* */smiles="[NH3+][C@@H](C(C)C)(C(=O)N[C@@H](Cc1ccc(O)cc1)(C(=O)[O-]))";let/* */mol=RDKitModule.get_mol(smiles);let/* */mdetails={};mdetails["bonds"]=getPeptideBonds(mol);mdetails["atoms"]=[0];mdetails["highlightColour"]=[0,1,0];mdetails["legend"]="peptide_6fc5";mdetails["explicitMethyl"]=true;canvas=document.getElementById("canvas_5d58");mol.draw_to_canvas_with_highlights(canvas,JSON.stringify(mdetails));});/* */</script> <p>A dipeptide<span style="font-size: 1px; color: white;">polya</span>is made up<span style="font-size: 1px; color: white;">plp</span>of two (2) amino<span style="font-size: 1px; color: white;">kill</span>acids. The figure above shows<span style="font-size: 1px; color: white;">set</span>one<span style="font-size: 1px; color: white;">stiff</span>such dipeptide with<span style="font-size: 1px; color: white;">ityri</span>an unknown<span style="font-size: 1px; color: white;">six</span>sequence. Your task is<span style="font-size: 1px; color: white;">serve</span>to<span style="font-size: 1px; color: white;">stator</span>find<span style="font-size: 1px; color: white;">plasma</span>out the two (2) letter sequence of<span style="font-size: 1px; color: white;">ccmrna</span>this<span style="font-size: 1px; color: white;">remove</span>dipeptide.</p> <p>Here<span style="font-size: 1px; color: white;">cry</span>is<span style="font-size: 1px; color: white;">dimer</span>a step-by-step guide<span style="font-size: 1px; color: white;">also</span>to<span style="font-size: 1px; color: white;">chitin</span>help<span style="font-size: 1px; color: white;">wax</span>you<span style="font-size: 1px; color: white;">begg</span>answer the<span style="font-size: 1px; color: white;">evolve</span>question:</p> <ol> <li style="margin-bottom: 20px;">Consult an<span style="font-size: 1px; color: white;">units</span>amino<span style="font-size: 1px; color: white;">tube</span>acid<span style="font-size: 1px; color: white;">food</span>guide<span style="font-size: 1px; color: white;">every</span>for<span style="font-size: 1px; color: white;">amide</span>reference. You can<span style="font-size: 1px; color: white;">lariat</span>find<span style="font-size: 1px; color: white;">eion</span>a PDF guide<span style="font-size: 1px; color: white;">phenol</span>on Blackboard<span style="font-size: 1px; color: white;">trutha</span>under "Exam<span style="font-size: 1px; color: white;">strong</span>and Quiz" in<span style="font-size: 1px; color: white;">dogma</span>the "Old Exams" section, with<span style="font-size: 1px; color: white;">offset</span>the<span style="font-size: 1px; color: white;">come</span>filename <a href="https://drive.google.com/file/d/1Mgum_TmZ71-XIjb38sStEpzzZLqkQb-W/view?usp=sharing">bchm_exam-help_sheet.pdf</a>, or<span style="font-size: 1px; color: white;">packed</span>search online for<span style="font-size: 1px; color: white;">sense</span>a visual<span style="font-size: 1px; color: white;">arms</span>guide<span style="font-size: 1px; color: white;">like</span>that shows<span style="font-size: 1px; color: white;">tagged</span>all 20 amino<span style="font-size: 1px; color: white;">fuse</span>acids<span style="font-size: 1px; color: white;">dam</span>with their single-letter<span style="font-size: 1px; color: white;">ddgtp</span>codes.</li> <li style="margin-bottom: 20px;">Identify the<span style="font-size: 1px; color: white;">know</span>amino-terminal<span style="font-size: 1px; color: white;">shape</span>end, represented as <span style="padding: 2px; color: #0000cc; background-color: #66ff66;">NH<sub>3</sub><sup>+</sup></span> and<span style="font-size: 1px; color: white;">masks</span>highlighted<span style="font-size: 1px; color: white;">joined</span>in<span style="font-size: 1px; color: white;">true</span>bright<span style="font-size: 1px; color: white;">insect</span>green. Distinguish<span style="font-size: 1px; color: white;">truthl</span>between<span style="font-size: 1px; color: white;">breaks</span>the<span style="font-size: 1px; color: white;">ubea</span>general<span style="font-size: 1px; color: white;">nacl</span>nitrogens<span style="font-size: 1px; color: white;">iiei</span>in amino acid backbones (denoted<span style="font-size: 1px; color: white;">border</span>as <span style="color:#0000cc">NH</span>) and<span style="font-size: 1px; color: white;">gentle</span>the<span style="font-size: 1px; color: white;">rrna</span>nitrogen<span style="font-size: 1px; color: white;">tree</span>in amino acid<span style="font-size: 1px; color: white;">spot</span>side chains.</li> <li style="margin-bottom: 20px;">The one (1) peptide bonds<span style="font-size: 1px; color: white;">times</span>connecting the<span style="font-size: 1px; color: white;">purine</span>two (2) amino<span style="font-size: 1px; color: white;">fatty</span>acids<span style="font-size: 1px; color: white;">beads</span>are<span style="font-size: 1px; color: white;">falsea</span>highlighted<span style="font-size: 1px; color: white;">idose</span>in <span style="background-color: #00FF00; padding: 2px;">bright<span style="font-size: 1px; color: white;">steps</span>green</span>, making it<span style="font-size: 1px; color: white;">green</span>easier<span style="font-size: 1px; color: white;">care</span>to<span style="font-size: 1px; color: white;">occurs</span>distinguish<span style="font-size: 1px; color: white;">bench</span>the<span style="font-size: 1px; color: white;">blood</span>two (2) amino<span style="font-size: 1px; color: white;">gapdh</span>acids.</li> <li style="margin-bottom: 20px;">Examine the<span style="font-size: 1px; color: white;">serum</span>side chain<span style="font-size: 1px; color: white;">adult</span>for<span style="font-size: 1px; color: white;">should</span>each of<span style="font-size: 1px; color: white;">placed</span>the<span style="font-size: 1px; color: white;">greek</span>two (2) amino<span style="font-size: 1px; color: white;">trna</span>acids<span style="font-size: 1px; color: white;">lab</span>to determine<span style="font-size: 1px; color: white;">filial</span>their<span style="font-size: 1px; color: white;">rarr</span>single-letter<span style="font-size: 1px; color: white;">asite</span>amino<span style="font-size: 1px; color: white;">apple</span>acid<span style="font-size: 1px; color: white;">hoover</span>code.</li> <li style="margin-bottom: 20px;">List<span style="font-size: 1px; color: white;">likely</span>the<span style="font-size: 1px; color: white;">sweat</span>single-letter<span style="font-size: 1px; color: white;">ions</span>amino<span style="font-size: 1px; color: white;">solid</span>acid<span style="font-size: 1px; color: white;">flying</span>codes<span style="font-size: 1px; color: white;">whey</span>in<span style="font-size: 1px; color: white;">plant</span>the<span style="font-size: 1px; color: white;">raised</span>amino<span style="font-size: 1px; color: white;">action</span>to carboxyl (N→C) direction. This<span style="font-size: 1px; color: white;">wool</span>is<span style="font-size: 1px; color: white;">pitch</span>the<span style="font-size: 1px; color: white;">xmales</span>standard<span style="font-size: 1px; color: white;">caries</span>method<span style="font-size: 1px; color: white;">five</span>for<span style="font-size: 1px; color: white;">pool</span>writing peptide<span style="font-size: 1px; color: white;">tag</span>sequences.</li> </ol> <p>Select<span style="font-size: 1px; color: white;">joined</span>the<span style="font-size: 1px; color: white;">spike</span>correct<span style="font-size: 1px; color: white;">needle</span>peptide<span style="font-size: 1px; color: white;">unlike</span>sequence<span style="font-size: 1px; color: white;">french</span>from<span style="font-size: 1px; color: white;">theory</span>the options<span style="font-size: 1px; color: white;">person</span>below:</p> <span style="font-size: 1px; color: white;">been</span></div>
    </div>
    <choiceInteraction maxChoices="1" responseIdentifier="RESPONSE" shuffle="true">
      <simpleChoice fixed="true" identifier="answer_1">
        <p>
          <div id="drv_3c9d" oncopy="return false;" onpaste="return false;" oncut="return false;" oncontextmenu="return false;" onmousedown="return false;" onselectstart="return false;">LF </div>
        </p>
      </simpleChoice>
      <simpleChoice fixed="true" identifier="answer_2">
        <p>
          <div id="drv_c59c" oncopy="return false;" onpaste="return false;" oncut="return false;" oncontextmenu="return false;" onmousedown="return false;" onselectstart="return false;">TF<span style="font-size: 1px; color: white;">swims</span></div>
        </p>
      </simpleChoice>
      <simpleChoice fixed="true" identifier="answer_3">
        <p>
          <div id="drv_3105" oncopy="return false;" onpaste="return false;" oncut="return false;" oncontextmenu="return false;" onmousedown="return false;" onselectstart="return false;">VG<span style="font-size: 1px; color: white;">solos</span></div>
        </p>
      </simpleChoice>
      <simpleChoice fixed="true" identifier="answer_4">
        <p>
          <div id="drv_bf55" oncopy="return false;" onpaste="return false;" oncut="return false;" oncontextmenu="return false;" onmousedown="return false;" onselectstart="return false;">VY </div>
        </p>
      </simpleChoice>
    </choiceInteraction>
  </itemBody>
  <responseProcessing>
    <responseCondition>
      <responseIf>
        <match>
          <variable identifier="RESPONSE"/>
          <correct identifier="RESPONSE"/>
        </match>
      </responseIf>
    </responseCondition>
  </responseProcessing>
</assessmentItem>
