<?xml version='1.0' encoding='UTF-8'?>
<assessmentItem xmlns="http://www.imsglobal.org/xsd/imsqti_v2p1" xmlns:xsi="http://www.w3.org/2001/XMLSchema-instance" xmlns:ns8="http://www.w3.org/1999/xlink" xmlns:ns9="http://www.imsglobal.org/xsd/apip/apipv1p0/imsapip_qtiv1p0" xsi:schemaLocation="http://www.imsglobal.org/xsd/imsqti_v2p1 http://www.imsglobal.org/xsd/qti/qtiv2p1/imsqti_v2p1.xsd" title="831d_ee89_c349" adaptive="false" timeDependent="false" identifier="831d_ee89_c349">
  <responseDeclaration baseType="identifier" cardinality="single" identifier="RESPONSE">
    <correctResponse>
      <value>answer_002</value>
    </correctResponse>
  </responseDeclaration>
  <outcomeDeclaration baseType="float" cardinality="single" identifier="SCORE"/>
  <itemBody>
    <div>
      <div id="drv_5c3b" oncopy="return false;" onpaste="return false;" oncut="return false;" oncontextmenu="return false;" onmousedown="return false;" onselectstart="return false;"><script src="https://unpkg.com/@rdkit/rdkit/dist/RDKit_minimal.js"/><h4>peptide_bf0b</h4><p><canvas id="canvas_7dcd" width="480" height="512"/></p><hr/><script>/* */initRDKitModule().then(function(instance){RDKitModule=instance;console.log("RDKit:"+RDKitModule.version());/* */function/* */getPeptideBonds(mol){let/* */peptide_bond="CC(=O)NC";let/* */qmol=window.RDKitModule.get_qmol(peptide_bond);let/* */matches=JSON.parse(mol.get_substruct_matches(qmol));let/* */aggregatedBonds=[];for(let/* */i=0;i&lt;matches.length;i++){match=matches[i];if(Array.isArray(match["bonds"])){aggregatedBonds.push(match["bonds"].slice(-2)[0]);}}return/* */aggregatedBonds;}let/* */smiles="[NH3+][C@@H](Cc1ccccc1)(C(=O)N[C@@H](CCC(=O)[O-])(C(=O)[O-]))";let/* */mol=RDKitModule.get_mol(smiles);let/* */mdetails={};mdetails["bonds"]=getPeptideBonds(mol);mdetails["atoms"]=[0];mdetails["highlightColour"]=[0,1,0];mdetails["legend"]="peptide_bf0b";mdetails["explicitMethyl"]=true;canvas=document.getElementById("canvas_7dcd");mol.draw_to_canvas_with_highlights(canvas,JSON.stringify(mdetails));});/* */</script> <p>A dipeptide<span style="font-size: 1px; color: white;">ribose</span>is<span style="font-size: 1px; color: white;">clean</span>made up<span style="font-size: 1px; color: white;">rules</span>of two (2) amino<span style="font-size: 1px; color: white;">dam</span>acids. The<span style="font-size: 1px; color: white;">olive</span>figure above<span style="font-size: 1px; color: white;">liver</span>shows<span style="font-size: 1px; color: white;">real</span>one<span style="font-size: 1px; color: white;">strain</span>such<span style="font-size: 1px; color: white;">amine</span>dipeptide<span style="font-size: 1px; color: white;">father</span>with<span style="font-size: 1px; color: white;">spice</span>an unknown sequence. Your<span style="font-size: 1px; color: white;">forces</span>task<span style="font-size: 1px; color: white;">xxy</span>is to<span style="font-size: 1px; color: white;">killed</span>find<span style="font-size: 1px; color: white;">mother</span>out<span style="font-size: 1px; color: white;">lab</span>the<span style="font-size: 1px; color: white;">three</span>two (2) letter<span style="font-size: 1px; color: white;">fungus</span>sequence of this<span style="font-size: 1px; color: white;">spot</span>dipeptide.</p> <p>Here is<span style="font-size: 1px; color: white;">speed</span>a step-by-step<span style="font-size: 1px; color: white;">makeup</span>guide<span style="font-size: 1px; color: white;">truthh</span>to help<span style="font-size: 1px; color: white;">grow</span>you<span style="font-size: 1px; color: white;">tell</span>answer<span style="font-size: 1px; color: white;">german</span>the<span style="font-size: 1px; color: white;">touch</span>question:</p> <ol> <li style="margin-bottom: 20px;">Consult<span style="font-size: 1px; color: white;">global</span>an<span style="font-size: 1px; color: white;">rigid</span>amino<span style="font-size: 1px; color: white;">severe</span>acid<span style="font-size: 1px; color: white;">folate</span>guide<span style="font-size: 1px; color: white;">lines</span>for<span style="font-size: 1px; color: white;">bonded</span>reference. You can<span style="font-size: 1px; color: white;">hans</span>find<span style="font-size: 1px; color: white;">linked</span>a PDF guide<span style="font-size: 1px; color: white;">thus</span>on Blackboard<span style="font-size: 1px; color: white;">phi</span>under "Exam<span style="font-size: 1px; color: white;">kayak</span>and Quiz" in<span style="font-size: 1px; color: white;">mrnas</span>the "Old Exams" section, with the<span style="font-size: 1px; color: white;">offset</span>filename <a href="https://drive.google.com/file/d/1Mgum_TmZ71-XIjb38sStEpzzZLqkQb-W/view?usp=sharing">bchm_exam-help_sheet.pdf</a>, or<span style="font-size: 1px; color: white;">cat</span>search<span style="font-size: 1px; color: white;">eggs</span>online<span style="font-size: 1px; color: white;">base</span>for a visual<span style="font-size: 1px; color: white;">press</span>guide<span style="font-size: 1px; color: white;">book</span>that<span style="font-size: 1px; color: white;">sued</span>shows all 20 amino<span style="font-size: 1px; color: white;">damm</span>acids with<span style="font-size: 1px; color: white;">they</span>their<span style="font-size: 1px; color: white;">ribose</span>single-letter<span style="font-size: 1px; color: white;">based</span>codes.</li> <li style="margin-bottom: 20px;">Identify<span style="font-size: 1px; color: white;">nonetd</span>the<span style="font-size: 1px; color: white;">step</span>amino-terminal end, represented<span style="font-size: 1px; color: white;">know</span>as <span style="padding: 2px; color: #0000cc; background-color: #66ff66;">NH<sub>3</sub><sup>+</sup></span> and highlighted<span style="font-size: 1px; color: white;">story</span>in<span style="font-size: 1px; color: white;">esite</span>bright<span style="font-size: 1px; color: white;">ispan</span>green. Distinguish<span style="font-size: 1px; color: white;">limbs</span>between the<span style="font-size: 1px; color: white;">street</span>general<span style="font-size: 1px; color: white;">ethane</span>nitrogens<span style="font-size: 1px; color: white;">watch</span>in amino<span style="font-size: 1px; color: white;">lead</span>acid<span style="font-size: 1px; color: white;">tata</span>backbones (denoted<span style="font-size: 1px; color: white;">among</span>as <span style="color:#0000cc">NH</span>) and<span style="font-size: 1px; color: white;">stuck</span>the<span style="font-size: 1px; color: white;">althyp</span>nitrogen<span style="font-size: 1px; color: white;">truthd</span>in<span style="font-size: 1px; color: white;">balm</span>amino acid<span style="font-size: 1px; color: white;">neck</span>side<span style="font-size: 1px; color: white;">below</span>chains.</li> <li style="margin-bottom: 20px;">The<span style="font-size: 1px; color: white;">rna</span>one (1) peptide bonds connecting the<span style="font-size: 1px; color: white;">data</span>two (2) amino<span style="font-size: 1px; color: white;">time</span>acids<span style="font-size: 1px; color: white;">sweat</span>are highlighted<span style="font-size: 1px; color: white;">local</span>in <span style="background-color: #00FF00; padding: 2px;">bright<span style="font-size: 1px; color: white;">weaken</span>green</span>, making<span style="font-size: 1px; color: white;">easily</span>it<span style="font-size: 1px; color: white;">yogurt</span>easier<span style="font-size: 1px; color: white;">civil</span>to distinguish<span style="font-size: 1px; color: white;">umami</span>the<span style="font-size: 1px; color: white;">enol</span>two (2) amino<span style="font-size: 1px; color: white;">day</span>acids.</li> <li style="margin-bottom: 20px;">Examine<span style="font-size: 1px; color: white;">breaks</span>the<span style="font-size: 1px; color: white;">narrow</span>side<span style="font-size: 1px; color: white;">lariat</span>chain for each<span style="font-size: 1px; color: white;">cope</span>of<span style="font-size: 1px; color: white;">cold</span>the<span style="font-size: 1px; color: white;">herbal</span>two (2) amino acids<span style="font-size: 1px; color: white;">bitter</span>to<span style="font-size: 1px; color: white;">take</span>determine<span style="font-size: 1px; color: white;">gibbs</span>their single-letter<span style="font-size: 1px; color: white;">cycler</span>amino acid<span style="font-size: 1px; color: white;">fluid</span>code.</li> <li style="margin-bottom: 20px;">List<span style="font-size: 1px; color: white;">own</span>the<span style="font-size: 1px; color: white;">spin</span>single-letter<span style="font-size: 1px; color: white;">sleep</span>amino<span style="font-size: 1px; color: white;">forces</span>acid<span style="font-size: 1px; color: white;">needed</span>codes<span style="font-size: 1px; color: white;">acspan</span>in<span style="font-size: 1px; color: white;">thrown</span>the amino<span style="font-size: 1px; color: white;">copied</span>to<span style="font-size: 1px; color: white;">first</span>carboxyl (N→C) direction. This is<span style="font-size: 1px; color: white;">chi</span>the standard<span style="font-size: 1px; color: white;">app</span>method<span style="font-size: 1px; color: white;">bound</span>for<span style="font-size: 1px; color: white;">porous</span>writing<span style="font-size: 1px; color: white;">allow</span>peptide<span style="font-size: 1px; color: white;">tend</span>sequences.</li> </ol> <p>Select the<span style="font-size: 1px; color: white;">traits</span>correct<span style="font-size: 1px; color: white;">parent</span>peptide<span style="font-size: 1px; color: white;">attach</span>sequence from<span style="font-size: 1px; color: white;">then</span>the<span style="font-size: 1px; color: white;">turth</span>options<span style="font-size: 1px; color: white;">whose</span>below:</p> <span style="font-size: 1px; color: white;">gap</span></div>
    </div>
    <choiceInteraction maxChoices="1" responseIdentifier="RESPONSE" shuffle="true">
      <simpleChoice fixed="true" identifier="answer_1">
        <p>
          <div id="drv_e797" oncopy="return false;" onpaste="return false;" oncut="return false;" oncontextmenu="return false;" onmousedown="return false;" onselectstart="return false;">SL </div>
        </p>
      </simpleChoice>
      <simpleChoice fixed="true" identifier="answer_2">
        <p>
          <div id="drv_3d63" oncopy="return false;" onpaste="return false;" oncut="return false;" oncontextmenu="return false;" onmousedown="return false;" onselectstart="return false;">FE<span style="font-size: 1px; color: white;">beetle</span></div>
        </p>
      </simpleChoice>
      <simpleChoice fixed="true" identifier="answer_3">
        <p>
          <div id="drv_fccb" oncopy="return false;" onpaste="return false;" oncut="return false;" oncontextmenu="return false;" onmousedown="return false;" onselectstart="return false;">QV<span style="font-size: 1px; color: white;">allose</span></div>
        </p>
      </simpleChoice>
      <simpleChoice fixed="true" identifier="answer_4">
        <p>
          <div id="drv_f956" oncopy="return false;" onpaste="return false;" oncut="return false;" oncontextmenu="return false;" onmousedown="return false;" onselectstart="return false;">FW<span style="font-size: 1px; color: white;">still</span></div>
        </p>
      </simpleChoice>
    </choiceInteraction>
  </itemBody>
  <responseProcessing>
    <responseCondition>
      <responseIf>
        <match>
          <variable identifier="RESPONSE"/>
          <correct identifier="RESPONSE"/>
        </match>
      </responseIf>
    </responseCondition>
  </responseProcessing>
</assessmentItem>
