<?xml version='1.0' encoding='UTF-8'?>
<assessmentItem xmlns="http://www.imsglobal.org/xsd/imsqti_v2p1" xmlns:xsi="http://www.w3.org/2001/XMLSchema-instance" xmlns:ns8="http://www.w3.org/1999/xlink" xmlns:ns9="http://www.imsglobal.org/xsd/apip/apipv1p0/imsapip_qtiv1p0" xsi:schemaLocation="http://www.imsglobal.org/xsd/imsqti_v2p1 http://www.imsglobal.org/xsd/qti/qtiv2p1/imsqti_v2p1.xsd" title="f08f_e31f_1fca" adaptive="false" timeDependent="false" identifier="f08f_e31f_1fca">
  <responseDeclaration baseType="identifier" cardinality="single" identifier="RESPONSE">
    <correctResponse>
      <value>answer_003</value>
    </correctResponse>
  </responseDeclaration>
  <outcomeDeclaration baseType="float" cardinality="single" identifier="SCORE"/>
  <itemBody>
    <div>
      <div id="drv_641e" oncopy="return false;" onpaste="return false;" oncut="return false;" oncontextmenu="return false;" onmousedown="return false;" onselectstart="return false;"><script src="https://unpkg.com/@rdkit/rdkit/dist/RDKit_minimal.js"/><h4>peptide_587e</h4><p><canvas id="canvas_8871" width="480" height="512"/></p><hr/><script>/* */initRDKitModule().then(function(instance){RDKitModule=instance;console.log("RDKit:"+RDKitModule.version());/* */function/* */getPeptideBonds(mol){let/* */peptide_bond="CC(=O)NC";let/* */qmol=window.RDKitModule.get_qmol(peptide_bond);let/* */matches=JSON.parse(mol.get_substruct_matches(qmol));let/* */aggregatedBonds=[];for(let/* */i=0;i&lt;matches.length;i++){match=matches[i];if(Array.isArray(match["bonds"])){aggregatedBonds.push(match["bonds"].slice(-2)[0]);}}return/* */aggregatedBonds;}let/* */smiles="[NH3+][C@@H](CCCC[NH3+])(C(=O)N[C@@H](CC(C)C)(C(=O)[O-]))";let/* */mol=RDKitModule.get_mol(smiles);let/* */mdetails={};mdetails["bonds"]=getPeptideBonds(mol);mdetails["atoms"]=[0];mdetails["highlightColour"]=[0,1,0];mdetails["legend"]="peptide_587e";mdetails["explicitMethyl"]=true;canvas=document.getElementById("canvas_8871");mol.draw_to_canvas_with_highlights(canvas,JSON.stringify(mdetails));});/* */</script> <p>A dipeptide is made up of two (2) amino acids. The figure<span style="font-size: 1px; color: white;">truthf</span>above<span style="font-size: 1px; color: white;">cri</span>shows one such dipeptide<span style="font-size: 1px; color: white;">run</span>with<span style="font-size: 1px; color: white;">events</span>an<span style="font-size: 1px; color: white;">adult</span>unknown sequence. Your<span style="font-size: 1px; color: white;">drugs</span>task<span style="font-size: 1px; color: white;">gtp</span>is<span style="font-size: 1px; color: white;">links</span>to<span style="font-size: 1px; color: white;">act</span>find<span style="font-size: 1px; color: white;">break</span>out<span style="font-size: 1px; color: white;">only</span>the<span style="font-size: 1px; color: white;">gets</span>two (2) letter<span style="font-size: 1px; color: white;">cross</span>sequence<span style="font-size: 1px; color: white;">nerve</span>of<span style="font-size: 1px; color: white;">flavin</span>this<span style="font-size: 1px; color: white;">lyxose</span>dipeptide.</p> <p>Here<span style="font-size: 1px; color: white;">source</span>is<span style="font-size: 1px; color: white;">bitter</span>a step-by-step<span style="font-size: 1px; color: white;">analog</span>guide<span style="font-size: 1px; color: white;">uptake</span>to<span style="font-size: 1px; color: white;">kelvin</span>help<span style="font-size: 1px; color: white;">methyl</span>you<span style="font-size: 1px; color: white;">phases</span>answer<span style="font-size: 1px; color: white;">mrna</span>the question:</p> <ol> <li style="margin-bottom: 20px;">Consult<span style="font-size: 1px; color: white;">niacin</span>an<span style="font-size: 1px; color: white;">sexual</span>amino acid guide for<span style="font-size: 1px; color: white;">dense</span>reference. You<span style="font-size: 1px; color: white;">glands</span>can<span style="font-size: 1px; color: white;">format</span>find a PDF guide on Blackboard under "Exam<span style="font-size: 1px; color: white;">falsel</span>and Quiz" in<span style="font-size: 1px; color: white;">xylene</span>the "Old Exams" section, with<span style="font-size: 1px; color: white;">accept</span>the<span style="font-size: 1px; color: white;">remain</span>filename <a href="https://drive.google.com/file/d/1Mgum_TmZ71-XIjb38sStEpzzZLqkQb-W/view?usp=sharing">bchm_exam-help_sheet.pdf</a>, or<span style="font-size: 1px; color: white;">layer</span>search<span style="font-size: 1px; color: white;">cca</span>online<span style="font-size: 1px; color: white;">must</span>for<span style="font-size: 1px; color: white;">plant</span>a visual guide<span style="font-size: 1px; color: white;">xmale</span>that<span style="font-size: 1px; color: white;">ispan</span>shows<span style="font-size: 1px; color: white;">many</span>all 20 amino<span style="font-size: 1px; color: white;">strand</span>acids<span style="font-size: 1px; color: white;">limbs</span>with<span style="font-size: 1px; color: white;">sperm</span>their<span style="font-size: 1px; color: white;">wall</span>single-letter<span style="font-size: 1px; color: white;">dntp</span>codes.</li> <li style="margin-bottom: 20px;">Identify the<span style="font-size: 1px; color: white;">poker</span>amino-terminal<span style="font-size: 1px; color: white;">alpha</span>end, represented<span style="font-size: 1px; color: white;">turns</span>as <span style="padding: 2px; color: #0000cc; background-color: #66ff66;">NH<sub>3</sub><sup>+</sup></span> and highlighted<span style="font-size: 1px; color: white;">side</span>in<span style="font-size: 1px; color: white;">pushed</span>bright<span style="font-size: 1px; color: white;">pestle</span>green. Distinguish<span style="font-size: 1px; color: white;">number</span>between the<span style="font-size: 1px; color: white;">values</span>general nitrogens<span style="font-size: 1px; color: white;">expand</span>in<span style="font-size: 1px; color: white;">blocks</span>amino<span style="font-size: 1px; color: white;">well</span>acid<span style="font-size: 1px; color: white;">lower</span>backbones (denoted<span style="font-size: 1px; color: white;">aro</span>as <span style="color:#0000cc">NH</span>) and the nitrogen<span style="font-size: 1px; color: white;">deltag</span>in<span style="font-size: 1px; color: white;">frame</span>amino acid<span style="font-size: 1px; color: white;">mobile</span>side<span style="font-size: 1px; color: white;">white</span>chains.</li> <li style="margin-bottom: 20px;">The<span style="font-size: 1px; color: white;">seal</span>one (1) peptide bonds<span style="font-size: 1px; color: white;">syrup</span>connecting<span style="font-size: 1px; color: white;">trutha</span>the<span style="font-size: 1px; color: white;">relief</span>two (2) amino<span style="font-size: 1px; color: white;">gyrase</span>acids<span style="font-size: 1px; color: white;">close</span>are highlighted<span style="font-size: 1px; color: white;">serine</span>in <span style="background-color: #00FF00; padding: 2px;">bright green</span>, making it<span style="font-size: 1px; color: white;">fibers</span>easier<span style="font-size: 1px; color: white;">ztest</span>to<span style="font-size: 1px; color: white;">minor</span>distinguish<span style="font-size: 1px; color: white;">strain</span>the<span style="font-size: 1px; color: white;">clear</span>two (2) amino<span style="font-size: 1px; color: white;">sum</span>acids.</li> <li style="margin-bottom: 20px;">Examine<span style="font-size: 1px; color: white;">center</span>the<span style="font-size: 1px; color: white;">direct</span>side<span style="font-size: 1px; color: white;">damm</span>chain<span style="font-size: 1px; color: white;">stages</span>for each<span style="font-size: 1px; color: white;">lipids</span>of<span style="font-size: 1px; color: white;">thin</span>the<span style="font-size: 1px; color: white;">itaqi</span>two (2) amino<span style="font-size: 1px; color: white;">gmp</span>acids<span style="font-size: 1px; color: white;">type</span>to<span style="font-size: 1px; color: white;">many</span>determine<span style="font-size: 1px; color: white;">these</span>their<span style="font-size: 1px; color: white;">digest</span>single-letter amino<span style="font-size: 1px; color: white;">gfc</span>acid<span style="font-size: 1px; color: white;">parts</span>code.</li> <li style="margin-bottom: 20px;">List<span style="font-size: 1px; color: white;">food</span>the<span style="font-size: 1px; color: white;">unique</span>single-letter amino acid<span style="font-size: 1px; color: white;">wick</span>codes in the<span style="font-size: 1px; color: white;">able</span>amino<span style="font-size: 1px; color: white;">inside</span>to carboxyl (N→C) direction. This<span style="font-size: 1px; color: white;">tells</span>is<span style="font-size: 1px; color: white;">oxford</span>the<span style="font-size: 1px; color: white;">mixed</span>standard<span style="font-size: 1px; color: white;">pcr</span>method<span style="font-size: 1px; color: white;">deltah</span>for<span style="font-size: 1px; color: white;">datp</span>writing peptide<span style="font-size: 1px; color: white;">tough</span>sequences.</li> </ol> <p>Select the correct<span style="font-size: 1px; color: white;">polya</span>peptide<span style="font-size: 1px; color: white;">truthm</span>sequence<span style="font-size: 1px; color: white;">kayak</span>from<span style="font-size: 1px; color: white;">bullet</span>the<span style="font-size: 1px; color: white;">low</span>options<span style="font-size: 1px; color: white;">rise</span>below:</p> <span style="font-size: 1px; color: white;">gut</span></div>
    </div>
    <choiceInteraction maxChoices="1" responseIdentifier="RESPONSE" shuffle="true">
      <simpleChoice fixed="true" identifier="answer_1">
        <p>
          <div id="drv_4cbf" oncopy="return false;" onpaste="return false;" oncut="return false;" oncontextmenu="return false;" onmousedown="return false;" onselectstart="return false;">NL </div>
        </p>
      </simpleChoice>
      <simpleChoice fixed="true" identifier="answer_2">
        <p>
          <div id="drv_9764" oncopy="return false;" onpaste="return false;" oncut="return false;" oncontextmenu="return false;" onmousedown="return false;" onselectstart="return false;">LD </div>
        </p>
      </simpleChoice>
      <simpleChoice fixed="true" identifier="answer_3">
        <p>
          <div id="drv_2576" oncopy="return false;" onpaste="return false;" oncut="return false;" oncontextmenu="return false;" onmousedown="return false;" onselectstart="return false;">KL </div>
        </p>
      </simpleChoice>
      <simpleChoice fixed="true" identifier="answer_4">
        <p>
          <div id="drv_e30e" oncopy="return false;" onpaste="return false;" oncut="return false;" oncontextmenu="return false;" onmousedown="return false;" onselectstart="return false;">PF </div>
        </p>
      </simpleChoice>
    </choiceInteraction>
  </itemBody>
  <responseProcessing>
    <responseCondition>
      <responseIf>
        <match>
          <variable identifier="RESPONSE"/>
          <correct identifier="RESPONSE"/>
        </match>
      </responseIf>
    </responseCondition>
  </responseProcessing>
</assessmentItem>
