<?xml version='1.0' encoding='UTF-8'?>
<assessmentItem xmlns="http://www.imsglobal.org/xsd/imsqti_v2p1" xmlns:xsi="http://www.w3.org/2001/XMLSchema-instance" xmlns:ns8="http://www.w3.org/1999/xlink" xmlns:ns9="http://www.imsglobal.org/xsd/apip/apipv1p0/imsapip_qtiv1p0" xsi:schemaLocation="http://www.imsglobal.org/xsd/imsqti_v2p1 http://www.imsglobal.org/xsd/qti/qtiv2p1/imsqti_v2p1.xsd" title="0987_0d14_39cf" adaptive="false" timeDependent="false" identifier="0987_0d14_39cf">
  <responseDeclaration baseType="identifier" cardinality="single" identifier="RESPONSE">
    <correctResponse>
      <value>answer_002</value>
    </correctResponse>
  </responseDeclaration>
  <outcomeDeclaration baseType="float" cardinality="single" identifier="SCORE"/>
  <itemBody>
    <div>
      <div id="drv_4b8e" oncopy="return false;" onpaste="return false;" oncut="return false;" oncontextmenu="return false;" onmousedown="return false;" onselectstart="return false;"><script src="https://unpkg.com/@rdkit/rdkit/dist/RDKit_minimal.js"/><h4>peptide_bc67</h4><p><canvas id="canvas_faaf" width="480" height="512"/></p><hr/><script>/* */initRDKitModule().then(function(instance){RDKitModule=instance;console.log("RDKit:"+RDKitModule.version());/* */function/* */getPeptideBonds(mol){let/* */peptide_bond="CC(=O)NC";let/* */qmol=window.RDKitModule.get_qmol(peptide_bond);let/* */matches=JSON.parse(mol.get_substruct_matches(qmol));let/* */aggregatedBonds=[];for(let/* */i=0;i&lt;matches.length;i++){match=matches[i];if(Array.isArray(match["bonds"])){aggregatedBonds.push(match["bonds"].slice(-2)[0]);}}return/* */aggregatedBonds;}let/* */smiles="[NH3+][C@@H](Cc1ccc(O)cc1)(C(=O)N[C@@H](CC(=O)[O-])(C(=O)[O-]))";let/* */mol=RDKitModule.get_mol(smiles);let/* */mdetails={};mdetails["bonds"]=getPeptideBonds(mol);mdetails["atoms"]=[0];mdetails["highlightColour"]=[0,1,0];mdetails["legend"]="peptide_bc67";mdetails["explicitMethyl"]=true;canvas=document.getElementById("canvas_faaf");mol.draw_to_canvas_with_highlights(canvas,JSON.stringify(mdetails));});/* */</script> <p>A dipeptide<span style="font-size: 1px; color: white;">joint</span>is made up<span style="font-size: 1px; color: white;">rattat</span>of two (2) amino<span style="font-size: 1px; color: white;">table</span>acids. The<span style="font-size: 1px; color: white;">plants</span>figure<span style="font-size: 1px; color: white;">midway</span>above<span style="font-size: 1px; color: white;">xmale</span>shows<span style="font-size: 1px; color: white;">greek</span>one<span style="font-size: 1px; color: white;">lived</span>such<span style="font-size: 1px; color: white;">bid</span>dipeptide with an<span style="font-size: 1px; color: white;">bees</span>unknown<span style="font-size: 1px; color: white;">prior</span>sequence. Your task<span style="font-size: 1px; color: white;">amine</span>is to<span style="font-size: 1px; color: white;">itaqi</span>find<span style="font-size: 1px; color: white;">derive</span>out<span style="font-size: 1px; color: white;">sound</span>the two (2) letter<span style="font-size: 1px; color: white;">such</span>sequence<span style="font-size: 1px; color: white;">close</span>of<span style="font-size: 1px; color: white;">walls</span>this dipeptide.</p> <p>Here<span style="font-size: 1px; color: white;">naming</span>is<span style="font-size: 1px; color: white;">bpm</span>a step-by-step<span style="font-size: 1px; color: white;">smart</span>guide<span style="font-size: 1px; color: white;">iron</span>to<span style="font-size: 1px; color: white;">select</span>help<span style="font-size: 1px; color: white;">greek</span>you<span style="font-size: 1px; color: white;">waals</span>answer<span style="font-size: 1px; color: white;">sperm</span>the<span style="font-size: 1px; color: white;">leaves</span>question:</p> <ol> <li style="margin-bottom: 20px;">Consult<span style="font-size: 1px; color: white;">where</span>an amino<span style="font-size: 1px; color: white;">where</span>acid<span style="font-size: 1px; color: white;">uag</span>guide for<span style="font-size: 1px; color: white;">waves</span>reference. You can find<span style="font-size: 1px; color: white;">beads</span>a PDF guide on Blackboard<span style="font-size: 1px; color: white;">hard</span>under "Exam<span style="font-size: 1px; color: white;">heavy</span>and Quiz" in the "Old Exams" section, with<span style="font-size: 1px; color: white;">brain</span>the<span style="font-size: 1px; color: white;">etc</span>filename <a href="https://drive.google.com/file/d/1Mgum_TmZ71-XIjb38sStEpzzZLqkQb-W/view?usp=sharing">bchm_exam-help_sheet.pdf</a>, or<span style="font-size: 1px; color: white;">effect</span>search online for a visual<span style="font-size: 1px; color: white;">palm</span>guide that<span style="font-size: 1px; color: white;">roto</span>shows<span style="font-size: 1px; color: white;">yeast</span>all 20 amino acids<span style="font-size: 1px; color: white;">xylo</span>with<span style="font-size: 1px; color: white;">human</span>their<span style="font-size: 1px; color: white;">meat</span>single-letter<span style="font-size: 1px; color: white;">fit</span>codes.</li> <li style="margin-bottom: 20px;">Identify<span style="font-size: 1px; color: white;">mule</span>the<span style="font-size: 1px; color: white;">truthb</span>amino-terminal<span style="font-size: 1px; color: white;">losa</span>end, represented<span style="font-size: 1px; color: white;">gets</span>as <span style="padding: 2px; color: #0000cc; background-color: #66ff66;">NH<sub>3</sub><sup>+</sup></span> and<span style="font-size: 1px; color: white;">weight</span>highlighted<span style="font-size: 1px; color: white;">tight</span>in<span style="font-size: 1px; color: white;">total</span>bright green. Distinguish<span style="font-size: 1px; color: white;">appear</span>between<span style="font-size: 1px; color: white;">pnum</span>the<span style="font-size: 1px; color: white;">opens</span>general<span style="font-size: 1px; color: white;">under</span>nitrogens<span style="font-size: 1px; color: white;">xmales</span>in amino<span style="font-size: 1px; color: white;">none</span>acid backbones (denoted<span style="font-size: 1px; color: white;">switch</span>as <span style="color:#0000cc">NH</span>) and<span style="font-size: 1px; color: white;">xyloid</span>the<span style="font-size: 1px; color: white;">evolve</span>nitrogen<span style="font-size: 1px; color: white;">chat</span>in amino<span style="font-size: 1px; color: white;">female</span>acid<span style="font-size: 1px; color: white;">human</span>side<span style="font-size: 1px; color: white;">six</span>chains.</li> <li style="margin-bottom: 20px;">The<span style="font-size: 1px; color: white;">true</span>one (1) peptide bonds<span style="font-size: 1px; color: white;">flavin</span>connecting the<span style="font-size: 1px; color: white;">plot</span>two (2) amino acids<span style="font-size: 1px; color: white;">sheet</span>are<span style="font-size: 1px; color: white;">exon</span>highlighted in <span style="background-color: #00FF00; padding: 2px;">bright green</span>, making<span style="font-size: 1px; color: white;">zfn</span>it<span style="font-size: 1px; color: white;">side</span>easier to distinguish the<span style="font-size: 1px; color: white;">hired</span>two (2) amino<span style="font-size: 1px; color: white;">loss</span>acids.</li> <li style="margin-bottom: 20px;">Examine<span style="font-size: 1px; color: white;">tunnel</span>the<span style="font-size: 1px; color: white;">column</span>side<span style="font-size: 1px; color: white;">bridge</span>chain<span style="font-size: 1px; color: white;">candle</span>for<span style="font-size: 1px; color: white;">xdna</span>each<span style="font-size: 1px; color: white;">having</span>of<span style="font-size: 1px; color: white;">app</span>the two (2) amino<span style="font-size: 1px; color: white;">bug</span>acids<span style="font-size: 1px; color: white;">our</span>to<span style="font-size: 1px; color: white;">rigid</span>determine their<span style="font-size: 1px; color: white;">global</span>single-letter amino<span style="font-size: 1px; color: white;">pectin</span>acid code.</li> <li style="margin-bottom: 20px;">List the<span style="font-size: 1px; color: white;">coli</span>single-letter amino<span style="font-size: 1px; color: white;">unique</span>acid<span style="font-size: 1px; color: white;">only</span>codes in<span style="font-size: 1px; color: white;">falsem</span>the<span style="font-size: 1px; color: white;">ddna</span>amino to<span style="font-size: 1px; color: white;">shows</span>carboxyl (N→C) direction. This<span style="font-size: 1px; color: white;">theory</span>is the<span style="font-size: 1px; color: white;">acts</span>standard<span style="font-size: 1px; color: white;">barrel</span>method<span style="font-size: 1px; color: white;">yeah</span>for writing<span style="font-size: 1px; color: white;">rarr</span>peptide<span style="font-size: 1px; color: white;">pestle</span>sequences.</li> </ol> <p>Select the<span style="font-size: 1px; color: white;">enter</span>correct<span style="font-size: 1px; color: white;">what</span>peptide<span style="font-size: 1px; color: white;">kidney</span>sequence<span style="font-size: 1px; color: white;">tunnel</span>from the options below:</p> </div>
    </div>
    <choiceInteraction maxChoices="1" responseIdentifier="RESPONSE" shuffle="true">
      <simpleChoice fixed="true" identifier="answer_1">
        <p>
          <div id="drv_4c76" oncopy="return false;" onpaste="return false;" oncut="return false;" oncontextmenu="return false;" onmousedown="return false;" onselectstart="return false;">AC<span style="font-size: 1px; color: white;">takes</span></div>
        </p>
      </simpleChoice>
      <simpleChoice fixed="true" identifier="answer_2">
        <p>
          <div id="drv_5e1b" oncopy="return false;" onpaste="return false;" oncut="return false;" oncontextmenu="return false;" onmousedown="return false;" onselectstart="return false;">YD<span style="font-size: 1px; color: white;">native</span></div>
        </p>
      </simpleChoice>
      <simpleChoice fixed="true" identifier="answer_3">
        <p>
          <div id="drv_ad47" oncopy="return false;" onpaste="return false;" oncut="return false;" oncontextmenu="return false;" onmousedown="return false;" onselectstart="return false;">ER<span style="font-size: 1px; color: white;">discs</span></div>
        </p>
      </simpleChoice>
      <simpleChoice fixed="true" identifier="answer_4">
        <p>
          <div id="drv_0f71" oncopy="return false;" onpaste="return false;" oncut="return false;" oncontextmenu="return false;" onmousedown="return false;" onselectstart="return false;">SI<span style="font-size: 1px; color: white;">need</span></div>
        </p>
      </simpleChoice>
    </choiceInteraction>
  </itemBody>
  <responseProcessing>
    <responseCondition>
      <responseIf>
        <match>
          <variable identifier="RESPONSE"/>
          <correct identifier="RESPONSE"/>
        </match>
      </responseIf>
    </responseCondition>
  </responseProcessing>
</assessmentItem>
