<?xml version='1.0' encoding='UTF-8'?>
<assessmentItem xmlns="http://www.imsglobal.org/xsd/imsqti_v2p1" xmlns:xsi="http://www.w3.org/2001/XMLSchema-instance" xmlns:ns8="http://www.w3.org/1999/xlink" xmlns:ns9="http://www.imsglobal.org/xsd/apip/apipv1p0/imsapip_qtiv1p0" xsi:schemaLocation="http://www.imsglobal.org/xsd/imsqti_v2p1 http://www.imsglobal.org/xsd/qti/qtiv2p1/imsqti_v2p1.xsd" title="507e_5fa8_c5fb" adaptive="false" timeDependent="false" identifier="507e_5fa8_c5fb">
  <responseDeclaration baseType="identifier" cardinality="single" identifier="RESPONSE">
    <correctResponse>
      <value>answer_002</value>
    </correctResponse>
  </responseDeclaration>
  <outcomeDeclaration baseType="float" cardinality="single" identifier="SCORE"/>
  <itemBody>
    <div>
      <div id="drv_2d4c" oncopy="return false;" onpaste="return false;" oncut="return false;" oncontextmenu="return false;" onmousedown="return false;" onselectstart="return false;"><script src="https://unpkg.com/@rdkit/rdkit/dist/RDKit_minimal.js"/><h4>peptide_08db</h4><p><canvas id="canvas_5e1b" width="480" height="512"/></p><hr/><script>/* */initRDKitModule().then(function(instance){RDKitModule=instance;console.log("RDKit:"+RDKitModule.version());/* */function/* */getPeptideBonds(mol){let/* */peptide_bond="CC(=O)NC";let/* */qmol=window.RDKitModule.get_qmol(peptide_bond);let/* */matches=JSON.parse(mol.get_substruct_matches(qmol));let/* */aggregatedBonds=[];for(let/* */i=0;i&lt;matches.length;i++){match=matches[i];if(Array.isArray(match["bonds"])){aggregatedBonds.push(match["bonds"].slice(-2)[0]);}}return/* */aggregatedBonds;}let/* */smiles="[NH3+][C@@H](CCCC[NH3+])(C(=O)N[C@@H]([C@H](CC)C)(C(=O)[O-]))";let/* */mol=RDKitModule.get_mol(smiles);let/* */mdetails={};mdetails["bonds"]=getPeptideBonds(mol);mdetails["atoms"]=[0];mdetails["highlightColour"]=[0,1,0];mdetails["legend"]="peptide_08db";mdetails["explicitMethyl"]=true;canvas=document.getElementById("canvas_5e1b");mol.draw_to_canvas_with_highlights(canvas,JSON.stringify(mdetails));});/* */</script> <p>A dipeptide<span style="font-size: 1px; color: white;">sets</span>is<span style="font-size: 1px; color: white;">top</span>made<span style="font-size: 1px; color: white;">merge</span>up of<span style="font-size: 1px; color: white;">dont</span>two (2) amino acids. The figure<span style="font-size: 1px; color: white;">actual</span>above shows<span style="font-size: 1px; color: white;">daily</span>one such<span style="font-size: 1px; color: white;">twice</span>dipeptide<span style="font-size: 1px; color: white;">sued</span>with<span style="font-size: 1px; color: white;">skin</span>an<span style="font-size: 1px; color: white;">begg</span>unknown sequence. Your<span style="font-size: 1px; color: white;">types</span>task is to<span style="font-size: 1px; color: white;">dop</span>find<span style="font-size: 1px; color: white;">six</span>out the<span style="font-size: 1px; color: white;">click</span>two (2) letter sequence<span style="font-size: 1px; color: white;">wax</span>of this dipeptide.</p> <p>Here<span style="font-size: 1px; color: white;">solid</span>is a step-by-step<span style="font-size: 1px; color: white;">anova</span>guide<span style="font-size: 1px; color: white;">making</span>to<span style="font-size: 1px; color: white;">had</span>help<span style="font-size: 1px; color: white;">truthi</span>you answer the<span style="font-size: 1px; color: white;">making</span>question:</p> <ol> <li style="margin-bottom: 20px;">Consult<span style="font-size: 1px; color: white;">anchor</span>an amino<span style="font-size: 1px; color: white;">enable</span>acid<span style="font-size: 1px; color: white;">amp</span>guide<span style="font-size: 1px; color: white;">tiny</span>for<span style="font-size: 1px; color: white;">levels</span>reference. You<span style="font-size: 1px; color: white;">dgtp</span>can find<span style="font-size: 1px; color: white;">hybrid</span>a PDF guide<span style="font-size: 1px; color: white;">toes</span>on Blackboard<span style="font-size: 1px; color: white;">trace</span>under "Exam<span style="font-size: 1px; color: white;">sulfur</span>and Quiz" in<span style="font-size: 1px; color: white;">pilus</span>the "Old Exams" section, with<span style="font-size: 1px; color: white;">rise</span>the<span style="font-size: 1px; color: white;">born</span>filename <a href="https://drive.google.com/file/d/1Mgum_TmZ71-XIjb38sStEpzzZLqkQb-W/view?usp=sharing">bchm_exam-help_sheet.pdf</a>, or<span style="font-size: 1px; color: white;">flavor</span>search<span style="font-size: 1px; color: white;">dtt</span>online for a visual<span style="font-size: 1px; color: white;">pnum</span>guide<span style="font-size: 1px; color: white;">syrup</span>that shows all 20 amino acids<span style="font-size: 1px; color: white;">tmspan</span>with<span style="font-size: 1px; color: white;">truthd</span>their<span style="font-size: 1px; color: white;">become</span>single-letter<span style="font-size: 1px; color: white;">john</span>codes.</li> <li style="margin-bottom: 20px;">Identify<span style="font-size: 1px; color: white;">cation</span>the amino-terminal<span style="font-size: 1px; color: white;">john</span>end, represented<span style="font-size: 1px; color: white;">slight</span>as <span style="padding: 2px; color: #0000cc; background-color: #66ff66;">NH<sub>3</sub><sup>+</sup></span> and<span style="font-size: 1px; color: white;">cycler</span>highlighted<span style="font-size: 1px; color: white;">down</span>in<span style="font-size: 1px; color: white;">wog</span>bright green. Distinguish<span style="font-size: 1px; color: white;">horse</span>between<span style="font-size: 1px; color: white;">apples</span>the<span style="font-size: 1px; color: white;">solid</span>general<span style="font-size: 1px; color: white;">play</span>nitrogens in amino<span style="font-size: 1px; color: white;">expand</span>acid<span style="font-size: 1px; color: white;">should</span>backbones (denoted as <span style="color:#0000cc">NH</span>) and<span style="font-size: 1px; color: white;">come</span>the<span style="font-size: 1px; color: white;">though</span>nitrogen<span style="font-size: 1px; color: white;">stages</span>in amino acid<span style="font-size: 1px; color: white;">joined</span>side chains.</li> <li style="margin-bottom: 20px;">The one (1) peptide<span style="font-size: 1px; color: white;">drives</span>bonds connecting<span style="font-size: 1px; color: white;">parent</span>the<span style="font-size: 1px; color: white;">hydrid</span>two (2) amino<span style="font-size: 1px; color: white;">influx</span>acids<span style="font-size: 1px; color: white;">amanda</span>are<span style="font-size: 1px; color: white;">get</span>highlighted<span style="font-size: 1px; color: white;">counts</span>in <span style="background-color: #00FF00; padding: 2px;">bright<span style="font-size: 1px; color: white;">known</span>green</span>, making<span style="font-size: 1px; color: white;">maize</span>it easier to<span style="font-size: 1px; color: white;">extra</span>distinguish the<span style="font-size: 1px; color: white;">harass</span>two (2) amino<span style="font-size: 1px; color: white;">urine</span>acids.</li> <li style="margin-bottom: 20px;">Examine<span style="font-size: 1px; color: white;">unit</span>the<span style="font-size: 1px; color: white;">pestle</span>side chain<span style="font-size: 1px; color: white;">ice</span>for<span style="font-size: 1px; color: white;">pacbio</span>each<span style="font-size: 1px; color: white;">viral</span>of the<span style="font-size: 1px; color: white;">fan</span>two (2) amino acids<span style="font-size: 1px; color: white;">rna</span>to<span style="font-size: 1px; color: white;">batp</span>determine<span style="font-size: 1px; color: white;">dof</span>their single-letter<span style="font-size: 1px; color: white;">falsed</span>amino<span style="font-size: 1px; color: white;">stick</span>acid<span style="font-size: 1px; color: white;">upside</span>code.</li> <li style="margin-bottom: 20px;">List<span style="font-size: 1px; color: white;">total</span>the<span style="font-size: 1px; color: white;">easier</span>single-letter amino<span style="font-size: 1px; color: white;">cycler</span>acid<span style="font-size: 1px; color: white;">weight</span>codes in the<span style="font-size: 1px; color: white;">taste</span>amino<span style="font-size: 1px; color: white;">rows</span>to<span style="font-size: 1px; color: white;">mortar</span>carboxyl (N→C) direction. This<span style="font-size: 1px; color: white;">marrow</span>is<span style="font-size: 1px; color: white;">donors</span>the standard<span style="font-size: 1px; color: white;">camp</span>method<span style="font-size: 1px; color: white;">brick</span>for<span style="font-size: 1px; color: white;">rings</span>writing<span style="font-size: 1px; color: white;">manner</span>peptide<span style="font-size: 1px; color: white;">health</span>sequences.</li> </ol> <p>Select the<span style="font-size: 1px; color: white;">hdpe</span>correct<span style="font-size: 1px; color: white;">aids</span>peptide<span style="font-size: 1px; color: white;">green</span>sequence from<span style="font-size: 1px; color: white;">films</span>the options<span style="font-size: 1px; color: white;">ramesh</span>below:</p> </div>
    </div>
    <choiceInteraction maxChoices="1" responseIdentifier="RESPONSE" shuffle="true">
      <simpleChoice fixed="true" identifier="answer_1">
        <p>
          <div id="drv_c520" oncopy="return false;" onpaste="return false;" oncut="return false;" oncontextmenu="return false;" onmousedown="return false;" onselectstart="return false;">YW </div>
        </p>
      </simpleChoice>
      <simpleChoice fixed="true" identifier="answer_2">
        <p>
          <div id="drv_575b" oncopy="return false;" onpaste="return false;" oncut="return false;" oncontextmenu="return false;" onmousedown="return false;" onselectstart="return false;">KI<span style="font-size: 1px; color: white;">across</span></div>
        </p>
      </simpleChoice>
      <simpleChoice fixed="true" identifier="answer_3">
        <p>
          <div id="drv_9c98" oncopy="return false;" onpaste="return false;" oncut="return false;" oncontextmenu="return false;" onmousedown="return false;" onselectstart="return false;">GI<span style="font-size: 1px; color: white;">anion</span></div>
        </p>
      </simpleChoice>
      <simpleChoice fixed="true" identifier="answer_4">
        <p>
          <div id="drv_5baa" oncopy="return false;" onpaste="return false;" oncut="return false;" oncontextmenu="return false;" onmousedown="return false;" onselectstart="return false;">KG<span style="font-size: 1px; color: white;">cirtic</span></div>
        </p>
      </simpleChoice>
    </choiceInteraction>
  </itemBody>
  <responseProcessing>
    <responseCondition>
      <responseIf>
        <match>
          <variable identifier="RESPONSE"/>
          <correct identifier="RESPONSE"/>
        </match>
      </responseIf>
    </responseCondition>
  </responseProcessing>
</assessmentItem>
