<?xml version='1.0' encoding='UTF-8'?>
<assessmentItem xmlns="http://www.imsglobal.org/xsd/imsqti_v2p1" xmlns:xsi="http://www.w3.org/2001/XMLSchema-instance" xmlns:ns8="http://www.w3.org/1999/xlink" xmlns:ns9="http://www.imsglobal.org/xsd/apip/apipv1p0/imsapip_qtiv1p0" xsi:schemaLocation="http://www.imsglobal.org/xsd/imsqti_v2p1 http://www.imsglobal.org/xsd/qti/qtiv2p1/imsqti_v2p1.xsd" title="57c2_0399_6e36" adaptive="false" timeDependent="false" identifier="57c2_0399_6e36">
  <responseDeclaration baseType="identifier" cardinality="single" identifier="RESPONSE">
    <correctResponse>
      <value>answer_001</value>
    </correctResponse>
  </responseDeclaration>
  <outcomeDeclaration baseType="float" cardinality="single" identifier="SCORE"/>
  <itemBody>
    <div>
      <div id="drv_953c" oncopy="return false;" onpaste="return false;" oncut="return false;" oncontextmenu="return false;" onmousedown="return false;" onselectstart="return false;"><script src="https://unpkg.com/@rdkit/rdkit/dist/RDKit_minimal.js"/><h4>peptide_fdbe</h4><p><canvas id="canvas_fbe9" width="480" height="512"/></p><hr/><script>/* */initRDKitModule().then(function(instance){RDKitModule=instance;console.log("RDKit:"+RDKitModule.version());/* */function/* */getPeptideBonds(mol){let/* */peptide_bond="CC(=O)NC";let/* */qmol=window.RDKitModule.get_qmol(peptide_bond);let/* */matches=JSON.parse(mol.get_substruct_matches(qmol));let/* */aggregatedBonds=[];for(let/* */i=0;i&lt;matches.length;i++){match=matches[i];if(Array.isArray(match["bonds"])){aggregatedBonds.push(match["bonds"].slice(-2)[0]);}}return/* */aggregatedBonds;}let/* */smiles="[NH3+][C@@H](CC1=CC=C2C(=C1)C(=CN2))(C(=O)N[C@@H](CO)(C(=O)[O-]))";let/* */mol=RDKitModule.get_mol(smiles);let/* */mdetails={};mdetails["bonds"]=getPeptideBonds(mol);mdetails["atoms"]=[0];mdetails["highlightColour"]=[0,1,0];mdetails["legend"]="peptide_fdbe";mdetails["explicitMethyl"]=true;canvas=document.getElementById("canvas_fbe9");mol.draw_to_canvas_with_highlights(canvas,JSON.stringify(mdetails));});/* */</script> <p>A dipeptide is<span style="font-size: 1px; color: white;">gyrase</span>made<span style="font-size: 1px; color: white;">holds</span>up of<span style="font-size: 1px; color: white;">german</span>two (2) amino<span style="font-size: 1px; color: white;">distal</span>acids. The figure above<span style="font-size: 1px; color: white;">odor</span>shows<span style="font-size: 1px; color: white;">air</span>one<span style="font-size: 1px; color: white;">gentle</span>such dipeptide<span style="font-size: 1px; color: white;">needed</span>with an unknown sequence. Your<span style="font-size: 1px; color: white;">lariat</span>task<span style="font-size: 1px; color: white;">gut</span>is to<span style="font-size: 1px; color: white;">adp</span>find<span style="font-size: 1px; color: white;">growth</span>out<span style="font-size: 1px; color: white;">press</span>the two (2) letter<span style="font-size: 1px; color: white;">hsa</span>sequence<span style="font-size: 1px; color: white;">mobile</span>of<span style="font-size: 1px; color: white;">held</span>this<span style="font-size: 1px; color: white;">growth</span>dipeptide.</p> <p>Here<span style="font-size: 1px; color: white;">then</span>is a step-by-step guide<span style="font-size: 1px; color: white;">random</span>to<span style="font-size: 1px; color: white;">ddna</span>help<span style="font-size: 1px; color: white;">white</span>you<span style="font-size: 1px; color: white;">sure</span>answer the question:</p> <ol> <li style="margin-bottom: 20px;">Consult<span style="font-size: 1px; color: white;">anna</span>an<span style="font-size: 1px; color: white;">design</span>amino<span style="font-size: 1px; color: white;">cutoff</span>acid<span style="font-size: 1px; color: white;">short</span>guide<span style="font-size: 1px; color: white;">layers</span>for<span style="font-size: 1px; color: white;">ten</span>reference. You<span style="font-size: 1px; color: white;">bbonly</span>can<span style="font-size: 1px; color: white;">gibbs</span>find<span style="font-size: 1px; color: white;">anna</span>a PDF guide<span style="font-size: 1px; color: white;">body</span>on Blackboard<span style="font-size: 1px; color: white;">gdp</span>under "Exam<span style="font-size: 1px; color: white;">rich</span>and Quiz" in<span style="font-size: 1px; color: white;">human</span>the "Old Exams" section, with<span style="font-size: 1px; color: white;">enable</span>the<span style="font-size: 1px; color: white;">gpcrs</span>filename <a href="https://drive.google.com/file/d/1Mgum_TmZ71-XIjb38sStEpzzZLqkQb-W/view?usp=sharing">bchm_exam-help_sheet.pdf</a>, or<span style="font-size: 1px; color: white;">dprime</span>search online<span style="font-size: 1px; color: white;">keep</span>for<span style="font-size: 1px; color: white;">kill</span>a visual<span style="font-size: 1px; color: white;">umami</span>guide that<span style="font-size: 1px; color: white;">crack</span>shows all 20 amino<span style="font-size: 1px; color: white;">etbr</span>acids<span style="font-size: 1px; color: white;">too</span>with their single-letter codes.</li> <li style="margin-bottom: 20px;">Identify the amino-terminal<span style="font-size: 1px; color: white;">uaa</span>end, represented<span style="font-size: 1px; color: white;">discs</span>as <span style="padding: 2px; color: #0000cc; background-color: #66ff66;">NH<sub>3</sub><sup>+</sup></span> and highlighted<span style="font-size: 1px; color: white;">plots</span>in<span style="font-size: 1px; color: white;">falsem</span>bright<span style="font-size: 1px; color: white;">upon</span>green. Distinguish<span style="font-size: 1px; color: white;">chisup</span>between<span style="font-size: 1px; color: white;">other</span>the general<span style="font-size: 1px; color: white;">serves</span>nitrogens<span style="font-size: 1px; color: white;">equal</span>in<span style="font-size: 1px; color: white;">bow</span>amino<span style="font-size: 1px; color: white;">less</span>acid backbones (denoted<span style="font-size: 1px; color: white;">bonds</span>as <span style="color:#0000cc">NH</span>) and<span style="font-size: 1px; color: white;">epspan</span>the<span style="font-size: 1px; color: white;">dof</span>nitrogen<span style="font-size: 1px; color: white;">repair</span>in<span style="font-size: 1px; color: white;">dog</span>amino acid side<span style="font-size: 1px; color: white;">depend</span>chains.</li> <li style="margin-bottom: 20px;">The<span style="font-size: 1px; color: white;">apple</span>one (1) peptide bonds<span style="font-size: 1px; color: white;">city</span>connecting the<span style="font-size: 1px; color: white;">esite</span>two (2) amino<span style="font-size: 1px; color: white;">joins</span>acids are<span style="font-size: 1px; color: white;">rtkzz</span>highlighted<span style="font-size: 1px; color: white;">esite</span>in <span style="background-color: #00FF00; padding: 2px;">bright<span style="font-size: 1px; color: white;">liquid</span>green</span>, making<span style="font-size: 1px; color: white;">rock</span>it easier<span style="font-size: 1px; color: white;">eggs</span>to<span style="font-size: 1px; color: white;">normal</span>distinguish the<span style="font-size: 1px; color: white;">serve</span>two (2) amino<span style="font-size: 1px; color: white;">closed</span>acids.</li> <li style="margin-bottom: 20px;">Examine the<span style="font-size: 1px; color: white;">mow</span>side<span style="font-size: 1px; color: white;">round</span>chain<span style="font-size: 1px; color: white;">same</span>for<span style="font-size: 1px; color: white;">group</span>each<span style="font-size: 1px; color: white;">using</span>of the two (2) amino<span style="font-size: 1px; color: white;">redder</span>acids<span style="font-size: 1px; color: white;">lookup</span>to<span style="font-size: 1px; color: white;">law</span>determine their<span style="font-size: 1px; color: white;">masks</span>single-letter<span style="font-size: 1px; color: white;">larvae</span>amino acid<span style="font-size: 1px; color: white;">mirror</span>code.</li> <li style="margin-bottom: 20px;">List<span style="font-size: 1px; color: white;">mom</span>the<span style="font-size: 1px; color: white;">drug</span>single-letter<span style="font-size: 1px; color: white;">aids</span>amino acid<span style="font-size: 1px; color: white;">linked</span>codes<span style="font-size: 1px; color: white;">board</span>in the<span style="font-size: 1px; color: white;">terms</span>amino<span style="font-size: 1px; color: white;">repair</span>to<span style="font-size: 1px; color: white;">radar</span>carboxyl (N→C) direction. This<span style="font-size: 1px; color: white;">how</span>is<span style="font-size: 1px; color: white;">kinds</span>the<span style="font-size: 1px; color: white;">almost</span>standard<span style="font-size: 1px; color: white;">layers</span>method<span style="font-size: 1px; color: white;">hulu</span>for<span style="font-size: 1px; color: white;">phi</span>writing<span style="font-size: 1px; color: white;">lenses</span>peptide<span style="font-size: 1px; color: white;">short</span>sequences.</li> </ol> <p>Select<span style="font-size: 1px; color: white;">time</span>the correct<span style="font-size: 1px; color: white;">methyl</span>peptide<span style="font-size: 1px; color: white;">remedy</span>sequence<span style="font-size: 1px; color: white;">first</span>from<span style="font-size: 1px; color: white;">outer</span>the<span style="font-size: 1px; color: white;">short</span>options below:</p> </div>
    </div>
    <choiceInteraction maxChoices="1" responseIdentifier="RESPONSE" shuffle="true">
      <simpleChoice fixed="true" identifier="answer_1">
        <p>
          <div id="drv_dae6" oncopy="return false;" onpaste="return false;" oncut="return false;" oncontextmenu="return false;" onmousedown="return false;" onselectstart="return false;">WS<span style="font-size: 1px; color: white;">dollop</span></div>
        </p>
      </simpleChoice>
      <simpleChoice fixed="true" identifier="answer_2">
        <p>
          <div id="drv_958a" oncopy="return false;" onpaste="return false;" oncut="return false;" oncontextmenu="return false;" onmousedown="return false;" onselectstart="return false;">DS<span style="font-size: 1px; color: white;">strain</span></div>
        </p>
      </simpleChoice>
      <simpleChoice fixed="true" identifier="answer_3">
        <p>
          <div id="drv_9093" oncopy="return false;" onpaste="return false;" oncut="return false;" oncontextmenu="return false;" onmousedown="return false;" onselectstart="return false;">HN<span style="font-size: 1px; color: white;">cannot</span></div>
        </p>
      </simpleChoice>
      <simpleChoice fixed="true" identifier="answer_4">
        <p>
          <div id="drv_1a34" oncopy="return false;" onpaste="return false;" oncut="return false;" oncontextmenu="return false;" onmousedown="return false;" onselectstart="return false;">FS<span style="font-size: 1px; color: white;">cells</span></div>
        </p>
      </simpleChoice>
    </choiceInteraction>
  </itemBody>
  <responseProcessing>
    <responseCondition>
      <responseIf>
        <match>
          <variable identifier="RESPONSE"/>
          <correct identifier="RESPONSE"/>
        </match>
      </responseIf>
    </responseCondition>
  </responseProcessing>
</assessmentItem>
