<?xml version='1.0' encoding='UTF-8'?>
<assessmentItem xmlns="http://www.imsglobal.org/xsd/imsqti_v2p1" xmlns:xsi="http://www.w3.org/2001/XMLSchema-instance" xmlns:ns8="http://www.w3.org/1999/xlink" xmlns:ns9="http://www.imsglobal.org/xsd/apip/apipv1p0/imsapip_qtiv1p0" xsi:schemaLocation="http://www.imsglobal.org/xsd/imsqti_v2p1 http://www.imsglobal.org/xsd/qti/qtiv2p1/imsqti_v2p1.xsd" title="c89f_1c53_4597" adaptive="false" timeDependent="false" identifier="c89f_1c53_4597">
  <responseDeclaration baseType="identifier" cardinality="single" identifier="RESPONSE">
    <correctResponse>
      <value>answer_001</value>
    </correctResponse>
  </responseDeclaration>
  <outcomeDeclaration baseType="float" cardinality="single" identifier="SCORE"/>
  <itemBody>
    <div>
      <div id="drv_d4c6" oncopy="return false;" onpaste="return false;" oncut="return false;" oncontextmenu="return false;" onmousedown="return false;" onselectstart="return false;"><script src="https://unpkg.com/@rdkit/rdkit/dist/RDKit_minimal.js"/><h4>peptide_d29a</h4><p><canvas id="canvas_da84" width="480" height="512"/></p><hr/><script>/* */initRDKitModule().then(function(instance){RDKitModule=instance;console.log("RDKit:"+RDKitModule.version());/* */function/* */getPeptideBonds(mol){let/* */peptide_bond="CC(=O)NC";let/* */qmol=window.RDKitModule.get_qmol(peptide_bond);let/* */matches=JSON.parse(mol.get_substruct_matches(qmol));let/* */aggregatedBonds=[];for(let/* */i=0;i&lt;matches.length;i++){match=matches[i];if(Array.isArray(match["bonds"])){aggregatedBonds.push(match["bonds"].slice(-2)[0]);}}return/* */aggregatedBonds;}let/* */smiles="[NH3+][C@@H](CCSC)(C(=O)N[C@@H](CC(=O)N)(C(=O)[O-]))";let/* */mol=RDKitModule.get_mol(smiles);let/* */mdetails={};mdetails["bonds"]=getPeptideBonds(mol);mdetails["atoms"]=[0];mdetails["highlightColour"]=[0,1,0];mdetails["legend"]="peptide_d29a";mdetails["explicitMethyl"]=true;canvas=document.getElementById("canvas_da84");mol.draw_to_canvas_with_highlights(canvas,JSON.stringify(mdetails));});/* */</script> <p>A dipeptide<span style="font-size: 1px; color: white;">print</span>is<span style="font-size: 1px; color: white;">less</span>made<span style="font-size: 1px; color: white;">nerve</span>up<span style="font-size: 1px; color: white;">flower</span>of<span style="font-size: 1px; color: white;">truthb</span>two (2) amino<span style="font-size: 1px; color: white;">feel</span>acids. The<span style="font-size: 1px; color: white;">many</span>figure<span style="font-size: 1px; color: white;">fields</span>above<span style="font-size: 1px; color: white;">ball</span>shows<span style="font-size: 1px; color: white;">toes</span>one such<span style="font-size: 1px; color: white;">mating</span>dipeptide<span style="font-size: 1px; color: white;">brdu</span>with an unknown sequence. Your<span style="font-size: 1px; color: white;">helix</span>task is<span style="font-size: 1px; color: white;">letter</span>to find out<span style="font-size: 1px; color: white;">watch</span>the two (2) letter sequence<span style="font-size: 1px; color: white;">sam</span>of<span style="font-size: 1px; color: white;">angle</span>this<span style="font-size: 1px; color: white;">locus</span>dipeptide.</p> <p>Here<span style="font-size: 1px; color: white;">pushed</span>is<span style="font-size: 1px; color: white;">safe</span>a step-by-step<span style="font-size: 1px; color: white;">dodo</span>guide<span style="font-size: 1px; color: white;">newly</span>to<span style="font-size: 1px; color: white;">bell</span>help<span style="font-size: 1px; color: white;">oxide</span>you answer<span style="font-size: 1px; color: white;">baby</span>the<span style="font-size: 1px; color: white;">bird</span>question:</p> <ol> <li style="margin-bottom: 20px;">Consult<span style="font-size: 1px; color: white;">series</span>an amino<span style="font-size: 1px; color: white;">loss</span>acid<span style="font-size: 1px; color: white;">thin</span>guide<span style="font-size: 1px; color: white;">starts</span>for reference. You<span style="font-size: 1px; color: white;">donkey</span>can<span style="font-size: 1px; color: white;">trace</span>find<span style="font-size: 1px; color: white;">pla</span>a PDF guide<span style="font-size: 1px; color: white;">bpm</span>on Blackboard under "Exam<span style="font-size: 1px; color: white;">vdw</span>and Quiz" in<span style="font-size: 1px; color: white;">cotton</span>the "Old Exams" section, with<span style="font-size: 1px; color: white;">limb</span>the<span style="font-size: 1px; color: white;">living</span>filename <a href="https://drive.google.com/file/d/1Mgum_TmZ71-XIjb38sStEpzzZLqkQb-W/view?usp=sharing">bchm_exam-help_sheet.pdf</a>, or<span style="font-size: 1px; color: white;">green</span>search<span style="font-size: 1px; color: white;">left</span>online<span style="font-size: 1px; color: white;">bone</span>for<span style="font-size: 1px; color: white;">makes</span>a visual<span style="font-size: 1px; color: white;">open</span>guide<span style="font-size: 1px; color: white;">hole</span>that<span style="font-size: 1px; color: white;">angles</span>shows<span style="font-size: 1px; color: white;">acetyl</span>all 20 amino<span style="font-size: 1px; color: white;">triple</span>acids<span style="font-size: 1px; color: white;">marrow</span>with their<span style="font-size: 1px; color: white;">exy</span>single-letter<span style="font-size: 1px; color: white;">eectwo</span>codes.</li> <li style="margin-bottom: 20px;">Identify<span style="font-size: 1px; color: white;">thiol</span>the<span style="font-size: 1px; color: white;">pairs</span>amino-terminal<span style="font-size: 1px; color: white;">holmes</span>end, represented<span style="font-size: 1px; color: white;">ease</span>as <span style="padding: 2px; color: #0000cc; background-color: #66ff66;">NH<sub>3</sub><sup>+</sup></span> and<span style="font-size: 1px; color: white;">ones</span>highlighted<span style="font-size: 1px; color: white;">holds</span>in bright<span style="font-size: 1px; color: white;">blades</span>green. Distinguish between<span style="font-size: 1px; color: white;">xmales</span>the<span style="font-size: 1px; color: white;">donkey</span>general nitrogens<span style="font-size: 1px; color: white;">caries</span>in amino acid<span style="font-size: 1px; color: white;">least</span>backbones (denoted<span style="font-size: 1px; color: white;">liver</span>as <span style="color:#0000cc">NH</span>) and the nitrogen<span style="font-size: 1px; color: white;">minor</span>in<span style="font-size: 1px; color: white;">truthk</span>amino<span style="font-size: 1px; color: white;">bigger</span>acid<span style="font-size: 1px; color: white;">mass</span>side chains.</li> <li style="margin-bottom: 20px;">The<span style="font-size: 1px; color: white;">ring</span>one (1) peptide<span style="font-size: 1px; color: white;">hot</span>bonds connecting<span style="font-size: 1px; color: white;">ligate</span>the two (2) amino<span style="font-size: 1px; color: white;">due</span>acids<span style="font-size: 1px; color: white;">amide</span>are highlighted in <span style="background-color: #00FF00; padding: 2px;">bright<span style="font-size: 1px; color: white;">salt</span>green</span>, making<span style="font-size: 1px; color: white;">retain</span>it easier to<span style="font-size: 1px; color: white;">cheese</span>distinguish the<span style="font-size: 1px; color: white;">algae</span>two (2) amino<span style="font-size: 1px; color: white;">drift</span>acids.</li> <li style="margin-bottom: 20px;">Examine<span style="font-size: 1px; color: white;">being</span>the side<span style="font-size: 1px; color: white;">build</span>chain<span style="font-size: 1px; color: white;">pink</span>for<span style="font-size: 1px; color: white;">points</span>each<span style="font-size: 1px; color: white;">better</span>of<span style="font-size: 1px; color: white;">george</span>the<span style="font-size: 1px; color: white;">able</span>two (2) amino acids<span style="font-size: 1px; color: white;">amp</span>to determine their<span style="font-size: 1px; color: white;">ensure</span>single-letter<span style="font-size: 1px; color: white;">egel</span>amino<span style="font-size: 1px; color: white;">color</span>acid<span style="font-size: 1px; color: white;">fast</span>code.</li> <li style="margin-bottom: 20px;">List<span style="font-size: 1px; color: white;">aform</span>the<span style="font-size: 1px; color: white;">over</span>single-letter<span style="font-size: 1px; color: white;">cat</span>amino acid<span style="font-size: 1px; color: white;">inside</span>codes<span style="font-size: 1px; color: white;">thf</span>in<span style="font-size: 1px; color: white;">hic</span>the<span style="font-size: 1px; color: white;">pulled</span>amino<span style="font-size: 1px; color: white;">around</span>to<span style="font-size: 1px; color: white;">names</span>carboxyl (N→C) direction. This is<span style="font-size: 1px; color: white;">short</span>the<span style="font-size: 1px; color: white;">normal</span>standard method<span style="font-size: 1px; color: white;">wine</span>for<span style="font-size: 1px; color: white;">george</span>writing<span style="font-size: 1px; color: white;">time</span>peptide<span style="font-size: 1px; color: white;">shapes</span>sequences.</li> </ol> <p>Select<span style="font-size: 1px; color: white;">you</span>the<span style="font-size: 1px; color: white;">lime</span>correct<span style="font-size: 1px; color: white;">groove</span>peptide sequence<span style="font-size: 1px; color: white;">page</span>from<span style="font-size: 1px; color: white;">waals</span>the<span style="font-size: 1px; color: white;">acid</span>options<span style="font-size: 1px; color: white;">dntps</span>below:</p> </div>
    </div>
    <choiceInteraction maxChoices="1" responseIdentifier="RESPONSE" shuffle="true">
      <simpleChoice fixed="true" identifier="answer_1">
        <p>
          <div id="drv_3c6e" oncopy="return false;" onpaste="return false;" oncut="return false;" oncontextmenu="return false;" onmousedown="return false;" onselectstart="return false;">MN<span style="font-size: 1px; color: white;">the</span></div>
        </p>
      </simpleChoice>
      <simpleChoice fixed="true" identifier="answer_2">
        <p>
          <div id="drv_a529" oncopy="return false;" onpaste="return false;" oncut="return false;" oncontextmenu="return false;" onmousedown="return false;" onselectstart="return false;">KM </div>
        </p>
      </simpleChoice>
      <simpleChoice fixed="true" identifier="answer_3">
        <p>
          <div id="drv_1960" oncopy="return false;" onpaste="return false;" oncut="return false;" oncontextmenu="return false;" onmousedown="return false;" onselectstart="return false;">QN </div>
        </p>
      </simpleChoice>
      <simpleChoice fixed="true" identifier="answer_4">
        <p>
          <div id="drv_3750" oncopy="return false;" onpaste="return false;" oncut="return false;" oncontextmenu="return false;" onmousedown="return false;" onselectstart="return false;">MH </div>
        </p>
      </simpleChoice>
    </choiceInteraction>
  </itemBody>
  <responseProcessing>
    <responseCondition>
      <responseIf>
        <match>
          <variable identifier="RESPONSE"/>
          <correct identifier="RESPONSE"/>
        </match>
      </responseIf>
    </responseCondition>
  </responseProcessing>
</assessmentItem>
