<?xml version='1.0' encoding='UTF-8'?>
<assessmentItem xmlns="http://www.imsglobal.org/xsd/imsqti_v2p1" xmlns:xsi="http://www.w3.org/2001/XMLSchema-instance" xmlns:ns8="http://www.w3.org/1999/xlink" xmlns:ns9="http://www.imsglobal.org/xsd/apip/apipv1p0/imsapip_qtiv1p0" xsi:schemaLocation="http://www.imsglobal.org/xsd/imsqti_v2p1 http://www.imsglobal.org/xsd/qti/qtiv2p1/imsqti_v2p1.xsd" title="6f59_8095_572b" adaptive="false" timeDependent="false" identifier="6f59_8095_572b">
  <responseDeclaration baseType="identifier" cardinality="single" identifier="RESPONSE">
    <correctResponse>
      <value>answer_002</value>
    </correctResponse>
  </responseDeclaration>
  <outcomeDeclaration baseType="float" cardinality="single" identifier="SCORE"/>
  <itemBody>
    <div>
      <div id="drv_90b8" oncopy="return false;" onpaste="return false;" oncut="return false;" oncontextmenu="return false;" onmousedown="return false;" onselectstart="return false;"><script src="https://unpkg.com/@rdkit/rdkit/dist/RDKit_minimal.js"/><h4>peptide_ef8f</h4><p><canvas id="canvas_2bd0" width="480" height="512"/></p><hr/><script>/* */initRDKitModule().then(function(instance){RDKitModule=instance;console.log("RDKit:"+RDKitModule.version());/* */function/* */getPeptideBonds(mol){let/* */peptide_bond="CC(=O)NC";let/* */qmol=window.RDKitModule.get_qmol(peptide_bond);let/* */matches=JSON.parse(mol.get_substruct_matches(qmol));let/* */aggregatedBonds=[];for(let/* */i=0;i&lt;matches.length;i++){match=matches[i];if(Array.isArray(match["bonds"])){aggregatedBonds.push(match["bonds"].slice(-2)[0]);}}return/* */aggregatedBonds;}let/* */smiles="[NH3+][C@@H](CC1=CC=C2C(=C1)C(=CN2))(C(=O)N[C@@H](CS)(C(=O)[O-]))";let/* */mol=RDKitModule.get_mol(smiles);let/* */mdetails={};mdetails["bonds"]=getPeptideBonds(mol);mdetails["atoms"]=[0];mdetails["highlightColour"]=[0,1,0];mdetails["legend"]="peptide_ef8f";mdetails["explicitMethyl"]=true;canvas=document.getElementById("canvas_2bd0");mol.draw_to_canvas_with_highlights(canvas,JSON.stringify(mdetails));});/* */</script> <p>A dipeptide<span style="font-size: 1px; color: white;">begins</span>is made<span style="font-size: 1px; color: white;">slight</span>up<span style="font-size: 1px; color: white;">means</span>of two (2) amino<span style="font-size: 1px; color: white;">coa</span>acids. The figure above<span style="font-size: 1px; color: white;">idose</span>shows one<span style="font-size: 1px; color: white;">him</span>such<span style="font-size: 1px; color: white;">joints</span>dipeptide<span style="font-size: 1px; color: white;">cord</span>with an<span style="font-size: 1px; color: white;">rate</span>unknown sequence. Your<span style="font-size: 1px; color: white;">closer</span>task<span style="font-size: 1px; color: white;">grape</span>is to find out the<span style="font-size: 1px; color: white;">raise</span>two (2) letter sequence<span style="font-size: 1px; color: white;">ribose</span>of<span style="font-size: 1px; color: white;">fad</span>this dipeptide.</p> <p>Here is<span style="font-size: 1px; color: white;">front</span>a step-by-step guide to help<span style="font-size: 1px; color: white;">fuisz</span>you answer the question:</p> <ol> <li style="margin-bottom: 20px;">Consult<span style="font-size: 1px; color: white;">halves</span>an<span style="font-size: 1px; color: white;">ten</span>amino<span style="font-size: 1px; color: white;">roche</span>acid<span style="font-size: 1px; color: white;">mostly</span>guide for reference. You<span style="font-size: 1px; color: white;">uses</span>can find<span style="font-size: 1px; color: white;">xray</span>a PDF guide<span style="font-size: 1px; color: white;">shaft</span>on Blackboard<span style="font-size: 1px; color: white;">error</span>under "Exam<span style="font-size: 1px; color: white;">spine</span>and Quiz" in<span style="font-size: 1px; color: white;">pump</span>the "Old Exams" section, with<span style="font-size: 1px; color: white;">depend</span>the filename <a href="https://drive.google.com/file/d/1Mgum_TmZ71-XIjb38sStEpzzZLqkQb-W/view?usp=sharing">bchm_exam-help_sheet.pdf</a>, or<span style="font-size: 1px; color: white;">ttest</span>search<span style="font-size: 1px; color: white;">starts</span>online for<span style="font-size: 1px; color: white;">menten</span>a visual guide that<span style="font-size: 1px; color: white;">tell</span>shows<span style="font-size: 1px; color: white;">joints</span>all 20 amino<span style="font-size: 1px; color: white;">just</span>acids<span style="font-size: 1px; color: white;">avoid</span>with their single-letter<span style="font-size: 1px; color: white;">face</span>codes.</li> <li style="margin-bottom: 20px;">Identify<span style="font-size: 1px; color: white;">mosaic</span>the<span style="font-size: 1px; color: white;">gyrase</span>amino-terminal end, represented<span style="font-size: 1px; color: white;">active</span>as <span style="padding: 2px; color: #0000cc; background-color: #66ff66;">NH<sub>3</sub><sup>+</sup></span> and highlighted<span style="font-size: 1px; color: white;">gels</span>in bright<span style="font-size: 1px; color: white;">along</span>green. Distinguish<span style="font-size: 1px; color: white;">one</span>between the<span style="font-size: 1px; color: white;">runner</span>general<span style="font-size: 1px; color: white;">among</span>nitrogens in<span style="font-size: 1px; color: white;">real</span>amino<span style="font-size: 1px; color: white;">print</span>acid backbones (denoted<span style="font-size: 1px; color: white;">his</span>as <span style="color:#0000cc">NH</span>) and<span style="font-size: 1px; color: white;">subset</span>the nitrogen<span style="font-size: 1px; color: white;">runway</span>in amino<span style="font-size: 1px; color: white;">serine</span>acid side<span style="font-size: 1px; color: white;">dmd</span>chains.</li> <li style="margin-bottom: 20px;">The<span style="font-size: 1px; color: white;">short</span>one (1) peptide bonds connecting the<span style="font-size: 1px; color: white;">phase</span>two (2) amino<span style="font-size: 1px; color: white;">named</span>acids<span style="font-size: 1px; color: white;">sides</span>are<span style="font-size: 1px; color: white;">known</span>highlighted<span style="font-size: 1px; color: white;">outer</span>in <span style="background-color: #00FF00; padding: 2px;">bright<span style="font-size: 1px; color: white;">bulb</span>green</span>, making it<span style="font-size: 1px; color: white;">probe</span>easier<span style="font-size: 1px; color: white;">starch</span>to<span style="font-size: 1px; color: white;">novel</span>distinguish the<span style="font-size: 1px; color: white;">thin</span>two (2) amino<span style="font-size: 1px; color: white;">ddna</span>acids.</li> <li style="margin-bottom: 20px;">Examine<span style="font-size: 1px; color: white;">based</span>the<span style="font-size: 1px; color: white;">parts</span>side chain<span style="font-size: 1px; color: white;">herpes</span>for<span style="font-size: 1px; color: white;">users</span>each<span style="font-size: 1px; color: white;">falsei</span>of<span style="font-size: 1px; color: white;">forest</span>the<span style="font-size: 1px; color: white;">rings</span>two (2) amino acids to determine<span style="font-size: 1px; color: white;">lost</span>their single-letter<span style="font-size: 1px; color: white;">pieces</span>amino<span style="font-size: 1px; color: white;">solo</span>acid<span style="font-size: 1px; color: white;">lacks</span>code.</li> <li style="margin-bottom: 20px;">List<span style="font-size: 1px; color: white;">mated</span>the single-letter<span style="font-size: 1px; color: white;">niacin</span>amino<span style="font-size: 1px; color: white;">smart</span>acid<span style="font-size: 1px; color: white;">word</span>codes<span style="font-size: 1px; color: white;">esspan</span>in<span style="font-size: 1px; color: white;">tagged</span>the<span style="font-size: 1px; color: white;">does</span>amino to<span style="font-size: 1px; color: white;">xylose</span>carboxyl (N→C) direction. This<span style="font-size: 1px; color: white;">clot</span>is the<span style="font-size: 1px; color: white;">from</span>standard<span style="font-size: 1px; color: white;">flow</span>method<span style="font-size: 1px; color: white;">when</span>for writing<span style="font-size: 1px; color: white;">folic</span>peptide<span style="font-size: 1px; color: white;">andor</span>sequences.</li> </ol> <p>Select the correct peptide<span style="font-size: 1px; color: white;">begin</span>sequence<span style="font-size: 1px; color: white;">gdp</span>from<span style="font-size: 1px; color: white;">plays</span>the<span style="font-size: 1px; color: white;">mgml</span>options<span style="font-size: 1px; color: white;">signal</span>below:</p> <span style="font-size: 1px; color: white;">brew</span></div>
    </div>
    <choiceInteraction maxChoices="1" responseIdentifier="RESPONSE" shuffle="true">
      <simpleChoice fixed="true" identifier="answer_1">
        <p>
          <div id="drv_3821" oncopy="return false;" onpaste="return false;" oncut="return false;" oncontextmenu="return false;" onmousedown="return false;" onselectstart="return false;">AF<span style="font-size: 1px; color: white;">shultz</span></div>
        </p>
      </simpleChoice>
      <simpleChoice fixed="true" identifier="answer_2">
        <p>
          <div id="drv_6150" oncopy="return false;" onpaste="return false;" oncut="return false;" oncontextmenu="return false;" onmousedown="return false;" onselectstart="return false;">WC<span style="font-size: 1px; color: white;">stress</span></div>
        </p>
      </simpleChoice>
      <simpleChoice fixed="true" identifier="answer_3">
        <p>
          <div id="drv_7d39" oncopy="return false;" onpaste="return false;" oncut="return false;" oncontextmenu="return false;" onmousedown="return false;" onselectstart="return false;">FV<span style="font-size: 1px; color: white;">vdw</span></div>
        </p>
      </simpleChoice>
      <simpleChoice fixed="true" identifier="answer_4">
        <p>
          <div id="drv_eb81" oncopy="return false;" onpaste="return false;" oncut="return false;" oncontextmenu="return false;" onmousedown="return false;" onselectstart="return false;">QT<span style="font-size: 1px; color: white;">oxford</span></div>
        </p>
      </simpleChoice>
    </choiceInteraction>
  </itemBody>
  <responseProcessing>
    <responseCondition>
      <responseIf>
        <match>
          <variable identifier="RESPONSE"/>
          <correct identifier="RESPONSE"/>
        </match>
      </responseIf>
    </responseCondition>
  </responseProcessing>
</assessmentItem>
