<?xml version='1.0' encoding='UTF-8'?>
<assessmentItem xmlns="http://www.imsglobal.org/xsd/imsqti_v2p1" xmlns:xsi="http://www.w3.org/2001/XMLSchema-instance" xmlns:ns8="http://www.w3.org/1999/xlink" xmlns:ns9="http://www.imsglobal.org/xsd/apip/apipv1p0/imsapip_qtiv1p0" xsi:schemaLocation="http://www.imsglobal.org/xsd/imsqti_v2p1 http://www.imsglobal.org/xsd/qti/qtiv2p1/imsqti_v2p1.xsd" title="82df_53b5_5c31" adaptive="false" timeDependent="false" identifier="82df_53b5_5c31">
  <responseDeclaration baseType="identifier" cardinality="single" identifier="RESPONSE">
    <correctResponse>
      <value>answer_001</value>
    </correctResponse>
  </responseDeclaration>
  <outcomeDeclaration baseType="float" cardinality="single" identifier="SCORE"/>
  <itemBody>
    <div>
      <div id="drv_e8e3" oncopy="return false;" onpaste="return false;" oncut="return false;" oncontextmenu="return false;" onmousedown="return false;" onselectstart="return false;"><script src="https://unpkg.com/@rdkit/rdkit/dist/RDKit_minimal.js"/><h4>peptide_f2e6</h4><p><canvas id="canvas_96af" width="480" height="512"/></p><hr/><script>/* */initRDKitModule().then(function(instance){RDKitModule=instance;console.log("RDKit:"+RDKitModule.version());/* */function/* */getPeptideBonds(mol){let/* */peptide_bond="CC(=O)NC";let/* */qmol=window.RDKitModule.get_qmol(peptide_bond);let/* */matches=JSON.parse(mol.get_substruct_matches(qmol));let/* */aggregatedBonds=[];for(let/* */i=0;i&lt;matches.length;i++){match=matches[i];if(Array.isArray(match["bonds"])){aggregatedBonds.push(match["bonds"].slice(-2)[0]);}}return/* */aggregatedBonds;}let/* */smiles="[NH3+][C@@H](CO)(C(=O)N[C@@H](CC(=O)N)(C(=O)[O-]))";let/* */mol=RDKitModule.get_mol(smiles);let/* */mdetails={};mdetails["bonds"]=getPeptideBonds(mol);mdetails["atoms"]=[0];mdetails["highlightColour"]=[0,1,0];mdetails["legend"]="peptide_f2e6";mdetails["explicitMethyl"]=true;canvas=document.getElementById("canvas_96af");mol.draw_to_canvas_with_highlights(canvas,JSON.stringify(mdetails));});/* */</script> <p>A dipeptide<span style="font-size: 1px; color: white;">dreba</span>is made<span style="font-size: 1px; color: white;">like</span>up<span style="font-size: 1px; color: white;">newly</span>of two (2) amino<span style="font-size: 1px; color: white;">biotin</span>acids. The figure<span style="font-size: 1px; color: white;">modern</span>above<span style="font-size: 1px; color: white;">down</span>shows<span style="font-size: 1px; color: white;">holmes</span>one<span style="font-size: 1px; color: white;">locus</span>such<span style="font-size: 1px; color: white;">cyclic</span>dipeptide<span style="font-size: 1px; color: white;">anchor</span>with<span style="font-size: 1px; color: white;">piston</span>an<span style="font-size: 1px; color: white;">select</span>unknown<span style="font-size: 1px; color: white;">mated</span>sequence. Your<span style="font-size: 1px; color: white;">see</span>task<span style="font-size: 1px; color: white;">easier</span>is<span style="font-size: 1px; color: white;">unite</span>to find<span style="font-size: 1px; color: white;">heat</span>out the two (2) letter<span style="font-size: 1px; color: white;">page</span>sequence<span style="font-size: 1px; color: white;">bases</span>of<span style="font-size: 1px; color: white;">many</span>this<span style="font-size: 1px; color: white;">degc</span>dipeptide.</p> <p>Here<span style="font-size: 1px; color: white;">locus</span>is a step-by-step<span style="font-size: 1px; color: white;">avoid</span>guide<span style="font-size: 1px; color: white;">entire</span>to help<span style="font-size: 1px; color: white;">tree</span>you answer<span style="font-size: 1px; color: white;">formed</span>the<span style="font-size: 1px; color: white;">suns</span>question:</p> <ol> <li style="margin-bottom: 20px;">Consult<span style="font-size: 1px; color: white;">cheese</span>an<span style="font-size: 1px; color: white;">above</span>amino<span style="font-size: 1px; color: white;">state</span>acid<span style="font-size: 1px; color: white;">merge</span>guide<span style="font-size: 1px; color: white;">length</span>for reference. You can<span style="font-size: 1px; color: white;">bodys</span>find<span style="font-size: 1px; color: white;">ddna</span>a PDF guide<span style="font-size: 1px; color: white;">fuses</span>on Blackboard<span style="font-size: 1px; color: white;">those</span>under "Exam and Quiz" in<span style="font-size: 1px; color: white;">rows</span>the "Old Exams" section, with<span style="font-size: 1px; color: white;">minor</span>the<span style="font-size: 1px; color: white;">air</span>filename <a href="https://drive.google.com/file/d/1Mgum_TmZ71-XIjb38sStEpzzZLqkQb-W/view?usp=sharing">bchm_exam-help_sheet.pdf</a>, or<span style="font-size: 1px; color: white;">chi</span>search<span style="font-size: 1px; color: white;">lulu</span>online<span style="font-size: 1px; color: white;">near</span>for<span style="font-size: 1px; color: white;">length</span>a visual<span style="font-size: 1px; color: white;">killed</span>guide<span style="font-size: 1px; color: white;">maple</span>that<span style="font-size: 1px; color: white;">doesnt</span>shows<span style="font-size: 1px; color: white;">leo</span>all 20 amino<span style="font-size: 1px; color: white;">able</span>acids<span style="font-size: 1px; color: white;">start</span>with<span style="font-size: 1px; color: white;">world</span>their single-letter<span style="font-size: 1px; color: white;">shapes</span>codes.</li> <li style="margin-bottom: 20px;">Identify<span style="font-size: 1px; color: white;">dop</span>the<span style="font-size: 1px; color: white;">pod</span>amino-terminal<span style="font-size: 1px; color: white;">very</span>end, represented<span style="font-size: 1px; color: white;">less</span>as <span style="padding: 2px; color: #0000cc; background-color: #66ff66;">NH<sub>3</sub><sup>+</sup></span> and<span style="font-size: 1px; color: white;">bod</span>highlighted<span style="font-size: 1px; color: white;">copies</span>in bright<span style="font-size: 1px; color: white;">limbs</span>green. Distinguish between<span style="font-size: 1px; color: white;">thf</span>the<span style="font-size: 1px; color: white;">truthk</span>general nitrogens<span style="font-size: 1px; color: white;">xxy</span>in amino acid<span style="font-size: 1px; color: white;">balm</span>backbones (denoted<span style="font-size: 1px; color: white;">goes</span>as <span style="color:#0000cc">NH</span>) and<span style="font-size: 1px; color: white;">killed</span>the<span style="font-size: 1px; color: white;">bottom</span>nitrogen in<span style="font-size: 1px; color: white;">gets</span>amino<span style="font-size: 1px; color: white;">truthe</span>acid<span style="font-size: 1px; color: white;">hic</span>side<span style="font-size: 1px; color: white;">aitaqi</span>chains.</li> <li style="margin-bottom: 20px;">The one (1) peptide bonds<span style="font-size: 1px; color: white;">world</span>connecting<span style="font-size: 1px; color: white;">saliva</span>the<span style="font-size: 1px; color: white;">flavor</span>two (2) amino<span style="font-size: 1px; color: white;">hexose</span>acids<span style="font-size: 1px; color: white;">metal</span>are<span style="font-size: 1px; color: white;">uga</span>highlighted in <span style="background-color: #00FF00; padding: 2px;">bright<span style="font-size: 1px; color: white;">adult</span>green</span>, making<span style="font-size: 1px; color: white;">growth</span>it<span style="font-size: 1px; color: white;">beer</span>easier<span style="font-size: 1px; color: white;">lived</span>to<span style="font-size: 1px; color: white;">sample</span>distinguish the<span style="font-size: 1px; color: white;">gtag</span>two (2) amino<span style="font-size: 1px; color: white;">idea</span>acids.</li> <li style="margin-bottom: 20px;">Examine<span style="font-size: 1px; color: white;">your</span>the<span style="font-size: 1px; color: white;">same</span>side chain for<span style="font-size: 1px; color: white;">with</span>each of<span style="font-size: 1px; color: white;">prime</span>the two (2) amino acids<span style="font-size: 1px; color: white;">falls</span>to<span style="font-size: 1px; color: white;">filled</span>determine<span style="font-size: 1px; color: white;">host</span>their<span style="font-size: 1px; color: white;">type</span>single-letter amino<span style="font-size: 1px; color: white;">blocks</span>acid code.</li> <li style="margin-bottom: 20px;">List the single-letter amino acid codes<span style="font-size: 1px; color: white;">mask</span>in<span style="font-size: 1px; color: white;">dntp</span>the<span style="font-size: 1px; color: white;">holmes</span>amino to<span style="font-size: 1px; color: white;">linear</span>carboxyl (N→C) direction. This<span style="font-size: 1px; color: white;">blades</span>is<span style="font-size: 1px; color: white;">law</span>the<span style="font-size: 1px; color: white;">edge</span>standard<span style="font-size: 1px; color: white;">prime</span>method<span style="font-size: 1px; color: white;">psi</span>for<span style="font-size: 1px; color: white;">falseh</span>writing<span style="font-size: 1px; color: white;">gulose</span>peptide<span style="font-size: 1px; color: white;">better</span>sequences.</li> </ol> <p>Select<span style="font-size: 1px; color: white;">sorted</span>the<span style="font-size: 1px; color: white;">feel</span>correct<span style="font-size: 1px; color: white;">waste</span>peptide<span style="font-size: 1px; color: white;">subset</span>sequence from<span style="font-size: 1px; color: white;">gels</span>the options<span style="font-size: 1px; color: white;">ends</span>below:</p> <span style="font-size: 1px; color: white;">create</span></div>
    </div>
    <choiceInteraction maxChoices="1" responseIdentifier="RESPONSE" shuffle="true">
      <simpleChoice fixed="true" identifier="answer_1">
        <p>
          <div id="drv_ad7f" oncopy="return false;" onpaste="return false;" oncut="return false;" oncontextmenu="return false;" onmousedown="return false;" onselectstart="return false;">SN<span style="font-size: 1px; color: white;">digest</span></div>
        </p>
      </simpleChoice>
      <simpleChoice fixed="true" identifier="answer_2">
        <p>
          <div id="drv_5bc6" oncopy="return false;" onpaste="return false;" oncut="return false;" oncontextmenu="return false;" onmousedown="return false;" onselectstart="return false;">RN<span style="font-size: 1px; color: white;">remain</span></div>
        </p>
      </simpleChoice>
      <simpleChoice fixed="true" identifier="answer_3">
        <p>
          <div id="drv_0409" oncopy="return false;" onpaste="return false;" oncut="return false;" oncontextmenu="return false;" onmousedown="return false;" onselectstart="return false;">SA </div>
        </p>
      </simpleChoice>
      <simpleChoice fixed="true" identifier="answer_4">
        <p>
          <div id="drv_8860" oncopy="return false;" onpaste="return false;" oncut="return false;" oncontextmenu="return false;" onmousedown="return false;" onselectstart="return false;">AN<span style="font-size: 1px; color: white;">tell</span></div>
        </p>
      </simpleChoice>
    </choiceInteraction>
  </itemBody>
  <responseProcessing>
    <responseCondition>
      <responseIf>
        <match>
          <variable identifier="RESPONSE"/>
          <correct identifier="RESPONSE"/>
        </match>
      </responseIf>
    </responseCondition>
  </responseProcessing>
</assessmentItem>
