<?xml version='1.0' encoding='UTF-8'?>
<assessmentItem xmlns="http://www.imsglobal.org/xsd/imsqti_v2p1" xmlns:xsi="http://www.w3.org/2001/XMLSchema-instance" xmlns:ns8="http://www.w3.org/1999/xlink" xmlns:ns9="http://www.imsglobal.org/xsd/apip/apipv1p0/imsapip_qtiv1p0" xsi:schemaLocation="http://www.imsglobal.org/xsd/imsqti_v2p1 http://www.imsglobal.org/xsd/qti/qtiv2p1/imsqti_v2p1.xsd" title="b30c_920a_d4ee" adaptive="false" timeDependent="false" identifier="b30c_920a_d4ee">
  <responseDeclaration baseType="identifier" cardinality="single" identifier="RESPONSE">
    <correctResponse>
      <value>answer_004</value>
    </correctResponse>
  </responseDeclaration>
  <outcomeDeclaration baseType="float" cardinality="single" identifier="SCORE"/>
  <itemBody>
    <div>
      <div id="drv_d563" oncopy="return false;" onpaste="return false;" oncut="return false;" oncontextmenu="return false;" onmousedown="return false;" onselectstart="return false;"><script src="https://unpkg.com/@rdkit/rdkit/dist/RDKit_minimal.js"/><h4>peptide_d1c8</h4><p><canvas id="canvas_2dba" width="480" height="512"/></p><hr/><script>/* */initRDKitModule().then(function(instance){RDKitModule=instance;console.log("RDKit:"+RDKitModule.version());/* */function/* */getPeptideBonds(mol){let/* */peptide_bond="CC(=O)NC";let/* */qmol=window.RDKitModule.get_qmol(peptide_bond);let/* */matches=JSON.parse(mol.get_substruct_matches(qmol));let/* */aggregatedBonds=[];for(let/* */i=0;i&lt;matches.length;i++){match=matches[i];if(Array.isArray(match["bonds"])){aggregatedBonds.push(match["bonds"].slice(-2)[0]);}}return/* */aggregatedBonds;}let/* */smiles="[NH3+][C@@H](CC(C)C)(C(=O)N[C@@H](CCSC)(C(=O)[O-]))";let/* */mol=RDKitModule.get_mol(smiles);let/* */mdetails={};mdetails["bonds"]=getPeptideBonds(mol);mdetails["atoms"]=[0];mdetails["highlightColour"]=[0,1,0];mdetails["legend"]="peptide_d1c8";mdetails["explicitMethyl"]=true;canvas=document.getElementById("canvas_2dba");mol.draw_to_canvas_with_highlights(canvas,JSON.stringify(mdetails));});/* */</script> <p>A dipeptide<span style="font-size: 1px; color: white;">speed</span>is<span style="font-size: 1px; color: white;">mule</span>made<span style="font-size: 1px; color: white;">sip</span>up<span style="font-size: 1px; color: white;">begin</span>of<span style="font-size: 1px; color: white;">cold</span>two (2) amino acids. The<span style="font-size: 1px; color: white;">deltas</span>figure above shows<span style="font-size: 1px; color: white;">dimers</span>one<span style="font-size: 1px; color: white;">where</span>such<span style="font-size: 1px; color: white;">brick</span>dipeptide<span style="font-size: 1px; color: white;">larger</span>with<span style="font-size: 1px; color: white;">dgtp</span>an<span style="font-size: 1px; color: white;">civic</span>unknown sequence. Your<span style="font-size: 1px; color: white;">lime</span>task<span style="font-size: 1px; color: white;">during</span>is to<span style="font-size: 1px; color: white;">bites</span>find<span style="font-size: 1px; color: white;">much</span>out the two (2) letter<span style="font-size: 1px; color: white;">strong</span>sequence of this dipeptide.</p> <p>Here<span style="font-size: 1px; color: white;">ttest</span>is a step-by-step<span style="font-size: 1px; color: white;">erika</span>guide<span style="font-size: 1px; color: white;">long</span>to<span style="font-size: 1px; color: white;">our</span>help<span style="font-size: 1px; color: white;">krebs</span>you<span style="font-size: 1px; color: white;">small</span>answer the<span style="font-size: 1px; color: white;">mixing</span>question:</p> <ol> <li style="margin-bottom: 20px;">Consult<span style="font-size: 1px; color: white;">yaml</span>an<span style="font-size: 1px; color: white;">next</span>amino<span style="font-size: 1px; color: white;">after</span>acid<span style="font-size: 1px; color: white;">force</span>guide<span style="font-size: 1px; color: white;">baby</span>for<span style="font-size: 1px; color: white;">breaks</span>reference. You<span style="font-size: 1px; color: white;">result</span>can<span style="font-size: 1px; color: white;">spine</span>find<span style="font-size: 1px; color: white;">pulled</span>a PDF guide<span style="font-size: 1px; color: white;">ityri</span>on Blackboard<span style="font-size: 1px; color: white;">brain</span>under "Exam<span style="font-size: 1px; color: white;">mrnas</span>and Quiz" in<span style="font-size: 1px; color: white;">gyrase</span>the "Old Exams" section, with<span style="font-size: 1px; color: white;">rrna</span>the<span style="font-size: 1px; color: white;">author</span>filename <a href="https://drive.google.com/file/d/1Mgum_TmZ71-XIjb38sStEpzzZLqkQb-W/view?usp=sharing">bchm_exam-help_sheet.pdf</a>, or<span style="font-size: 1px; color: white;">digest</span>search<span style="font-size: 1px; color: white;">resin</span>online<span style="font-size: 1px; color: white;">mask</span>for<span style="font-size: 1px; color: white;">gamete</span>a visual<span style="font-size: 1px; color: white;">skier</span>guide that<span style="font-size: 1px; color: white;">weight</span>shows all 20 amino<span style="font-size: 1px; color: white;">attach</span>acids<span style="font-size: 1px; color: white;">crybt</span>with<span style="font-size: 1px; color: white;">intron</span>their single-letter codes.</li> <li style="margin-bottom: 20px;">Identify<span style="font-size: 1px; color: white;">ran</span>the<span style="font-size: 1px; color: white;">expose</span>amino-terminal<span style="font-size: 1px; color: white;">loss</span>end, represented<span style="font-size: 1px; color: white;">fusion</span>as <span style="padding: 2px; color: #0000cc; background-color: #66ff66;">NH<sub>3</sub><sup>+</sup></span> and<span style="font-size: 1px; color: white;">avp</span>highlighted in<span style="font-size: 1px; color: white;">idea</span>bright green. Distinguish<span style="font-size: 1px; color: white;">extra</span>between<span style="font-size: 1px; color: white;">virus</span>the<span style="font-size: 1px; color: white;">tmspan</span>general<span style="font-size: 1px; color: white;">free</span>nitrogens<span style="font-size: 1px; color: white;">time</span>in<span style="font-size: 1px; color: white;">forkbr</span>amino acid<span style="font-size: 1px; color: white;">based</span>backbones (denoted<span style="font-size: 1px; color: white;">fork</span>as <span style="color:#0000cc">NH</span>) and<span style="font-size: 1px; color: white;">rattat</span>the nitrogen<span style="font-size: 1px; color: white;">types</span>in<span style="font-size: 1px; color: white;">amanda</span>amino<span style="font-size: 1px; color: white;">levels</span>acid<span style="font-size: 1px; color: white;">bowel</span>side<span style="font-size: 1px; color: white;">paired</span>chains.</li> <li style="margin-bottom: 20px;">The<span style="font-size: 1px; color: white;">formed</span>one (1) peptide<span style="font-size: 1px; color: white;">global</span>bonds<span style="font-size: 1px; color: white;">dayto</span>connecting<span style="font-size: 1px; color: white;">ones</span>the<span style="font-size: 1px; color: white;">point</span>two (2) amino<span style="font-size: 1px; color: white;">happen</span>acids are highlighted<span style="font-size: 1px; color: white;">traits</span>in <span style="background-color: #00FF00; padding: 2px;">bright<span style="font-size: 1px; color: white;">earth</span>green</span>, making<span style="font-size: 1px; color: white;">mali</span>it<span style="font-size: 1px; color: white;">scores</span>easier<span style="font-size: 1px; color: white;">find</span>to distinguish<span style="font-size: 1px; color: white;">naming</span>the<span style="font-size: 1px; color: white;">both</span>two (2) amino<span style="font-size: 1px; color: white;">has</span>acids.</li> <li style="margin-bottom: 20px;">Examine<span style="font-size: 1px; color: white;">omega</span>the<span style="font-size: 1px; color: white;">sorted</span>side<span style="font-size: 1px; color: white;">values</span>chain<span style="font-size: 1px; color: white;">bxo</span>for each<span style="font-size: 1px; color: white;">inner</span>of<span style="font-size: 1px; color: white;">six</span>the two (2) amino<span style="font-size: 1px; color: white;">closer</span>acids<span style="font-size: 1px; color: white;">method</span>to<span style="font-size: 1px; color: white;">blue</span>determine<span style="font-size: 1px; color: white;">word</span>their<span style="font-size: 1px; color: white;">sweet</span>single-letter<span style="font-size: 1px; color: white;">gyrase</span>amino<span style="font-size: 1px; color: white;">mated</span>acid code.</li> <li style="margin-bottom: 20px;">List the<span style="font-size: 1px; color: white;">major</span>single-letter<span style="font-size: 1px; color: white;">bind</span>amino<span style="font-size: 1px; color: white;">damage</span>acid codes in the amino<span style="font-size: 1px; color: white;">rpc</span>to<span style="font-size: 1px; color: white;">hill</span>carboxyl (N→C) direction. This<span style="font-size: 1px; color: white;">well</span>is<span style="font-size: 1px; color: white;">virus</span>the standard<span style="font-size: 1px; color: white;">smash</span>method for<span style="font-size: 1px; color: white;">making</span>writing<span style="font-size: 1px; color: white;">stats</span>peptide sequences.</li> </ol> <p>Select<span style="font-size: 1px; color: white;">used</span>the<span style="font-size: 1px; color: white;">that</span>correct<span style="font-size: 1px; color: white;">ten</span>peptide<span style="font-size: 1px; color: white;">eyes</span>sequence<span style="font-size: 1px; color: white;">tata</span>from<span style="font-size: 1px; color: white;">event</span>the<span style="font-size: 1px; color: white;">alpha</span>options below:</p> <span style="font-size: 1px; color: white;">uses</span></div>
    </div>
    <choiceInteraction maxChoices="1" responseIdentifier="RESPONSE" shuffle="true">
      <simpleChoice fixed="true" identifier="answer_1">
        <p>
          <div id="drv_8519" oncopy="return false;" onpaste="return false;" oncut="return false;" oncontextmenu="return false;" onmousedown="return false;" onselectstart="return false;">LH<span style="font-size: 1px; color: white;">gel</span></div>
        </p>
      </simpleChoice>
      <simpleChoice fixed="true" identifier="answer_2">
        <p>
          <div id="drv_7a6f" oncopy="return false;" onpaste="return false;" oncut="return false;" oncontextmenu="return false;" onmousedown="return false;" onselectstart="return false;">NM<span style="font-size: 1px; color: white;">since</span></div>
        </p>
      </simpleChoice>
      <simpleChoice fixed="true" identifier="answer_3">
        <p>
          <div id="drv_b8be" oncopy="return false;" onpaste="return false;" oncut="return false;" oncontextmenu="return false;" onmousedown="return false;" onselectstart="return false;">DS<span style="font-size: 1px; color: white;">born</span></div>
        </p>
      </simpleChoice>
      <simpleChoice fixed="true" identifier="answer_4">
        <p>
          <div id="drv_a0bd" oncopy="return false;" onpaste="return false;" oncut="return false;" oncontextmenu="return false;" onmousedown="return false;" onselectstart="return false;">LM<span style="font-size: 1px; color: white;">repeat</span></div>
        </p>
      </simpleChoice>
    </choiceInteraction>
  </itemBody>
  <responseProcessing>
    <responseCondition>
      <responseIf>
        <match>
          <variable identifier="RESPONSE"/>
          <correct identifier="RESPONSE"/>
        </match>
      </responseIf>
    </responseCondition>
  </responseProcessing>
</assessmentItem>
