<?xml version='1.0' encoding='UTF-8'?>
<assessmentItem xmlns="http://www.imsglobal.org/xsd/imsqti_v2p1" xmlns:xsi="http://www.w3.org/2001/XMLSchema-instance" xmlns:ns8="http://www.w3.org/1999/xlink" xmlns:ns9="http://www.imsglobal.org/xsd/apip/apipv1p0/imsapip_qtiv1p0" xsi:schemaLocation="http://www.imsglobal.org/xsd/imsqti_v2p1 http://www.imsglobal.org/xsd/qti/qtiv2p1/imsqti_v2p1.xsd" title="5f24_4ca1_fef4" adaptive="false" timeDependent="false" identifier="5f24_4ca1_fef4">
  <responseDeclaration baseType="identifier" cardinality="single" identifier="RESPONSE">
    <correctResponse>
      <value>answer_002</value>
    </correctResponse>
  </responseDeclaration>
  <outcomeDeclaration baseType="float" cardinality="single" identifier="SCORE"/>
  <itemBody>
    <div>
      <div id="drv_89a4" oncopy="return false;" onpaste="return false;" oncut="return false;" oncontextmenu="return false;" onmousedown="return false;" onselectstart="return false;"><script src="https://unpkg.com/@rdkit/rdkit/dist/RDKit_minimal.js"/><h4>peptide_be56</h4><p><canvas id="canvas_72ab" width="480" height="512"/></p><hr/><script>/* */initRDKitModule().then(function(instance){RDKitModule=instance;console.log("RDKit:"+RDKitModule.version());/* */function/* */getPeptideBonds(mol){let/* */peptide_bond="CC(=O)NC";let/* */qmol=window.RDKitModule.get_qmol(peptide_bond);let/* */matches=JSON.parse(mol.get_substruct_matches(qmol));let/* */aggregatedBonds=[];for(let/* */i=0;i&lt;matches.length;i++){match=matches[i];if(Array.isArray(match["bonds"])){aggregatedBonds.push(match["bonds"].slice(-2)[0]);}}return/* */aggregatedBonds;}let/* */smiles="[NH3+][C@@H](CC1=C[NH]C=N1)(C(=O)N[C@@H](C(C)C)(C(=O)[O-]))";let/* */mol=RDKitModule.get_mol(smiles);let/* */mdetails={};mdetails["bonds"]=getPeptideBonds(mol);mdetails["atoms"]=[0];mdetails["highlightColour"]=[0,1,0];mdetails["legend"]="peptide_be56";mdetails["explicitMethyl"]=true;canvas=document.getElementById("canvas_72ab");mol.draw_to_canvas_with_highlights(canvas,JSON.stringify(mdetails));});/* */</script> <p>A dipeptide<span style="font-size: 1px; color: white;">doesnt</span>is made<span style="font-size: 1px; color: white;">alerts</span>up<span style="font-size: 1px; color: white;">sister</span>of<span style="font-size: 1px; color: white;">cannot</span>two (2) amino acids. The<span style="font-size: 1px; color: white;">city</span>figure<span style="font-size: 1px; color: white;">clot</span>above shows<span style="font-size: 1px; color: white;">tears</span>one<span style="font-size: 1px; color: white;">apples</span>such dipeptide<span style="font-size: 1px; color: white;">tells</span>with<span style="font-size: 1px; color: white;">fuses</span>an<span style="font-size: 1px; color: white;">bread</span>unknown sequence. Your task<span style="font-size: 1px; color: white;">also</span>is to<span style="font-size: 1px; color: white;">cannot</span>find<span style="font-size: 1px; color: white;">dimers</span>out the<span style="font-size: 1px; color: white;">worse</span>two (2) letter<span style="font-size: 1px; color: white;">bad</span>sequence of this<span style="font-size: 1px; color: white;">ocean</span>dipeptide.</p> <p>Here<span style="font-size: 1px; color: white;">more</span>is<span style="font-size: 1px; color: white;">bad</span>a step-by-step guide<span style="font-size: 1px; color: white;">oils</span>to<span style="font-size: 1px; color: white;">yogurt</span>help you<span style="font-size: 1px; color: white;">unlike</span>answer<span style="font-size: 1px; color: white;">acetic</span>the<span style="font-size: 1px; color: white;">mixing</span>question:</p> <ol> <li style="margin-bottom: 20px;">Consult<span style="font-size: 1px; color: white;">span</span>an<span style="font-size: 1px; color: white;">heat</span>amino<span style="font-size: 1px; color: white;">cases</span>acid guide<span style="font-size: 1px; color: white;">wick</span>for<span style="font-size: 1px; color: white;">highly</span>reference. You<span style="font-size: 1px; color: white;">click</span>can find<span style="font-size: 1px; color: white;">time</span>a PDF guide<span style="font-size: 1px; color: white;">bites</span>on Blackboard<span style="font-size: 1px; color: white;">bone</span>under "Exam<span style="font-size: 1px; color: white;">along</span>and Quiz" in<span style="font-size: 1px; color: white;">boies</span>the "Old Exams" section, with<span style="font-size: 1px; color: white;">box</span>the filename <a href="https://drive.google.com/file/d/1Mgum_TmZ71-XIjb38sStEpzzZLqkQb-W/view?usp=sharing">bchm_exam-help_sheet.pdf</a>, or search<span style="font-size: 1px; color: white;">nobel</span>online<span style="font-size: 1px; color: white;">good</span>for a visual guide<span style="font-size: 1px; color: white;">stages</span>that<span style="font-size: 1px; color: white;">atp</span>shows<span style="font-size: 1px; color: white;">lysis</span>all 20 amino acids<span style="font-size: 1px; color: white;">bases</span>with<span style="font-size: 1px; color: white;">own</span>their<span style="font-size: 1px; color: white;">dfirst</span>single-letter codes.</li> <li style="margin-bottom: 20px;">Identify<span style="font-size: 1px; color: white;">enol</span>the<span style="font-size: 1px; color: white;">manner</span>amino-terminal<span style="font-size: 1px; color: white;">acetic</span>end, represented<span style="font-size: 1px; color: white;">come</span>as <span style="padding: 2px; color: #0000cc; background-color: #66ff66;">NH<sub>3</sub><sup>+</sup></span> and<span style="font-size: 1px; color: white;">kinase</span>highlighted<span style="font-size: 1px; color: white;">solo</span>in bright<span style="font-size: 1px; color: white;">who</span>green. Distinguish<span style="font-size: 1px; color: white;">choice</span>between<span style="font-size: 1px; color: white;">folate</span>the general<span style="font-size: 1px; color: white;">gpcrzz</span>nitrogens in<span style="font-size: 1px; color: white;">minor</span>amino<span style="font-size: 1px; color: white;">are</span>acid<span style="font-size: 1px; color: white;">ligase</span>backbones (denoted<span style="font-size: 1px; color: white;">all</span>as <span style="color:#0000cc">NH</span>) and<span style="font-size: 1px; color: white;">urine</span>the<span style="font-size: 1px; color: white;">could</span>nitrogen<span style="font-size: 1px; color: white;">link</span>in<span style="font-size: 1px; color: white;">idose</span>amino acid<span style="font-size: 1px; color: white;">count</span>side<span style="font-size: 1px; color: white;">uag</span>chains.</li> <li style="margin-bottom: 20px;">The<span style="font-size: 1px; color: white;">ribose</span>one (1) peptide<span style="font-size: 1px; color: white;">pvalue</span>bonds<span style="font-size: 1px; color: white;">packed</span>connecting<span style="font-size: 1px; color: white;">bread</span>the<span style="font-size: 1px; color: white;">exy</span>two (2) amino acids are highlighted in <span style="background-color: #00FF00; padding: 2px;">bright<span style="font-size: 1px; color: white;">sos</span>green</span>, making<span style="font-size: 1px; color: white;">help</span>it<span style="font-size: 1px; color: white;">more</span>easier to<span style="font-size: 1px; color: white;">stems</span>distinguish the two (2) amino<span style="font-size: 1px; color: white;">herbal</span>acids.</li> <li style="margin-bottom: 20px;">Examine<span style="font-size: 1px; color: white;">redox</span>the side<span style="font-size: 1px; color: white;">caused</span>chain for<span style="font-size: 1px; color: white;">bowel</span>each of<span style="font-size: 1px; color: white;">grab</span>the two (2) amino acids to<span style="font-size: 1px; color: white;">skin</span>determine<span style="font-size: 1px; color: white;">george</span>their<span style="font-size: 1px; color: white;">bigger</span>single-letter<span style="font-size: 1px; color: white;">yeah</span>amino acid<span style="font-size: 1px; color: white;">nearby</span>code.</li> <li style="margin-bottom: 20px;">List<span style="font-size: 1px; color: white;">herbs</span>the<span style="font-size: 1px; color: white;">widely</span>single-letter<span style="font-size: 1px; color: white;">stat</span>amino acid<span style="font-size: 1px; color: white;">study</span>codes<span style="font-size: 1px; color: white;">sexual</span>in the amino<span style="font-size: 1px; color: white;">manner</span>to carboxyl (N→C) direction. This<span style="font-size: 1px; color: white;">copied</span>is<span style="font-size: 1px; color: white;">sky</span>the<span style="font-size: 1px; color: white;">cca</span>standard<span style="font-size: 1px; color: white;">via</span>method<span style="font-size: 1px; color: white;">lookup</span>for<span style="font-size: 1px; color: white;">kelvin</span>writing peptide<span style="font-size: 1px; color: white;">its</span>sequences.</li> </ol> <p>Select<span style="font-size: 1px; color: white;">ribose</span>the correct peptide<span style="font-size: 1px; color: white;">civic</span>sequence from<span style="font-size: 1px; color: white;">eion</span>the<span style="font-size: 1px; color: white;">was</span>options<span style="font-size: 1px; color: white;">remedy</span>below:</p> </div>
    </div>
    <choiceInteraction maxChoices="1" responseIdentifier="RESPONSE" shuffle="true">
      <simpleChoice fixed="true" identifier="answer_1">
        <p>
          <div id="drv_246e" oncopy="return false;" onpaste="return false;" oncut="return false;" oncontextmenu="return false;" onmousedown="return false;" onselectstart="return false;">PN<span style="font-size: 1px; color: white;">wool</span></div>
        </p>
      </simpleChoice>
      <simpleChoice fixed="true" identifier="answer_2">
        <p>
          <div id="drv_86da" oncopy="return false;" onpaste="return false;" oncut="return false;" oncontextmenu="return false;" onmousedown="return false;" onselectstart="return false;">HV<span style="font-size: 1px; color: white;">exist</span></div>
        </p>
      </simpleChoice>
      <simpleChoice fixed="true" identifier="answer_3">
        <p>
          <div id="drv_50f0" oncopy="return false;" onpaste="return false;" oncut="return false;" oncontextmenu="return false;" onmousedown="return false;" onselectstart="return false;">HY </div>
        </p>
      </simpleChoice>
      <simpleChoice fixed="true" identifier="answer_4">
        <p>
          <div id="drv_e383" oncopy="return false;" onpaste="return false;" oncut="return false;" oncontextmenu="return false;" onmousedown="return false;" onselectstart="return false;">EK<span style="font-size: 1px; color: white;">six</span></div>
        </p>
      </simpleChoice>
    </choiceInteraction>
  </itemBody>
  <responseProcessing>
    <responseCondition>
      <responseIf>
        <match>
          <variable identifier="RESPONSE"/>
          <correct identifier="RESPONSE"/>
        </match>
      </responseIf>
    </responseCondition>
  </responseProcessing>
</assessmentItem>
