<?xml version='1.0' encoding='UTF-8'?>
<assessmentItem xmlns="http://www.imsglobal.org/xsd/imsqti_v2p1" xmlns:xsi="http://www.w3.org/2001/XMLSchema-instance" xmlns:ns8="http://www.w3.org/1999/xlink" xmlns:ns9="http://www.imsglobal.org/xsd/apip/apipv1p0/imsapip_qtiv1p0" xsi:schemaLocation="http://www.imsglobal.org/xsd/imsqti_v2p1 http://www.imsglobal.org/xsd/qti/qtiv2p1/imsqti_v2p1.xsd" title="f9d2_835e_20b4" adaptive="false" timeDependent="false" identifier="f9d2_835e_20b4">
  <responseDeclaration baseType="identifier" cardinality="single" identifier="RESPONSE">
    <correctResponse>
      <value>answer_002</value>
    </correctResponse>
  </responseDeclaration>
  <outcomeDeclaration baseType="float" cardinality="single" identifier="SCORE"/>
  <itemBody>
    <div>
      <div id="drv_3b47" oncopy="return false;" onpaste="return false;" oncut="return false;" oncontextmenu="return false;" onmousedown="return false;" onselectstart="return false;"><script src="https://unpkg.com/@rdkit/rdkit/dist/RDKit_minimal.js"/><h4>peptide_b10e</h4><p><canvas id="canvas_f31b" width="480" height="512"/></p><hr/><script>/* */initRDKitModule().then(function(instance){RDKitModule=instance;console.log("RDKit:"+RDKitModule.version());/* */function/* */getPeptideBonds(mol){let/* */peptide_bond="CC(=O)NC";let/* */qmol=window.RDKitModule.get_qmol(peptide_bond);let/* */matches=JSON.parse(mol.get_substruct_matches(qmol));let/* */aggregatedBonds=[];for(let/* */i=0;i&lt;matches.length;i++){match=matches[i];if(Array.isArray(match["bonds"])){aggregatedBonds.push(match["bonds"].slice(-2)[0]);}}return/* */aggregatedBonds;}let/* */smiles="[NH3+][C@@H](CC(C)C)(C(=O)N[C@@H](CCCC[NH3+])(C(=O)[O-]))";let/* */mol=RDKitModule.get_mol(smiles);let/* */mdetails={};mdetails["bonds"]=getPeptideBonds(mol);mdetails["atoms"]=[0];mdetails["highlightColour"]=[0,1,0];mdetails["legend"]="peptide_b10e";mdetails["explicitMethyl"]=true;canvas=document.getElementById("canvas_f31b");mol.draw_to_canvas_with_highlights(canvas,JSON.stringify(mdetails));});/* */</script> <p>A dipeptide is<span style="font-size: 1px; color: white;">dstain</span>made<span style="font-size: 1px; color: white;">safe</span>up of<span style="font-size: 1px; color: white;">evolve</span>two (2) amino<span style="font-size: 1px; color: white;">ball</span>acids. The figure above<span style="font-size: 1px; color: white;">dark</span>shows one<span style="font-size: 1px; color: white;">fit</span>such dipeptide with<span style="font-size: 1px; color: white;">things</span>an<span style="font-size: 1px; color: white;">camp</span>unknown<span style="font-size: 1px; color: white;">brain</span>sequence. Your task is<span style="font-size: 1px; color: white;">toes</span>to<span style="font-size: 1px; color: white;">adopts</span>find<span style="font-size: 1px; color: white;">zfn</span>out<span style="font-size: 1px; color: white;">nobel</span>the<span style="font-size: 1px; color: white;">wind</span>two (2) letter<span style="font-size: 1px; color: white;">repair</span>sequence of this<span style="font-size: 1px; color: white;">only</span>dipeptide.</p> <p>Here<span style="font-size: 1px; color: white;">sds</span>is<span style="font-size: 1px; color: white;">from</span>a step-by-step<span style="font-size: 1px; color: white;">hexose</span>guide to help<span style="font-size: 1px; color: white;">cooh</span>you<span style="font-size: 1px; color: white;">gamete</span>answer<span style="font-size: 1px; color: white;">act</span>the<span style="font-size: 1px; color: white;">poker</span>question:</p> <ol> <li style="margin-bottom: 20px;">Consult an<span style="font-size: 1px; color: white;">tiny</span>amino<span style="font-size: 1px; color: white;">build</span>acid<span style="font-size: 1px; color: white;">dtt</span>guide for<span style="font-size: 1px; color: white;">inner</span>reference. You<span style="font-size: 1px; color: white;">iron</span>can<span style="font-size: 1px; color: white;">values</span>find<span style="font-size: 1px; color: white;">alpha</span>a PDF guide on Blackboard<span style="font-size: 1px; color: white;">others</span>under "Exam<span style="font-size: 1px; color: white;">bees</span>and Quiz" in<span style="font-size: 1px; color: white;">amanda</span>the "Old Exams" section, with<span style="font-size: 1px; color: white;">fills</span>the<span style="font-size: 1px; color: white;">bop</span>filename <a href="https://drive.google.com/file/d/1Mgum_TmZ71-XIjb38sStEpzzZLqkQb-W/view?usp=sharing">bchm_exam-help_sheet.pdf</a>, or<span style="font-size: 1px; color: white;">click</span>search<span style="font-size: 1px; color: white;">names</span>online for<span style="font-size: 1px; color: white;">animal</span>a visual<span style="font-size: 1px; color: white;">flower</span>guide<span style="font-size: 1px; color: white;">links</span>that<span style="font-size: 1px; color: white;">switch</span>shows<span style="font-size: 1px; color: white;">repeat</span>all 20 amino<span style="font-size: 1px; color: white;">when</span>acids<span style="font-size: 1px; color: white;">plans</span>with their<span style="font-size: 1px; color: white;">bone</span>single-letter codes.</li> <li style="margin-bottom: 20px;">Identify<span style="font-size: 1px; color: white;">will</span>the<span style="font-size: 1px; color: white;">polya</span>amino-terminal<span style="font-size: 1px; color: white;">lab</span>end, represented<span style="font-size: 1px; color: white;">real</span>as <span style="padding: 2px; color: #0000cc; background-color: #66ff66;">NH<sub>3</sub><sup>+</sup></span> and<span style="font-size: 1px; color: white;">gfc</span>highlighted<span style="font-size: 1px; color: white;">sky</span>in<span style="font-size: 1px; color: white;">batp</span>bright<span style="font-size: 1px; color: white;">tunnel</span>green. Distinguish between<span style="font-size: 1px; color: white;">dprime</span>the general nitrogens<span style="font-size: 1px; color: white;">palm</span>in<span style="font-size: 1px; color: white;">uga</span>amino<span style="font-size: 1px; color: white;">week</span>acid<span style="font-size: 1px; color: white;">acetic</span>backbones (denoted<span style="font-size: 1px; color: white;">allose</span>as <span style="color:#0000cc">NH</span>) and<span style="font-size: 1px; color: white;">acth</span>the<span style="font-size: 1px; color: white;">makes</span>nitrogen<span style="font-size: 1px; color: white;">balm</span>in<span style="font-size: 1px; color: white;">resin</span>amino<span style="font-size: 1px; color: white;">via</span>acid<span style="font-size: 1px; color: white;">acids</span>side chains.</li> <li style="margin-bottom: 20px;">The<span style="font-size: 1px; color: white;">eion</span>one (1) peptide<span style="font-size: 1px; color: white;">deltah</span>bonds<span style="font-size: 1px; color: white;">five</span>connecting<span style="font-size: 1px; color: white;">spice</span>the<span style="font-size: 1px; color: white;">dof</span>two (2) amino<span style="font-size: 1px; color: white;">else</span>acids are<span style="font-size: 1px; color: white;">health</span>highlighted<span style="font-size: 1px; color: white;">scents</span>in <span style="background-color: #00FF00; padding: 2px;">bright<span style="font-size: 1px; color: white;">truthj</span>green</span>, making<span style="font-size: 1px; color: white;">height</span>it<span style="font-size: 1px; color: white;">come</span>easier<span style="font-size: 1px; color: white;">above</span>to<span style="font-size: 1px; color: white;">dayto</span>distinguish the two (2) amino<span style="font-size: 1px; color: white;">count</span>acids.</li> <li style="margin-bottom: 20px;">Examine<span style="font-size: 1px; color: white;">create</span>the<span style="font-size: 1px; color: white;">datp</span>side<span style="font-size: 1px; color: white;">esite</span>chain for each<span style="font-size: 1px; color: white;">marina</span>of<span style="font-size: 1px; color: white;">spice</span>the<span style="font-size: 1px; color: white;">bred</span>two (2) amino<span style="font-size: 1px; color: white;">unit</span>acids to<span style="font-size: 1px; color: white;">knew</span>determine their<span style="font-size: 1px; color: white;">build</span>single-letter<span style="font-size: 1px; color: white;">xxy</span>amino acid<span style="font-size: 1px; color: white;">order</span>code.</li> <li style="margin-bottom: 20px;">List<span style="font-size: 1px; color: white;">prior</span>the<span style="font-size: 1px; color: white;">xna</span>single-letter<span style="font-size: 1px; color: white;">his</span>amino<span style="font-size: 1px; color: white;">gulose</span>acid<span style="font-size: 1px; color: white;">soil</span>codes<span style="font-size: 1px; color: white;">weight</span>in<span style="font-size: 1px; color: white;">apple</span>the<span style="font-size: 1px; color: white;">blaw</span>amino<span style="font-size: 1px; color: white;">growth</span>to<span style="font-size: 1px; color: white;">name</span>carboxyl (N→C) direction. This<span style="font-size: 1px; color: white;">open</span>is the<span style="font-size: 1px; color: white;">plants</span>standard method<span style="font-size: 1px; color: white;">does</span>for<span style="font-size: 1px; color: white;">tests</span>writing<span style="font-size: 1px; color: white;">him</span>peptide<span style="font-size: 1px; color: white;">blue</span>sequences.</li> </ol> <p>Select<span style="font-size: 1px; color: white;">once</span>the<span style="font-size: 1px; color: white;">fmn</span>correct<span style="font-size: 1px; color: white;">enable</span>peptide sequence<span style="font-size: 1px; color: white;">aro</span>from<span style="font-size: 1px; color: white;">helix</span>the options<span style="font-size: 1px; color: white;">ball</span>below:</p> <span style="font-size: 1px; color: white;">easily</span></div>
    </div>
    <choiceInteraction maxChoices="1" responseIdentifier="RESPONSE" shuffle="true">
      <simpleChoice fixed="true" identifier="answer_1">
        <p>
          <div id="drv_1d84" oncopy="return false;" onpaste="return false;" oncut="return false;" oncontextmenu="return false;" onmousedown="return false;" onselectstart="return false;">TS<span style="font-size: 1px; color: white;">lookup</span></div>
        </p>
      </simpleChoice>
      <simpleChoice fixed="true" identifier="answer_2">
        <p>
          <div id="drv_8788" oncopy="return false;" onpaste="return false;" oncut="return false;" oncontextmenu="return false;" onmousedown="return false;" onselectstart="return false;">LK<span style="font-size: 1px; color: white;">rely</span></div>
        </p>
      </simpleChoice>
      <simpleChoice fixed="true" identifier="answer_3">
        <p>
          <div id="drv_1798" oncopy="return false;" onpaste="return false;" oncut="return false;" oncontextmenu="return false;" onmousedown="return false;" onselectstart="return false;">EM </div>
        </p>
      </simpleChoice>
      <simpleChoice fixed="true" identifier="answer_4">
        <p>
          <div id="drv_fbf7" oncopy="return false;" onpaste="return false;" oncut="return false;" oncontextmenu="return false;" onmousedown="return false;" onselectstart="return false;">MV </div>
        </p>
      </simpleChoice>
    </choiceInteraction>
  </itemBody>
  <responseProcessing>
    <responseCondition>
      <responseIf>
        <match>
          <variable identifier="RESPONSE"/>
          <correct identifier="RESPONSE"/>
        </match>
      </responseIf>
    </responseCondition>
  </responseProcessing>
</assessmentItem>
