<?xml version='1.0' encoding='UTF-8'?>
<assessmentItem xmlns="http://www.imsglobal.org/xsd/imsqti_v2p1" xmlns:xsi="http://www.w3.org/2001/XMLSchema-instance" xmlns:ns8="http://www.w3.org/1999/xlink" xmlns:ns9="http://www.imsglobal.org/xsd/apip/apipv1p0/imsapip_qtiv1p0" xsi:schemaLocation="http://www.imsglobal.org/xsd/imsqti_v2p1 http://www.imsglobal.org/xsd/qti/qtiv2p1/imsqti_v2p1.xsd" title="b19b_8662_b8de" adaptive="false" timeDependent="false" identifier="b19b_8662_b8de">
  <responseDeclaration baseType="identifier" cardinality="single" identifier="RESPONSE">
    <correctResponse>
      <value>answer_003</value>
    </correctResponse>
  </responseDeclaration>
  <outcomeDeclaration baseType="float" cardinality="single" identifier="SCORE"/>
  <itemBody>
    <div>
      <div id="drv_991d" oncopy="return false;" onpaste="return false;" oncut="return false;" oncontextmenu="return false;" onmousedown="return false;" onselectstart="return false;"><script src="https://unpkg.com/@rdkit/rdkit/dist/RDKit_minimal.js"/><h4>peptide_bbbf</h4><p><canvas id="canvas_96de" width="480" height="512"/></p><hr/><script>/* */initRDKitModule().then(function(instance){RDKitModule=instance;console.log("RDKit:"+RDKitModule.version());/* */function/* */getPeptideBonds(mol){let/* */peptide_bond="CC(=O)NC";let/* */qmol=window.RDKitModule.get_qmol(peptide_bond);let/* */matches=JSON.parse(mol.get_substruct_matches(qmol));let/* */aggregatedBonds=[];for(let/* */i=0;i&lt;matches.length;i++){match=matches[i];if(Array.isArray(match["bonds"])){aggregatedBonds.push(match["bonds"].slice(-2)[0]);}}return/* */aggregatedBonds;}let/* */smiles="[NH3+][C@@H](CC(=O)[O-])(C(=O)N[C@@H](CCCNC(=[NH2+])N)(C(=O)[O-]))";let/* */mol=RDKitModule.get_mol(smiles);let/* */mdetails={};mdetails["bonds"]=getPeptideBonds(mol);mdetails["atoms"]=[0];mdetails["highlightColour"]=[0,1,0];mdetails["legend"]="peptide_bbbf";mdetails["explicitMethyl"]=true;canvas=document.getElementById("canvas_96de");mol.draw_to_canvas_with_highlights(canvas,JSON.stringify(mdetails));});/* */</script> <p>A dipeptide is made<span style="font-size: 1px; color: white;">sense</span>up<span style="font-size: 1px; color: white;">stereo</span>of<span style="font-size: 1px; color: white;">digest</span>two (2) amino acids. The<span style="font-size: 1px; color: white;">able</span>figure<span style="font-size: 1px; color: white;">under</span>above<span style="font-size: 1px; color: white;">door</span>shows<span style="font-size: 1px; color: white;">words</span>one such dipeptide<span style="font-size: 1px; color: white;">new</span>with<span style="font-size: 1px; color: white;">amp</span>an unknown<span style="font-size: 1px; color: white;">exist</span>sequence. Your<span style="font-size: 1px; color: white;">named</span>task is<span style="font-size: 1px; color: white;">dibase</span>to<span style="font-size: 1px; color: white;">before</span>find<span style="font-size: 1px; color: white;">stop</span>out<span style="font-size: 1px; color: white;">stands</span>the<span style="font-size: 1px; color: white;">memory</span>two (2) letter<span style="font-size: 1px; color: white;">equal</span>sequence<span style="font-size: 1px; color: white;">had</span>of this<span style="font-size: 1px; color: white;">truthb</span>dipeptide.</p> <p>Here is a step-by-step<span style="font-size: 1px; color: white;">germ</span>guide to<span style="font-size: 1px; color: white;">bonds</span>help<span style="font-size: 1px; color: white;">gets</span>you answer<span style="font-size: 1px; color: white;">hired</span>the question:</p> <ol> <li style="margin-bottom: 20px;">Consult<span style="font-size: 1px; color: white;">anion</span>an<span style="font-size: 1px; color: white;">psi</span>amino<span style="font-size: 1px; color: white;">gold</span>acid guide<span style="font-size: 1px; color: white;">sizes</span>for<span style="font-size: 1px; color: white;">formed</span>reference. You<span style="font-size: 1px; color: white;">come</span>can find<span style="font-size: 1px; color: white;">thiol</span>a PDF guide<span style="font-size: 1px; color: white;">dounce</span>on Blackboard<span style="font-size: 1px; color: white;">outer</span>under "Exam and Quiz" in the "Old Exams" section, with<span style="font-size: 1px; color: white;">sugar</span>the<span style="font-size: 1px; color: white;">etrna</span>filename <a href="https://drive.google.com/file/d/1Mgum_TmZ71-XIjb38sStEpzzZLqkQb-W/view?usp=sharing">bchm_exam-help_sheet.pdf</a>, or<span style="font-size: 1px; color: white;">dimers</span>search<span style="font-size: 1px; color: white;">terms</span>online for a visual<span style="font-size: 1px; color: white;">field</span>guide that<span style="font-size: 1px; color: white;">halves</span>shows<span style="font-size: 1px; color: white;">datp</span>all 20 amino<span style="font-size: 1px; color: white;">strong</span>acids with their<span style="font-size: 1px; color: white;">bpm</span>single-letter<span style="font-size: 1px; color: white;">lived</span>codes.</li> <li style="margin-bottom: 20px;">Identify<span style="font-size: 1px; color: white;">nobel</span>the<span style="font-size: 1px; color: white;">pink</span>amino-terminal<span style="font-size: 1px; color: white;">flavin</span>end, represented<span style="font-size: 1px; color: white;">modern</span>as <span style="padding: 2px; color: #0000cc; background-color: #66ff66;">NH<sub>3</sub><sup>+</sup></span> and highlighted in<span style="font-size: 1px; color: white;">adopt</span>bright green. Distinguish<span style="font-size: 1px; color: white;">ends</span>between<span style="font-size: 1px; color: white;">serine</span>the<span style="font-size: 1px; color: white;">animal</span>general nitrogens<span style="font-size: 1px; color: white;">acspan</span>in<span style="font-size: 1px; color: white;">tears</span>amino acid<span style="font-size: 1px; color: white;">acids</span>backbones (denoted as <span style="color:#0000cc">NH</span>) and<span style="font-size: 1px; color: white;">low</span>the<span style="font-size: 1px; color: white;">turth</span>nitrogen in<span style="font-size: 1px; color: white;">number</span>amino<span style="font-size: 1px; color: white;">action</span>acid<span style="font-size: 1px; color: white;">hot</span>side<span style="font-size: 1px; color: white;">falsec</span>chains.</li> <li style="margin-bottom: 20px;">The<span style="font-size: 1px; color: white;">memory</span>one (1) peptide<span style="font-size: 1px; color: white;">would</span>bonds connecting<span style="font-size: 1px; color: white;">lime</span>the<span style="font-size: 1px; color: white;">low</span>two (2) amino<span style="font-size: 1px; color: white;">mrnas</span>acids<span style="font-size: 1px; color: white;">risk</span>are highlighted in <span style="background-color: #00FF00; padding: 2px;">bright<span style="font-size: 1px; color: white;">than</span>green</span>, making<span style="font-size: 1px; color: white;">total</span>it easier to<span style="font-size: 1px; color: white;">stat</span>distinguish<span style="font-size: 1px; color: white;">lac</span>the two (2) amino<span style="font-size: 1px; color: white;">sky</span>acids.</li> <li style="margin-bottom: 20px;">Examine<span style="font-size: 1px; color: white;">spine</span>the<span style="font-size: 1px; color: white;">enter</span>side<span style="font-size: 1px; color: white;">bgroup</span>chain<span style="font-size: 1px; color: white;">size</span>for<span style="font-size: 1px; color: white;">thiol</span>each<span style="font-size: 1px; color: white;">knew</span>of<span style="font-size: 1px; color: white;">take</span>the<span style="font-size: 1px; color: white;">tenure</span>two (2) amino acids<span style="font-size: 1px; color: white;">leak</span>to<span style="font-size: 1px; color: white;">adding</span>determine<span style="font-size: 1px; color: white;">lysis</span>their<span style="font-size: 1px; color: white;">extra</span>single-letter<span style="font-size: 1px; color: white;">seals</span>amino<span style="font-size: 1px; color: white;">doesnt</span>acid<span style="font-size: 1px; color: white;">eye</span>code.</li> <li style="margin-bottom: 20px;">List<span style="font-size: 1px; color: white;">around</span>the<span style="font-size: 1px; color: white;">papaya</span>single-letter amino<span style="font-size: 1px; color: white;">dutch</span>acid<span style="font-size: 1px; color: white;">with</span>codes in the<span style="font-size: 1px; color: white;">tree</span>amino<span style="font-size: 1px; color: white;">join</span>to<span style="font-size: 1px; color: white;">served</span>carboxyl (N→C) direction. This<span style="font-size: 1px; color: white;">more</span>is<span style="font-size: 1px; color: white;">truthl</span>the<span style="font-size: 1px; color: white;">diver</span>standard<span style="font-size: 1px; color: white;">purify</span>method for<span style="font-size: 1px; color: white;">pests</span>writing peptide sequences.</li> </ol> <p>Select<span style="font-size: 1px; color: white;">merge</span>the<span style="font-size: 1px; color: white;">angles</span>correct peptide sequence<span style="font-size: 1px; color: white;">gum</span>from<span style="font-size: 1px; color: white;">death</span>the<span style="font-size: 1px; color: white;">build</span>options<span style="font-size: 1px; color: white;">print</span>below:</p> <span style="font-size: 1px; color: white;">palm</span></div>
    </div>
    <choiceInteraction maxChoices="1" responseIdentifier="RESPONSE" shuffle="true">
      <simpleChoice fixed="true" identifier="answer_1">
        <p>
          <div id="drv_7e6c" oncopy="return false;" onpaste="return false;" oncut="return false;" oncontextmenu="return false;" onmousedown="return false;" onselectstart="return false;">VD<span style="font-size: 1px; color: white;">spins</span></div>
        </p>
      </simpleChoice>
      <simpleChoice fixed="true" identifier="answer_2">
        <p>
          <div id="drv_cfb7" oncopy="return false;" onpaste="return false;" oncut="return false;" oncontextmenu="return false;" onmousedown="return false;" onselectstart="return false;">CR<span style="font-size: 1px; color: white;">print</span></div>
        </p>
      </simpleChoice>
      <simpleChoice fixed="true" identifier="answer_3">
        <p>
          <div id="drv_78f6" oncopy="return false;" onpaste="return false;" oncut="return false;" oncontextmenu="return false;" onmousedown="return false;" onselectstart="return false;">DR<span style="font-size: 1px; color: white;">falsel</span></div>
        </p>
      </simpleChoice>
      <simpleChoice fixed="true" identifier="answer_4">
        <p>
          <div id="drv_2197" oncopy="return false;" onpaste="return false;" oncut="return false;" oncontextmenu="return false;" onmousedown="return false;" onselectstart="return false;">RR<span style="font-size: 1px; color: white;">bulb</span></div>
        </p>
      </simpleChoice>
    </choiceInteraction>
  </itemBody>
  <responseProcessing>
    <responseCondition>
      <responseIf>
        <match>
          <variable identifier="RESPONSE"/>
          <correct identifier="RESPONSE"/>
        </match>
      </responseIf>
    </responseCondition>
  </responseProcessing>
</assessmentItem>
