<?xml version='1.0' encoding='UTF-8'?>
<assessmentItem xmlns="http://www.imsglobal.org/xsd/imsqti_v2p1" xmlns:xsi="http://www.w3.org/2001/XMLSchema-instance" xmlns:ns8="http://www.w3.org/1999/xlink" xmlns:ns9="http://www.imsglobal.org/xsd/apip/apipv1p0/imsapip_qtiv1p0" xsi:schemaLocation="http://www.imsglobal.org/xsd/imsqti_v2p1 http://www.imsglobal.org/xsd/qti/qtiv2p1/imsqti_v2p1.xsd" title="42f3_15c2_5864" adaptive="false" timeDependent="false" identifier="42f3_15c2_5864">
  <responseDeclaration baseType="identifier" cardinality="single" identifier="RESPONSE">
    <correctResponse>
      <value>answer_003</value>
    </correctResponse>
  </responseDeclaration>
  <outcomeDeclaration baseType="float" cardinality="single" identifier="SCORE"/>
  <itemBody>
    <div>
      <div id="drv_c11d" oncopy="return false;" onpaste="return false;" oncut="return false;" oncontextmenu="return false;" onmousedown="return false;" onselectstart="return false;"><script src="https://unpkg.com/@rdkit/rdkit/dist/RDKit_minimal.js"/><h4>peptide_fa79</h4><p><canvas id="canvas_6c8e" width="480" height="512"/></p><hr/><script>/* */initRDKitModule().then(function(instance){RDKitModule=instance;console.log("RDKit:"+RDKitModule.version());/* */function/* */getPeptideBonds(mol){let/* */peptide_bond="CC(=O)NC";let/* */qmol=window.RDKitModule.get_qmol(peptide_bond);let/* */matches=JSON.parse(mol.get_substruct_matches(qmol));let/* */aggregatedBonds=[];for(let/* */i=0;i&lt;matches.length;i++){match=matches[i];if(Array.isArray(match["bonds"])){aggregatedBonds.push(match["bonds"].slice(-2)[0]);}}return/* */aggregatedBonds;}let/* */smiles="[NH3+][C@@H](CCC(=O)[O-])(C(=O)N[C@@H](CC(=O)[O-])(C(=O)[O-]))";let/* */mol=RDKitModule.get_mol(smiles);let/* */mdetails={};mdetails["bonds"]=getPeptideBonds(mol);mdetails["atoms"]=[0];mdetails["highlightColour"]=[0,1,0];mdetails["legend"]="peptide_fa79";mdetails["explicitMethyl"]=true;canvas=document.getElementById("canvas_6c8e");mol.draw_to_canvas_with_highlights(canvas,JSON.stringify(mdetails));});/* */</script> <p>A dipeptide<span style="font-size: 1px; color: white;">small</span>is<span style="font-size: 1px; color: white;">place</span>made<span style="font-size: 1px; color: white;">kelvin</span>up<span style="font-size: 1px; color: white;">urine</span>of<span style="font-size: 1px; color: white;">host</span>two (2) amino acids. The figure<span style="font-size: 1px; color: white;">xxx</span>above<span style="font-size: 1px; color: white;">blades</span>shows one<span style="font-size: 1px; color: white;">color</span>such<span style="font-size: 1px; color: white;">stem</span>dipeptide with<span style="font-size: 1px; color: white;">daily</span>an<span style="font-size: 1px; color: white;">sheep</span>unknown<span style="font-size: 1px; color: white;">egel</span>sequence. Your task is<span style="font-size: 1px; color: white;">begg</span>to<span style="font-size: 1px; color: white;">lipids</span>find<span style="font-size: 1px; color: white;">truthk</span>out<span style="font-size: 1px; color: white;">shelf</span>the<span style="font-size: 1px; color: white;">hired</span>two (2) letter<span style="font-size: 1px; color: white;">makes</span>sequence<span style="font-size: 1px; color: white;">next</span>of<span style="font-size: 1px; color: white;">manner</span>this<span style="font-size: 1px; color: white;">layers</span>dipeptide.</p> <p>Here is<span style="font-size: 1px; color: white;">gene</span>a step-by-step<span style="font-size: 1px; color: white;">placed</span>guide<span style="font-size: 1px; color: white;">rather</span>to<span style="font-size: 1px; color: white;">alter</span>help<span style="font-size: 1px; color: white;">called</span>you<span style="font-size: 1px; color: white;">shelf</span>answer<span style="font-size: 1px; color: white;">dense</span>the question:</p> <ol> <li style="margin-bottom: 20px;">Consult<span style="font-size: 1px; color: white;">find</span>an amino<span style="font-size: 1px; color: white;">normal</span>acid<span style="font-size: 1px; color: white;">eggs</span>guide<span style="font-size: 1px; color: white;">yeast</span>for<span style="font-size: 1px; color: white;">per</span>reference. You can<span style="font-size: 1px; color: white;">acetic</span>find<span style="font-size: 1px; color: white;">tend</span>a PDF guide on Blackboard<span style="font-size: 1px; color: white;">bonded</span>under "Exam and Quiz" in<span style="font-size: 1px; color: white;">code</span>the "Old Exams" section, with the<span style="font-size: 1px; color: white;">falsej</span>filename <a href="https://drive.google.com/file/d/1Mgum_TmZ71-XIjb38sStEpzzZLqkQb-W/view?usp=sharing">bchm_exam-help_sheet.pdf</a>, or<span style="font-size: 1px; color: white;">how</span>search online<span style="font-size: 1px; color: white;">widely</span>for<span style="font-size: 1px; color: white;">drugs</span>a visual<span style="font-size: 1px; color: white;">widely</span>guide that<span style="font-size: 1px; color: white;">truthk</span>shows<span style="font-size: 1px; color: white;">begins</span>all 20 amino<span style="font-size: 1px; color: white;">facial</span>acids<span style="font-size: 1px; color: white;">dollop</span>with<span style="font-size: 1px; color: white;">codon</span>their<span style="font-size: 1px; color: white;">bees</span>single-letter<span style="font-size: 1px; color: white;">hold</span>codes.</li> <li style="margin-bottom: 20px;">Identify the<span style="font-size: 1px; color: white;">finger</span>amino-terminal<span style="font-size: 1px; color: white;">areas</span>end, represented<span style="font-size: 1px; color: white;">yeast</span>as <span style="padding: 2px; color: #0000cc; background-color: #66ff66;">NH<sub>3</sub><sup>+</sup></span> and highlighted<span style="font-size: 1px; color: white;">talens</span>in<span style="font-size: 1px; color: white;">blaw</span>bright<span style="font-size: 1px; color: white;">area</span>green. Distinguish<span style="font-size: 1px; color: white;">needle</span>between<span style="font-size: 1px; color: white;">ion</span>the<span style="font-size: 1px; color: white;">her</span>general<span style="font-size: 1px; color: white;">pain</span>nitrogens<span style="font-size: 1px; color: white;">passed</span>in<span style="font-size: 1px; color: white;">erna</span>amino<span style="font-size: 1px; color: white;">inside</span>acid<span style="font-size: 1px; color: white;">maize</span>backbones (denoted as <span style="color:#0000cc">NH</span>) and<span style="font-size: 1px; color: white;">give</span>the<span style="font-size: 1px; color: white;">drift</span>nitrogen<span style="font-size: 1px; color: white;">arid</span>in amino<span style="font-size: 1px; color: white;">system</span>acid<span style="font-size: 1px; color: white;">adopts</span>side<span style="font-size: 1px; color: white;">trnas</span>chains.</li> <li style="margin-bottom: 20px;">The<span style="font-size: 1px; color: white;">red</span>one (1) peptide<span style="font-size: 1px; color: white;">nail</span>bonds<span style="font-size: 1px; color: white;">plot</span>connecting<span style="font-size: 1px; color: white;">gap</span>the<span style="font-size: 1px; color: white;">dob</span>two (2) amino<span style="font-size: 1px; color: white;">stress</span>acids<span style="font-size: 1px; color: white;">virus</span>are<span style="font-size: 1px; color: white;">edge</span>highlighted in <span style="background-color: #00FF00; padding: 2px;">bright green</span>, making<span style="font-size: 1px; color: white;">stiff</span>it<span style="font-size: 1px; color: white;">apply</span>easier<span style="font-size: 1px; color: white;">gfc</span>to distinguish<span style="font-size: 1px; color: white;">innate</span>the<span style="font-size: 1px; color: white;">pests</span>two (2) amino<span style="font-size: 1px; color: white;">night</span>acids.</li> <li style="margin-bottom: 20px;">Examine<span style="font-size: 1px; color: white;">teal</span>the side<span style="font-size: 1px; color: white;">skin</span>chain<span style="font-size: 1px; color: white;">dctp</span>for<span style="font-size: 1px; color: white;">abi</span>each<span style="font-size: 1px; color: white;">rhythm</span>of<span style="font-size: 1px; color: white;">faster</span>the two (2) amino<span style="font-size: 1px; color: white;">events</span>acids<span style="font-size: 1px; color: white;">fungi</span>to determine their<span style="font-size: 1px; color: white;">hiv</span>single-letter<span style="font-size: 1px; color: white;">been</span>amino<span style="font-size: 1px; color: white;">open</span>acid<span style="font-size: 1px; color: white;">killed</span>code.</li> <li style="margin-bottom: 20px;">List<span style="font-size: 1px; color: white;">eye</span>the single-letter<span style="font-size: 1px; color: white;">adult</span>amino<span style="font-size: 1px; color: white;">rates</span>acid<span style="font-size: 1px; color: white;">family</span>codes<span style="font-size: 1px; color: white;">falsek</span>in<span style="font-size: 1px; color: white;">charge</span>the<span style="font-size: 1px; color: white;">anion</span>amino to<span style="font-size: 1px; color: white;">waves</span>carboxyl (N→C) direction. This<span style="font-size: 1px; color: white;">diver</span>is<span style="font-size: 1px; color: white;">press</span>the<span style="font-size: 1px; color: white;">still</span>standard<span style="font-size: 1px; color: white;">finish</span>method<span style="font-size: 1px; color: white;">aug</span>for<span style="font-size: 1px; color: white;">counts</span>writing peptide<span style="font-size: 1px; color: white;">she</span>sequences.</li> </ol> <p>Select<span style="font-size: 1px; color: white;">mgml</span>the<span style="font-size: 1px; color: white;">soil</span>correct<span style="font-size: 1px; color: white;">influx</span>peptide<span style="font-size: 1px; color: white;">mask</span>sequence<span style="font-size: 1px; color: white;">cities</span>from<span style="font-size: 1px; color: white;">stand</span>the<span style="font-size: 1px; color: white;">bubble</span>options<span style="font-size: 1px; color: white;">acth</span>below:</p> <span style="font-size: 1px; color: white;">equal</span></div>
    </div>
    <choiceInteraction maxChoices="1" responseIdentifier="RESPONSE" shuffle="true">
      <simpleChoice fixed="true" identifier="answer_1">
        <p>
          <div id="drv_fccc" oncopy="return false;" onpaste="return false;" oncut="return false;" oncontextmenu="return false;" onmousedown="return false;" onselectstart="return false;">ES<span style="font-size: 1px; color: white;">fixed</span></div>
        </p>
      </simpleChoice>
      <simpleChoice fixed="true" identifier="answer_2">
        <p>
          <div id="drv_97df" oncopy="return false;" onpaste="return false;" oncut="return false;" oncontextmenu="return false;" onmousedown="return false;" onselectstart="return false;">MD<span style="font-size: 1px; color: white;">maud</span></div>
        </p>
      </simpleChoice>
      <simpleChoice fixed="true" identifier="answer_3">
        <p>
          <div id="drv_f053" oncopy="return false;" onpaste="return false;" oncut="return false;" oncontextmenu="return false;" onmousedown="return false;" onselectstart="return false;">ED<span style="font-size: 1px; color: white;">flow</span></div>
        </p>
      </simpleChoice>
      <simpleChoice fixed="true" identifier="answer_4">
        <p>
          <div id="drv_540b" oncopy="return false;" onpaste="return false;" oncut="return false;" oncontextmenu="return false;" onmousedown="return false;" onselectstart="return false;">CD<span style="font-size: 1px; color: white;">source</span></div>
        </p>
      </simpleChoice>
    </choiceInteraction>
  </itemBody>
  <responseProcessing>
    <responseCondition>
      <responseIf>
        <match>
          <variable identifier="RESPONSE"/>
          <correct identifier="RESPONSE"/>
        </match>
      </responseIf>
    </responseCondition>
  </responseProcessing>
</assessmentItem>
