<?xml version='1.0' encoding='UTF-8'?>
<assessmentItem xmlns="http://www.imsglobal.org/xsd/imsqti_v2p1" xmlns:xsi="http://www.w3.org/2001/XMLSchema-instance" xmlns:ns8="http://www.w3.org/1999/xlink" xmlns:ns9="http://www.imsglobal.org/xsd/apip/apipv1p0/imsapip_qtiv1p0" xsi:schemaLocation="http://www.imsglobal.org/xsd/imsqti_v2p1 http://www.imsglobal.org/xsd/qti/qtiv2p1/imsqti_v2p1.xsd" title="f61e_a3a1_05e5" adaptive="false" timeDependent="false" identifier="f61e_a3a1_05e5">
  <responseDeclaration baseType="identifier" cardinality="single" identifier="RESPONSE">
    <correctResponse>
      <value>answer_002</value>
    </correctResponse>
  </responseDeclaration>
  <outcomeDeclaration baseType="float" cardinality="single" identifier="SCORE"/>
  <itemBody>
    <div>
      <div id="drv_3b5e" oncopy="return false;" onpaste="return false;" oncut="return false;" oncontextmenu="return false;" onmousedown="return false;" onselectstart="return false;"><script src="https://unpkg.com/@rdkit/rdkit/dist/RDKit_minimal.js"/><h4>peptide_a4e7</h4><p><canvas id="canvas_4c3d" width="480" height="512"/></p><hr/><script>/* */initRDKitModule().then(function(instance){RDKitModule=instance;console.log("RDKit:"+RDKitModule.version());/* */function/* */getPeptideBonds(mol){let/* */peptide_bond="CC(=O)NC";let/* */qmol=window.RDKitModule.get_qmol(peptide_bond);let/* */matches=JSON.parse(mol.get_substruct_matches(qmol));let/* */aggregatedBonds=[];for(let/* */i=0;i&lt;matches.length;i++){match=matches[i];if(Array.isArray(match["bonds"])){aggregatedBonds.push(match["bonds"].slice(-2)[0]);}}return/* */aggregatedBonds;}let/* */smiles="[NH3+][C@@H](CCC(=O)N)(C(=O)N[C@@H](CCSC)(C(=O)[O-]))";let/* */mol=RDKitModule.get_mol(smiles);let/* */mdetails={};mdetails["bonds"]=getPeptideBonds(mol);mdetails["atoms"]=[0];mdetails["highlightColour"]=[0,1,0];mdetails["legend"]="peptide_a4e7";mdetails["explicitMethyl"]=true;canvas=document.getElementById("canvas_4c3d");mol.draw_to_canvas_with_highlights(canvas,JSON.stringify(mdetails));});/* */</script> <p>A dipeptide<span style="font-size: 1px; color: white;">higher</span>is made<span style="font-size: 1px; color: white;">bridge</span>up of<span style="font-size: 1px; color: white;">ddgtp</span>two (2) amino<span style="font-size: 1px; color: white;">pulled</span>acids. The figure<span style="font-size: 1px; color: white;">thrive</span>above<span style="font-size: 1px; color: white;">have</span>shows<span style="font-size: 1px; color: white;">retain</span>one such<span style="font-size: 1px; color: white;">along</span>dipeptide<span style="font-size: 1px; color: white;">butter</span>with<span style="font-size: 1px; color: white;">tumor</span>an<span style="font-size: 1px; color: white;">hydrid</span>unknown sequence. Your<span style="font-size: 1px; color: white;">dctp</span>task<span style="font-size: 1px; color: white;">check</span>is to find<span style="font-size: 1px; color: white;">humans</span>out<span style="font-size: 1px; color: white;">folded</span>the<span style="font-size: 1px; color: white;">psite</span>two (2) letter<span style="font-size: 1px; color: white;">hoover</span>sequence<span style="font-size: 1px; color: white;">chain</span>of<span style="font-size: 1px; color: white;">zfn</span>this dipeptide.</p> <p>Here is a step-by-step<span style="font-size: 1px; color: white;">mating</span>guide<span style="font-size: 1px; color: white;">unused</span>to<span style="font-size: 1px; color: white;">sunny</span>help<span style="font-size: 1px; color: white;">may</span>you<span style="font-size: 1px; color: white;">region</span>answer<span style="font-size: 1px; color: white;">plays</span>the<span style="font-size: 1px; color: white;">ice</span>question:</p> <ol> <li style="margin-bottom: 20px;">Consult an amino acid<span style="font-size: 1px; color: white;">tell</span>guide for reference. You<span style="font-size: 1px; color: white;">host</span>can<span style="font-size: 1px; color: white;">bcell</span>find<span style="font-size: 1px; color: white;">polya</span>a PDF guide<span style="font-size: 1px; color: white;">remedy</span>on Blackboard under "Exam<span style="font-size: 1px; color: white;">time</span>and Quiz" in<span style="font-size: 1px; color: white;">humans</span>the "Old Exams" section, with<span style="font-size: 1px; color: white;">ligate</span>the<span style="font-size: 1px; color: white;">gef</span>filename <a href="https://drive.google.com/file/d/1Mgum_TmZ71-XIjb38sStEpzzZLqkQb-W/view?usp=sharing">bchm_exam-help_sheet.pdf</a>, or<span style="font-size: 1px; color: white;">unlit</span>search online<span style="font-size: 1px; color: white;">stat</span>for<span style="font-size: 1px; color: white;">tiny</span>a visual<span style="font-size: 1px; color: white;">scalex</span>guide that<span style="font-size: 1px; color: white;">knew</span>shows<span style="font-size: 1px; color: white;">beetle</span>all 20 amino acids<span style="font-size: 1px; color: white;">leonor</span>with their<span style="font-size: 1px; color: white;">avp</span>single-letter codes.</li> <li style="margin-bottom: 20px;">Identify the<span style="font-size: 1px; color: white;">river</span>amino-terminal<span style="font-size: 1px; color: white;">click</span>end, represented as <span style="padding: 2px; color: #0000cc; background-color: #66ff66;">NH<sub>3</sub><sup>+</sup></span> and highlighted<span style="font-size: 1px; color: white;">locus</span>in bright<span style="font-size: 1px; color: white;">abi</span>green. Distinguish<span style="font-size: 1px; color: white;">waals</span>between<span style="font-size: 1px; color: white;">both</span>the<span style="font-size: 1px; color: white;">bites</span>general nitrogens<span style="font-size: 1px; color: white;">killed</span>in<span style="font-size: 1px; color: white;">bonded</span>amino<span style="font-size: 1px; color: white;">wider</span>acid<span style="font-size: 1px; color: white;">mix</span>backbones (denoted<span style="font-size: 1px; color: white;">closed</span>as <span style="color:#0000cc">NH</span>) and<span style="font-size: 1px; color: white;">thf</span>the<span style="font-size: 1px; color: white;">stain</span>nitrogen<span style="font-size: 1px; color: white;">large</span>in<span style="font-size: 1px; color: white;">aform</span>amino<span style="font-size: 1px; color: white;">probes</span>acid<span style="font-size: 1px; color: white;">gut</span>side<span style="font-size: 1px; color: white;">aged</span>chains.</li> <li style="margin-bottom: 20px;">The<span style="font-size: 1px; color: white;">common</span>one (1) peptide<span style="font-size: 1px; color: white;">basis</span>bonds connecting<span style="font-size: 1px; color: white;">four</span>the<span style="font-size: 1px; color: white;">color</span>two (2) amino<span style="font-size: 1px; color: white;">batp</span>acids<span style="font-size: 1px; color: white;">stop</span>are highlighted<span style="font-size: 1px; color: white;">brdu</span>in <span style="background-color: #00FF00; padding: 2px;">bright green</span>, making<span style="font-size: 1px; color: white;">keto</span>it<span style="font-size: 1px; color: white;">quite</span>easier<span style="font-size: 1px; color: white;">actin</span>to<span style="font-size: 1px; color: white;">faulty</span>distinguish<span style="font-size: 1px; color: white;">causes</span>the<span style="font-size: 1px; color: white;">actual</span>two (2) amino acids.</li> <li style="margin-bottom: 20px;">Examine the side chain<span style="font-size: 1px; color: white;">lungs</span>for each<span style="font-size: 1px; color: white;">side</span>of<span style="font-size: 1px; color: white;">duplex</span>the<span style="font-size: 1px; color: white;">atoms</span>two (2) amino<span style="font-size: 1px; color: white;">thing</span>acids<span style="font-size: 1px; color: white;">exy</span>to determine<span style="font-size: 1px; color: white;">kill</span>their<span style="font-size: 1px; color: white;">access</span>single-letter<span style="font-size: 1px; color: white;">red</span>amino<span style="font-size: 1px; color: white;">page</span>acid<span style="font-size: 1px; color: white;">limb</span>code.</li> <li style="margin-bottom: 20px;">List<span style="font-size: 1px; color: white;">solo</span>the<span style="font-size: 1px; color: white;">pod</span>single-letter<span style="font-size: 1px; color: white;">fused</span>amino<span style="font-size: 1px; color: white;">etest</span>acid<span style="font-size: 1px; color: white;">begins</span>codes<span style="font-size: 1px; color: white;">aged</span>in the<span style="font-size: 1px; color: white;">center</span>amino<span style="font-size: 1px; color: white;">expose</span>to carboxyl (N→C) direction. This<span style="font-size: 1px; color: white;">xmales</span>is<span style="font-size: 1px; color: white;">affect</span>the<span style="font-size: 1px; color: white;">risk</span>standard<span style="font-size: 1px; color: white;">truthh</span>method<span style="font-size: 1px; color: white;">treat</span>for<span style="font-size: 1px; color: white;">thing</span>writing<span style="font-size: 1px; color: white;">more</span>peptide<span style="font-size: 1px; color: white;">left</span>sequences.</li> </ol> <p>Select<span style="font-size: 1px; color: white;">energy</span>the correct peptide<span style="font-size: 1px; color: white;">crops</span>sequence<span style="font-size: 1px; color: white;">while</span>from<span style="font-size: 1px; color: white;">likely</span>the<span style="font-size: 1px; color: white;">fixed</span>options<span style="font-size: 1px; color: white;">gpcrs</span>below:</p> <span style="font-size: 1px; color: white;">green</span></div>
    </div>
    <choiceInteraction maxChoices="1" responseIdentifier="RESPONSE" shuffle="true">
      <simpleChoice fixed="true" identifier="answer_1">
        <p>
          <div id="drv_0647" oncopy="return false;" onpaste="return false;" oncut="return false;" oncontextmenu="return false;" onmousedown="return false;" onselectstart="return false;">FP </div>
        </p>
      </simpleChoice>
      <simpleChoice fixed="true" identifier="answer_2">
        <p>
          <div id="drv_d001" oncopy="return false;" onpaste="return false;" oncut="return false;" oncontextmenu="return false;" onmousedown="return false;" onselectstart="return false;">QM </div>
        </p>
      </simpleChoice>
      <simpleChoice fixed="true" identifier="answer_3">
        <p>
          <div id="drv_bb09" oncopy="return false;" onpaste="return false;" oncut="return false;" oncontextmenu="return false;" onmousedown="return false;" onselectstart="return false;">TM </div>
        </p>
      </simpleChoice>
      <simpleChoice fixed="true" identifier="answer_4">
        <p>
          <div id="drv_451a" oncopy="return false;" onpaste="return false;" oncut="return false;" oncontextmenu="return false;" onmousedown="return false;" onselectstart="return false;">QF<span style="font-size: 1px; color: white;">down</span></div>
        </p>
      </simpleChoice>
    </choiceInteraction>
  </itemBody>
  <responseProcessing>
    <responseCondition>
      <responseIf>
        <match>
          <variable identifier="RESPONSE"/>
          <correct identifier="RESPONSE"/>
        </match>
      </responseIf>
    </responseCondition>
  </responseProcessing>
</assessmentItem>
