<?xml version='1.0' encoding='UTF-8'?>
<assessmentItem xmlns="http://www.imsglobal.org/xsd/imsqti_v2p1" xmlns:xsi="http://www.w3.org/2001/XMLSchema-instance" xmlns:ns8="http://www.w3.org/1999/xlink" xmlns:ns9="http://www.imsglobal.org/xsd/apip/apipv1p0/imsapip_qtiv1p0" xsi:schemaLocation="http://www.imsglobal.org/xsd/imsqti_v2p1 http://www.imsglobal.org/xsd/qti/qtiv2p1/imsqti_v2p1.xsd" title="2a2b_f8c6_316c" adaptive="false" timeDependent="false" identifier="2a2b_f8c6_316c">
  <responseDeclaration baseType="identifier" cardinality="single" identifier="RESPONSE">
    <correctResponse>
      <value>answer_2</value>
    </correctResponse>
  </responseDeclaration>
  <outcomeDeclaration baseType="float" cardinality="single" identifier="SCORE"/>
  <itemBody>
    <div><p>773d</p> <p><strong>Arsenic acid</strong> and its conjugate base, arsenate, is extremely toxic, corrosive, and carcinogenic; it serves as a precursor to a variety of pesticides.</p> <p>Arsenic acid is triprotic with pK<sub>a</sub> values of <strong>2.19</strong>, <strong>6.94</strong>, and <strong>11.50</strong>.</p> <p>Arsenic acid has four possible protonation states in the choices below.</p> <p>Which one of the following protonation states is the most abundant at <strong>pH 5.5</strong>?</p></div>
    <choiceInteraction maxChoices="1" responseIdentifier="RESPONSE" shuffle="true">
      <simpleChoice fixed="true" identifier="answer_1">
        <p>A.  <span style="color: #00008B">H<sub>3</sub>AsO<sub>4</sub></span>  </p>
      </simpleChoice>
      <simpleChoice fixed="true" identifier="answer_2">
        <p>B.  <span style="color: #202060">H<sub>2</sub>AsO<sub>4</sub><sup>-</sup></span>  </p>
      </simpleChoice>
      <simpleChoice fixed="true" identifier="answer_3">
        <p>C.  <span style="color: #602020">HAsO<sub>4</sub><sup>2-</sup></span>  </p>
      </simpleChoice>
      <simpleChoice fixed="true" identifier="answer_4">
        <p>D.  <span style="color: #8B0000">AsO<sub>4</sub><sup>3-</sup></span>  </p>
      </simpleChoice>
    </choiceInteraction>
  </itemBody>
  <responseProcessing>
    <responseCondition>
      <responseIf>
        <match>
          <variable identifier="RESPONSE"/>
          <correct identifier="RESPONSE"/>
        </match>
      </responseIf>
    </responseCondition>
  </responseProcessing>
</assessmentItem>
