<?xml version='1.0' encoding='UTF-8'?>
<assessmentItem xmlns="http://www.imsglobal.org/xsd/imsqti_v2p1" xmlns:xsi="http://www.w3.org/2001/XMLSchema-instance" xmlns:ns8="http://www.w3.org/1999/xlink" xmlns:ns9="http://www.imsglobal.org/xsd/apip/apipv1p0/imsapip_qtiv1p0" xsi:schemaLocation="http://www.imsglobal.org/xsd/imsqti_v2p1 http://www.imsglobal.org/xsd/qti/qtiv2p1/imsqti_v2p1.xsd" title="6b22_2c31_4bb3" adaptive="false" timeDependent="false" identifier="6b22_2c31_4bb3">
  <responseDeclaration baseType="identifier" cardinality="single" identifier="RESPONSE">
    <correctResponse>
      <value>answer_4</value>
    </correctResponse>
  </responseDeclaration>
  <outcomeDeclaration baseType="float" cardinality="single" identifier="SCORE"/>
  <itemBody>
    <div><p>b409</p> <p><strong>Citric acid</strong> and its conjugate base, citrate, is an intermediate in the citric acid cycle.</p> <p>Citric acid is triprotic with pK<sub>a</sub> values of <strong>3.13</strong>, <strong>4.76</strong>, and <strong>6.39</strong>.</p> <p>Citric acid has four possible protonation states in the choices below.</p> <p>Which one of the following protonation states is the most abundant at <strong>pH 7.0</strong>?</p></div>
    <choiceInteraction maxChoices="1" responseIdentifier="RESPONSE" shuffle="true">
      <simpleChoice fixed="true" identifier="answer_1">
        <p>A.  <span style="color: #00008B">HOC<sub>3</sub>H<sub>4</sub>(COOH)<sub>3</sub></span>  </p>
      </simpleChoice>
      <simpleChoice fixed="true" identifier="answer_2">
        <p>B.  <span style="color: #202060">HOC<sub>3</sub>H<sub>4</sub>(COOH)<sub>2</sub>(COO)<sup>-</sup></span>  </p>
      </simpleChoice>
      <simpleChoice fixed="true" identifier="answer_3">
        <p>C.  <span style="color: #602020">HOC<sub>3</sub>H<sub>4</sub>(COOH)(COO)<sub>2</sub><sup>2-</sup></span>  </p>
      </simpleChoice>
      <simpleChoice fixed="true" identifier="answer_4">
        <p>D.  <span style="color: #8B0000">HOC<sub>3</sub>H<sub>4</sub>(COO)<sub>3</sub><sup>3-</sup></span>  </p>
      </simpleChoice>
    </choiceInteraction>
  </itemBody>
  <responseProcessing>
    <responseCondition>
      <responseIf>
        <match>
          <variable identifier="RESPONSE"/>
          <correct identifier="RESPONSE"/>
        </match>
      </responseIf>
    </responseCondition>
  </responseProcessing>
</assessmentItem>
