<?xml version='1.0' encoding='UTF-8'?>
<assessmentItem xmlns="http://www.imsglobal.org/xsd/imsqti_v2p1" xmlns:xsi="http://www.w3.org/2001/XMLSchema-instance" xmlns:ns8="http://www.w3.org/1999/xlink" xmlns:ns9="http://www.imsglobal.org/xsd/apip/apipv1p0/imsapip_qtiv1p0" xsi:schemaLocation="http://www.imsglobal.org/xsd/imsqti_v2p1 http://www.imsglobal.org/xsd/qti/qtiv2p1/imsqti_v2p1.xsd" title="d2ba_dbb5_7d57" adaptive="false" timeDependent="false" identifier="d2ba_dbb5_7d57">
  <responseDeclaration baseType="identifier" cardinality="single" identifier="RESPONSE">
    <correctResponse>
      <value>answer_002</value>
    </correctResponse>
  </responseDeclaration>

  <outcomeDeclaration baseType="float" cardinality="single" identifier="SCORE"/>

  <itemBody>
    <div>
      <p>
        <b>Calculate pK<sub>a</sub> for the weak acid.</b>
      </p>
      <p>The solution contains <span style="font-family: monospace;">462.0 mM</span> of <strong>butyric acid</strong> and <span style="font-family: monospace;">293.0 mM</span> of <strong>sodium butyrate</strong>.</p>
      <p>The measured pH of the solution is <span style="font-family: monospace;">4.62</span>.</p>
      <p>Henderson-Hasselbalch equation:</p>
      <p>
        <math xmlns="http://www.w3.org/1998/Math/MathML">
          <mi>pH</mi>
          <mo> </mo>
          <mo>=</mo>
          <mo> </mo>
          <msub>
            <mi>pK</mi>
            <mi>a</mi>
          </msub>
          <mo> </mo>
          <mo>+</mo>
          <mo> </mo>
          <msub>
            <mo>log</mo>
            <mn>10</mn>
          </msub>
          <mfenced>
            <mfrac>
              <mrow>
                <mo stretchy="true">[</mo>
                <mi>Base</mi>
                <mo stretchy="true">]</mo>
              </mrow>
              <mrow>
                <mo stretchy="true">[</mo>
                <mi>Acid</mi>
                <mo stretchy="true">]</mo>
              </mrow>
            </mfrac>
          </mfenced>
        </math>
      </p>
    </div>
    <choiceInteraction maxChoices="1" responseIdentifier="RESPONSE" shuffle="true">
      <simpleChoice fixed="true" identifier="answer_1">
        <p>
          <span style="font-family: monospace;">5.42</span>
        </p>
      </simpleChoice>
      <simpleChoice fixed="true" identifier="answer_2">
        <p>
          <span style="font-family: monospace;">4.82</span>
        </p>
      </simpleChoice>
      <simpleChoice fixed="true" identifier="answer_3">
        <p>
          <span style="font-family: monospace;">4.22</span>
        </p>
      </simpleChoice>
      <simpleChoice fixed="true" identifier="answer_4">
        <p>
          <span style="font-family: monospace;">4.62</span>
        </p>
      </simpleChoice>
    </choiceInteraction>
  </itemBody>

  <responseProcessing>
    <responseCondition>
      <responseIf>
        <match>
          <variable identifier="RESPONSE"/>
          <correct identifier="RESPONSE"/>
        </match>
      </responseIf>
    </responseCondition>
  </responseProcessing>
</assessmentItem>
