<?xml version='1.0' encoding='UTF-8'?>
<questestinterop xmlns="http://www.imsglobal.org/xsd/ims_qtiasiv1p2" xmlns:xsi="http://www.w3.org/2001/XMLSchema-instance" xsi:schemaLocation="http://www.imsglobal.org/xsd/ims_qtiasiv1p2 http://www.imsglobal.org/xsd/ims_qtiasiv1p2p1.xsd">
  <assessment ident="root_assessment" title="thermodynamics_system_laws">
    <section ident="root_section">
      <item ident="multiple_choice_001" title="c8ee_c50e">
        <itemmetadata>
          <qtimetadata>
            <qtimetadatafield>
              <fieldlabel>question_type</fieldlabel>
              <fieldentry>multiple_choice_question</fieldentry>
            </qtimetadatafield>
            <qtimetadatafield>
              <fieldlabel>points_possible</fieldlabel>
              <fieldentry>1.0</fieldentry>
            </qtimetadatafield>
            <qtimetadatafield>
              <fieldlabel>original_answer_ids</fieldlabel>
              <fieldentry>choice_001,choice_002,choice_003,choice_004,choice_005</fieldentry>
            </qtimetadatafield>
          </qtimetadata>
        </itemmetadata>

        <presentation>
          <material>
            <mattext texttype="text/html">According to the &lt;span style='color:#b32020;font-weight:700;'&gt;first law&lt;/span&gt; of thermodynamics, the &lt;span style='color:#b32020;font-weight:700;'&gt;total energy&lt;/span&gt; of a &lt;span style='color:#6b21a8;font-weight:700;'&gt;closed&lt;/span&gt; system is:</mattext>
          </material>
          <response_lid ident="response1" rcardinality="Single">
            <render_choice>
              <response_label ident="choice_001">
                <material>
                  <mattext texttype="text/html">always zero</mattext>
                </material>
              </response_label>
              <response_label ident="choice_002">
                <material>
                  <mattext texttype="text/html">always increasing</mattext>
                </material>
              </response_label>
              <response_label ident="choice_003">
                <material>
                  <mattext texttype="text/html">always decreasing</mattext>
                </material>
              </response_label>
              <response_label ident="choice_004">
                <material>
                  <mattext texttype="text/html">always constant (conserved)</mattext>
                </material>
              </response_label>
              <response_label ident="choice_005">
                <material>
                  <mattext texttype="text/html">cannot be determined without more information</mattext>
                </material>
              </response_label>
            </render_choice>
          </response_lid>
        </presentation>

        <resprocessing>
          <outcomes>
            <decvar maxvalue="100" minvalue="0" varname="SCORE" vartype="Decimal"/>
          </outcomes>
          <respcondition>
            <conditionvar>
              <varequal respident="response1">choice_005</varequal>
            </conditionvar>
            <setvar action="Set" varname="SCORE">100</setvar>
          </respcondition>
        </resprocessing>
      </item>

      <item ident="multiple_choice_002" title="81bc_c50e">
        <itemmetadata>
          <qtimetadata>
            <qtimetadatafield>
              <fieldlabel>question_type</fieldlabel>
              <fieldentry>multiple_choice_question</fieldentry>
            </qtimetadatafield>
            <qtimetadatafield>
              <fieldlabel>points_possible</fieldlabel>
              <fieldentry>1.0</fieldentry>
            </qtimetadatafield>
            <qtimetadatafield>
              <fieldlabel>original_answer_ids</fieldlabel>
              <fieldentry>choice_001,choice_002,choice_003,choice_004,choice_005</fieldentry>
            </qtimetadatafield>
          </qtimetadata>
        </itemmetadata>

        <presentation>
          <material>
            <mattext texttype="text/html">According to the &lt;span style='color:#1a5fb4;font-weight:700;'&gt;second law&lt;/span&gt; of thermodynamics, the &lt;span style='color:#1a5fb4;font-weight:700;'&gt;total entropy&lt;/span&gt; of a &lt;span style='color:#6b21a8;font-weight:700;'&gt;closed&lt;/span&gt; system is:</mattext>
          </material>
          <response_lid ident="response1" rcardinality="Single">
            <render_choice>
              <response_label ident="choice_001">
                <material>
                  <mattext texttype="text/html">always zero</mattext>
                </material>
              </response_label>
              <response_label ident="choice_002">
                <material>
                  <mattext texttype="text/html">always increasing</mattext>
                </material>
              </response_label>
              <response_label ident="choice_003">
                <material>
                  <mattext texttype="text/html">always decreasing</mattext>
                </material>
              </response_label>
              <response_label ident="choice_004">
                <material>
                  <mattext texttype="text/html">always constant (conserved)</mattext>
                </material>
              </response_label>
              <response_label ident="choice_005">
                <material>
                  <mattext texttype="text/html">cannot be determined without more information</mattext>
                </material>
              </response_label>
            </render_choice>
          </response_lid>
        </presentation>

        <resprocessing>
          <outcomes>
            <decvar maxvalue="100" minvalue="0" varname="SCORE" vartype="Decimal"/>
          </outcomes>
          <respcondition>
            <conditionvar>
              <varequal respident="response1">choice_005</varequal>
            </conditionvar>
            <setvar action="Set" varname="SCORE">100</setvar>
          </respcondition>
        </resprocessing>
      </item>

      <item ident="multiple_choice_003" title="3f89_c50e">
        <itemmetadata>
          <qtimetadata>
            <qtimetadatafield>
              <fieldlabel>question_type</fieldlabel>
              <fieldentry>multiple_choice_question</fieldentry>
            </qtimetadatafield>
            <qtimetadatafield>
              <fieldlabel>points_possible</fieldlabel>
              <fieldentry>1.0</fieldentry>
            </qtimetadatafield>
            <qtimetadatafield>
              <fieldlabel>original_answer_ids</fieldlabel>
              <fieldentry>choice_001,choice_002,choice_003,choice_004,choice_005</fieldentry>
            </qtimetadatafield>
          </qtimetadata>
        </itemmetadata>

        <presentation>
          <material>
            <mattext texttype="text/html">According to the &lt;span style='color:#b32020;font-weight:700;'&gt;first law&lt;/span&gt; of thermodynamics, the &lt;span style='color:#b32020;font-weight:700;'&gt;total energy&lt;/span&gt; of an &lt;span style='color:#6b21a8;font-weight:700;'&gt;isolated&lt;/span&gt; system is:</mattext>
          </material>
          <response_lid ident="response1" rcardinality="Single">
            <render_choice>
              <response_label ident="choice_001">
                <material>
                  <mattext texttype="text/html">always zero</mattext>
                </material>
              </response_label>
              <response_label ident="choice_002">
                <material>
                  <mattext texttype="text/html">always increasing</mattext>
                </material>
              </response_label>
              <response_label ident="choice_003">
                <material>
                  <mattext texttype="text/html">always decreasing</mattext>
                </material>
              </response_label>
              <response_label ident="choice_004">
                <material>
                  <mattext texttype="text/html">always constant (conserved)</mattext>
                </material>
              </response_label>
              <response_label ident="choice_005">
                <material>
                  <mattext texttype="text/html">cannot be determined without more information</mattext>
                </material>
              </response_label>
            </render_choice>
          </response_lid>
        </presentation>

        <resprocessing>
          <outcomes>
            <decvar maxvalue="100" minvalue="0" varname="SCORE" vartype="Decimal"/>
          </outcomes>
          <respcondition>
            <conditionvar>
              <varequal respident="response1">choice_004</varequal>
            </conditionvar>
            <setvar action="Set" varname="SCORE">100</setvar>
          </respcondition>
        </resprocessing>
      </item>

      <item ident="multiple_choice_004" title="d468_c50e">
        <itemmetadata>
          <qtimetadata>
            <qtimetadatafield>
              <fieldlabel>question_type</fieldlabel>
              <fieldentry>multiple_choice_question</fieldentry>
            </qtimetadatafield>
            <qtimetadatafield>
              <fieldlabel>points_possible</fieldlabel>
              <fieldentry>1.0</fieldentry>
            </qtimetadatafield>
            <qtimetadatafield>
              <fieldlabel>original_answer_ids</fieldlabel>
              <fieldentry>choice_001,choice_002,choice_003,choice_004,choice_005</fieldentry>
            </qtimetadatafield>
          </qtimetadata>
        </itemmetadata>

        <presentation>
          <material>
            <mattext texttype="text/html">According to the &lt;span style='color:#1a5fb4;font-weight:700;'&gt;second law&lt;/span&gt; of thermodynamics, the &lt;span style='color:#1a5fb4;font-weight:700;'&gt;total entropy&lt;/span&gt; of an &lt;span style='color:#6b21a8;font-weight:700;'&gt;isolated&lt;/span&gt; system is:</mattext>
          </material>
          <response_lid ident="response1" rcardinality="Single">
            <render_choice>
              <response_label ident="choice_001">
                <material>
                  <mattext texttype="text/html">always zero</mattext>
                </material>
              </response_label>
              <response_label ident="choice_002">
                <material>
                  <mattext texttype="text/html">always increasing</mattext>
                </material>
              </response_label>
              <response_label ident="choice_003">
                <material>
                  <mattext texttype="text/html">always decreasing</mattext>
                </material>
              </response_label>
              <response_label ident="choice_004">
                <material>
                  <mattext texttype="text/html">always constant (conserved)</mattext>
                </material>
              </response_label>
              <response_label ident="choice_005">
                <material>
                  <mattext texttype="text/html">cannot be determined without more information</mattext>
                </material>
              </response_label>
            </render_choice>
          </response_lid>
        </presentation>

        <resprocessing>
          <outcomes>
            <decvar maxvalue="100" minvalue="0" varname="SCORE" vartype="Decimal"/>
          </outcomes>
          <respcondition>
            <conditionvar>
              <varequal respident="response1">choice_002</varequal>
            </conditionvar>
            <setvar action="Set" varname="SCORE">100</setvar>
          </respcondition>
        </resprocessing>
      </item>

      <item ident="multiple_choice_005" title="f46d_c50e">
        <itemmetadata>
          <qtimetadata>
            <qtimetadatafield>
              <fieldlabel>question_type</fieldlabel>
              <fieldentry>multiple_choice_question</fieldentry>
            </qtimetadatafield>
            <qtimetadatafield>
              <fieldlabel>points_possible</fieldlabel>
              <fieldentry>1.0</fieldentry>
            </qtimetadatafield>
            <qtimetadatafield>
              <fieldlabel>original_answer_ids</fieldlabel>
              <fieldentry>choice_001,choice_002,choice_003,choice_004,choice_005</fieldentry>
            </qtimetadatafield>
          </qtimetadata>
        </itemmetadata>

        <presentation>
          <material>
            <mattext texttype="text/html">According to the &lt;span style='color:#b32020;font-weight:700;'&gt;first law&lt;/span&gt; of thermodynamics, the &lt;span style='color:#b32020;font-weight:700;'&gt;total energy&lt;/span&gt; of an &lt;span style='color:#6b21a8;font-weight:700;'&gt;open&lt;/span&gt; system is:</mattext>
          </material>
          <response_lid ident="response1" rcardinality="Single">
            <render_choice>
              <response_label ident="choice_001">
                <material>
                  <mattext texttype="text/html">always zero</mattext>
                </material>
              </response_label>
              <response_label ident="choice_002">
                <material>
                  <mattext texttype="text/html">always increasing</mattext>
                </material>
              </response_label>
              <response_label ident="choice_003">
                <material>
                  <mattext texttype="text/html">always decreasing</mattext>
                </material>
              </response_label>
              <response_label ident="choice_004">
                <material>
                  <mattext texttype="text/html">always constant (conserved)</mattext>
                </material>
              </response_label>
              <response_label ident="choice_005">
                <material>
                  <mattext texttype="text/html">cannot be determined without more information</mattext>
                </material>
              </response_label>
            </render_choice>
          </response_lid>
        </presentation>

        <resprocessing>
          <outcomes>
            <decvar maxvalue="100" minvalue="0" varname="SCORE" vartype="Decimal"/>
          </outcomes>
          <respcondition>
            <conditionvar>
              <varequal respident="response1">choice_005</varequal>
            </conditionvar>
            <setvar action="Set" varname="SCORE">100</setvar>
          </respcondition>
        </resprocessing>
      </item>

      <item ident="multiple_choice_006" title="e706_c50e">
        <itemmetadata>
          <qtimetadata>
            <qtimetadatafield>
              <fieldlabel>question_type</fieldlabel>
              <fieldentry>multiple_choice_question</fieldentry>
            </qtimetadatafield>
            <qtimetadatafield>
              <fieldlabel>points_possible</fieldlabel>
              <fieldentry>1.0</fieldentry>
            </qtimetadatafield>
            <qtimetadatafield>
              <fieldlabel>original_answer_ids</fieldlabel>
              <fieldentry>choice_001,choice_002,choice_003,choice_004,choice_005</fieldentry>
            </qtimetadatafield>
          </qtimetadata>
        </itemmetadata>

        <presentation>
          <material>
            <mattext texttype="text/html">According to the &lt;span style='color:#1a5fb4;font-weight:700;'&gt;second law&lt;/span&gt; of thermodynamics, the &lt;span style='color:#1a5fb4;font-weight:700;'&gt;total entropy&lt;/span&gt; of an &lt;span style='color:#6b21a8;font-weight:700;'&gt;open&lt;/span&gt; system is:</mattext>
          </material>
          <response_lid ident="response1" rcardinality="Single">
            <render_choice>
              <response_label ident="choice_001">
                <material>
                  <mattext texttype="text/html">always zero</mattext>
                </material>
              </response_label>
              <response_label ident="choice_002">
                <material>
                  <mattext texttype="text/html">always increasing</mattext>
                </material>
              </response_label>
              <response_label ident="choice_003">
                <material>
                  <mattext texttype="text/html">always decreasing</mattext>
                </material>
              </response_label>
              <response_label ident="choice_004">
                <material>
                  <mattext texttype="text/html">always constant (conserved)</mattext>
                </material>
              </response_label>
              <response_label ident="choice_005">
                <material>
                  <mattext texttype="text/html">cannot be determined without more information</mattext>
                </material>
              </response_label>
            </render_choice>
          </response_lid>
        </presentation>

        <resprocessing>
          <outcomes>
            <decvar maxvalue="100" minvalue="0" varname="SCORE" vartype="Decimal"/>
          </outcomes>
          <respcondition>
            <conditionvar>
              <varequal respident="response1">choice_005</varequal>
            </conditionvar>
            <setvar action="Set" varname="SCORE">100</setvar>
          </respcondition>
        </resprocessing>
      </item>
    </section>
  </assessment>
</questestinterop>
