<?xml version='1.0' encoding='UTF-8'?>
<assessmentTest xmlns="http://www.imsglobal.org/xsd/imsqti_v2p1" xmlns:xsi="http://www.w3.org/2001/XMLSchema-instance" xsi:schemaLocation="http://www.imsglobal.org/xsd/imsqti_v2p1 http://www.imsglobal.org/xsd/qti/qtiv2p1/imsqti_v2p1.xsd" identifier="assessment_meta" title="pKa_buffer_state-2_protons">
  <testPart identifier="test_part" navigationMode="nonlinear" submissionMode="simultaneous">
    <assessmentSection identifier="section_part" visible="false" title="Question Pool">
      <assessmentItemRef identifier="item_00001" href="item_00001.xml"/>
      <assessmentItemRef identifier="item_00002" href="item_00002.xml"/>
      <assessmentItemRef identifier="item_00003" href="item_00003.xml"/>
      <assessmentItemRef identifier="item_00004" href="item_00004.xml"/>
      <assessmentItemRef identifier="item_00005" href="item_00005.xml"/>
      <assessmentItemRef identifier="item_00006" href="item_00006.xml"/>
      <assessmentItemRef identifier="item_00007" href="item_00007.xml"/>
      <assessmentItemRef identifier="item_00008" href="item_00008.xml"/>
      <assessmentItemRef identifier="item_00009" href="item_00009.xml"/>
      <assessmentItemRef identifier="item_00010" href="item_00010.xml"/>
      <assessmentItemRef identifier="item_00011" href="item_00011.xml"/>
      <assessmentItemRef identifier="item_00012" href="item_00012.xml"/>
      <assessmentItemRef identifier="item_00013" href="item_00013.xml"/>
      <assessmentItemRef identifier="item_00014" href="item_00014.xml"/>
      <assessmentItemRef identifier="item_00015" href="item_00015.xml"/>
      <assessmentItemRef identifier="item_00016" href="item_00016.xml"/>
      <assessmentItemRef identifier="item_00017" href="item_00017.xml"/>
      <assessmentItemRef identifier="item_00018" href="item_00018.xml"/>
      <assessmentItemRef identifier="item_00019" href="item_00019.xml"/>
      <assessmentItemRef identifier="item_00020" href="item_00020.xml"/>
      <assessmentItemRef identifier="item_00021" href="item_00021.xml"/>
      <assessmentItemRef identifier="item_00022" href="item_00022.xml"/>
      <assessmentItemRef identifier="item_00023" href="item_00023.xml"/>
      <assessmentItemRef identifier="item_00024" href="item_00024.xml"/>
      <assessmentItemRef identifier="item_00025" href="item_00025.xml"/>
      <assessmentItemRef identifier="item_00026" href="item_00026.xml"/>
      <assessmentItemRef identifier="item_00027" href="item_00027.xml"/>
      <assessmentItemRef identifier="item_00028" href="item_00028.xml"/>
      <assessmentItemRef identifier="item_00029" href="item_00029.xml"/>
      <assessmentItemRef identifier="item_00030" href="item_00030.xml"/>
      <assessmentItemRef identifier="item_00031" href="item_00031.xml"/>
      <assessmentItemRef identifier="item_00032" href="item_00032.xml"/>
      <assessmentItemRef identifier="item_00033" href="item_00033.xml"/>
      <assessmentItemRef identifier="item_00034" href="item_00034.xml"/>
      <assessmentItemRef identifier="item_00035" href="item_00035.xml"/>
      <assessmentItemRef identifier="item_00036" href="item_00036.xml"/>
      <assessmentItemRef identifier="item_00037" href="item_00037.xml"/>
      <assessmentItemRef identifier="item_00038" href="item_00038.xml"/>
      <assessmentItemRef identifier="item_00039" href="item_00039.xml"/>
      <assessmentItemRef identifier="item_00040" href="item_00040.xml"/>
      <assessmentItemRef identifier="item_00041" href="item_00041.xml"/>
      <assessmentItemRef identifier="item_00042" href="item_00042.xml"/>
      <assessmentItemRef identifier="item_00043" href="item_00043.xml"/>
      <assessmentItemRef identifier="item_00044" href="item_00044.xml"/>
      <assessmentItemRef identifier="item_00045" href="item_00045.xml"/>
      <assessmentItemRef identifier="item_00046" href="item_00046.xml"/>
      <assessmentItemRef identifier="item_00047" href="item_00047.xml"/>
      <assessmentItemRef identifier="item_00048" href="item_00048.xml"/>
      <assessmentItemRef identifier="item_00049" href="item_00049.xml"/>
      <assessmentItemRef identifier="item_00050" href="item_00050.xml"/>
      <assessmentItemRef identifier="item_00051" href="item_00051.xml"/>
      <assessmentItemRef identifier="item_00052" href="item_00052.xml"/>
      <assessmentItemRef identifier="item_00053" href="item_00053.xml"/>
      <assessmentItemRef identifier="item_00054" href="item_00054.xml"/>
      <assessmentItemRef identifier="item_00055" href="item_00055.xml"/>
      <assessmentItemRef identifier="item_00056" href="item_00056.xml"/>
      <assessmentItemRef identifier="item_00057" href="item_00057.xml"/>
      <assessmentItemRef identifier="item_00058" href="item_00058.xml"/>
      <assessmentItemRef identifier="item_00059" href="item_00059.xml"/>
      <assessmentItemRef identifier="item_00060" href="item_00060.xml"/>
      <assessmentItemRef identifier="item_00061" href="item_00061.xml"/>
      <assessmentItemRef identifier="item_00062" href="item_00062.xml"/>
      <assessmentItemRef identifier="item_00063" href="item_00063.xml"/>
      <assessmentItemRef identifier="item_00064" href="item_00064.xml"/>
    </assessmentSection>
  </testPart>
</assessmentTest>
