<?xml version='1.0' encoding='UTF-8'?>
<assessmentItem xmlns="http://www.imsglobal.org/xsd/imsqti_v2p1" xmlns:xsi="http://www.w3.org/2001/XMLSchema-instance" xmlns:ns8="http://www.w3.org/1999/xlink" xmlns:ns9="http://www.imsglobal.org/xsd/apip/apipv1p0/imsapip_qtiv1p0" xsi:schemaLocation="http://www.imsglobal.org/xsd/imsqti_v2p1 http://www.imsglobal.org/xsd/qti/qtiv2p1/imsqti_v2p1.xsd" title="53b6_1b62_03bf" adaptive="false" timeDependent="false" identifier="53b6_1b62_03bf">
  <responseDeclaration baseType="identifier" cardinality="single" identifier="RESPONSE">
    <correctResponse>
      <value>answer_001</value>
    </correctResponse>
  </responseDeclaration>

  <outcomeDeclaration baseType="float" cardinality="single" identifier="SCORE"/>

  <itemBody>
    <div><p><strong>Succinic acid</strong> and its conjugate base, succinate, is an intermediate in the citric acid cycle and can act as a signaling molecule reflecting the cellular metabolic state.</p> <p>Succinic acid is diprotic with pK<sub>a</sub> values of <strong>4.20</strong> and <strong>5.60</strong>.</p> <p>Succinic acid has three possible protonation states in the choices below.</p> <p>Which one of the following protonation states is the most abundant at <strong>pH 6.5</strong>?</p></div>
    <choiceInteraction maxChoices="1" responseIdentifier="RESPONSE" shuffle="true">
      <simpleChoice fixed="true" identifier="answer_1">
        <p>
          <span style="color: #8B0000">(CH<sub>2</sub>)<sub>2</sub>(COO)<sub>2</sub><sup>2-</sup></span>
        </p>
      </simpleChoice>
      <simpleChoice fixed="true" identifier="answer_2">
        <p>
          <span style="color: #404040">(CH<sub>2</sub>)<sub>2</sub>(COOH)(COO)<sup>-</sup></span>
        </p>
      </simpleChoice>
      <simpleChoice fixed="true" identifier="answer_3">
        <p>
          <span style="color: #00008B">(CH<sub>2</sub>)<sub>2</sub>(COOH)<sub>2</sub></span>
        </p>
      </simpleChoice>
    </choiceInteraction>
  </itemBody>

  <responseProcessing>
    <responseCondition>
      <responseIf>
        <match>
          <variable identifier="RESPONSE"/>
          <correct identifier="RESPONSE"/>
        </match>
      </responseIf>
    </responseCondition>
  </responseProcessing>
</assessmentItem>
