<?xml version='1.0' encoding='UTF-8'?>
<assessmentItem xmlns="http://www.imsglobal.org/xsd/imsqti_v2p1" xmlns:xsi="http://www.w3.org/2001/XMLSchema-instance" xmlns:ns8="http://www.w3.org/1999/xlink" xmlns:ns9="http://www.imsglobal.org/xsd/apip/apipv1p0/imsapip_qtiv1p0" xsi:schemaLocation="http://www.imsglobal.org/xsd/imsqti_v2p1 http://www.imsglobal.org/xsd/qti/qtiv2p1/imsqti_v2p1.xsd" title="0d59_623b_c236" adaptive="false" timeDependent="false" identifier="0d59_623b_c236">
  <responseDeclaration baseType="identifier" cardinality="single" identifier="RESPONSE">
    <correctResponse>
      <value>answer_003</value>
    </correctResponse>
  </responseDeclaration>

  <outcomeDeclaration baseType="float" cardinality="single" identifier="SCORE"/>

  <itemBody>
    <div><p><strong>Malic acid</strong> and its conjugate base, malate, is the main acid in many fruits and is an intermediate in the citric acid cycle.</p> <p>Malic acid is diprotic with pK<sub>a</sub> values of <strong>3.40</strong> and <strong>5.20</strong>.</p> <p>Malic acid has three possible protonation states in the choices below.</p> <p>Which one of the following protonation states is the most abundant at <strong>pH 6.0</strong>?</p></div>
    <choiceInteraction maxChoices="1" responseIdentifier="RESPONSE" shuffle="true">
      <simpleChoice fixed="true" identifier="answer_1">
        <p>
          <span style="color: #00008B">(COOH)CH<sub>2</sub>CH(OH)COOH</span>
        </p>
      </simpleChoice>
      <simpleChoice fixed="true" identifier="answer_2">
        <p>
          <span style="color: #404040">(COOH)CH<sub>2</sub>CH(OH)COO<sup>-</sup></span>
        </p>
      </simpleChoice>
      <simpleChoice fixed="true" identifier="answer_3">
        <p>
          <span style="color: #8B0000">(COO)CH<sub>2</sub>CH(OH)COO<sup>2-</sup></span>
        </p>
      </simpleChoice>
    </choiceInteraction>
  </itemBody>

  <responseProcessing>
    <responseCondition>
      <responseIf>
        <match>
          <variable identifier="RESPONSE"/>
          <correct identifier="RESPONSE"/>
        </match>
      </responseIf>
    </responseCondition>
  </responseProcessing>
</assessmentItem>
