<?xml version='1.0' encoding='UTF-8'?>
<assessmentItem xmlns="http://www.imsglobal.org/xsd/imsqti_v2p1" xmlns:xsi="http://www.w3.org/2001/XMLSchema-instance" xmlns:ns8="http://www.w3.org/1999/xlink" xmlns:ns9="http://www.imsglobal.org/xsd/apip/apipv1p0/imsapip_qtiv1p0" xsi:schemaLocation="http://www.imsglobal.org/xsd/imsqti_v2p1 http://www.imsglobal.org/xsd/qti/qtiv2p1/imsqti_v2p1.xsd" title="3fa7_afe1_8485" adaptive="false" timeDependent="false" identifier="3fa7_afe1_8485">
  <responseDeclaration baseType="float" cardinality="single" identifier="RESPONSE">
    <correctResponse>
      <value>99.0</value>
    </correctResponse>
  </responseDeclaration>
  <outcomeDeclaration baseType="float" cardinality="single" identifier="SCORE"/>
  <itemBody>
    <div>
      <p>You<span style="font-size: 1px; color: white;">wool</span>are preparing a new<span style="font-size: 1px; color: white;">items</span>solution.</p>
      <p>You<span style="font-size: 1px; color: white;">webbed</span>dilute <span style="font-size: 1.05em;"><span style="color: #cc5500;"><span style="font-family: monospace;">7.0 mL</span> stock<span style="font-size: 1px; color: white;">too</span>solution</span> into <span style="color: #005cb3;"><span style="font-family: monospace;">686.0 mL</span> distilled water</span></span> to<span style="font-size: 1px; color: white;">reach</span>make<span style="font-size: 1px; color: white;">flavor</span>a dilution.</p>
      <p>What is<span style="font-size: 1px; color: white;">ssb</span>the dilution factor?</p>
      <span style="font-size: 1px; color: white;">damage</span>
      <p>
        <i>Note: answers need to be within 1% of the correct number to be correct.</i>
      </p>
    </div>
    <p>
      <textEntryInteraction responseIdentifier="RESPONSE"/>
    </p>
  </itemBody>
  <responseProcessing>
    <responseCondition>
      <responseIf>
        <equal toleranceMode="absolute" tolerance="0.9 0.9" includeLowerBound="true" includeUpperBound="true">
          <variable identifier="RESPONSE"/>
          <correct identifier="RESPONSE"/>
        </equal>
        <setOutcomeValue identifier="SCORE">
          <baseValue baseType="float">100</baseValue>
        </setOutcomeValue>
      </responseIf>
      <responseElse>
        <setOutcomeValue identifier="SCORE">
          <baseValue baseType="float">0</baseValue>
        </setOutcomeValue>
      </responseElse>
    </responseCondition>
  </responseProcessing>
</assessmentItem>
