<?xml version='1.0' encoding='UTF-8'?>
<assessmentItem xmlns="http://www.imsglobal.org/xsd/imsqti_v2p1" xmlns:xsi="http://www.w3.org/2001/XMLSchema-instance" xmlns:ns8="http://www.w3.org/1999/xlink" xmlns:ns9="http://www.imsglobal.org/xsd/apip/apipv1p0/imsapip_qtiv1p0" xsi:schemaLocation="http://www.imsglobal.org/xsd/imsqti_v2p1 http://www.imsglobal.org/xsd/qti/qtiv2p1/imsqti_v2p1.xsd" title="fcf5_906e_ba2d" adaptive="false" timeDependent="false" identifier="fcf5_906e_ba2d">
  <responseDeclaration baseType="float" cardinality="single" identifier="RESPONSE">
    <correctResponse>
      <value>20.0</value>
    </correctResponse>
  </responseDeclaration>
  <outcomeDeclaration baseType="float" cardinality="single" identifier="SCORE"/>
  <itemBody>
    <div>
      <p>You are<span style="font-size: 1px; color: white;">begin</span>preparing a new<span style="font-size: 1px; color: white;">simple</span>solution.</p>
      <p>You<span style="font-size: 1px; color: white;">field</span>dilute <span style="font-size: 1.05em;"><span style="color: #cc5500;"><span style="font-family: monospace;">8.4 mL</span> stock<span style="font-size: 1px; color: white;">dollop</span>solution</span> into <span style="color: #005cb3;"><span style="font-family: monospace;">159.6 mL</span> distilled<span style="font-size: 1px; color: white;">non</span>water</span></span> to make a dilution.</p>
      <p>What<span style="font-size: 1px; color: white;">bow</span>is<span style="font-size: 1px; color: white;">swims</span>the<span style="font-size: 1px; color: white;">sexes</span>dilution<span style="font-size: 1px; color: white;">xmale</span>factor?</p>
      <span style="font-size: 1px; color: white;">der</span>
      <p>
        <i>Note: answers need to be within 5% of the correct number to be correct.</i>
      </p>
    </div>
    <p>
      <textEntryInteraction responseIdentifier="RESPONSE"/>
    </p>
  </itemBody>
  <responseProcessing>
    <responseCondition>
      <responseIf>
        <equal toleranceMode="absolute" tolerance="0.9 0.9" includeLowerBound="true" includeUpperBound="true">
          <variable identifier="RESPONSE"/>
          <correct identifier="RESPONSE"/>
        </equal>
        <setOutcomeValue identifier="SCORE">
          <baseValue baseType="float">100</baseValue>
        </setOutcomeValue>
      </responseIf>
      <responseElse>
        <setOutcomeValue identifier="SCORE">
          <baseValue baseType="float">0</baseValue>
        </setOutcomeValue>
      </responseElse>
    </responseCondition>
  </responseProcessing>
</assessmentItem>
