<?xml version='1.0' encoding='UTF-8'?>
<assessmentItem xmlns="http://www.imsglobal.org/xsd/imsqti_v2p1" xmlns:xsi="http://www.w3.org/2001/XMLSchema-instance" xmlns:ns8="http://www.w3.org/1999/xlink" xmlns:ns9="http://www.imsglobal.org/xsd/apip/apipv1p0/imsapip_qtiv1p0" xsi:schemaLocation="http://www.imsglobal.org/xsd/imsqti_v2p1 http://www.imsglobal.org/xsd/qti/qtiv2p1/imsqti_v2p1.xsd" title="bc55_8d85_c8c2" adaptive="false" timeDependent="false" identifier="bc55_8d85_c8c2">
  <responseDeclaration baseType="float" cardinality="single" identifier="RESPONSE">
    <correctResponse>
      <value>5.0</value>
    </correctResponse>
  </responseDeclaration>
  <outcomeDeclaration baseType="float" cardinality="single" identifier="SCORE"/>
  <itemBody>
    <div>
      <p>You are<span style="font-size: 1px; color: white;">waste</span>preparing<span style="font-size: 1px; color: white;">sheep</span>a new<span style="font-size: 1px; color: white;">ndash</span>solution.</p>
      <p>You<span style="font-size: 1px; color: white;">into</span>dilute <span style="font-size: 1.05em;"><span style="color: #cc5500;"><span style="font-family: monospace;">1.2 mL</span> stock solution</span> into <span style="color: #005cb3;"><span style="font-family: monospace;">4.8 mL</span> distilled water</span></span> to<span style="font-size: 1px; color: white;">table</span>make<span style="font-size: 1px; color: white;">median</span>a dilution.</p>
      <p>What is the<span style="font-size: 1px; color: white;">added</span>dilution<span style="font-size: 1px; color: white;">well</span>factor?</p>
      <span style="font-size: 1px; color: white;">mmhg</span>
      <p>
        <i>Note: answers need to be within 18% of the correct number to be correct.</i>
      </p>
    </div>
    <p>
      <textEntryInteraction responseIdentifier="RESPONSE"/>
    </p>
  </itemBody>
  <responseProcessing>
    <responseCondition>
      <responseIf>
        <equal toleranceMode="absolute" tolerance="0.9 0.9" includeLowerBound="true" includeUpperBound="true">
          <variable identifier="RESPONSE"/>
          <correct identifier="RESPONSE"/>
        </equal>
        <setOutcomeValue identifier="SCORE">
          <baseValue baseType="float">100</baseValue>
        </setOutcomeValue>
      </responseIf>
      <responseElse>
        <setOutcomeValue identifier="SCORE">
          <baseValue baseType="float">0</baseValue>
        </setOutcomeValue>
      </responseElse>
    </responseCondition>
  </responseProcessing>
</assessmentItem>
