<?xml version='1.0' encoding='UTF-8'?>
<assessmentItem xmlns="http://www.imsglobal.org/xsd/imsqti_v2p1" xmlns:xsi="http://www.w3.org/2001/XMLSchema-instance" xmlns:ns8="http://www.w3.org/1999/xlink" xmlns:ns9="http://www.imsglobal.org/xsd/apip/apipv1p0/imsapip_qtiv1p0" xsi:schemaLocation="http://www.imsglobal.org/xsd/imsqti_v2p1 http://www.imsglobal.org/xsd/qti/qtiv2p1/imsqti_v2p1.xsd" title="ac1e_4c3c_c399" adaptive="false" timeDependent="false" identifier="ac1e_4c3c_c399">
  <responseDeclaration baseType="float" cardinality="single" identifier="RESPONSE">
    <correctResponse>
      <value>51.0</value>
    </correctResponse>
  </responseDeclaration>
  <outcomeDeclaration baseType="float" cardinality="single" identifier="SCORE"/>
  <itemBody>
    <div>
      <p>You<span style="font-size: 1px; color: white;">source</span>are preparing<span style="font-size: 1px; color: white;">cyclic</span>a new solution.</p>
      <p>You<span style="font-size: 1px; color: white;">wool</span>dilute <span style="font-size: 1.05em;"><span style="color: #cc5500;"><span style="font-family: monospace;">10.0 mL</span> stock solution</span> into <span style="color: #005cb3;"><span style="font-family: monospace;">500.0 mL</span> distilled<span style="font-size: 1px; color: white;">lac</span>water</span></span> to make<span style="font-size: 1px; color: white;">tandem</span>a dilution.</p>
      <p>What<span style="font-size: 1px; color: white;">repeat</span>is the<span style="font-size: 1px; color: white;">papaya</span>dilution<span style="font-size: 1px; color: white;">ketose</span>factor?</p>
      <span style="font-size: 1px; color: white;">your</span>
      <p>
        <i>Note: answers need to be within 2% of the correct number to be correct.</i>
      </p>
    </div>
    <p>
      <textEntryInteraction responseIdentifier="RESPONSE"/>
    </p>
  </itemBody>
  <responseProcessing>
    <responseCondition>
      <responseIf>
        <equal toleranceMode="absolute" tolerance="0.9 0.9" includeLowerBound="true" includeUpperBound="true">
          <variable identifier="RESPONSE"/>
          <correct identifier="RESPONSE"/>
        </equal>
        <setOutcomeValue identifier="SCORE">
          <baseValue baseType="float">100</baseValue>
        </setOutcomeValue>
      </responseIf>
      <responseElse>
        <setOutcomeValue identifier="SCORE">
          <baseValue baseType="float">0</baseValue>
        </setOutcomeValue>
      </responseElse>
    </responseCondition>
  </responseProcessing>
</assessmentItem>
