<?xml version='1.0' encoding='UTF-8'?>
<assessmentItem xmlns="http://www.imsglobal.org/xsd/imsqti_v2p1" xmlns:xsi="http://www.w3.org/2001/XMLSchema-instance" xmlns:ns8="http://www.w3.org/1999/xlink" xmlns:ns9="http://www.imsglobal.org/xsd/apip/apipv1p0/imsapip_qtiv1p0" xsi:schemaLocation="http://www.imsglobal.org/xsd/imsqti_v2p1 http://www.imsglobal.org/xsd/qti/qtiv2p1/imsqti_v2p1.xsd" title="25a8_39c0_6e15" adaptive="false" timeDependent="false" identifier="25a8_39c0_6e15">
  <responseDeclaration baseType="string" cardinality="single" identifier="RESPONSE">
    <correctResponse>
      <value>Cysteine</value>
      <value>cysteine</value>
    </correctResponse>
    <mapping>
      <mapEntry mapKey="Cysteine" caseSensitive="false" mappedValue="100.0"/>
      <mapEntry mapKey="cysteine" caseSensitive="false" mappedValue="100.0"/>
    </mapping>
  </responseDeclaration>

  <outcomeDeclaration baseType="float" cardinality="single" identifier="SCORE"/>

  <itemBody>
    <div>
      <script src="https://unpkg.com/@rdkit/rdkit/dist/RDKit_minimal.js"/>
      <p>
        <canvas id="canvas_b32e" width="480" height="320"/>
      </p>
      <script>/* */initRDKitModule().then(function(instance){RDKitModule=instance;console.log("RDKit:"+RDKitModule.version());/* */let/* */smiles="C([C@@H](C(=O)O)N)S";let/* */mol=RDKitModule.get_mol(smiles);let/* */mdetails={};mdetails["legend"]="";mdetails["explicitMethyl"]=true;canvas=document.getElementById("canvas_b32e");mol.draw_to_canvas_with_highlights(canvas,JSON.stringify(mdetails));});/* */</script>
      <h3>Which amino acid is represented by the chemical structure shown above?</h3>
    </div>
    <p>
      <textEntryInteraction responseIdentifier="RESPONSE"/>
    </p>
  </itemBody>

  <responseProcessing>
    <responseCondition>
      <responseIf>
        <match>
          <variable identifier="RESPONSE"/>
          <correct identifier="RESPONSE"/>
        </match>
      </responseIf>
    </responseCondition>
  </responseProcessing>
</assessmentItem>
