<?xml version='1.0' encoding='UTF-8'?>
<assessmentItem xmlns="http://www.imsglobal.org/xsd/imsqti_v2p1" xmlns:xsi="http://www.w3.org/2001/XMLSchema-instance" xmlns:ns8="http://www.w3.org/1999/xlink" xmlns:ns9="http://www.imsglobal.org/xsd/apip/apipv1p0/imsapip_qtiv1p0" xsi:schemaLocation="http://www.imsglobal.org/xsd/imsqti_v2p1 http://www.imsglobal.org/xsd/qti/qtiv2p1/imsqti_v2p1.xsd" title="e294_3e04_2a66" adaptive="false" timeDependent="false" identifier="e294_3e04_2a66">
  <responseDeclaration baseType="directedPair" cardinality="multiple" identifier="RESPONSE">
    <correctResponse>
      <value>prompt_001 choice_001</value>
      <value>prompt_002 choice_002</value>
      <value>prompt_003 choice_003</value>
      <value>prompt_004 choice_004</value>
      <value>prompt_005 choice_005</value>
    </correctResponse>
    <mapping defaultValue="0">
      <mapEntry mapKey="prompt_001 choice_001" mappedValue="1"/>
      <mapEntry mapKey="prompt_002 choice_002" mappedValue="1"/>
      <mapEntry mapKey="prompt_003 choice_003" mappedValue="1"/>
      <mapEntry mapKey="prompt_004 choice_004" mappedValue="1"/>
      <mapEntry mapKey="prompt_005 choice_005" mappedValue="1"/>
    </mapping>
  </responseDeclaration>

  <outcomeDeclaration baseType="float" cardinality="single" identifier="SCORE"/>

  <itemBody>
    <div>
      <p>Match each of the following amino acids with their corresponding descriptions.</p>
      <p><i>Note:</i> Each choice will be used exactly once.</p>
    </div>
    <matchInteraction responseIdentifier="RESPONSE" shuffle="true" maxAssociations="5">
      <prompt>&lt;p&gt;Match each of the following amino acids with their corresponding descriptions.&lt;/p&gt;&lt;p&gt;&lt;i&gt;Note:&lt;/i&gt; Each choice will be used exactly once.&lt;/p&gt;</prompt>
      <simpleMatchSet>
        <simpleAssociableChoice identifier="prompt_001" fixed="true" matchMax="1" matchMin="0">
          <p>
            <span style="color: #5a4cb0;">tyrosine</span>
          </p>
        </simpleAssociableChoice>
        <simpleAssociableChoice identifier="prompt_002" fixed="true" matchMax="1" matchMin="0">
          <p>
            <span style="color: #745a00;">cysteine</span>
          </p>
        </simpleAssociableChoice>
        <simpleAssociableChoice identifier="prompt_003" fixed="true" matchMax="1" matchMin="0">
          <p>
            <span style="color: #006882;">proline</span>
          </p>
        </simpleAssociableChoice>
        <simpleAssociableChoice identifier="prompt_004" fixed="true" matchMax="1" matchMin="0">
          <p>
            <span style="color: #446a26;">leucine</span>
          </p>
        </simpleAssociableChoice>
        <simpleAssociableChoice identifier="prompt_005" fixed="true" matchMax="1" matchMin="0">
          <p>
            <span style="color: #006d5e;">phenylalanine</span>
          </p>
        </simpleAssociableChoice>
      </simpleMatchSet>
      <simpleMatchSet>
        <simpleAssociableChoice identifier="choice_001" fixed="true" matchMax="5" matchMin="0">
          <p>a <strong><span style="color: #ff5e00;">aromatic amino acid</span></strong> with a <strong><span style="color: #6d108e;">side chain</span></strong> containing a phenol (-C<sub>6</sub>H<sub>6</sub>OH) group, derived from phenylalanine</p>
        </simpleAssociableChoice>
        <simpleAssociableChoice identifier="choice_002" fixed="true" matchMax="5" matchMin="0">
          <p>a <strong><span style="color: #009e4c;">polar amino acid</span></strong> that is capable of thiol (-SH) chemistry</p>
        </simpleAssociableChoice>
        <simpleAssociableChoice identifier="choice_003" fixed="true" matchMax="5" matchMin="0">
          <p>a <strong><span style="color: #b3b300;">non-<strong><span style="color: #009e4c;">polar amino acid</span></strong></span></strong> where the <strong><span style="color: #6d108e;">side chain</span></strong> is bonded to the backbone amine, resulting in a rigid cyclic structure</p>
        </simpleAssociableChoice>
        <simpleAssociableChoice identifier="choice_004" fixed="true" matchMax="5" matchMin="0">
          <p>a <strong><span style="color: #ffa100;">non-polar branched chain amino acid</span></strong> with a double methylated γ-carbon</p>
        </simpleAssociableChoice>
        <simpleAssociableChoice identifier="choice_005" fixed="true" matchMax="5" matchMin="0">
          <p>a <strong><span style="color: #b3b300;">non-<strong><span style="color: #009e4c;">polar amino acid</span></strong></span></strong> with an aromatic <strong><span style="color: #6d108e;">side chain</span></strong> containing a single benzene (-C<sub>6</sub>H<sub>6</sub>) ring</p>
        </simpleAssociableChoice>
      </simpleMatchSet>
    </matchInteraction>
  </itemBody>

  <responseProcessing template="http://www.imsglobal.org/question/qti_v2p1/rptemplates/map_response"/>
</assessmentItem>
