<?xml version='1.0' encoding='UTF-8'?>
<assessmentItem xmlns="http://www.imsglobal.org/xsd/imsqti_v2p1" xmlns:xsi="http://www.w3.org/2001/XMLSchema-instance" xmlns:ns8="http://www.w3.org/1999/xlink" xmlns:ns9="http://www.imsglobal.org/xsd/apip/apipv1p0/imsapip_qtiv1p0" xsi:schemaLocation="http://www.imsglobal.org/xsd/imsqti_v2p1 http://www.imsglobal.org/xsd/qti/qtiv2p1/imsqti_v2p1.xsd" title="bd7c_a9b8_d9ae" adaptive="false" timeDependent="false" identifier="bd7c_a9b8_d9ae">
  <responseDeclaration baseType="identifier" cardinality="single" identifier="RESPONSE">
    <correctResponse>
      <value>answer_002</value>
    </correctResponse>
  </responseDeclaration>
  <outcomeDeclaration baseType="float" cardinality="single" identifier="SCORE"/>
  <itemBody>
    <div>
      <div id="drv_dd20" oncopy="return false;" onpaste="return false;" oncut="return false;" oncontextmenu="return false;" onmousedown="return false;" onselectstart="return false;"><p><strong>Uric<span style="font-size: 1px; color: white;">webbed</span>acid</strong> and<span style="font-size: 1px; color: white;">cannot</span>its<span style="font-size: 1px; color: white;">mean</span>conjugate<span style="font-size: 1px; color: white;">square</span>base, urate, is an<span style="font-size: 1px; color: white;">dstain</span>end<span style="font-size: 1px; color: white;">what</span>product of<span style="font-size: 1px; color: white;">rates</span>nucleotide purine<span style="font-size: 1px; color: white;">attach</span>metabolism..</p> <p>Uric acid<span style="font-size: 1px; color: white;">truthb</span>is diprotic<span style="font-size: 1px; color: white;">sperm</span>with pK<sub>a</sub> values of <strong>5.40</strong> and <strong>10.30</strong>.</p> <p>Uric<span style="font-size: 1px; color: white;">closed</span>acid<span style="font-size: 1px; color: white;">ion</span>has<span style="font-size: 1px; color: white;">tube</span>three possible protonation<span style="font-size: 1px; color: white;">line</span>states<span style="font-size: 1px; color: white;">turned</span>in the<span style="font-size: 1px; color: white;">muscle</span>choices<span style="font-size: 1px; color: white;">angles</span>below.</p> <p>Which<span style="font-size: 1px; color: white;">out</span>one<span style="font-size: 1px; color: white;">falsem</span>of<span style="font-size: 1px; color: white;">iex</span>the following<span style="font-size: 1px; color: white;">maud</span>protonation<span style="font-size: 1px; color: white;">year</span>states is<span style="font-size: 1px; color: white;">ligase</span>the most<span style="font-size: 1px; color: white;">taste</span>abundant<span style="font-size: 1px; color: white;">only</span>at <strong>pH 8.5</strong>?</p> <span style="font-size: 1px; color: white;">thiol</span></div>
    </div>
    <choiceInteraction maxChoices="1" responseIdentifier="RESPONSE" shuffle="true">
      <simpleChoice fixed="true" identifier="answer_1">
        <p>
          <div id="drv_b36f" oncopy="return false;" onpaste="return false;" oncut="return false;" oncontextmenu="return false;" onmousedown="return false;" onselectstart="return false;">
            <span style="color: #00008B">C<sub>5</sub>H<sub>4</sub>N<sub>4</sub>O<sub>3</sub></span>
            <span style="font-size: 1px; color: white;">diver</span>
          </div>
        </p>
      </simpleChoice>
      <simpleChoice fixed="true" identifier="answer_2">
        <p>
          <div id="drv_91de" oncopy="return false;" onpaste="return false;" oncut="return false;" oncontextmenu="return false;" onmousedown="return false;" onselectstart="return false;">
            <span style="color: #404040">C<sub>5</sub>H<sub>3</sub>N<sub>4</sub>O<sub>3</sub><sup>-</sup></span>
            <span style="font-size: 1px; color: white;">snap</span>
          </div>
        </p>
      </simpleChoice>
      <simpleChoice fixed="true" identifier="answer_3">
        <p>
          <div id="drv_ac5c" oncopy="return false;" onpaste="return false;" oncut="return false;" oncontextmenu="return false;" onmousedown="return false;" onselectstart="return false;"><span style="color: #8B0000">C<sub>5</sub>H<sub>2</sub>N<sub>4</sub>O<sub>3</sub><sup>2-</sup></span> </div>
        </p>
      </simpleChoice>
    </choiceInteraction>
  </itemBody>
  <responseProcessing>
    <responseCondition>
      <responseIf>
        <match>
          <variable identifier="RESPONSE"/>
          <correct identifier="RESPONSE"/>
        </match>
      </responseIf>
    </responseCondition>
  </responseProcessing>
</assessmentItem>
