<?xml version='1.0' encoding='UTF-8'?>
<assessmentItem xmlns="http://www.imsglobal.org/xsd/imsqti_v2p1" xmlns:xsi="http://www.w3.org/2001/XMLSchema-instance" xmlns:ns8="http://www.w3.org/1999/xlink" xmlns:ns9="http://www.imsglobal.org/xsd/apip/apipv1p0/imsapip_qtiv1p0" xsi:schemaLocation="http://www.imsglobal.org/xsd/imsqti_v2p1 http://www.imsglobal.org/xsd/qti/qtiv2p1/imsqti_v2p1.xsd" title="0c48_a00a_1ffd" adaptive="false" timeDependent="false" identifier="0c48_a00a_1ffd">
  <responseDeclaration baseType="identifier" cardinality="single" identifier="RESPONSE">
    <correctResponse>
      <value>answer_002</value>
    </correctResponse>
  </responseDeclaration>
  <outcomeDeclaration baseType="float" cardinality="single" identifier="SCORE"/>
  <itemBody>
    <div>
      <div id="drv_d582" oncopy="return false;" onpaste="return false;" oncut="return false;" oncontextmenu="return false;" onmousedown="return false;" onselectstart="return false;"><p><strong>Oxalic acid</strong> and<span style="font-size: 1px; color: white;">finish</span>its<span style="font-size: 1px; color: white;">diet</span>conjugate<span style="font-size: 1px; color: white;">trait</span>base, oxalate, is<span style="font-size: 1px; color: white;">cri</span>found<span style="font-size: 1px; color: white;">tandem</span>in<span style="font-size: 1px; color: white;">althyp</span>many<span style="font-size: 1px; color: white;">means</span>plants<span style="font-size: 1px; color: white;">minor</span>and<span style="font-size: 1px; color: white;">test</span>vegetables and<span style="font-size: 1px; color: white;">result</span>is<span style="font-size: 1px; color: white;">ants</span>a product of<span style="font-size: 1px; color: white;">bullet</span>metabolic processes.</p> <p>Oxalic<span style="font-size: 1px; color: white;">talens</span>acid<span style="font-size: 1px; color: white;">every</span>is diprotic<span style="font-size: 1px; color: white;">roche</span>with<span style="font-size: 1px; color: white;">krebs</span>pK<sub>a</sub> values<span style="font-size: 1px; color: white;">words</span>of <strong>1.27</strong> and <strong>4.28</strong>.</p> <p>Oxalic<span style="font-size: 1px; color: white;">cotton</span>acid has<span style="font-size: 1px; color: white;">page</span>three<span style="font-size: 1px; color: white;">yogurt</span>possible<span style="font-size: 1px; color: white;">waves</span>protonation<span style="font-size: 1px; color: white;">levels</span>states<span style="font-size: 1px; color: white;">human</span>in<span style="font-size: 1px; color: white;">turns</span>the<span style="font-size: 1px; color: white;">front</span>choices<span style="font-size: 1px; color: white;">relys</span>below.</p> <p>Which<span style="font-size: 1px; color: white;">along</span>one of<span style="font-size: 1px; color: white;">choice</span>the<span style="font-size: 1px; color: white;">spinal</span>following<span style="font-size: 1px; color: white;">atp</span>protonation<span style="font-size: 1px; color: white;">hidden</span>states<span style="font-size: 1px; color: white;">apply</span>is<span style="font-size: 1px; color: white;">domain</span>the<span style="font-size: 1px; color: white;">tight</span>most abundant<span style="font-size: 1px; color: white;">that</span>at <strong>pH 2.0</strong>?</p> </div>
    </div>
    <choiceInteraction maxChoices="1" responseIdentifier="RESPONSE" shuffle="true">
      <simpleChoice fixed="true" identifier="answer_1">
        <p>
          <div id="drv_0596" oncopy="return false;" onpaste="return false;" oncut="return false;" oncontextmenu="return false;" onmousedown="return false;" onselectstart="return false;">
            <span style="color: #8B0000">(COO)<sub>2</sub><sup>2-</sup></span>
            <span style="font-size: 1px; color: white;">unlike</span>
          </div>
        </p>
      </simpleChoice>
      <simpleChoice fixed="true" identifier="answer_2">
        <p>
          <div id="drv_7c6a" oncopy="return false;" onpaste="return false;" oncut="return false;" oncontextmenu="return false;" onmousedown="return false;" onselectstart="return false;">
            <span style="color: #404040">(HOOC)COO<sup>-</sup></span>
            <span style="font-size: 1px; color: white;">larvae</span>
          </div>
        </p>
      </simpleChoice>
      <simpleChoice fixed="true" identifier="answer_3">
        <p>
          <div id="drv_dfcb" oncopy="return false;" onpaste="return false;" oncut="return false;" oncontextmenu="return false;" onmousedown="return false;" onselectstart="return false;">
            <span style="color: #00008B">(COOH)<sub>2</sub></span>
            <span style="font-size: 1px; color: white;">filled</span>
          </div>
        </p>
      </simpleChoice>
    </choiceInteraction>
  </itemBody>
  <responseProcessing>
    <responseCondition>
      <responseIf>
        <match>
          <variable identifier="RESPONSE"/>
          <correct identifier="RESPONSE"/>
        </match>
      </responseIf>
    </responseCondition>
  </responseProcessing>
</assessmentItem>
