<?xml version='1.0' encoding='UTF-8'?>
<assessmentItem xmlns="http://www.imsglobal.org/xsd/imsqti_v2p1" xmlns:xsi="http://www.w3.org/2001/XMLSchema-instance" xmlns:ns8="http://www.w3.org/1999/xlink" xmlns:ns9="http://www.imsglobal.org/xsd/apip/apipv1p0/imsapip_qtiv1p0" xsi:schemaLocation="http://www.imsglobal.org/xsd/imsqti_v2p1 http://www.imsglobal.org/xsd/qti/qtiv2p1/imsqti_v2p1.xsd" title="8abb_cf7e_64e8" adaptive="false" timeDependent="false" identifier="8abb_cf7e_64e8">
  <responseDeclaration baseType="identifier" cardinality="single" identifier="RESPONSE">
    <correctResponse>
      <value>answer_001</value>
    </correctResponse>
  </responseDeclaration>
  <outcomeDeclaration baseType="float" cardinality="single" identifier="SCORE"/>
  <itemBody>
    <div>
      <div id="drv_c613" oncopy="return false;" onpaste="return false;" oncut="return false;" oncontextmenu="return false;" onmousedown="return false;" onselectstart="return false;"><p><strong>Carbonic<span style="font-size: 1px; color: white;">arms</span>acid</strong> and<span style="font-size: 1px; color: white;">term</span>its<span style="font-size: 1px; color: white;">shows</span>conjugate<span style="font-size: 1px; color: white;">rock</span>base, carbonate, is also<span style="font-size: 1px; color: white;">should</span>known<span style="font-size: 1px; color: white;">mask</span>as respiratory acid as<span style="font-size: 1px; color: white;">others</span>it is<span style="font-size: 1px; color: white;">dark</span>the<span style="font-size: 1px; color: white;">fixed</span>only acid<span style="font-size: 1px; color: white;">sorted</span>excreted as a gas by the<span style="font-size: 1px; color: white;">tests</span>lungs.</p> <p>Carbonic<span style="font-size: 1px; color: white;">atoms</span>acid<span style="font-size: 1px; color: white;">those</span>is<span style="font-size: 1px; color: white;">loss</span>diprotic<span style="font-size: 1px; color: white;">waste</span>with pK<sub>a</sub> values<span style="font-size: 1px; color: white;">safe</span>of <strong>6.35</strong> and <strong>10.33</strong>.</p> <p>Carbonic acid<span style="font-size: 1px; color: white;">choice</span>has three<span style="font-size: 1px; color: white;">erna</span>possible protonation states<span style="font-size: 1px; color: white;">gtp</span>in<span style="font-size: 1px; color: white;">file</span>the<span style="font-size: 1px; color: white;">value</span>choices<span style="font-size: 1px; color: white;">german</span>below.</p> <p>Which one<span style="font-size: 1px; color: white;">match</span>of the following<span style="font-size: 1px; color: white;">starch</span>protonation<span style="font-size: 1px; color: white;">arm</span>states<span style="font-size: 1px; color: white;">spots</span>is<span style="font-size: 1px; color: white;">weaker</span>the<span style="font-size: 1px; color: white;">acids</span>most<span style="font-size: 1px; color: white;">amine</span>abundant at <strong>pH 11.5</strong>?</p> <span style="font-size: 1px; color: white;">known</span></div>
    </div>
    <choiceInteraction maxChoices="1" responseIdentifier="RESPONSE" shuffle="true">
      <simpleChoice fixed="true" identifier="answer_1">
        <p>
          <div id="drv_4423" oncopy="return false;" onpaste="return false;" oncut="return false;" oncontextmenu="return false;" onmousedown="return false;" onselectstart="return false;">
            <span style="color: #8B0000">CO<sub>3</sub><sup>2-</sup></span>
            <span style="font-size: 1px; color: white;">bulb</span>
          </div>
        </p>
      </simpleChoice>
      <simpleChoice fixed="true" identifier="answer_2">
        <p>
          <div id="drv_a80f" oncopy="return false;" onpaste="return false;" oncut="return false;" oncontextmenu="return false;" onmousedown="return false;" onselectstart="return false;">
            <span style="color: #404040">HCO<sub>3</sub><sup>-</sup></span>
            <span style="font-size: 1px; color: white;">coat</span>
          </div>
        </p>
      </simpleChoice>
      <simpleChoice fixed="true" identifier="answer_3">
        <p>
          <div id="drv_f93b" oncopy="return false;" onpaste="return false;" oncut="return false;" oncontextmenu="return false;" onmousedown="return false;" onselectstart="return false;">
            <span style="color: #00008B">H<sub>2</sub>CO<sub>3</sub></span>
            <span style="font-size: 1px; color: white;">memory</span>
          </div>
        </p>
      </simpleChoice>
    </choiceInteraction>
  </itemBody>
  <responseProcessing>
    <responseCondition>
      <responseIf>
        <match>
          <variable identifier="RESPONSE"/>
          <correct identifier="RESPONSE"/>
        </match>
      </responseIf>
    </responseCondition>
  </responseProcessing>
</assessmentItem>
