<?xml version='1.0' encoding='UTF-8'?>
<assessmentItem xmlns="http://www.imsglobal.org/xsd/imsqti_v2p1" xmlns:xsi="http://www.w3.org/2001/XMLSchema-instance" xmlns:ns8="http://www.w3.org/1999/xlink" xmlns:ns9="http://www.imsglobal.org/xsd/apip/apipv1p0/imsapip_qtiv1p0" xsi:schemaLocation="http://www.imsglobal.org/xsd/imsqti_v2p1 http://www.imsglobal.org/xsd/qti/qtiv2p1/imsqti_v2p1.xsd" title="9e4d_4acb_0a71" adaptive="false" timeDependent="false" identifier="9e4d_4acb_0a71">
  <responseDeclaration baseType="identifier" cardinality="single" identifier="RESPONSE">
    <correctResponse>
      <value>answer_002</value>
    </correctResponse>
  </responseDeclaration>
  <outcomeDeclaration baseType="float" cardinality="single" identifier="SCORE"/>
  <itemBody>
    <div>
      <div id="drv_c5d7" oncopy="return false;" onpaste="return false;" oncut="return false;" oncontextmenu="return false;" onmousedown="return false;" onselectstart="return false;"><p><strong>Malic<span style="font-size: 1px; color: white;">iron</span>acid</strong> and its<span style="font-size: 1px; color: white;">neck</span>conjugate<span style="font-size: 1px; color: white;">mucus</span>base, malate, is the<span style="font-size: 1px; color: white;">stator</span>main<span style="font-size: 1px; color: white;">wet</span>acid<span style="font-size: 1px; color: white;">role</span>in many<span style="font-size: 1px; color: white;">sides</span>fruits and<span style="font-size: 1px; color: white;">step</span>is<span style="font-size: 1px; color: white;">square</span>an<span style="font-size: 1px; color: white;">events</span>intermediate<span style="font-size: 1px; color: white;">cheese</span>in the<span style="font-size: 1px; color: white;">genes</span>citric<span style="font-size: 1px; color: white;">famous</span>acid cycle.</p> <p>Malic<span style="font-size: 1px; color: white;">actual</span>acid is<span style="font-size: 1px; color: white;">facial</span>diprotic<span style="font-size: 1px; color: white;">thus</span>with<span style="font-size: 1px; color: white;">strand</span>pK<sub>a</sub> values<span style="font-size: 1px; color: white;">stem</span>of <strong>3.40</strong> and <strong>5.20</strong>.</p> <p>Malic<span style="font-size: 1px; color: white;">truthd</span>acid<span style="font-size: 1px; color: white;">flower</span>has<span style="font-size: 1px; color: white;">mosaic</span>three<span style="font-size: 1px; color: white;">bod</span>possible<span style="font-size: 1px; color: white;">having</span>protonation<span style="font-size: 1px; color: white;">plp</span>states<span style="font-size: 1px; color: white;">their</span>in the choices<span style="font-size: 1px; color: white;">favor</span>below.</p> <p>Which<span style="font-size: 1px; color: white;">trace</span>one of<span style="font-size: 1px; color: white;">types</span>the following<span style="font-size: 1px; color: white;">anova</span>protonation<span style="font-size: 1px; color: white;">non</span>states is<span style="font-size: 1px; color: white;">milan</span>the most<span style="font-size: 1px; color: white;">linear</span>abundant<span style="font-size: 1px; color: white;">highly</span>at <strong>pH 4.5</strong>?</p> </div>
    </div>
    <choiceInteraction maxChoices="1" responseIdentifier="RESPONSE" shuffle="true">
      <simpleChoice fixed="true" identifier="answer_1">
        <p>
          <div id="drv_8b66" oncopy="return false;" onpaste="return false;" oncut="return false;" oncontextmenu="return false;" onmousedown="return false;" onselectstart="return false;"><span style="color: #00008B">(COOH)CH<sub>2</sub>CH(OH)COOH</span> </div>
        </p>
      </simpleChoice>
      <simpleChoice fixed="true" identifier="answer_2">
        <p>
          <div id="drv_a8d6" oncopy="return false;" onpaste="return false;" oncut="return false;" oncontextmenu="return false;" onmousedown="return false;" onselectstart="return false;">
            <span style="color: #404040">(COOH)CH<sub>2</sub>CH(OH)COO<sup>-</sup></span>
            <span style="font-size: 1px; color: white;">table</span>
          </div>
        </p>
      </simpleChoice>
      <simpleChoice fixed="true" identifier="answer_3">
        <p>
          <div id="drv_6374" oncopy="return false;" onpaste="return false;" oncut="return false;" oncontextmenu="return false;" onmousedown="return false;" onselectstart="return false;">
            <span style="color: #8B0000">(COO)CH<sub>2</sub>CH(OH)COO<sup>2-</sup></span>
            <span style="font-size: 1px; color: white;">stereo</span>
          </div>
        </p>
      </simpleChoice>
    </choiceInteraction>
  </itemBody>
  <responseProcessing>
    <responseCondition>
      <responseIf>
        <match>
          <variable identifier="RESPONSE"/>
          <correct identifier="RESPONSE"/>
        </match>
      </responseIf>
    </responseCondition>
  </responseProcessing>
</assessmentItem>
