<?xml version='1.0' encoding='UTF-8'?>
<assessmentItem xmlns="http://www.imsglobal.org/xsd/imsqti_v2p1" xmlns:xsi="http://www.w3.org/2001/XMLSchema-instance" xmlns:ns8="http://www.w3.org/1999/xlink" xmlns:ns9="http://www.imsglobal.org/xsd/apip/apipv1p0/imsapip_qtiv1p0" xsi:schemaLocation="http://www.imsglobal.org/xsd/imsqti_v2p1 http://www.imsglobal.org/xsd/qti/qtiv2p1/imsqti_v2p1.xsd" title="394a_0dbd_9d24" adaptive="false" timeDependent="false" identifier="394a_0dbd_9d24">
  <responseDeclaration baseType="identifier" cardinality="single" identifier="RESPONSE">
    <correctResponse>
      <value>answer_003</value>
    </correctResponse>
  </responseDeclaration>
  <outcomeDeclaration baseType="float" cardinality="single" identifier="SCORE"/>
  <itemBody>
    <div>
      <div id="drv_7bf5" oncopy="return false;" onpaste="return false;" oncut="return false;" oncontextmenu="return false;" onmousedown="return false;" onselectstart="return false;"><p><strong>Fumaric<span style="font-size: 1px; color: white;">brings</span>acid</strong> and<span style="font-size: 1px; color: white;">ran</span>its conjugate<span style="font-size: 1px; color: white;">target</span>base, fumarate, is<span style="font-size: 1px; color: white;">damm</span>produced<span style="font-size: 1px; color: white;">bench</span>by human<span style="font-size: 1px; color: white;">roto</span>skin when exposed<span style="font-size: 1px; color: white;">thiol</span>to<span style="font-size: 1px; color: white;">could</span>sunlight<span style="font-size: 1px; color: white;">stereo</span>and<span style="font-size: 1px; color: white;">cyclic</span>is an<span style="font-size: 1px; color: white;">sense</span>intermediate in the<span style="font-size: 1px; color: white;">death</span>citric acid cycle.</p> <p>Fumaric<span style="font-size: 1px; color: white;">chi</span>acid is<span style="font-size: 1px; color: white;">flavin</span>diprotic<span style="font-size: 1px; color: white;">three</span>with pK<sub>a</sub> values of <strong>3.03</strong> and <strong>4.44</strong>.</p> <p>Fumaric<span style="font-size: 1px; color: white;">called</span>acid<span style="font-size: 1px; color: white;">bites</span>has<span style="font-size: 1px; color: white;">candle</span>three<span style="font-size: 1px; color: white;">mali</span>possible protonation<span style="font-size: 1px; color: white;">wobble</span>states in<span style="font-size: 1px; color: white;">moment</span>the choices<span style="font-size: 1px; color: white;">close</span>below.</p> <p>Which one<span style="font-size: 1px; color: white;">tracks</span>of<span style="font-size: 1px; color: white;">stats</span>the<span style="font-size: 1px; color: white;">formed</span>following protonation states<span style="font-size: 1px; color: white;">talose</span>is<span style="font-size: 1px; color: white;">gel</span>the<span style="font-size: 1px; color: white;">jerry</span>most<span style="font-size: 1px; color: white;">influx</span>abundant<span style="font-size: 1px; color: white;">five</span>at <strong>pH 5.5</strong>?</p> <span style="font-size: 1px; color: white;">value</span></div>
    </div>
    <choiceInteraction maxChoices="1" responseIdentifier="RESPONSE" shuffle="true">
      <simpleChoice fixed="true" identifier="answer_1">
        <p>
          <div id="drv_7c19" oncopy="return false;" onpaste="return false;" oncut="return false;" oncontextmenu="return false;" onmousedown="return false;" onselectstart="return false;"><span style="color: #00008B">(COOH)CH=CH(COOH)</span> </div>
        </p>
      </simpleChoice>
      <simpleChoice fixed="true" identifier="answer_2">
        <p>
          <div id="drv_fffc" oncopy="return false;" onpaste="return false;" oncut="return false;" oncontextmenu="return false;" onmousedown="return false;" onselectstart="return false;"><span style="color: #404040">(COOH)CH=CH(COO)<sup>-</sup></span> </div>
        </p>
      </simpleChoice>
      <simpleChoice fixed="true" identifier="answer_3">
        <p>
          <div id="drv_008f" oncopy="return false;" onpaste="return false;" oncut="return false;" oncontextmenu="return false;" onmousedown="return false;" onselectstart="return false;"><span style="color: #8B0000">(COO)CH=CH(COO)<sup>2-</sup></span> </div>
        </p>
      </simpleChoice>
    </choiceInteraction>
  </itemBody>
  <responseProcessing>
    <responseCondition>
      <responseIf>
        <match>
          <variable identifier="RESPONSE"/>
          <correct identifier="RESPONSE"/>
        </match>
      </responseIf>
    </responseCondition>
  </responseProcessing>
</assessmentItem>
