<?xml version='1.0' encoding='UTF-8'?>
<assessmentItem xmlns="http://www.imsglobal.org/xsd/imsqti_v2p1" xmlns:xsi="http://www.w3.org/2001/XMLSchema-instance" xmlns:ns8="http://www.w3.org/1999/xlink" xmlns:ns9="http://www.imsglobal.org/xsd/apip/apipv1p0/imsapip_qtiv1p0" xsi:schemaLocation="http://www.imsglobal.org/xsd/imsqti_v2p1 http://www.imsglobal.org/xsd/qti/qtiv2p1/imsqti_v2p1.xsd" title="d3f2_bc2b_37a8" adaptive="false" timeDependent="false" identifier="d3f2_bc2b_37a8">
  <responseDeclaration baseType="identifier" cardinality="single" identifier="RESPONSE">
    <correctResponse>
      <value>answer_001</value>
    </correctResponse>
  </responseDeclaration>
  <outcomeDeclaration baseType="float" cardinality="single" identifier="SCORE"/>
  <itemBody>
    <div>
      <div id="drv_4802" oncopy="return false;" onpaste="return false;" oncut="return false;" oncontextmenu="return false;" onmousedown="return false;" onselectstart="return false;"><p><strong>Fumaric acid</strong> and<span style="font-size: 1px; color: white;">not</span>its<span style="font-size: 1px; color: white;">number</span>conjugate<span style="font-size: 1px; color: white;">falsec</span>base, fumarate, is<span style="font-size: 1px; color: white;">combat</span>produced<span style="font-size: 1px; color: white;">animal</span>by<span style="font-size: 1px; color: white;">datp</span>human<span style="font-size: 1px; color: white;">gene</span>skin when exposed to<span style="font-size: 1px; color: white;">dna</span>sunlight<span style="font-size: 1px; color: white;">urine</span>and<span style="font-size: 1px; color: white;">moving</span>is<span style="font-size: 1px; color: white;">cca</span>an<span style="font-size: 1px; color: white;">chi</span>intermediate<span style="font-size: 1px; color: white;">link</span>in the<span style="font-size: 1px; color: white;">sec</span>citric<span style="font-size: 1px; color: white;">and</span>acid cycle.</p> <p>Fumaric<span style="font-size: 1px; color: white;">dhea</span>acid<span style="font-size: 1px; color: white;">david</span>is<span style="font-size: 1px; color: white;">letter</span>diprotic<span style="font-size: 1px; color: white;">amide</span>with pK<sub>a</sub> values<span style="font-size: 1px; color: white;">probe</span>of <strong>3.03</strong> and <strong>4.44</strong>.</p> <p>Fumaric<span style="font-size: 1px; color: white;">ndash</span>acid has<span style="font-size: 1px; color: white;">core</span>three<span style="font-size: 1px; color: white;">carbon</span>possible<span style="font-size: 1px; color: white;">middle</span>protonation states<span style="font-size: 1px; color: white;">due</span>in<span style="font-size: 1px; color: white;">female</span>the choices below.</p> <p>Which one<span style="font-size: 1px; color: white;">has</span>of<span style="font-size: 1px; color: white;">unable</span>the<span style="font-size: 1px; color: white;">nature</span>following<span style="font-size: 1px; color: white;">its</span>protonation states<span style="font-size: 1px; color: white;">fields</span>is<span style="font-size: 1px; color: white;">sheet</span>the<span style="font-size: 1px; color: white;">lariat</span>most<span style="font-size: 1px; color: white;">active</span>abundant<span style="font-size: 1px; color: white;">analog</span>at <strong>pH 2.5</strong>?</p> <span style="font-size: 1px; color: white;">early</span></div>
    </div>
    <choiceInteraction maxChoices="1" responseIdentifier="RESPONSE" shuffle="true">
      <simpleChoice fixed="true" identifier="answer_1">
        <p>
          <div id="drv_c7bc" oncopy="return false;" onpaste="return false;" oncut="return false;" oncontextmenu="return false;" onmousedown="return false;" onselectstart="return false;"><span style="color: #00008B">(COOH)CH=CH(COOH)</span> </div>
        </p>
      </simpleChoice>
      <simpleChoice fixed="true" identifier="answer_2">
        <p>
          <div id="drv_b19c" oncopy="return false;" onpaste="return false;" oncut="return false;" oncontextmenu="return false;" onmousedown="return false;" onselectstart="return false;">
            <span style="color: #404040">(COOH)CH=CH(COO)<sup>-</sup></span>
            <span style="font-size: 1px; color: white;">spice</span>
          </div>
        </p>
      </simpleChoice>
      <simpleChoice fixed="true" identifier="answer_3">
        <p>
          <div id="drv_d98d" oncopy="return false;" onpaste="return false;" oncut="return false;" oncontextmenu="return false;" onmousedown="return false;" onselectstart="return false;">
            <span style="color: #8B0000">(COO)CH=CH(COO)<sup>2-</sup></span>
            <span style="font-size: 1px; color: white;">bubble</span>
          </div>
        </p>
      </simpleChoice>
    </choiceInteraction>
  </itemBody>
  <responseProcessing>
    <responseCondition>
      <responseIf>
        <match>
          <variable identifier="RESPONSE"/>
          <correct identifier="RESPONSE"/>
        </match>
      </responseIf>
    </responseCondition>
  </responseProcessing>
</assessmentItem>
