<?xml version='1.0' encoding='UTF-8'?>
<assessmentItem xmlns="http://www.imsglobal.org/xsd/imsqti_v2p1" xmlns:xsi="http://www.w3.org/2001/XMLSchema-instance" xmlns:ns8="http://www.w3.org/1999/xlink" xmlns:ns9="http://www.imsglobal.org/xsd/apip/apipv1p0/imsapip_qtiv1p0" xsi:schemaLocation="http://www.imsglobal.org/xsd/imsqti_v2p1 http://www.imsglobal.org/xsd/qti/qtiv2p1/imsqti_v2p1.xsd" title="de02_2ce4_d192" adaptive="false" timeDependent="false" identifier="de02_2ce4_d192">
  <responseDeclaration baseType="identifier" cardinality="single" identifier="RESPONSE">
    <correctResponse>
      <value>answer_003</value>
    </correctResponse>
  </responseDeclaration>
  <outcomeDeclaration baseType="float" cardinality="single" identifier="SCORE"/>
  <itemBody>
    <div>
      <div id="drv_6369" oncopy="return false;" onpaste="return false;" oncut="return false;" oncontextmenu="return false;" onmousedown="return false;" onselectstart="return false;"><p><strong>Malic acid</strong> and<span style="font-size: 1px; color: white;">print</span>its<span style="font-size: 1px; color: white;">give</span>conjugate<span style="font-size: 1px; color: white;">type</span>base, malate, is<span style="font-size: 1px; color: white;">nerve</span>the<span style="font-size: 1px; color: white;">base</span>main<span style="font-size: 1px; color: white;">truthd</span>acid<span style="font-size: 1px; color: white;">take</span>in<span style="font-size: 1px; color: white;">rules</span>many<span style="font-size: 1px; color: white;">iron</span>fruits<span style="font-size: 1px; color: white;">exons</span>and<span style="font-size: 1px; color: white;">exy</span>is<span style="font-size: 1px; color: white;">rarr</span>an<span style="font-size: 1px; color: white;">names</span>intermediate in<span style="font-size: 1px; color: white;">lysis</span>the citric<span style="font-size: 1px; color: white;">ligand</span>acid<span style="font-size: 1px; color: white;">being</span>cycle.</p> <p>Malic<span style="font-size: 1px; color: white;">gtag</span>acid is<span style="font-size: 1px; color: white;">weaken</span>diprotic<span style="font-size: 1px; color: white;">fan</span>with pK<sub>a</sub> values of <strong>3.40</strong> and <strong>5.20</strong>.</p> <p>Malic<span style="font-size: 1px; color: white;">caries</span>acid<span style="font-size: 1px; color: white;">savory</span>has<span style="font-size: 1px; color: white;">unable</span>three<span style="font-size: 1px; color: white;">fixed</span>possible<span style="font-size: 1px; color: white;">acts</span>protonation states in<span style="font-size: 1px; color: white;">lime</span>the<span style="font-size: 1px; color: white;">rise</span>choices below.</p> <p>Which<span style="font-size: 1px; color: white;">law</span>one<span style="font-size: 1px; color: white;">sodium</span>of<span style="font-size: 1px; color: white;">made</span>the following<span style="font-size: 1px; color: white;">sample</span>protonation<span style="font-size: 1px; color: white;">crops</span>states<span style="font-size: 1px; color: white;">mgml</span>is the<span style="font-size: 1px; color: white;">salt</span>most<span style="font-size: 1px; color: white;">gap</span>abundant<span style="font-size: 1px; color: white;">cases</span>at <strong>pH 2.5</strong>?</p> <span style="font-size: 1px; color: white;">where</span></div>
    </div>
    <choiceInteraction maxChoices="1" responseIdentifier="RESPONSE" shuffle="true">
      <simpleChoice fixed="true" identifier="answer_1">
        <p>
          <div id="drv_a8f1" oncopy="return false;" onpaste="return false;" oncut="return false;" oncontextmenu="return false;" onmousedown="return false;" onselectstart="return false;"><span style="color: #8B0000">(COO)CH<sub>2</sub>CH(OH)COO<sup>2-</sup></span> </div>
        </p>
      </simpleChoice>
      <simpleChoice fixed="true" identifier="answer_2">
        <p>
          <div id="drv_4b87" oncopy="return false;" onpaste="return false;" oncut="return false;" oncontextmenu="return false;" onmousedown="return false;" onselectstart="return false;">
            <span style="color: #404040">(COOH)CH<sub>2</sub>CH(OH)COO<sup>-</sup></span>
            <span style="font-size: 1px; color: white;">origin</span>
          </div>
        </p>
      </simpleChoice>
      <simpleChoice fixed="true" identifier="answer_3">
        <p>
          <div id="drv_112a" oncopy="return false;" onpaste="return false;" oncut="return false;" oncontextmenu="return false;" onmousedown="return false;" onselectstart="return false;">
            <span style="color: #00008B">(COOH)CH<sub>2</sub>CH(OH)COOH</span>
            <span style="font-size: 1px; color: white;">losa</span>
          </div>
        </p>
      </simpleChoice>
    </choiceInteraction>
  </itemBody>
  <responseProcessing>
    <responseCondition>
      <responseIf>
        <match>
          <variable identifier="RESPONSE"/>
          <correct identifier="RESPONSE"/>
        </match>
      </responseIf>
    </responseCondition>
  </responseProcessing>
</assessmentItem>
