<?xml version='1.0' encoding='UTF-8'?>
<assessmentItem xmlns="http://www.imsglobal.org/xsd/imsqti_v2p1" xmlns:xsi="http://www.w3.org/2001/XMLSchema-instance" xmlns:ns8="http://www.w3.org/1999/xlink" xmlns:ns9="http://www.imsglobal.org/xsd/apip/apipv1p0/imsapip_qtiv1p0" xsi:schemaLocation="http://www.imsglobal.org/xsd/imsqti_v2p1 http://www.imsglobal.org/xsd/qti/qtiv2p1/imsqti_v2p1.xsd" title="7791_7949_025f" adaptive="false" timeDependent="false" identifier="7791_7949_025f">
  <responseDeclaration baseType="identifier" cardinality="single" identifier="RESPONSE">
    <correctResponse>
      <value>answer_002</value>
    </correctResponse>
  </responseDeclaration>
  <outcomeDeclaration baseType="float" cardinality="single" identifier="SCORE"/>
  <itemBody>
    <div>
      <div id="drv_f33e" oncopy="return false;" onpaste="return false;" oncut="return false;" oncontextmenu="return false;" onmousedown="return false;" onselectstart="return false;"><p><strong>Sulfurous acid</strong> and<span style="font-size: 1px; color: white;">drug</span>its<span style="font-size: 1px; color: white;">yield</span>conjugate<span style="font-size: 1px; color: white;">itself</span>base, sulfite, occurs<span style="font-size: 1px; color: white;">method</span>naturally<span style="font-size: 1px; color: white;">idea</span>in<span style="font-size: 1px; color: white;">rpc</span>wine, but<span style="font-size: 1px; color: white;">cooh</span>larger<span style="font-size: 1px; color: white;">once</span>amounts<span style="font-size: 1px; color: white;">begins</span>are added<span style="font-size: 1px; color: white;">hsa</span>to wine<span style="font-size: 1px; color: white;">hybrid</span>to<span style="font-size: 1px; color: white;">tissue</span>stop<span style="font-size: 1px; color: white;">pushed</span>fermentation<span style="font-size: 1px; color: white;">adding</span>and<span style="font-size: 1px; color: white;">hubert</span>prevent spoilage.</p> <p>Sulfurous<span style="font-size: 1px; color: white;">garlic</span>acid<span style="font-size: 1px; color: white;">fight</span>is<span style="font-size: 1px; color: white;">bench</span>diprotic<span style="font-size: 1px; color: white;">tall</span>with<span style="font-size: 1px; color: white;">box</span>pK<sub>a</sub> values<span style="font-size: 1px; color: white;">trace</span>of <strong>1.81</strong> and <strong>6.97</strong>.</p> <p>Sulfurous<span style="font-size: 1px; color: white;">brick</span>acid<span style="font-size: 1px; color: white;">atp</span>has<span style="font-size: 1px; color: white;">gpcrs</span>three<span style="font-size: 1px; color: white;">stage</span>possible<span style="font-size: 1px; color: white;">ratio</span>protonation<span style="font-size: 1px; color: white;">act</span>states in<span style="font-size: 1px; color: white;">john</span>the<span style="font-size: 1px; color: white;">often</span>choices<span style="font-size: 1px; color: white;">ddna</span>below.</p> <p>Which<span style="font-size: 1px; color: white;">nacl</span>one<span style="font-size: 1px; color: white;">often</span>of the<span style="font-size: 1px; color: white;">him</span>following<span style="font-size: 1px; color: white;">tmv</span>protonation<span style="font-size: 1px; color: white;">shaft</span>states<span style="font-size: 1px; color: white;">room</span>is<span style="font-size: 1px; color: white;">filial</span>the most abundant at <strong>pH 6.0</strong>?</p> <span style="font-size: 1px; color: white;">core</span></div>
    </div>
    <choiceInteraction maxChoices="1" responseIdentifier="RESPONSE" shuffle="true">
      <simpleChoice fixed="true" identifier="answer_1">
        <p>
          <div id="drv_3225" oncopy="return false;" onpaste="return false;" oncut="return false;" oncontextmenu="return false;" onmousedown="return false;" onselectstart="return false;">
            <span style="color: #00008B">H<sub>2</sub>SO<sub>3</sub></span>
            <span style="font-size: 1px; color: white;">triose</span>
          </div>
        </p>
      </simpleChoice>
      <simpleChoice fixed="true" identifier="answer_2">
        <p>
          <div id="drv_4b59" oncopy="return false;" onpaste="return false;" oncut="return false;" oncontextmenu="return false;" onmousedown="return false;" onselectstart="return false;"><span style="color: #404040">HSO<sub>3</sub><sup>-</sup></span> </div>
        </p>
      </simpleChoice>
      <simpleChoice fixed="true" identifier="answer_3">
        <p>
          <div id="drv_cc08" oncopy="return false;" onpaste="return false;" oncut="return false;" oncontextmenu="return false;" onmousedown="return false;" onselectstart="return false;"><span style="color: #8B0000">SO<sub>3</sub><sup>2-</sup></span> </div>
        </p>
      </simpleChoice>
    </choiceInteraction>
  </itemBody>
  <responseProcessing>
    <responseCondition>
      <responseIf>
        <match>
          <variable identifier="RESPONSE"/>
          <correct identifier="RESPONSE"/>
        </match>
      </responseIf>
    </responseCondition>
  </responseProcessing>
</assessmentItem>
