<?xml version='1.0' encoding='UTF-8'?>
<assessmentItem xmlns="http://www.imsglobal.org/xsd/imsqti_v2p1" xmlns:xsi="http://www.w3.org/2001/XMLSchema-instance" xmlns:ns8="http://www.w3.org/1999/xlink" xmlns:ns9="http://www.imsglobal.org/xsd/apip/apipv1p0/imsapip_qtiv1p0" xsi:schemaLocation="http://www.imsglobal.org/xsd/imsqti_v2p1 http://www.imsglobal.org/xsd/qti/qtiv2p1/imsqti_v2p1.xsd" title="d4dd_ad27_4a96" adaptive="false" timeDependent="false" identifier="d4dd_ad27_4a96">
  <responseDeclaration baseType="identifier" cardinality="single" identifier="RESPONSE">
    <correctResponse>
      <value>answer_002</value>
    </correctResponse>
  </responseDeclaration>
  <outcomeDeclaration baseType="float" cardinality="single" identifier="SCORE"/>
  <itemBody>
    <div>
      <div id="drv_5106" oncopy="return false;" onpaste="return false;" oncut="return false;" oncontextmenu="return false;" onmousedown="return false;" onselectstart="return false;"><p><strong>Oxalic<span style="font-size: 1px; color: white;">unlike</span>acid</strong> and its<span style="font-size: 1px; color: white;">enter</span>conjugate<span style="font-size: 1px; color: white;">action</span>base, oxalate, is<span style="font-size: 1px; color: white;">tell</span>found<span style="font-size: 1px; color: white;">than</span>in<span style="font-size: 1px; color: white;">bullet</span>many<span style="font-size: 1px; color: white;">whose</span>plants<span style="font-size: 1px; color: white;">turn</span>and<span style="font-size: 1px; color: white;">raised</span>vegetables<span style="font-size: 1px; color: white;">snap</span>and is a product of<span style="font-size: 1px; color: white;">dof</span>metabolic processes.</p> <p>Oxalic acid<span style="font-size: 1px; color: white;">virus</span>is diprotic<span style="font-size: 1px; color: white;">modify</span>with pK<sub>a</sub> values<span style="font-size: 1px; color: white;">these</span>of <strong>1.27</strong> and <strong>4.28</strong>.</p> <p>Oxalic<span style="font-size: 1px; color: white;">brdu</span>acid<span style="font-size: 1px; color: white;">chisup</span>has<span style="font-size: 1px; color: white;">actin</span>three<span style="font-size: 1px; color: white;">counts</span>possible<span style="font-size: 1px; color: white;">fad</span>protonation<span style="font-size: 1px; color: white;">many</span>states in<span style="font-size: 1px; color: white;">ubea</span>the<span style="font-size: 1px; color: white;">lines</span>choices<span style="font-size: 1px; color: white;">serum</span>below.</p> <p>Which one of<span style="font-size: 1px; color: white;">lysine</span>the<span style="font-size: 1px; color: white;">doesnt</span>following protonation states<span style="font-size: 1px; color: white;">kill</span>is<span style="font-size: 1px; color: white;">define</span>the<span style="font-size: 1px; color: white;">wool</span>most<span style="font-size: 1px; color: white;">dibase</span>abundant<span style="font-size: 1px; color: white;">top</span>at <strong>pH 3.0</strong>?</p> <span style="font-size: 1px; color: white;">pump</span></div>
    </div>
    <choiceInteraction maxChoices="1" responseIdentifier="RESPONSE" shuffle="true">
      <simpleChoice fixed="true" identifier="answer_1">
        <p>
          <div id="drv_691d" oncopy="return false;" onpaste="return false;" oncut="return false;" oncontextmenu="return false;" onmousedown="return false;" onselectstart="return false;"><span style="color: #00008B">(COOH)<sub>2</sub></span> </div>
        </p>
      </simpleChoice>
      <simpleChoice fixed="true" identifier="answer_2">
        <p>
          <div id="drv_5b82" oncopy="return false;" onpaste="return false;" oncut="return false;" oncontextmenu="return false;" onmousedown="return false;" onselectstart="return false;">
            <span style="color: #404040">(HOOC)COO<sup>-</sup></span>
            <span style="font-size: 1px; color: white;">yeah</span>
          </div>
        </p>
      </simpleChoice>
      <simpleChoice fixed="true" identifier="answer_3">
        <p>
          <div id="drv_9c65" oncopy="return false;" onpaste="return false;" oncut="return false;" oncontextmenu="return false;" onmousedown="return false;" onselectstart="return false;">
            <span style="color: #8B0000">(COO)<sub>2</sub><sup>2-</sup></span>
            <span style="font-size: 1px; color: white;">ovum</span>
          </div>
        </p>
      </simpleChoice>
    </choiceInteraction>
  </itemBody>
  <responseProcessing>
    <responseCondition>
      <responseIf>
        <match>
          <variable identifier="RESPONSE"/>
          <correct identifier="RESPONSE"/>
        </match>
      </responseIf>
    </responseCondition>
  </responseProcessing>
</assessmentItem>
