<?xml version='1.0' encoding='UTF-8'?>
<assessmentItem xmlns="http://www.imsglobal.org/xsd/imsqti_v2p1" xmlns:xsi="http://www.w3.org/2001/XMLSchema-instance" xmlns:ns8="http://www.w3.org/1999/xlink" xmlns:ns9="http://www.imsglobal.org/xsd/apip/apipv1p0/imsapip_qtiv1p0" xsi:schemaLocation="http://www.imsglobal.org/xsd/imsqti_v2p1 http://www.imsglobal.org/xsd/qti/qtiv2p1/imsqti_v2p1.xsd" title="17b7_4db4_2d5b" adaptive="false" timeDependent="false" identifier="17b7_4db4_2d5b">
  <responseDeclaration baseType="identifier" cardinality="single" identifier="RESPONSE">
    <correctResponse>
      <value>answer_002</value>
    </correctResponse>
  </responseDeclaration>
  <outcomeDeclaration baseType="float" cardinality="single" identifier="SCORE"/>
  <itemBody>
    <div>
      <div id="drv_3560" oncopy="return false;" onpaste="return false;" oncut="return false;" oncontextmenu="return false;" onmousedown="return false;" onselectstart="return false;"><p><strong>Uric acid</strong> and its conjugate<span style="font-size: 1px; color: white;">ocean</span>base, urate, is<span style="font-size: 1px; color: white;">dollop</span>an<span style="font-size: 1px; color: white;">solve</span>end<span style="font-size: 1px; color: white;">trutha</span>product<span style="font-size: 1px; color: white;">fused</span>of nucleotide<span style="font-size: 1px; color: white;">pilus</span>purine<span style="font-size: 1px; color: white;">trait</span>metabolism..</p> <p>Uric<span style="font-size: 1px; color: white;">for</span>acid<span style="font-size: 1px; color: white;">stiff</span>is<span style="font-size: 1px; color: white;">pacbio</span>diprotic with pK<sub>a</sub> values of <strong>5.40</strong> and <strong>10.30</strong>.</p> <p>Uric acid<span style="font-size: 1px; color: white;">press</span>has<span style="font-size: 1px; color: white;">caries</span>three<span style="font-size: 1px; color: white;">actin</span>possible<span style="font-size: 1px; color: white;">ends</span>protonation states<span style="font-size: 1px; color: white;">tube</span>in<span style="font-size: 1px; color: white;">dog</span>the choices<span style="font-size: 1px; color: white;">stable</span>below.</p> <p>Which one<span style="font-size: 1px; color: white;">mgml</span>of<span style="font-size: 1px; color: white;">dough</span>the<span style="font-size: 1px; color: white;">coo</span>following<span style="font-size: 1px; color: white;">smrt</span>protonation<span style="font-size: 1px; color: white;">cheung</span>states is the<span style="font-size: 1px; color: white;">palm</span>most abundant<span style="font-size: 1px; color: white;">rise</span>at <strong>pH 6.5</strong>?</p> <span style="font-size: 1px; color: white;">flying</span></div>
    </div>
    <choiceInteraction maxChoices="1" responseIdentifier="RESPONSE" shuffle="true">
      <simpleChoice fixed="true" identifier="answer_1">
        <p>
          <div id="drv_072a" oncopy="return false;" onpaste="return false;" oncut="return false;" oncontextmenu="return false;" onmousedown="return false;" onselectstart="return false;">
            <span style="color: #8B0000">C<sub>5</sub>H<sub>2</sub>N<sub>4</sub>O<sub>3</sub><sup>2-</sup></span>
            <span style="font-size: 1px; color: white;">front</span>
          </div>
        </p>
      </simpleChoice>
      <simpleChoice fixed="true" identifier="answer_2">
        <p>
          <div id="drv_6a42" oncopy="return false;" onpaste="return false;" oncut="return false;" oncontextmenu="return false;" onmousedown="return false;" onselectstart="return false;">
            <span style="color: #404040">C<sub>5</sub>H<sub>3</sub>N<sub>4</sub>O<sub>3</sub><sup>-</sup></span>
            <span style="font-size: 1px; color: white;">color</span>
          </div>
        </p>
      </simpleChoice>
      <simpleChoice fixed="true" identifier="answer_3">
        <p>
          <div id="drv_9fe6" oncopy="return false;" onpaste="return false;" oncut="return false;" oncontextmenu="return false;" onmousedown="return false;" onselectstart="return false;">
            <span style="color: #00008B">C<sub>5</sub>H<sub>4</sub>N<sub>4</sub>O<sub>3</sub></span>
            <span style="font-size: 1px; color: white;">bird</span>
          </div>
        </p>
      </simpleChoice>
    </choiceInteraction>
  </itemBody>
  <responseProcessing>
    <responseCondition>
      <responseIf>
        <match>
          <variable identifier="RESPONSE"/>
          <correct identifier="RESPONSE"/>
        </match>
      </responseIf>
    </responseCondition>
  </responseProcessing>
</assessmentItem>
