<?xml version='1.0' encoding='UTF-8'?>
<assessmentItem xmlns="http://www.imsglobal.org/xsd/imsqti_v2p1" xmlns:xsi="http://www.w3.org/2001/XMLSchema-instance" xmlns:ns8="http://www.w3.org/1999/xlink" xmlns:ns9="http://www.imsglobal.org/xsd/apip/apipv1p0/imsapip_qtiv1p0" xsi:schemaLocation="http://www.imsglobal.org/xsd/imsqti_v2p1 http://www.imsglobal.org/xsd/qti/qtiv2p1/imsqti_v2p1.xsd" title="0d4c_68c7_d9d8" adaptive="false" timeDependent="false" identifier="0d4c_68c7_d9d8">
  <responseDeclaration baseType="identifier" cardinality="single" identifier="RESPONSE">
    <correctResponse>
      <value>answer_003</value>
    </correctResponse>
  </responseDeclaration>
  <outcomeDeclaration baseType="float" cardinality="single" identifier="SCORE"/>
  <itemBody>
    <div>
      <div id="drv_25e4" oncopy="return false;" onpaste="return false;" oncut="return false;" oncontextmenu="return false;" onmousedown="return false;" onselectstart="return false;"><p><strong>Succinic acid</strong> and<span style="font-size: 1px; color: white;">bulb</span>its<span style="font-size: 1px; color: white;">ginger</span>conjugate base, succinate, is<span style="font-size: 1px; color: white;">thin</span>an<span style="font-size: 1px; color: white;">baboth</span>intermediate in<span style="font-size: 1px; color: white;">once</span>the<span style="font-size: 1px; color: white;">corn</span>citric<span style="font-size: 1px; color: white;">bottom</span>acid<span style="font-size: 1px; color: white;">center</span>cycle<span style="font-size: 1px; color: white;">sued</span>and<span style="font-size: 1px; color: white;">truthm</span>can<span style="font-size: 1px; color: white;">drug</span>act<span style="font-size: 1px; color: white;">dfirst</span>as<span style="font-size: 1px; color: white;">force</span>a signaling<span style="font-size: 1px; color: white;">als</span>molecule reflecting<span style="font-size: 1px; color: white;">rest</span>the<span style="font-size: 1px; color: white;">filial</span>cellular<span style="font-size: 1px; color: white;">more</span>metabolic<span style="font-size: 1px; color: white;">its</span>state.</p> <p>Succinic acid<span style="font-size: 1px; color: white;">der</span>is<span style="font-size: 1px; color: white;">entire</span>diprotic<span style="font-size: 1px; color: white;">hot</span>with<span style="font-size: 1px; color: white;">within</span>pK<sub>a</sub> values<span style="font-size: 1px; color: white;">sense</span>of <strong>4.20</strong> and <strong>5.60</strong>.</p> <p>Succinic acid<span style="font-size: 1px; color: white;">ion</span>has three<span style="font-size: 1px; color: white;">wider</span>possible<span style="font-size: 1px; color: white;">curry</span>protonation states in<span style="font-size: 1px; color: white;">ceo</span>the choices below.</p> <p>Which<span style="font-size: 1px; color: white;">gfc</span>one of<span style="font-size: 1px; color: white;">falseg</span>the<span style="font-size: 1px; color: white;">lipids</span>following<span style="font-size: 1px; color: white;">track</span>protonation states<span style="font-size: 1px; color: white;">packed</span>is<span style="font-size: 1px; color: white;">joined</span>the<span style="font-size: 1px; color: white;">likely</span>most abundant<span style="font-size: 1px; color: white;">gentle</span>at <strong>pH 3.5</strong>?</p> <span style="font-size: 1px; color: white;">xdna</span></div>
    </div>
    <choiceInteraction maxChoices="1" responseIdentifier="RESPONSE" shuffle="true">
      <simpleChoice fixed="true" identifier="answer_1">
        <p>
          <div id="drv_0c93" oncopy="return false;" onpaste="return false;" oncut="return false;" oncontextmenu="return false;" onmousedown="return false;" onselectstart="return false;">
            <span style="color: #8B0000">(CH<sub>2</sub>)<sub>2</sub>(COO)<sub>2</sub><sup>2-</sup></span>
            <span style="font-size: 1px; color: white;">insect</span>
          </div>
        </p>
      </simpleChoice>
      <simpleChoice fixed="true" identifier="answer_2">
        <p>
          <div id="drv_fcea" oncopy="return false;" onpaste="return false;" oncut="return false;" oncontextmenu="return false;" onmousedown="return false;" onselectstart="return false;"><span style="color: #404040">(CH<sub>2</sub>)<sub>2</sub>(COOH)(COO)<sup>-</sup></span> </div>
        </p>
      </simpleChoice>
      <simpleChoice fixed="true" identifier="answer_3">
        <p>
          <div id="drv_8adc" oncopy="return false;" onpaste="return false;" oncut="return false;" oncontextmenu="return false;" onmousedown="return false;" onselectstart="return false;">
            <span style="color: #00008B">(CH<sub>2</sub>)<sub>2</sub>(COOH)<sub>2</sub></span>
            <span style="font-size: 1px; color: white;">grow</span>
          </div>
        </p>
      </simpleChoice>
    </choiceInteraction>
  </itemBody>
  <responseProcessing>
    <responseCondition>
      <responseIf>
        <match>
          <variable identifier="RESPONSE"/>
          <correct identifier="RESPONSE"/>
        </match>
      </responseIf>
    </responseCondition>
  </responseProcessing>
</assessmentItem>
