<?xml version='1.0' encoding='UTF-8'?>
<assessmentItem xmlns="http://www.imsglobal.org/xsd/imsqti_v2p1" xmlns:xsi="http://www.w3.org/2001/XMLSchema-instance" xmlns:ns8="http://www.w3.org/1999/xlink" xmlns:ns9="http://www.imsglobal.org/xsd/apip/apipv1p0/imsapip_qtiv1p0" xsi:schemaLocation="http://www.imsglobal.org/xsd/imsqti_v2p1 http://www.imsglobal.org/xsd/qti/qtiv2p1/imsqti_v2p1.xsd" title="82a5_3f4b_5a86" adaptive="false" timeDependent="false" identifier="82a5_3f4b_5a86">
  <responseDeclaration baseType="identifier" cardinality="single" identifier="RESPONSE">
    <correctResponse>
      <value>answer_001</value>
    </correctResponse>
  </responseDeclaration>
  <outcomeDeclaration baseType="float" cardinality="single" identifier="SCORE"/>
  <itemBody>
    <div>
      <div id="drv_68f4" oncopy="return false;" onpaste="return false;" oncut="return false;" oncontextmenu="return false;" onmousedown="return false;" onselectstart="return false;"><p><strong>Fumaric<span style="font-size: 1px; color: white;">zygote</span>acid</strong> and<span style="font-size: 1px; color: white;">must</span>its<span style="font-size: 1px; color: white;">form</span>conjugate base, fumarate, is produced<span style="font-size: 1px; color: white;">will</span>by human<span style="font-size: 1px; color: white;">repel</span>skin<span style="font-size: 1px; color: white;">place</span>when<span style="font-size: 1px; color: white;">water</span>exposed<span style="font-size: 1px; color: white;">twice</span>to<span style="font-size: 1px; color: white;">suns</span>sunlight<span style="font-size: 1px; color: white;">most</span>and<span style="font-size: 1px; color: white;">causes</span>is<span style="font-size: 1px; color: white;">truthd</span>an intermediate<span style="font-size: 1px; color: white;">deltah</span>in the<span style="font-size: 1px; color: white;">taste</span>citric<span style="font-size: 1px; color: white;">proton</span>acid<span style="font-size: 1px; color: white;">acetic</span>cycle.</p> <p>Fumaric<span style="font-size: 1px; color: white;">herpes</span>acid<span style="font-size: 1px; color: white;">navy</span>is<span style="font-size: 1px; color: white;">bbonly</span>diprotic<span style="font-size: 1px; color: white;">leaven</span>with pK<sub>a</sub> values<span style="font-size: 1px; color: white;">knew</span>of <strong>3.03</strong> and <strong>4.44</strong>.</p> <p>Fumaric acid<span style="font-size: 1px; color: white;">design</span>has<span style="font-size: 1px; color: white;">bond</span>three<span style="font-size: 1px; color: white;">thrive</span>possible<span style="font-size: 1px; color: white;">aid</span>protonation states<span style="font-size: 1px; color: white;">ran</span>in<span style="font-size: 1px; color: white;">dop</span>the<span style="font-size: 1px; color: white;">mental</span>choices<span style="font-size: 1px; color: white;">bodys</span>below.</p> <p>Which<span style="font-size: 1px; color: white;">extent</span>one<span style="font-size: 1px; color: white;">bursts</span>of<span style="font-size: 1px; color: white;">scalex</span>the following<span style="font-size: 1px; color: white;">some</span>protonation<span style="font-size: 1px; color: white;">city</span>states<span style="font-size: 1px; color: white;">topic</span>is the<span style="font-size: 1px; color: white;">blood</span>most<span style="font-size: 1px; color: white;">its</span>abundant<span style="font-size: 1px; color: white;">evolve</span>at <strong>pH 5.0</strong>?</p> <span style="font-size: 1px; color: white;">either</span></div>
    </div>
    <choiceInteraction maxChoices="1" responseIdentifier="RESPONSE" shuffle="true">
      <simpleChoice fixed="true" identifier="answer_1">
        <p>
          <div id="drv_921c" oncopy="return false;" onpaste="return false;" oncut="return false;" oncontextmenu="return false;" onmousedown="return false;" onselectstart="return false;"><span style="color: #8B0000">(COO)CH=CH(COO)<sup>2-</sup></span> </div>
        </p>
      </simpleChoice>
      <simpleChoice fixed="true" identifier="answer_2">
        <p>
          <div id="drv_0039" oncopy="return false;" onpaste="return false;" oncut="return false;" oncontextmenu="return false;" onmousedown="return false;" onselectstart="return false;">
            <span style="color: #404040">(COOH)CH=CH(COO)<sup>-</sup></span>
            <span style="font-size: 1px; color: white;">thf</span>
          </div>
        </p>
      </simpleChoice>
      <simpleChoice fixed="true" identifier="answer_3">
        <p>
          <div id="drv_624c" oncopy="return false;" onpaste="return false;" oncut="return false;" oncontextmenu="return false;" onmousedown="return false;" onselectstart="return false;">
            <span style="color: #00008B">(COOH)CH=CH(COOH)</span>
            <span style="font-size: 1px; color: white;">trutha</span>
          </div>
        </p>
      </simpleChoice>
    </choiceInteraction>
  </itemBody>
  <responseProcessing>
    <responseCondition>
      <responseIf>
        <match>
          <variable identifier="RESPONSE"/>
          <correct identifier="RESPONSE"/>
        </match>
      </responseIf>
    </responseCondition>
  </responseProcessing>
</assessmentItem>
