<?xml version='1.0' encoding='UTF-8'?>
<assessmentItem xmlns="http://www.imsglobal.org/xsd/imsqti_v2p1" xmlns:xsi="http://www.w3.org/2001/XMLSchema-instance" xmlns:ns8="http://www.w3.org/1999/xlink" xmlns:ns9="http://www.imsglobal.org/xsd/apip/apipv1p0/imsapip_qtiv1p0" xsi:schemaLocation="http://www.imsglobal.org/xsd/imsqti_v2p1 http://www.imsglobal.org/xsd/qti/qtiv2p1/imsqti_v2p1.xsd" title="2a3d_434e_5708" adaptive="false" timeDependent="false" identifier="2a3d_434e_5708">
  <responseDeclaration baseType="identifier" cardinality="single" identifier="RESPONSE">
    <correctResponse>
      <value>answer_004</value>
    </correctResponse>
  </responseDeclaration>
  <outcomeDeclaration baseType="float" cardinality="single" identifier="SCORE"/>
  <itemBody>
    <div>
      <div id="drv_8ea0" oncopy="return false;" onpaste="return false;" oncut="return false;" oncontextmenu="return false;" onmousedown="return false;" onselectstart="return false;"><script src="https://unpkg.com/@rdkit/rdkit/dist/RDKit_minimal.js"/><h4>peptide_ca39</h4><p><canvas id="canvas_cc70" width="480" height="512"/></p><hr/><script>/* */initRDKitModule().then(function(instance){RDKitModule=instance;console.log("RDKit:"+RDKitModule.version());/* */function/* */getPeptideBonds(mol){let/* */peptide_bond="CC(=O)NC";let/* */qmol=window.RDKitModule.get_qmol(peptide_bond);let/* */matches=JSON.parse(mol.get_substruct_matches(qmol));let/* */aggregatedBonds=[];for(let/* */i=0;i&lt;matches.length;i++){match=matches[i];if(Array.isArray(match["bonds"])){aggregatedBonds.push(match["bonds"].slice(-2)[0]);}}return/* */aggregatedBonds;}let/* */smiles="[NH3+][C@@H]([C@H](O)C)(C(=O)N[C@@H](CCCC[NH3+])(C(=O)N[C@@H](CCC(=O)[O-])(C(=O)N[C@@H](CO)(C(=O)[O-]))))";let/* */mol=RDKitModule.get_mol(smiles);let/* */mdetails={};mdetails["bonds"]=getPeptideBonds(mol);mdetails["atoms"]=[0];mdetails["highlightColour"]=[0,1,0];mdetails["legend"]="peptide_ca39";mdetails["explicitMethyl"]=true;canvas=document.getElementById("canvas_cc70");mol.draw_to_canvas_with_highlights(canvas,JSON.stringify(mdetails));});/* */</script> <p>A tetrapeptide<span style="font-size: 1px; color: white;">midway</span>is made<span style="font-size: 1px; color: white;">check</span>up<span style="font-size: 1px; color: white;">balm</span>of<span style="font-size: 1px; color: white;">how</span>four (4) amino acids. The figure above<span style="font-size: 1px; color: white;">also</span>shows<span style="font-size: 1px; color: white;">anchor</span>one such<span style="font-size: 1px; color: white;">play</span>tetrapeptide<span style="font-size: 1px; color: white;">betame</span>with<span style="font-size: 1px; color: white;">zinc</span>an<span style="font-size: 1px; color: white;">gun</span>unknown<span style="font-size: 1px; color: white;">city</span>sequence. Your<span style="font-size: 1px; color: white;">muscle</span>task<span style="font-size: 1px; color: white;">that</span>is<span style="font-size: 1px; color: white;">savory</span>to<span style="font-size: 1px; color: white;">exy</span>find<span style="font-size: 1px; color: white;">each</span>out<span style="font-size: 1px; color: white;">insect</span>the<span style="font-size: 1px; color: white;">gets</span>four (4) letter<span style="font-size: 1px; color: white;">fluid</span>sequence<span style="font-size: 1px; color: white;">turned</span>of<span style="font-size: 1px; color: white;">values</span>this<span style="font-size: 1px; color: white;">ran</span>tetrapeptide.</p> <p>Here<span style="font-size: 1px; color: white;">dprime</span>is a step-by-step<span style="font-size: 1px; color: white;">day</span>guide<span style="font-size: 1px; color: white;">true</span>to help you answer the<span style="font-size: 1px; color: white;">only</span>question:</p> <ol> <li style="margin-bottom: 20px;">Consult<span style="font-size: 1px; color: white;">turner</span>an<span style="font-size: 1px; color: white;">purify</span>amino<span style="font-size: 1px; color: white;">nature</span>acid<span style="font-size: 1px; color: white;">valve</span>guide<span style="font-size: 1px; color: white;">xxy</span>for<span style="font-size: 1px; color: white;">drift</span>reference. You can<span style="font-size: 1px; color: white;">midway</span>find<span style="font-size: 1px; color: white;">talose</span>a PDF guide on Blackboard<span style="font-size: 1px; color: white;">arms</span>under "Exam<span style="font-size: 1px; color: white;">thin</span>and Quiz" in<span style="font-size: 1px; color: white;">least</span>the "Old Exams" section, with<span style="font-size: 1px; color: white;">clamp</span>the<span style="font-size: 1px; color: white;">rapid</span>filename <a href="https://drive.google.com/file/d/1Mgum_TmZ71-XIjb38sStEpzzZLqkQb-W/view?usp=sharing">bchm_exam-help_sheet.pdf</a>, or search<span style="font-size: 1px; color: white;">shear</span>online<span style="font-size: 1px; color: white;">book</span>for<span style="font-size: 1px; color: white;">brick</span>a visual<span style="font-size: 1px; color: white;">mucus</span>guide<span style="font-size: 1px; color: white;">butter</span>that shows<span style="font-size: 1px; color: white;">this</span>all 20 amino<span style="font-size: 1px; color: white;">falsej</span>acids<span style="font-size: 1px; color: white;">prime</span>with their<span style="font-size: 1px; color: white;">else</span>single-letter<span style="font-size: 1px; color: white;">run</span>codes.</li> <li style="margin-bottom: 20px;">Identify<span style="font-size: 1px; color: white;">oneway</span>the<span style="font-size: 1px; color: white;">acted</span>amino-terminal<span style="font-size: 1px; color: white;">reveal</span>end, represented<span style="font-size: 1px; color: white;">column</span>as <span style="padding: 2px; color: #0000cc; background-color: #66ff66;">NH<sub>3</sub><sup>+</sup></span> and<span style="font-size: 1px; color: white;">rarr</span>highlighted<span style="font-size: 1px; color: white;">lyxose</span>in<span style="font-size: 1px; color: white;">upon</span>bright<span style="font-size: 1px; color: white;">flavin</span>green. Distinguish between<span style="font-size: 1px; color: white;">print</span>the<span style="font-size: 1px; color: white;">black</span>general<span style="font-size: 1px; color: white;">rapid</span>nitrogens<span style="font-size: 1px; color: white;">square</span>in<span style="font-size: 1px; color: white;">oral</span>amino<span style="font-size: 1px; color: white;">bform</span>acid<span style="font-size: 1px; color: white;">bform</span>backbones (denoted<span style="font-size: 1px; color: white;">earth</span>as <span style="color:#0000cc">NH</span>) and the<span style="font-size: 1px; color: white;">blades</span>nitrogen<span style="font-size: 1px; color: white;">pacbio</span>in<span style="font-size: 1px; color: white;">niagra</span>amino acid<span style="font-size: 1px; color: white;">ball</span>side<span style="font-size: 1px; color: white;">naming</span>chains.</li> <li style="margin-bottom: 20px;">The<span style="font-size: 1px; color: white;">harass</span>three (3) peptide<span style="font-size: 1px; color: white;">thread</span>bonds connecting<span style="font-size: 1px; color: white;">apple</span>the<span style="font-size: 1px; color: white;">down</span>four (4) amino acids<span style="font-size: 1px; color: white;">mucus</span>are<span style="font-size: 1px; color: white;">are</span>highlighted<span style="font-size: 1px; color: white;">per</span>in <span style="background-color: #00FF00; padding: 2px;">bright green</span>, making it<span style="font-size: 1px; color: white;">scales</span>easier<span style="font-size: 1px; color: white;">eggs</span>to<span style="font-size: 1px; color: white;">relys</span>distinguish<span style="font-size: 1px; color: white;">hill</span>the<span style="font-size: 1px; color: white;">access</span>four (4) amino<span style="font-size: 1px; color: white;">dfirst</span>acids.</li> <li style="margin-bottom: 20px;">Examine<span style="font-size: 1px; color: white;">serve</span>the<span style="font-size: 1px; color: white;">page</span>side<span style="font-size: 1px; color: white;">bind</span>chain<span style="font-size: 1px; color: white;">finger</span>for each of<span style="font-size: 1px; color: white;">hard</span>the<span style="font-size: 1px; color: white;">mix</span>four (4) amino<span style="font-size: 1px; color: white;">link</span>acids<span style="font-size: 1px; color: white;">insert</span>to determine their<span style="font-size: 1px; color: white;">serine</span>single-letter<span style="font-size: 1px; color: white;">scores</span>amino<span style="font-size: 1px; color: white;">what</span>acid<span style="font-size: 1px; color: white;">asite</span>code.</li> <li style="margin-bottom: 20px;">List<span style="font-size: 1px; color: white;">order</span>the<span style="font-size: 1px; color: white;">treats</span>single-letter amino<span style="font-size: 1px; color: white;">neck</span>acid<span style="font-size: 1px; color: white;">adult</span>codes<span style="font-size: 1px; color: white;">other</span>in<span style="font-size: 1px; color: white;">gene</span>the<span style="font-size: 1px; color: white;">well</span>amino<span style="font-size: 1px; color: white;">urine</span>to<span style="font-size: 1px; color: white;">term</span>carboxyl (N→C) direction. This<span style="font-size: 1px; color: white;">coli</span>is the standard<span style="font-size: 1px; color: white;">making</span>method<span style="font-size: 1px; color: white;">kidney</span>for writing<span style="font-size: 1px; color: white;">greek</span>peptide<span style="font-size: 1px; color: white;">works</span>sequences.</li> </ol> <p>Select<span style="font-size: 1px; color: white;">share</span>the<span style="font-size: 1px; color: white;">sos</span>correct<span style="font-size: 1px; color: white;">basic</span>peptide<span style="font-size: 1px; color: white;">these</span>sequence from<span style="font-size: 1px; color: white;">trnas</span>the options below:</p> <span style="font-size: 1px; color: white;">milk</span></div>
    </div>
    <choiceInteraction maxChoices="1" responseIdentifier="RESPONSE" shuffle="true">
      <simpleChoice fixed="true" identifier="answer_1">
        <p>
          <div id="drv_87b8" oncopy="return false;" onpaste="return false;" oncut="return false;" oncontextmenu="return false;" onmousedown="return false;" onselectstart="return false;">NKES </div>
        </p>
      </simpleChoice>
      <simpleChoice fixed="true" identifier="answer_2">
        <p>
          <div id="drv_4193" oncopy="return false;" onpaste="return false;" oncut="return false;" oncontextmenu="return false;" onmousedown="return false;" onselectstart="return false;">TEPS </div>
        </p>
      </simpleChoice>
      <simpleChoice fixed="true" identifier="answer_3">
        <p>
          <div id="drv_f7c7" oncopy="return false;" onpaste="return false;" oncut="return false;" oncontextmenu="return false;" onmousedown="return false;" onselectstart="return false;">KMES </div>
        </p>
      </simpleChoice>
      <simpleChoice fixed="true" identifier="answer_4">
        <p>
          <div id="drv_1d25" oncopy="return false;" onpaste="return false;" oncut="return false;" oncontextmenu="return false;" onmousedown="return false;" onselectstart="return false;">TKES<span style="font-size: 1px; color: white;">method</span></div>
        </p>
      </simpleChoice>
      <simpleChoice fixed="true" identifier="answer_5">
        <p>
          <div id="drv_fd71" oncopy="return false;" onpaste="return false;" oncut="return false;" oncontextmenu="return false;" onmousedown="return false;" onselectstart="return false;">AEKS </div>
        </p>
      </simpleChoice>
      <simpleChoice fixed="true" identifier="answer_6">
        <p>
          <div id="drv_efcd" oncopy="return false;" onpaste="return false;" oncut="return false;" oncontextmenu="return false;" onmousedown="return false;" onselectstart="return false;">MMEQ<span style="font-size: 1px; color: white;">last</span></div>
        </p>
      </simpleChoice>
    </choiceInteraction>
  </itemBody>
  <responseProcessing>
    <responseCondition>
      <responseIf>
        <match>
          <variable identifier="RESPONSE"/>
          <correct identifier="RESPONSE"/>
        </match>
      </responseIf>
    </responseCondition>
  </responseProcessing>
</assessmentItem>
