<?xml version='1.0' encoding='UTF-8'?>
<assessmentItem xmlns="http://www.imsglobal.org/xsd/imsqti_v2p1" xmlns:xsi="http://www.w3.org/2001/XMLSchema-instance" xmlns:ns8="http://www.w3.org/1999/xlink" xmlns:ns9="http://www.imsglobal.org/xsd/apip/apipv1p0/imsapip_qtiv1p0" xsi:schemaLocation="http://www.imsglobal.org/xsd/imsqti_v2p1 http://www.imsglobal.org/xsd/qti/qtiv2p1/imsqti_v2p1.xsd" title="4d52_9748_3a5e" adaptive="false" timeDependent="false" identifier="4d52_9748_3a5e">
  <responseDeclaration baseType="identifier" cardinality="single" identifier="RESPONSE">
    <correctResponse>
      <value>answer_004</value>
    </correctResponse>
  </responseDeclaration>
  <outcomeDeclaration baseType="float" cardinality="single" identifier="SCORE"/>
  <itemBody>
    <div>
      <div id="drv_75ec" oncopy="return false;" onpaste="return false;" oncut="return false;" oncontextmenu="return false;" onmousedown="return false;" onselectstart="return false;"><script src="https://unpkg.com/@rdkit/rdkit/dist/RDKit_minimal.js"/><h4>peptide_6744</h4><p><canvas id="canvas_7a4d" width="480" height="512"/></p><hr/><script>/* */initRDKitModule().then(function(instance){RDKitModule=instance;console.log("RDKit:"+RDKitModule.version());/* */function/* */getPeptideBonds(mol){let/* */peptide_bond="CC(=O)NC";let/* */qmol=window.RDKitModule.get_qmol(peptide_bond);let/* */matches=JSON.parse(mol.get_substruct_matches(qmol));let/* */aggregatedBonds=[];for(let/* */i=0;i&lt;matches.length;i++){match=matches[i];if(Array.isArray(match["bonds"])){aggregatedBonds.push(match["bonds"].slice(-2)[0]);}}return/* */aggregatedBonds;}let/* */smiles="[NH3+][C@@H](CC1=CC=C2C(=C1)C(=CN2))(C(=O)N[C@@H](CC(=O)[O-])(C(=O)N[C@@H](CCSC)(C(=O)N[C@@H](CCCC[NH3+])(C(=O)[O-]))))";let/* */mol=RDKitModule.get_mol(smiles);let/* */mdetails={};mdetails["bonds"]=getPeptideBonds(mol);mdetails["atoms"]=[0];mdetails["highlightColour"]=[0,1,0];mdetails["legend"]="peptide_6744";mdetails["explicitMethyl"]=true;canvas=document.getElementById("canvas_7a4d");mol.draw_to_canvas_with_highlights(canvas,JSON.stringify(mdetails));});/* */</script> <p>A tetrapeptide is made<span style="font-size: 1px; color: white;">plays</span>up of four (4) amino acids. The<span style="font-size: 1px; color: white;">coat</span>figure<span style="font-size: 1px; color: white;">match</span>above<span style="font-size: 1px; color: white;">spin</span>shows<span style="font-size: 1px; color: white;">teal</span>one<span style="font-size: 1px; color: white;">helps</span>such<span style="font-size: 1px; color: white;">served</span>tetrapeptide<span style="font-size: 1px; color: white;">number</span>with an<span style="font-size: 1px; color: white;">unite</span>unknown<span style="font-size: 1px; color: white;">suns</span>sequence. Your<span style="font-size: 1px; color: white;">last</span>task<span style="font-size: 1px; color: white;">idose</span>is<span style="font-size: 1px; color: white;">bfd</span>to find out<span style="font-size: 1px; color: white;">fusion</span>the<span style="font-size: 1px; color: white;">non</span>four (4) letter sequence of<span style="font-size: 1px; color: white;">ketose</span>this<span style="font-size: 1px; color: white;">pass</span>tetrapeptide.</p> <p>Here<span style="font-size: 1px; color: white;">stop</span>is<span style="font-size: 1px; color: white;">dprime</span>a step-by-step guide<span style="font-size: 1px; color: white;">choice</span>to<span style="font-size: 1px; color: white;">net</span>help<span style="font-size: 1px; color: white;">her</span>you<span style="font-size: 1px; color: white;">nadph</span>answer<span style="font-size: 1px; color: white;">rings</span>the<span style="font-size: 1px; color: white;">lost</span>question:</p> <ol> <li style="margin-bottom: 20px;">Consult<span style="font-size: 1px; color: white;">spins</span>an<span style="font-size: 1px; color: white;">among</span>amino<span style="font-size: 1px; color: white;">coo</span>acid<span style="font-size: 1px; color: white;">forkbr</span>guide<span style="font-size: 1px; color: white;">just</span>for reference. You can<span style="font-size: 1px; color: white;">ketone</span>find<span style="font-size: 1px; color: white;">more</span>a PDF guide<span style="font-size: 1px; color: white;">meters</span>on Blackboard under "Exam and Quiz" in the "Old Exams" section, with<span style="font-size: 1px; color: white;">dob</span>the<span style="font-size: 1px; color: white;">data</span>filename <a href="https://drive.google.com/file/d/1Mgum_TmZ71-XIjb38sStEpzzZLqkQb-W/view?usp=sharing">bchm_exam-help_sheet.pdf</a>, or<span style="font-size: 1px; color: white;">closer</span>search<span style="font-size: 1px; color: white;">milk</span>online<span style="font-size: 1px; color: white;">fluid</span>for a visual<span style="font-size: 1px; color: white;">triple</span>guide<span style="font-size: 1px; color: white;">dmd</span>that<span style="font-size: 1px; color: white;">lyxose</span>shows<span style="font-size: 1px; color: white;">pair</span>all 20 amino<span style="font-size: 1px; color: white;">forest</span>acids<span style="font-size: 1px; color: white;">truthl</span>with their single-letter codes.</li> <li style="margin-bottom: 20px;">Identify<span style="font-size: 1px; color: white;">target</span>the<span style="font-size: 1px; color: white;">fusion</span>amino-terminal end, represented<span style="font-size: 1px; color: white;">damm</span>as <span style="padding: 2px; color: #0000cc; background-color: #66ff66;">NH<sub>3</sub><sup>+</sup></span> and<span style="font-size: 1px; color: white;">hiv</span>highlighted in<span style="font-size: 1px; color: white;">hard</span>bright green. Distinguish between<span style="font-size: 1px; color: white;">kayak</span>the<span style="font-size: 1px; color: white;">last</span>general<span style="font-size: 1px; color: white;">pilus</span>nitrogens<span style="font-size: 1px; color: white;">ssh</span>in<span style="font-size: 1px; color: white;">reveal</span>amino acid<span style="font-size: 1px; color: white;">major</span>backbones (denoted<span style="font-size: 1px; color: white;">niagra</span>as <span style="color:#0000cc">NH</span>) and<span style="font-size: 1px; color: white;">keys</span>the<span style="font-size: 1px; color: white;">acspan</span>nitrogen<span style="font-size: 1px; color: white;">nobel</span>in amino<span style="font-size: 1px; color: white;">using</span>acid side<span style="font-size: 1px; color: white;">soil</span>chains.</li> <li style="margin-bottom: 20px;">The<span style="font-size: 1px; color: white;">dfirst</span>three (3) peptide bonds<span style="font-size: 1px; color: white;">reduce</span>connecting the<span style="font-size: 1px; color: white;">along</span>four (4) amino acids are highlighted<span style="font-size: 1px; color: white;">rattat</span>in <span style="background-color: #00FF00; padding: 2px;">bright<span style="font-size: 1px; color: white;">net</span>green</span>, making<span style="font-size: 1px; color: white;">falsel</span>it<span style="font-size: 1px; color: white;">gap</span>easier<span style="font-size: 1px; color: white;">eye</span>to<span style="font-size: 1px; color: white;">gene</span>distinguish<span style="font-size: 1px; color: white;">below</span>the<span style="font-size: 1px; color: white;">kinase</span>four (4) amino acids.</li> <li style="margin-bottom: 20px;">Examine the<span style="font-size: 1px; color: white;">four</span>side<span style="font-size: 1px; color: white;">blocks</span>chain for<span style="font-size: 1px; color: white;">faulty</span>each<span style="font-size: 1px; color: white;">spot</span>of<span style="font-size: 1px; color: white;">well</span>the<span style="font-size: 1px; color: white;">iiei</span>four (4) amino acids to<span style="font-size: 1px; color: white;">only</span>determine<span style="font-size: 1px; color: white;">dhea</span>their<span style="font-size: 1px; color: white;">brna</span>single-letter amino<span style="font-size: 1px; color: white;">waals</span>acid code.</li> <li style="margin-bottom: 20px;">List<span style="font-size: 1px; color: white;">erna</span>the single-letter<span style="font-size: 1px; color: white;">batp</span>amino<span style="font-size: 1px; color: white;">per</span>acid<span style="font-size: 1px; color: white;">chance</span>codes<span style="font-size: 1px; color: white;">pvalue</span>in<span style="font-size: 1px; color: white;">erika</span>the<span style="font-size: 1px; color: white;">begg</span>amino to<span style="font-size: 1px; color: white;">range</span>carboxyl (N→C) direction. This<span style="font-size: 1px; color: white;">flavin</span>is<span style="font-size: 1px; color: white;">amide</span>the standard<span style="font-size: 1px; color: white;">losa</span>method<span style="font-size: 1px; color: white;">though</span>for<span style="font-size: 1px; color: white;">leonor</span>writing peptide<span style="font-size: 1px; color: white;">unlit</span>sequences.</li> </ol> <p>Select<span style="font-size: 1px; color: white;">from</span>the correct<span style="font-size: 1px; color: white;">skin</span>peptide sequence from<span style="font-size: 1px; color: white;">donkey</span>the options<span style="font-size: 1px; color: white;">third</span>below:</p> <span style="font-size: 1px; color: white;">sos</span></div>
    </div>
    <choiceInteraction maxChoices="1" responseIdentifier="RESPONSE" shuffle="true">
      <simpleChoice fixed="true" identifier="answer_1">
        <p>
          <div id="drv_8cdd" oncopy="return false;" onpaste="return false;" oncut="return false;" oncontextmenu="return false;" onmousedown="return false;" onselectstart="return false;">PDKM<span style="font-size: 1px; color: white;">male</span></div>
        </p>
      </simpleChoice>
      <simpleChoice fixed="true" identifier="answer_2">
        <p>
          <div id="drv_43b6" oncopy="return false;" onpaste="return false;" oncut="return false;" oncontextmenu="return false;" onmousedown="return false;" onselectstart="return false;">WDCW<span style="font-size: 1px; color: white;">better</span></div>
        </p>
      </simpleChoice>
      <simpleChoice fixed="true" identifier="answer_3">
        <p>
          <div id="drv_3312" oncopy="return false;" onpaste="return false;" oncut="return false;" oncontextmenu="return false;" onmousedown="return false;" onselectstart="return false;">WDED </div>
        </p>
      </simpleChoice>
      <simpleChoice fixed="true" identifier="answer_4">
        <p>
          <div id="drv_9a62" oncopy="return false;" onpaste="return false;" oncut="return false;" oncontextmenu="return false;" onmousedown="return false;" onselectstart="return false;">WDMK </div>
        </p>
      </simpleChoice>
      <simpleChoice fixed="true" identifier="answer_5">
        <p>
          <div id="drv_385c" oncopy="return false;" onpaste="return false;" oncut="return false;" oncontextmenu="return false;" onmousedown="return false;" onselectstart="return false;">SWMQ<span style="font-size: 1px; color: white;">span</span></div>
        </p>
      </simpleChoice>
      <simpleChoice fixed="true" identifier="answer_6">
        <p>
          <div id="drv_17a4" oncopy="return false;" onpaste="return false;" oncut="return false;" oncontextmenu="return false;" onmousedown="return false;" onselectstart="return false;">SKQK </div>
        </p>
      </simpleChoice>
    </choiceInteraction>
  </itemBody>
  <responseProcessing>
    <responseCondition>
      <responseIf>
        <match>
          <variable identifier="RESPONSE"/>
          <correct identifier="RESPONSE"/>
        </match>
      </responseIf>
    </responseCondition>
  </responseProcessing>
</assessmentItem>
