<?xml version='1.0' encoding='UTF-8'?>
<assessmentItem xmlns="http://www.imsglobal.org/xsd/imsqti_v2p1" xmlns:xsi="http://www.w3.org/2001/XMLSchema-instance" xmlns:ns8="http://www.w3.org/1999/xlink" xmlns:ns9="http://www.imsglobal.org/xsd/apip/apipv1p0/imsapip_qtiv1p0" xsi:schemaLocation="http://www.imsglobal.org/xsd/imsqti_v2p1 http://www.imsglobal.org/xsd/qti/qtiv2p1/imsqti_v2p1.xsd" title="ff14_29e8_e7d2" adaptive="false" timeDependent="false" identifier="ff14_29e8_e7d2">
  <responseDeclaration baseType="identifier" cardinality="single" identifier="RESPONSE">
    <correctResponse>
      <value>answer_001</value>
    </correctResponse>
  </responseDeclaration>
  <outcomeDeclaration baseType="float" cardinality="single" identifier="SCORE"/>
  <itemBody>
    <div>
      <div id="drv_8f39" oncopy="return false;" onpaste="return false;" oncut="return false;" oncontextmenu="return false;" onmousedown="return false;" onselectstart="return false;"><script src="https://unpkg.com/@rdkit/rdkit/dist/RDKit_minimal.js"/><h4>peptide_1db3</h4><p><canvas id="canvas_81bf" width="480" height="512"/></p><hr/><script>/* */initRDKitModule().then(function(instance){RDKitModule=instance;console.log("RDKit:"+RDKitModule.version());/* */function/* */getPeptideBonds(mol){let/* */peptide_bond="CC(=O)NC";let/* */qmol=window.RDKitModule.get_qmol(peptide_bond);let/* */matches=JSON.parse(mol.get_substruct_matches(qmol));let/* */aggregatedBonds=[];for(let/* */i=0;i&lt;matches.length;i++){match=matches[i];if(Array.isArray(match["bonds"])){aggregatedBonds.push(match["bonds"].slice(-2)[0]);}}return/* */aggregatedBonds;}let/* */smiles="[NH3+][C@@H](C)(C(=O)N[C@@H](CC(=O)N)(C(=O)N[C@@H](CCSC)(C(=O)N[C@@H](CS)(C(=O)[O-]))))";let/* */mol=RDKitModule.get_mol(smiles);let/* */mdetails={};mdetails["bonds"]=getPeptideBonds(mol);mdetails["atoms"]=[0];mdetails["highlightColour"]=[0,1,0];mdetails["legend"]="peptide_1db3";mdetails["explicitMethyl"]=true;canvas=document.getElementById("canvas_81bf");mol.draw_to_canvas_with_highlights(canvas,JSON.stringify(mdetails));});/* */</script> <p>A tetrapeptide<span style="font-size: 1px; color: white;">print</span>is made<span style="font-size: 1px; color: white;">models</span>up of<span style="font-size: 1px; color: white;">gyrase</span>four (4) amino<span style="font-size: 1px; color: white;">joins</span>acids. The<span style="font-size: 1px; color: white;">joins</span>figure<span style="font-size: 1px; color: white;">pcr</span>above<span style="font-size: 1px; color: white;">diving</span>shows<span style="font-size: 1px; color: white;">sec</span>one<span style="font-size: 1px; color: white;">rtkzz</span>such tetrapeptide with<span style="font-size: 1px; color: white;">yaml</span>an unknown<span style="font-size: 1px; color: white;">does</span>sequence. Your<span style="font-size: 1px; color: white;">doesnt</span>task<span style="font-size: 1px; color: white;">brdu</span>is<span style="font-size: 1px; color: white;">david</span>to<span style="font-size: 1px; color: white;">stiff</span>find out<span style="font-size: 1px; color: white;">porous</span>the<span style="font-size: 1px; color: white;">which</span>four (4) letter<span style="font-size: 1px; color: white;">coat</span>sequence<span style="font-size: 1px; color: white;">many</span>of<span style="font-size: 1px; color: white;">dayto</span>this<span style="font-size: 1px; color: white;">raise</span>tetrapeptide.</p> <p>Here<span style="font-size: 1px; color: white;">ran</span>is<span style="font-size: 1px; color: white;">was</span>a step-by-step guide to<span style="font-size: 1px; color: white;">bees</span>help<span style="font-size: 1px; color: white;">redder</span>you<span style="font-size: 1px; color: white;">bfsex</span>answer<span style="font-size: 1px; color: white;">level</span>the<span style="font-size: 1px; color: white;">hdpe</span>question:</p> <ol> <li style="margin-bottom: 20px;">Consult<span style="font-size: 1px; color: white;">folded</span>an amino<span style="font-size: 1px; color: white;">ease</span>acid<span style="font-size: 1px; color: white;">near</span>guide<span style="font-size: 1px; color: white;">kelvin</span>for reference. You<span style="font-size: 1px; color: white;">ring</span>can<span style="font-size: 1px; color: white;">damage</span>find a PDF guide<span style="font-size: 1px; color: white;">that</span>on Blackboard under "Exam<span style="font-size: 1px; color: white;">begg</span>and Quiz" in the "Old Exams" section, with<span style="font-size: 1px; color: white;">tagged</span>the<span style="font-size: 1px; color: white;">begins</span>filename <a href="https://drive.google.com/file/d/1Mgum_TmZ71-XIjb38sStEpzzZLqkQb-W/view?usp=sharing">bchm_exam-help_sheet.pdf</a>, or<span style="font-size: 1px; color: white;">cause</span>search<span style="font-size: 1px; color: white;">oil</span>online<span style="font-size: 1px; color: white;">chitin</span>for<span style="font-size: 1px; color: white;">after</span>a visual<span style="font-size: 1px; color: white;">binds</span>guide that<span style="font-size: 1px; color: white;">hexose</span>shows<span style="font-size: 1px; color: white;">span</span>all 20 amino acids<span style="font-size: 1px; color: white;">sheep</span>with<span style="font-size: 1px; color: white;">loss</span>their<span style="font-size: 1px; color: white;">chains</span>single-letter<span style="font-size: 1px; color: white;">eyes</span>codes.</li> <li style="margin-bottom: 20px;">Identify<span style="font-size: 1px; color: white;">pol</span>the amino-terminal<span style="font-size: 1px; color: white;">distal</span>end, represented<span style="font-size: 1px; color: white;">lenses</span>as <span style="padding: 2px; color: #0000cc; background-color: #66ff66;">NH<sub>3</sub><sup>+</sup></span> and<span style="font-size: 1px; color: white;">black</span>highlighted in bright<span style="font-size: 1px; color: white;">brain</span>green. Distinguish between<span style="font-size: 1px; color: white;">evolve</span>the<span style="font-size: 1px; color: white;">gapdh</span>general<span style="font-size: 1px; color: white;">both</span>nitrogens in amino<span style="font-size: 1px; color: white;">cca</span>acid<span style="font-size: 1px; color: white;">style</span>backbones (denoted as <span style="color:#0000cc">NH</span>) and<span style="font-size: 1px; color: white;">dhea</span>the nitrogen in amino acid side<span style="font-size: 1px; color: white;">coat</span>chains.</li> <li style="margin-bottom: 20px;">The<span style="font-size: 1px; color: white;">pulled</span>three (3) peptide<span style="font-size: 1px; color: white;">effect</span>bonds<span style="font-size: 1px; color: white;">runway</span>connecting<span style="font-size: 1px; color: white;">urine</span>the four (4) amino acids<span style="font-size: 1px; color: white;">equiv</span>are<span style="font-size: 1px; color: white;">during</span>highlighted<span style="font-size: 1px; color: white;">format</span>in <span style="background-color: #00FF00; padding: 2px;">bright green</span>, making<span style="font-size: 1px; color: white;">dhea</span>it<span style="font-size: 1px; color: white;">inner</span>easier to<span style="font-size: 1px; color: white;">she</span>distinguish the four (4) amino acids.</li> <li style="margin-bottom: 20px;">Examine the side chain<span style="font-size: 1px; color: white;">gulose</span>for<span style="font-size: 1px; color: white;">binds</span>each<span style="font-size: 1px; color: white;">accept</span>of<span style="font-size: 1px; color: white;">patau</span>the four (4) amino<span style="font-size: 1px; color: white;">adopt</span>acids<span style="font-size: 1px; color: white;">growth</span>to<span style="font-size: 1px; color: white;">select</span>determine<span style="font-size: 1px; color: white;">datp</span>their single-letter<span style="font-size: 1px; color: white;">bead</span>amino<span style="font-size: 1px; color: white;">system</span>acid code.</li> <li style="margin-bottom: 20px;">List<span style="font-size: 1px; color: white;">brick</span>the<span style="font-size: 1px; color: white;">gap</span>single-letter<span style="font-size: 1px; color: white;">nobel</span>amino<span style="font-size: 1px; color: white;">since</span>acid codes in<span style="font-size: 1px; color: white;">baboth</span>the<span style="font-size: 1px; color: white;">plans</span>amino<span style="font-size: 1px; color: white;">there</span>to<span style="font-size: 1px; color: white;">lab</span>carboxyl (N→C) direction. This<span style="font-size: 1px; color: white;">nearby</span>is the<span style="font-size: 1px; color: white;">door</span>standard method<span style="font-size: 1px; color: white;">our</span>for writing<span style="font-size: 1px; color: white;">smash</span>peptide sequences.</li> </ol> <p>Select<span style="font-size: 1px; color: white;">outer</span>the<span style="font-size: 1px; color: white;">them</span>correct<span style="font-size: 1px; color: white;">lariat</span>peptide<span style="font-size: 1px; color: white;">herbal</span>sequence<span style="font-size: 1px; color: white;">lariat</span>from<span style="font-size: 1px; color: white;">fight</span>the<span style="font-size: 1px; color: white;">marina</span>options<span style="font-size: 1px; color: white;">iex</span>below:</p> <span style="font-size: 1px; color: white;">herbs</span></div>
    </div>
    <choiceInteraction maxChoices="1" responseIdentifier="RESPONSE" shuffle="true">
      <simpleChoice fixed="true" identifier="answer_1">
        <p>
          <div id="drv_a4ce" oncopy="return false;" onpaste="return false;" oncut="return false;" oncontextmenu="return false;" onmousedown="return false;" onselectstart="return false;">ANMC </div>
        </p>
      </simpleChoice>
      <simpleChoice fixed="true" identifier="answer_2">
        <p>
          <div id="drv_9b10" oncopy="return false;" onpaste="return false;" oncut="return false;" oncontextmenu="return false;" onmousedown="return false;" onselectstart="return false;">HNMC<span style="font-size: 1px; color: white;">chain</span></div>
        </p>
      </simpleChoice>
      <simpleChoice fixed="true" identifier="answer_3">
        <p>
          <div id="drv_d297" oncopy="return false;" onpaste="return false;" oncut="return false;" oncontextmenu="return false;" onmousedown="return false;" onselectstart="return false;">NRMC </div>
        </p>
      </simpleChoice>
      <simpleChoice fixed="true" identifier="answer_4">
        <p>
          <div id="drv_c160" oncopy="return false;" onpaste="return false;" oncut="return false;" oncontextmenu="return false;" onmousedown="return false;" onselectstart="return false;">ENMC<span style="font-size: 1px; color: white;">baby</span></div>
        </p>
      </simpleChoice>
      <simpleChoice fixed="true" identifier="answer_5">
        <p>
          <div id="drv_7c71" oncopy="return false;" onpaste="return false;" oncut="return false;" oncontextmenu="return false;" onmousedown="return false;" onselectstart="return false;">YDYC<span style="font-size: 1px; color: white;">fad</span></div>
        </p>
      </simpleChoice>
      <simpleChoice fixed="true" identifier="answer_6">
        <p>
          <div id="drv_23d4" oncopy="return false;" onpaste="return false;" oncut="return false;" oncontextmenu="return false;" onmousedown="return false;" onselectstart="return false;">ANFP<span style="font-size: 1px; color: white;">likely</span></div>
        </p>
      </simpleChoice>
    </choiceInteraction>
  </itemBody>
  <responseProcessing>
    <responseCondition>
      <responseIf>
        <match>
          <variable identifier="RESPONSE"/>
          <correct identifier="RESPONSE"/>
        </match>
      </responseIf>
    </responseCondition>
  </responseProcessing>
</assessmentItem>
