<?xml version='1.0' encoding='UTF-8'?>
<assessmentItem xmlns="http://www.imsglobal.org/xsd/imsqti_v2p1" xmlns:xsi="http://www.w3.org/2001/XMLSchema-instance" xmlns:ns8="http://www.w3.org/1999/xlink" xmlns:ns9="http://www.imsglobal.org/xsd/apip/apipv1p0/imsapip_qtiv1p0" xsi:schemaLocation="http://www.imsglobal.org/xsd/imsqti_v2p1 http://www.imsglobal.org/xsd/qti/qtiv2p1/imsqti_v2p1.xsd" title="f001_29d1_7fba" adaptive="false" timeDependent="false" identifier="f001_29d1_7fba">
  <responseDeclaration baseType="identifier" cardinality="single" identifier="RESPONSE">
    <correctResponse>
      <value>answer_005</value>
    </correctResponse>
  </responseDeclaration>
  <outcomeDeclaration baseType="float" cardinality="single" identifier="SCORE"/>
  <itemBody>
    <div>
      <div id="drv_2152" oncopy="return false;" onpaste="return false;" oncut="return false;" oncontextmenu="return false;" onmousedown="return false;" onselectstart="return false;"><script src="https://unpkg.com/@rdkit/rdkit/dist/RDKit_minimal.js"/><h4>peptide_750f</h4><p><canvas id="canvas_d276" width="480" height="512"/></p><hr/><script>/* */initRDKitModule().then(function(instance){RDKitModule=instance;console.log("RDKit:"+RDKitModule.version());/* */function/* */getPeptideBonds(mol){let/* */peptide_bond="CC(=O)NC";let/* */qmol=window.RDKitModule.get_qmol(peptide_bond);let/* */matches=JSON.parse(mol.get_substruct_matches(qmol));let/* */aggregatedBonds=[];for(let/* */i=0;i&lt;matches.length;i++){match=matches[i];if(Array.isArray(match["bonds"])){aggregatedBonds.push(match["bonds"].slice(-2)[0]);}}return/* */aggregatedBonds;}let/* */smiles="[NH3+][C@@H](CCC(=O)[O-])(C(=O)N[C@@H](Cc1ccccc1)(C(=O)N[C@@H](CCCC[NH3+])(C(=O)N[C@@H]([C@H](CC)C)(C(=O)[O-]))))";let/* */mol=RDKitModule.get_mol(smiles);let/* */mdetails={};mdetails["bonds"]=getPeptideBonds(mol);mdetails["atoms"]=[0];mdetails["highlightColour"]=[0,1,0];mdetails["legend"]="peptide_750f";mdetails["explicitMethyl"]=true;canvas=document.getElementById("canvas_d276");mol.draw_to_canvas_with_highlights(canvas,JSON.stringify(mdetails));});/* */</script> <p>A tetrapeptide is<span style="font-size: 1px; color: white;">snp</span>made<span style="font-size: 1px; color: white;">link</span>up<span style="font-size: 1px; color: white;">falsef</span>of<span style="font-size: 1px; color: white;">native</span>four (4) amino<span style="font-size: 1px; color: white;">shaft</span>acids. The figure<span style="font-size: 1px; color: white;">dttp</span>above shows one<span style="font-size: 1px; color: white;">stage</span>such tetrapeptide with<span style="font-size: 1px; color: white;">truthg</span>an unknown sequence. Your task is<span style="font-size: 1px; color: white;">adult</span>to find<span style="font-size: 1px; color: white;">xylene</span>out<span style="font-size: 1px; color: white;">end</span>the<span style="font-size: 1px; color: white;">runs</span>four (4) letter<span style="font-size: 1px; color: white;">skull</span>sequence of<span style="font-size: 1px; color: white;">xray</span>this<span style="font-size: 1px; color: white;">groove</span>tetrapeptide.</p> <p>Here<span style="font-size: 1px; color: white;">xdna</span>is<span style="font-size: 1px; color: white;">basis</span>a step-by-step<span style="font-size: 1px; color: white;">tyler</span>guide to<span style="font-size: 1px; color: white;">above</span>help<span style="font-size: 1px; color: white;">mean</span>you<span style="font-size: 1px; color: white;">sam</span>answer<span style="font-size: 1px; color: white;">test</span>the<span style="font-size: 1px; color: white;">model</span>question:</p> <ol> <li style="margin-bottom: 20px;">Consult an<span style="font-size: 1px; color: white;">mated</span>amino<span style="font-size: 1px; color: white;">fixed</span>acid<span style="font-size: 1px; color: white;">string</span>guide<span style="font-size: 1px; color: white;">slight</span>for<span style="font-size: 1px; color: white;">plant</span>reference. You<span style="font-size: 1px; color: white;">bursts</span>can<span style="font-size: 1px; color: white;">insect</span>find<span style="font-size: 1px; color: white;">passes</span>a PDF guide<span style="font-size: 1px; color: white;">pla</span>on Blackboard under "Exam and Quiz" in<span style="font-size: 1px; color: white;">caries</span>the "Old Exams" section, with the<span style="font-size: 1px; color: white;">formed</span>filename <a href="https://drive.google.com/file/d/1Mgum_TmZ71-XIjb38sStEpzzZLqkQb-W/view?usp=sharing">bchm_exam-help_sheet.pdf</a>, or search<span style="font-size: 1px; color: white;">sulfur</span>online<span style="font-size: 1px; color: white;">middle</span>for<span style="font-size: 1px; color: white;">fluid</span>a visual<span style="font-size: 1px; color: white;">mix</span>guide that shows<span style="font-size: 1px; color: white;">smash</span>all 20 amino<span style="font-size: 1px; color: white;">street</span>acids with<span style="font-size: 1px; color: white;">intron</span>their single-letter<span style="font-size: 1px; color: white;">aches</span>codes.</li> <li style="margin-bottom: 20px;">Identify the amino-terminal<span style="font-size: 1px; color: white;">capric</span>end, represented as <span style="padding: 2px; color: #0000cc; background-color: #66ff66;">NH<sub>3</sub><sup>+</sup></span> and<span style="font-size: 1px; color: white;">duplex</span>highlighted in<span style="font-size: 1px; color: white;">total</span>bright<span style="font-size: 1px; color: white;">extent</span>green. Distinguish<span style="font-size: 1px; color: white;">stages</span>between<span style="font-size: 1px; color: white;">xyloid</span>the<span style="font-size: 1px; color: white;">copper</span>general nitrogens<span style="font-size: 1px; color: white;">light</span>in<span style="font-size: 1px; color: white;">loss</span>amino acid<span style="font-size: 1px; color: white;">liquid</span>backbones (denoted as <span style="color:#0000cc">NH</span>) and the nitrogen<span style="font-size: 1px; color: white;">repair</span>in<span style="font-size: 1px; color: white;">alpha</span>amino acid side<span style="font-size: 1px; color: white;">test</span>chains.</li> <li style="margin-bottom: 20px;">The three (3) peptide<span style="font-size: 1px; color: white;">dogma</span>bonds<span style="font-size: 1px; color: white;">alerts</span>connecting<span style="font-size: 1px; color: white;">bred</span>the<span style="font-size: 1px; color: white;">plants</span>four (4) amino<span style="font-size: 1px; color: white;">decide</span>acids<span style="font-size: 1px; color: white;">snp</span>are<span style="font-size: 1px; color: white;">acetyl</span>highlighted<span style="font-size: 1px; color: white;">bpm</span>in <span style="background-color: #00FF00; padding: 2px;">bright<span style="font-size: 1px; color: white;">acted</span>green</span>, making<span style="font-size: 1px; color: white;">polya</span>it<span style="font-size: 1px; color: white;">stage</span>easier<span style="font-size: 1px; color: white;">locus</span>to<span style="font-size: 1px; color: white;">normal</span>distinguish<span style="font-size: 1px; color: white;">back</span>the<span style="font-size: 1px; color: white;">weaken</span>four (4) amino<span style="font-size: 1px; color: white;">river</span>acids.</li> <li style="margin-bottom: 20px;">Examine<span style="font-size: 1px; color: white;">upside</span>the<span style="font-size: 1px; color: white;">non</span>side<span style="font-size: 1px; color: white;">avie</span>chain<span style="font-size: 1px; color: white;">same</span>for each<span style="font-size: 1px; color: white;">lost</span>of<span style="font-size: 1px; color: white;">biotin</span>the<span style="font-size: 1px; color: white;">held</span>four (4) amino<span style="font-size: 1px; color: white;">seven</span>acids<span style="font-size: 1px; color: white;">back</span>to<span style="font-size: 1px; color: white;">just</span>determine<span style="font-size: 1px; color: white;">terms</span>their single-letter amino<span style="font-size: 1px; color: white;">forced</span>acid code.</li> <li style="margin-bottom: 20px;">List<span style="font-size: 1px; color: white;">trna</span>the<span style="font-size: 1px; color: white;">thiol</span>single-letter amino<span style="font-size: 1px; color: white;">fdna</span>acid<span style="font-size: 1px; color: white;">coo</span>codes<span style="font-size: 1px; color: white;">begg</span>in<span style="font-size: 1px; color: white;">fungus</span>the<span style="font-size: 1px; color: white;">almost</span>amino to carboxyl (N→C) direction. This<span style="font-size: 1px; color: white;">pair</span>is the<span style="font-size: 1px; color: white;">serum</span>standard<span style="font-size: 1px; color: white;">chance</span>method<span style="font-size: 1px; color: white;">trace</span>for<span style="font-size: 1px; color: white;">grape</span>writing<span style="font-size: 1px; color: white;">sds</span>peptide<span style="font-size: 1px; color: white;">indigo</span>sequences.</li> </ol> <p>Select<span style="font-size: 1px; color: white;">amanda</span>the correct<span style="font-size: 1px; color: white;">suns</span>peptide<span style="font-size: 1px; color: white;">finish</span>sequence<span style="font-size: 1px; color: white;">remove</span>from<span style="font-size: 1px; color: white;">joined</span>the options below:</p> <span style="font-size: 1px; color: white;">define</span></div>
    </div>
    <choiceInteraction maxChoices="1" responseIdentifier="RESPONSE" shuffle="true">
      <simpleChoice fixed="true" identifier="answer_1">
        <p>
          <div id="drv_9a4c" oncopy="return false;" onpaste="return false;" oncut="return false;" oncontextmenu="return false;" onmousedown="return false;" onselectstart="return false;">EKGM<span style="font-size: 1px; color: white;">bid</span></div>
        </p>
      </simpleChoice>
      <simpleChoice fixed="true" identifier="answer_2">
        <p>
          <div id="drv_2bb0" oncopy="return false;" onpaste="return false;" oncut="return false;" oncontextmenu="return false;" onmousedown="return false;" onselectstart="return false;">EFHI<span style="font-size: 1px; color: white;">muscle</span></div>
        </p>
      </simpleChoice>
      <simpleChoice fixed="true" identifier="answer_3">
        <p>
          <div id="drv_109e" oncopy="return false;" onpaste="return false;" oncut="return false;" oncontextmenu="return false;" onmousedown="return false;" onselectstart="return false;">ENKY<span style="font-size: 1px; color: white;">gfc</span></div>
        </p>
      </simpleChoice>
      <simpleChoice fixed="true" identifier="answer_4">
        <p>
          <div id="drv_a407" oncopy="return false;" onpaste="return false;" oncut="return false;" oncontextmenu="return false;" onmousedown="return false;" onselectstart="return false;">MFWR<span style="font-size: 1px; color: white;">tracks</span></div>
        </p>
      </simpleChoice>
      <simpleChoice fixed="true" identifier="answer_5">
        <p>
          <div id="drv_b6b0" oncopy="return false;" onpaste="return false;" oncut="return false;" oncontextmenu="return false;" onmousedown="return false;" onselectstart="return false;">EFKI<span style="font-size: 1px; color: white;">mucus</span></div>
        </p>
      </simpleChoice>
      <simpleChoice fixed="true" identifier="answer_6">
        <p>
          <div id="drv_9d5e" oncopy="return false;" onpaste="return false;" oncut="return false;" oncontextmenu="return false;" onmousedown="return false;" onselectstart="return false;">CFRI<span style="font-size: 1px; color: white;">parts</span></div>
        </p>
      </simpleChoice>
    </choiceInteraction>
  </itemBody>
  <responseProcessing>
    <responseCondition>
      <responseIf>
        <match>
          <variable identifier="RESPONSE"/>
          <correct identifier="RESPONSE"/>
        </match>
      </responseIf>
    </responseCondition>
  </responseProcessing>
</assessmentItem>
