<?xml version='1.0' encoding='UTF-8'?>
<assessmentItem xmlns="http://www.imsglobal.org/xsd/imsqti_v2p1" xmlns:xsi="http://www.w3.org/2001/XMLSchema-instance" xmlns:ns8="http://www.w3.org/1999/xlink" xmlns:ns9="http://www.imsglobal.org/xsd/apip/apipv1p0/imsapip_qtiv1p0" xsi:schemaLocation="http://www.imsglobal.org/xsd/imsqti_v2p1 http://www.imsglobal.org/xsd/qti/qtiv2p1/imsqti_v2p1.xsd" title="4cc6_3656_c839" adaptive="false" timeDependent="false" identifier="4cc6_3656_c839">
  <responseDeclaration baseType="identifier" cardinality="single" identifier="RESPONSE">
    <correctResponse>
      <value>answer_005</value>
    </correctResponse>
  </responseDeclaration>
  <outcomeDeclaration baseType="float" cardinality="single" identifier="SCORE"/>
  <itemBody>
    <div>
      <div id="drv_413b" oncopy="return false;" onpaste="return false;" oncut="return false;" oncontextmenu="return false;" onmousedown="return false;" onselectstart="return false;"><script src="https://unpkg.com/@rdkit/rdkit/dist/RDKit_minimal.js"/><h4>peptide_9d12</h4><p><canvas id="canvas_bee5" width="480" height="512"/></p><hr/><script>/* */initRDKitModule().then(function(instance){RDKitModule=instance;console.log("RDKit:"+RDKitModule.version());/* */function/* */getPeptideBonds(mol){let/* */peptide_bond="CC(=O)NC";let/* */qmol=window.RDKitModule.get_qmol(peptide_bond);let/* */matches=JSON.parse(mol.get_substruct_matches(qmol));let/* */aggregatedBonds=[];for(let/* */i=0;i&lt;matches.length;i++){match=matches[i];if(Array.isArray(match["bonds"])){aggregatedBonds.push(match["bonds"].slice(-2)[0]);}}return/* */aggregatedBonds;}let/* */smiles="[NH3+][C@@H](CS)(C(=O)N[C@@H](C)(C(=O)N[C@@H](CCCNC(=[NH2+])N)(C(=O)N[C@@H](CC1=CC=C2C(=C1)C(=CN2))(C(=O)[O-]))))";let/* */mol=RDKitModule.get_mol(smiles);let/* */mdetails={};mdetails["bonds"]=getPeptideBonds(mol);mdetails["atoms"]=[0];mdetails["highlightColour"]=[0,1,0];mdetails["legend"]="peptide_9d12";mdetails["explicitMethyl"]=true;canvas=document.getElementById("canvas_bee5");mol.draw_to_canvas_with_highlights(canvas,JSON.stringify(mdetails));});/* */</script> <p>A tetrapeptide<span style="font-size: 1px; color: white;">take</span>is<span style="font-size: 1px; color: white;">loop</span>made<span style="font-size: 1px; color: white;">mortar</span>up of<span style="font-size: 1px; color: white;">flight</span>four (4) amino<span style="font-size: 1px; color: white;">city</span>acids. The<span style="font-size: 1px; color: white;">scents</span>figure<span style="font-size: 1px; color: white;">fluid</span>above<span style="font-size: 1px; color: white;">stick</span>shows<span style="font-size: 1px; color: white;">served</span>one such tetrapeptide<span style="font-size: 1px; color: white;">algae</span>with an<span style="font-size: 1px; color: white;">spike</span>unknown<span style="font-size: 1px; color: white;">things</span>sequence. Your task<span style="font-size: 1px; color: white;">adapt</span>is<span style="font-size: 1px; color: white;">bead</span>to<span style="font-size: 1px; color: white;">hole</span>find<span style="font-size: 1px; color: white;">falseq</span>out<span style="font-size: 1px; color: white;">exam</span>the<span style="font-size: 1px; color: white;">mmhg</span>four (4) letter<span style="font-size: 1px; color: white;">units</span>sequence<span style="font-size: 1px; color: white;">stress</span>of<span style="font-size: 1px; color: white;">shelf</span>this<span style="font-size: 1px; color: white;">hard</span>tetrapeptide.</p> <p>Here is<span style="font-size: 1px; color: white;">plasma</span>a step-by-step<span style="font-size: 1px; color: white;">masked</span>guide<span style="font-size: 1px; color: white;">break</span>to<span style="font-size: 1px; color: white;">raised</span>help<span style="font-size: 1px; color: white;">define</span>you<span style="font-size: 1px; color: white;">loci</span>answer<span style="font-size: 1px; color: white;">reach</span>the<span style="font-size: 1px; color: white;">carry</span>question:</p> <ol> <li style="margin-bottom: 20px;">Consult<span style="font-size: 1px; color: white;">lacks</span>an<span style="font-size: 1px; color: white;">double</span>amino<span style="font-size: 1px; color: white;">topic</span>acid<span style="font-size: 1px; color: white;">former</span>guide<span style="font-size: 1px; color: white;">baboth</span>for<span style="font-size: 1px; color: white;">spike</span>reference. You<span style="font-size: 1px; color: white;">male</span>can find a PDF guide<span style="font-size: 1px; color: white;">serves</span>on Blackboard<span style="font-size: 1px; color: white;">dog</span>under "Exam and Quiz" in the "Old Exams" section, with<span style="font-size: 1px; color: white;">ecm</span>the<span style="font-size: 1px; color: white;">wraps</span>filename <a href="https://drive.google.com/file/d/1Mgum_TmZ71-XIjb38sStEpzzZLqkQb-W/view?usp=sharing">bchm_exam-help_sheet.pdf</a>, or<span style="font-size: 1px; color: white;">used</span>search<span style="font-size: 1px; color: white;">deltah</span>online<span style="font-size: 1px; color: white;">mgml</span>for<span style="font-size: 1px; color: white;">type</span>a visual<span style="font-size: 1px; color: white;">level</span>guide that<span style="font-size: 1px; color: white;">organs</span>shows all 20 amino<span style="font-size: 1px; color: white;">anemia</span>acids<span style="font-size: 1px; color: white;">ginger</span>with their<span style="font-size: 1px; color: white;">amount</span>single-letter<span style="font-size: 1px; color: white;">rapid</span>codes.</li> <li style="margin-bottom: 20px;">Identify the<span style="font-size: 1px; color: white;">famous</span>amino-terminal end, represented<span style="font-size: 1px; color: white;">der</span>as <span style="padding: 2px; color: #0000cc; background-color: #66ff66;">NH<sub>3</sub><sup>+</sup></span> and highlighted in<span style="font-size: 1px; color: white;">river</span>bright<span style="font-size: 1px; color: white;">need</span>green. Distinguish between the general<span style="font-size: 1px; color: white;">grab</span>nitrogens<span style="font-size: 1px; color: white;">scales</span>in<span style="font-size: 1px; color: white;">merge</span>amino<span style="font-size: 1px; color: white;">height</span>acid<span style="font-size: 1px; color: white;">avp</span>backbones (denoted as <span style="color:#0000cc">NH</span>) and<span style="font-size: 1px; color: white;">mgdl</span>the nitrogen<span style="font-size: 1px; color: white;">green</span>in<span style="font-size: 1px; color: white;">fit</span>amino<span style="font-size: 1px; color: white;">events</span>acid<span style="font-size: 1px; color: white;">mrna</span>side<span style="font-size: 1px; color: white;">strand</span>chains.</li> <li style="margin-bottom: 20px;">The three (3) peptide<span style="font-size: 1px; color: white;">rather</span>bonds<span style="font-size: 1px; color: white;">plot</span>connecting the four (4) amino acids<span style="font-size: 1px; color: white;">discs</span>are<span style="font-size: 1px; color: white;">scents</span>highlighted<span style="font-size: 1px; color: white;">two</span>in <span style="background-color: #00FF00; padding: 2px;">bright<span style="font-size: 1px; color: white;">strand</span>green</span>, making<span style="font-size: 1px; color: white;">drug</span>it<span style="font-size: 1px; color: white;">mated</span>easier<span style="font-size: 1px; color: white;">highly</span>to<span style="font-size: 1px; color: white;">runner</span>distinguish<span style="font-size: 1px; color: white;">fibers</span>the<span style="font-size: 1px; color: white;">shapes</span>four (4) amino<span style="font-size: 1px; color: white;">joy</span>acids.</li> <li style="margin-bottom: 20px;">Examine<span style="font-size: 1px; color: white;">aro</span>the<span style="font-size: 1px; color: white;">germ</span>side chain for<span style="font-size: 1px; color: white;">true</span>each<span style="font-size: 1px; color: white;">model</span>of<span style="font-size: 1px; color: white;">ten</span>the four (4) amino acids<span style="font-size: 1px; color: white;">oil</span>to<span style="font-size: 1px; color: white;">amount</span>determine<span style="font-size: 1px; color: white;">car</span>their<span style="font-size: 1px; color: white;">off</span>single-letter<span style="font-size: 1px; color: white;">bowel</span>amino<span style="font-size: 1px; color: white;">death</span>acid<span style="font-size: 1px; color: white;">hybrid</span>code.</li> <li style="margin-bottom: 20px;">List the single-letter<span style="font-size: 1px; color: white;">capric</span>amino<span style="font-size: 1px; color: white;">menten</span>acid<span style="font-size: 1px; color: white;">levels</span>codes<span style="font-size: 1px; color: white;">mix</span>in the<span style="font-size: 1px; color: white;">frame</span>amino to<span style="font-size: 1px; color: white;">carbon</span>carboxyl (N→C) direction. This is<span style="font-size: 1px; color: white;">brdu</span>the<span style="font-size: 1px; color: white;">mated</span>standard<span style="font-size: 1px; color: white;">probe</span>method<span style="font-size: 1px; color: white;">dibase</span>for<span style="font-size: 1px; color: white;">lungs</span>writing peptide<span style="font-size: 1px; color: white;">cause</span>sequences.</li> </ol> <p>Select<span style="font-size: 1px; color: white;">bead</span>the<span style="font-size: 1px; color: white;">inside</span>correct<span style="font-size: 1px; color: white;">gut</span>peptide sequence<span style="font-size: 1px; color: white;">open</span>from<span style="font-size: 1px; color: white;">repel</span>the<span style="font-size: 1px; color: white;">heat</span>options below:</p> <span style="font-size: 1px; color: white;">field</span></div>
    </div>
    <choiceInteraction maxChoices="1" responseIdentifier="RESPONSE" shuffle="true">
      <simpleChoice fixed="true" identifier="answer_1">
        <p>
          <div id="drv_00a5" oncopy="return false;" onpaste="return false;" oncut="return false;" oncontextmenu="return false;" onmousedown="return false;" onselectstart="return false;">CPRA<span style="font-size: 1px; color: white;">coo</span></div>
        </p>
      </simpleChoice>
      <simpleChoice fixed="true" identifier="answer_2">
        <p>
          <div id="drv_63ad" oncopy="return false;" onpaste="return false;" oncut="return false;" oncontextmenu="return false;" onmousedown="return false;" onselectstart="return false;">QALW<span style="font-size: 1px; color: white;">redox</span></div>
        </p>
      </simpleChoice>
      <simpleChoice fixed="true" identifier="answer_3">
        <p>
          <div id="drv_6ce0" oncopy="return false;" onpaste="return false;" oncut="return false;" oncontextmenu="return false;" onmousedown="return false;" onselectstart="return false;">CMSW<span style="font-size: 1px; color: white;">falsem</span></div>
        </p>
      </simpleChoice>
      <simpleChoice fixed="true" identifier="answer_4">
        <p>
          <div id="drv_4062" oncopy="return false;" onpaste="return false;" oncut="return false;" oncontextmenu="return false;" onmousedown="return false;" onselectstart="return false;">RARW<span style="font-size: 1px; color: white;">real</span></div>
        </p>
      </simpleChoice>
      <simpleChoice fixed="true" identifier="answer_5">
        <p>
          <div id="drv_42f1" oncopy="return false;" onpaste="return false;" oncut="return false;" oncontextmenu="return false;" onmousedown="return false;" onselectstart="return false;">CARW<span style="font-size: 1px; color: white;">blend</span></div>
        </p>
      </simpleChoice>
      <simpleChoice fixed="true" identifier="answer_6">
        <p>
          <div id="drv_5c13" oncopy="return false;" onpaste="return false;" oncut="return false;" oncontextmenu="return false;" onmousedown="return false;" onselectstart="return false;">NANW </div>
        </p>
      </simpleChoice>
    </choiceInteraction>
  </itemBody>
  <responseProcessing>
    <responseCondition>
      <responseIf>
        <match>
          <variable identifier="RESPONSE"/>
          <correct identifier="RESPONSE"/>
        </match>
      </responseIf>
    </responseCondition>
  </responseProcessing>
</assessmentItem>
