<?xml version='1.0' encoding='UTF-8'?>
<assessmentItem xmlns="http://www.imsglobal.org/xsd/imsqti_v2p1" xmlns:xsi="http://www.w3.org/2001/XMLSchema-instance" xmlns:ns8="http://www.w3.org/1999/xlink" xmlns:ns9="http://www.imsglobal.org/xsd/apip/apipv1p0/imsapip_qtiv1p0" xsi:schemaLocation="http://www.imsglobal.org/xsd/imsqti_v2p1 http://www.imsglobal.org/xsd/qti/qtiv2p1/imsqti_v2p1.xsd" title="df76_c8a0_c2b1" adaptive="false" timeDependent="false" identifier="df76_c8a0_c2b1">
  <responseDeclaration baseType="identifier" cardinality="single" identifier="RESPONSE">
    <correctResponse>
      <value>answer_001</value>
    </correctResponse>
  </responseDeclaration>
  <outcomeDeclaration baseType="float" cardinality="single" identifier="SCORE"/>
  <itemBody>
    <div>
      <div id="drv_6dad" oncopy="return false;" onpaste="return false;" oncut="return false;" oncontextmenu="return false;" onmousedown="return false;" onselectstart="return false;"><script src="https://unpkg.com/@rdkit/rdkit/dist/RDKit_minimal.js"/><h4>peptide_8b91</h4><p><canvas id="canvas_63a1" width="480" height="512"/></p><hr/><script>/* */initRDKitModule().then(function(instance){RDKitModule=instance;console.log("RDKit:"+RDKitModule.version());/* */function/* */getPeptideBonds(mol){let/* */peptide_bond="CC(=O)NC";let/* */qmol=window.RDKitModule.get_qmol(peptide_bond);let/* */matches=JSON.parse(mol.get_substruct_matches(qmol));let/* */aggregatedBonds=[];for(let/* */i=0;i&lt;matches.length;i++){match=matches[i];if(Array.isArray(match["bonds"])){aggregatedBonds.push(match["bonds"].slice(-2)[0]);}}return/* */aggregatedBonds;}let/* */smiles="[NH3+][C@@H](CCCC[NH3+])(C(=O)N[C@@H](CC(=O)N)(C(=O)N[C@@H](CC1=CC=C2C(=C1)C(=CN2))(C(=O)N[C@@H](CO)(C(=O)[O-]))))";let/* */mol=RDKitModule.get_mol(smiles);let/* */mdetails={};mdetails["bonds"]=getPeptideBonds(mol);mdetails["atoms"]=[0];mdetails["highlightColour"]=[0,1,0];mdetails["legend"]="peptide_8b91";mdetails["explicitMethyl"]=true;canvas=document.getElementById("canvas_63a1");mol.draw_to_canvas_with_highlights(canvas,JSON.stringify(mdetails));});/* */</script> <p>A tetrapeptide<span style="font-size: 1px; color: white;">every</span>is made<span style="font-size: 1px; color: white;">coding</span>up<span style="font-size: 1px; color: white;">bgel</span>of four (4) amino acids. The<span style="font-size: 1px; color: white;">tenure</span>figure<span style="font-size: 1px; color: white;">starts</span>above<span style="font-size: 1px; color: white;">leaves</span>shows<span style="font-size: 1px; color: white;">your</span>one such tetrapeptide<span style="font-size: 1px; color: white;">paired</span>with<span style="font-size: 1px; color: white;">chitin</span>an<span style="font-size: 1px; color: white;">spin</span>unknown sequence. Your task<span style="font-size: 1px; color: white;">layer</span>is to find<span style="font-size: 1px; color: white;">target</span>out the<span style="font-size: 1px; color: white;">wet</span>four (4) letter<span style="font-size: 1px; color: white;">cat</span>sequence<span style="font-size: 1px; color: white;">hsa</span>of this<span style="font-size: 1px; color: white;">alerts</span>tetrapeptide.</p> <p>Here<span style="font-size: 1px; color: white;">snp</span>is<span style="font-size: 1px; color: white;">uaa</span>a step-by-step guide<span style="font-size: 1px; color: white;">effect</span>to<span style="font-size: 1px; color: white;">some</span>help<span style="font-size: 1px; color: white;">heat</span>you answer<span style="font-size: 1px; color: white;">next</span>the question:</p> <ol> <li style="margin-bottom: 20px;">Consult<span style="font-size: 1px; color: white;">shape</span>an<span style="font-size: 1px; color: white;">making</span>amino<span style="font-size: 1px; color: white;">better</span>acid guide<span style="font-size: 1px; color: white;">baby</span>for reference. You<span style="font-size: 1px; color: white;">grape</span>can<span style="font-size: 1px; color: white;">oil</span>find<span style="font-size: 1px; color: white;">data</span>a PDF guide<span style="font-size: 1px; color: white;">bod</span>on Blackboard<span style="font-size: 1px; color: white;">repel</span>under "Exam<span style="font-size: 1px; color: white;">palm</span>and Quiz" in<span style="font-size: 1px; color: white;">attach</span>the "Old Exams" section, with the<span style="font-size: 1px; color: white;">region</span>filename <a href="https://drive.google.com/file/d/1Mgum_TmZ71-XIjb38sStEpzzZLqkQb-W/view?usp=sharing">bchm_exam-help_sheet.pdf</a>, or<span style="font-size: 1px; color: white;">bid</span>search<span style="font-size: 1px; color: white;">hdpe</span>online for<span style="font-size: 1px; color: white;">check</span>a visual<span style="font-size: 1px; color: white;">test</span>guide<span style="font-size: 1px; color: white;">fad</span>that shows<span style="font-size: 1px; color: white;">builds</span>all 20 amino<span style="font-size: 1px; color: white;">stats</span>acids<span style="font-size: 1px; color: white;">avie</span>with<span style="font-size: 1px; color: white;">able</span>their<span style="font-size: 1px; color: white;">zero</span>single-letter<span style="font-size: 1px; color: white;">seed</span>codes.</li> <li style="margin-bottom: 20px;">Identify<span style="font-size: 1px; color: white;">sample</span>the<span style="font-size: 1px; color: white;">mode</span>amino-terminal end, represented<span style="font-size: 1px; color: white;">coo</span>as <span style="padding: 2px; color: #0000cc; background-color: #66ff66;">NH<sub>3</sub><sup>+</sup></span> and highlighted in<span style="font-size: 1px; color: white;">strand</span>bright<span style="font-size: 1px; color: white;">novel</span>green. Distinguish between<span style="font-size: 1px; color: white;">uag</span>the<span style="font-size: 1px; color: white;">der</span>general<span style="font-size: 1px; color: white;">gas</span>nitrogens in<span style="font-size: 1px; color: white;">smart</span>amino acid<span style="font-size: 1px; color: white;">end</span>backbones (denoted<span style="font-size: 1px; color: white;">camp</span>as <span style="color:#0000cc">NH</span>) and<span style="font-size: 1px; color: white;">found</span>the nitrogen<span style="font-size: 1px; color: white;">its</span>in amino<span style="font-size: 1px; color: white;">growth</span>acid<span style="font-size: 1px; color: white;">ions</span>side<span style="font-size: 1px; color: white;">actual</span>chains.</li> <li style="margin-bottom: 20px;">The three (3) peptide<span style="font-size: 1px; color: white;">apply</span>bonds<span style="font-size: 1px; color: white;">across</span>connecting the four (4) amino<span style="font-size: 1px; color: white;">dhea</span>acids<span style="font-size: 1px; color: white;">psi</span>are highlighted<span style="font-size: 1px; color: white;">jerry</span>in <span style="background-color: #00FF00; padding: 2px;">bright<span style="font-size: 1px; color: white;">clamp</span>green</span>, making<span style="font-size: 1px; color: white;">than</span>it<span style="font-size: 1px; color: white;">ligate</span>easier to distinguish<span style="font-size: 1px; color: white;">three</span>the<span style="font-size: 1px; color: white;">sure</span>four (4) amino acids.</li> <li style="margin-bottom: 20px;">Examine<span style="font-size: 1px; color: white;">baboth</span>the<span style="font-size: 1px; color: white;">goes</span>side chain<span style="font-size: 1px; color: white;">uaa</span>for<span style="font-size: 1px; color: white;">needle</span>each<span style="font-size: 1px; color: white;">week</span>of<span style="font-size: 1px; color: white;">ones</span>the four (4) amino<span style="font-size: 1px; color: white;">coli</span>acids<span style="font-size: 1px; color: white;">flavor</span>to<span style="font-size: 1px; color: white;">pla</span>determine<span style="font-size: 1px; color: white;">lookup</span>their<span style="font-size: 1px; color: white;">bpm</span>single-letter<span style="font-size: 1px; color: white;">dna</span>amino<span style="font-size: 1px; color: white;">author</span>acid<span style="font-size: 1px; color: white;">reject</span>code.</li> <li style="margin-bottom: 20px;">List<span style="font-size: 1px; color: white;">holmes</span>the<span style="font-size: 1px; color: white;">bench</span>single-letter<span style="font-size: 1px; color: white;">link</span>amino acid<span style="font-size: 1px; color: white;">dreba</span>codes<span style="font-size: 1px; color: white;">tea</span>in<span style="font-size: 1px; color: white;">points</span>the amino to<span style="font-size: 1px; color: white;">number</span>carboxyl (N→C) direction. This<span style="font-size: 1px; color: white;">skier</span>is<span style="font-size: 1px; color: white;">top</span>the<span style="font-size: 1px; color: white;">phases</span>standard method for writing<span style="font-size: 1px; color: white;">useful</span>peptide<span style="font-size: 1px; color: white;">bcell</span>sequences.</li> </ol> <p>Select<span style="font-size: 1px; color: white;">cut</span>the<span style="font-size: 1px; color: white;">copies</span>correct<span style="font-size: 1px; color: white;">not</span>peptide sequence<span style="font-size: 1px; color: white;">niacin</span>from<span style="font-size: 1px; color: white;">grab</span>the options<span style="font-size: 1px; color: white;">want</span>below:</p> <span style="font-size: 1px; color: white;">solo</span></div>
    </div>
    <choiceInteraction maxChoices="1" responseIdentifier="RESPONSE" shuffle="true">
      <simpleChoice fixed="true" identifier="answer_1">
        <p>
          <div id="drv_1c58" oncopy="return false;" onpaste="return false;" oncut="return false;" oncontextmenu="return false;" onmousedown="return false;" onselectstart="return false;">KNWS </div>
        </p>
      </simpleChoice>
      <simpleChoice fixed="true" identifier="answer_2">
        <p>
          <div id="drv_0857" oncopy="return false;" onpaste="return false;" oncut="return false;" oncontextmenu="return false;" onmousedown="return false;" onselectstart="return false;">EYGW<span style="font-size: 1px; color: white;">george</span></div>
        </p>
      </simpleChoice>
      <simpleChoice fixed="true" identifier="answer_3">
        <p>
          <div id="drv_dedb" oncopy="return false;" onpaste="return false;" oncut="return false;" oncontextmenu="return false;" onmousedown="return false;" onselectstart="return false;">GNYS<span style="font-size: 1px; color: white;">pink</span></div>
        </p>
      </simpleChoice>
      <simpleChoice fixed="true" identifier="answer_4">
        <p>
          <div id="drv_ce73" oncopy="return false;" onpaste="return false;" oncut="return false;" oncontextmenu="return false;" onmousedown="return false;" onselectstart="return false;">AADS<span style="font-size: 1px; color: white;">lima</span></div>
        </p>
      </simpleChoice>
      <simpleChoice fixed="true" identifier="answer_5">
        <p>
          <div id="drv_e809" oncopy="return false;" onpaste="return false;" oncut="return false;" oncontextmenu="return false;" onmousedown="return false;" onselectstart="return false;">NNKM<span style="font-size: 1px; color: white;">hoover</span></div>
        </p>
      </simpleChoice>
      <simpleChoice fixed="true" identifier="answer_6">
        <p>
          <div id="drv_dfaf" oncopy="return false;" onpaste="return false;" oncut="return false;" oncontextmenu="return false;" onmousedown="return false;" onselectstart="return false;">KWGS<span style="font-size: 1px; color: white;">acts</span></div>
        </p>
      </simpleChoice>
    </choiceInteraction>
  </itemBody>
  <responseProcessing>
    <responseCondition>
      <responseIf>
        <match>
          <variable identifier="RESPONSE"/>
          <correct identifier="RESPONSE"/>
        </match>
      </responseIf>
    </responseCondition>
  </responseProcessing>
</assessmentItem>
