<?xml version='1.0' encoding='UTF-8'?>
<assessmentItem xmlns="http://www.imsglobal.org/xsd/imsqti_v2p1" xmlns:xsi="http://www.w3.org/2001/XMLSchema-instance" xmlns:ns8="http://www.w3.org/1999/xlink" xmlns:ns9="http://www.imsglobal.org/xsd/apip/apipv1p0/imsapip_qtiv1p0" xsi:schemaLocation="http://www.imsglobal.org/xsd/imsqti_v2p1 http://www.imsglobal.org/xsd/qti/qtiv2p1/imsqti_v2p1.xsd" title="442c_7498_3549" adaptive="false" timeDependent="false" identifier="442c_7498_3549">
  <responseDeclaration baseType="identifier" cardinality="single" identifier="RESPONSE">
    <correctResponse>
      <value>answer_005</value>
    </correctResponse>
  </responseDeclaration>
  <outcomeDeclaration baseType="float" cardinality="single" identifier="SCORE"/>
  <itemBody>
    <div>
      <div id="drv_9381" oncopy="return false;" onpaste="return false;" oncut="return false;" oncontextmenu="return false;" onmousedown="return false;" onselectstart="return false;"><script src="https://unpkg.com/@rdkit/rdkit/dist/RDKit_minimal.js"/><h4>peptide_b57a</h4><p><canvas id="canvas_bda3" width="480" height="512"/></p><hr/><script>/* */initRDKitModule().then(function(instance){RDKitModule=instance;console.log("RDKit:"+RDKitModule.version());/* */function/* */getPeptideBonds(mol){let/* */peptide_bond="CC(=O)NC";let/* */qmol=window.RDKitModule.get_qmol(peptide_bond);let/* */matches=JSON.parse(mol.get_substruct_matches(qmol));let/* */aggregatedBonds=[];for(let/* */i=0;i&lt;matches.length;i++){match=matches[i];if(Array.isArray(match["bonds"])){aggregatedBonds.push(match["bonds"].slice(-2)[0]);}}return/* */aggregatedBonds;}let/* */smiles="[NH3+][C@@H](CC(C)C)(C(=O)N[C@@H](C)(C(=O)N[C@@H]([H])(C(=O)N[C@@H](CC1=CC=C2C(=C1)C(=CN2))(C(=O)[O-]))))";let/* */mol=RDKitModule.get_mol(smiles);let/* */mdetails={};mdetails["bonds"]=getPeptideBonds(mol);mdetails["atoms"]=[0];mdetails["highlightColour"]=[0,1,0];mdetails["legend"]="peptide_b57a";mdetails["explicitMethyl"]=true;canvas=document.getElementById("canvas_bda3");mol.draw_to_canvas_with_highlights(canvas,JSON.stringify(mdetails));});/* */</script> <p>A tetrapeptide<span style="font-size: 1px; color: white;">trnas</span>is made up<span style="font-size: 1px; color: white;">spins</span>of<span style="font-size: 1px; color: white;">datp</span>four (4) amino acids. The<span style="font-size: 1px; color: white;">joint</span>figure above<span style="font-size: 1px; color: white;">ddgtp</span>shows one<span style="font-size: 1px; color: white;">name</span>such tetrapeptide<span style="font-size: 1px; color: white;">gdp</span>with an unknown<span style="font-size: 1px; color: white;">ends</span>sequence. Your<span style="font-size: 1px; color: white;">forest</span>task<span style="font-size: 1px; color: white;">tools</span>is<span style="font-size: 1px; color: white;">off</span>to<span style="font-size: 1px; color: white;">falsem</span>find<span style="font-size: 1px; color: white;">spins</span>out<span style="font-size: 1px; color: white;">high</span>the<span style="font-size: 1px; color: white;">health</span>four (4) letter<span style="font-size: 1px; color: white;">green</span>sequence<span style="font-size: 1px; color: white;">pcr</span>of this<span style="font-size: 1px; color: white;">bench</span>tetrapeptide.</p> <p>Here<span style="font-size: 1px; color: white;">state</span>is a step-by-step<span style="font-size: 1px; color: white;">mental</span>guide<span style="font-size: 1px; color: white;">one</span>to help<span style="font-size: 1px; color: white;">organ</span>you<span style="font-size: 1px; color: white;">gfc</span>answer the<span style="font-size: 1px; color: white;">greek</span>question:</p> <ol> <li style="margin-bottom: 20px;">Consult an<span style="font-size: 1px; color: white;">van</span>amino<span style="font-size: 1px; color: white;">ccmrna</span>acid guide<span style="font-size: 1px; color: white;">blaw</span>for reference. You can find<span style="font-size: 1px; color: white;">lima</span>a PDF guide<span style="font-size: 1px; color: white;">upon</span>on Blackboard<span style="font-size: 1px; color: white;">leaves</span>under "Exam<span style="font-size: 1px; color: white;">copy</span>and Quiz" in the "Old Exams" section, with<span style="font-size: 1px; color: white;">lungs</span>the filename <a href="https://drive.google.com/file/d/1Mgum_TmZ71-XIjb38sStEpzzZLqkQb-W/view?usp=sharing">bchm_exam-help_sheet.pdf</a>, or<span style="font-size: 1px; color: white;">bullet</span>search<span style="font-size: 1px; color: white;">redox</span>online<span style="font-size: 1px; color: white;">differ</span>for a visual guide<span style="font-size: 1px; color: white;">study</span>that<span style="font-size: 1px; color: white;">fully</span>shows all 20 amino<span style="font-size: 1px; color: white;">called</span>acids with their<span style="font-size: 1px; color: white;">come</span>single-letter<span style="font-size: 1px; color: white;">two</span>codes.</li> <li style="margin-bottom: 20px;">Identify<span style="font-size: 1px; color: white;">under</span>the<span style="font-size: 1px; color: white;">must</span>amino-terminal<span style="font-size: 1px; color: white;">ionic</span>end, represented as <span style="padding: 2px; color: #0000cc; background-color: #66ff66;">NH<sub>3</sub><sup>+</sup></span> and<span style="font-size: 1px; color: white;">nobel</span>highlighted<span style="font-size: 1px; color: white;">worse</span>in bright<span style="font-size: 1px; color: white;">arise</span>green. Distinguish<span style="font-size: 1px; color: white;">diving</span>between the<span style="font-size: 1px; color: white;">tears</span>general<span style="font-size: 1px; color: white;">served</span>nitrogens<span style="font-size: 1px; color: white;">falsef</span>in<span style="font-size: 1px; color: white;">herpes</span>amino<span style="font-size: 1px; color: white;">center</span>acid<span style="font-size: 1px; color: white;">bform</span>backbones (denoted<span style="font-size: 1px; color: white;">adopt</span>as <span style="color:#0000cc">NH</span>) and<span style="font-size: 1px; color: white;">itself</span>the<span style="font-size: 1px; color: white;">yeah</span>nitrogen in<span style="font-size: 1px; color: white;">lima</span>amino<span style="font-size: 1px; color: white;">kill</span>acid<span style="font-size: 1px; color: white;">talose</span>side<span style="font-size: 1px; color: white;">behind</span>chains.</li> <li style="margin-bottom: 20px;">The three (3) peptide<span style="font-size: 1px; color: white;">navy</span>bonds connecting<span style="font-size: 1px; color: white;">mortar</span>the four (4) amino acids are<span style="font-size: 1px; color: white;">probe</span>highlighted<span style="font-size: 1px; color: white;">mgml</span>in <span style="background-color: #00FF00; padding: 2px;">bright<span style="font-size: 1px; color: white;">turns</span>green</span>, making<span style="font-size: 1px; color: white;">share</span>it<span style="font-size: 1px; color: white;">way</span>easier<span style="font-size: 1px; color: white;">sweat</span>to distinguish the four (4) amino<span style="font-size: 1px; color: white;">polar</span>acids.</li> <li style="margin-bottom: 20px;">Examine<span style="font-size: 1px; color: white;">anna</span>the<span style="font-size: 1px; color: white;">truthl</span>side<span style="font-size: 1px; color: white;">xxy</span>chain<span style="font-size: 1px; color: white;">ensure</span>for<span style="font-size: 1px; color: white;">beetle</span>each of<span style="font-size: 1px; color: white;">refer</span>the<span style="font-size: 1px; color: white;">repel</span>four (4) amino acids<span style="font-size: 1px; color: white;">want</span>to determine<span style="font-size: 1px; color: white;">using</span>their single-letter<span style="font-size: 1px; color: white;">digest</span>amino<span style="font-size: 1px; color: white;">atomic</span>acid code.</li> <li style="margin-bottom: 20px;">List the single-letter amino<span style="font-size: 1px; color: white;">pvalue</span>acid codes<span style="font-size: 1px; color: white;">nerve</span>in<span style="font-size: 1px; color: white;">relys</span>the amino to<span style="font-size: 1px; color: white;">sense</span>carboxyl (N→C) direction. This<span style="font-size: 1px; color: white;">exam</span>is the standard<span style="font-size: 1px; color: white;">edge</span>method<span style="font-size: 1px; color: white;">see</span>for<span style="font-size: 1px; color: white;">earth</span>writing<span style="font-size: 1px; color: white;">tubes</span>peptide<span style="font-size: 1px; color: white;">fit</span>sequences.</li> </ol> <p>Select<span style="font-size: 1px; color: white;">ground</span>the<span style="font-size: 1px; color: white;">biotin</span>correct peptide sequence<span style="font-size: 1px; color: white;">discs</span>from<span style="font-size: 1px; color: white;">discs</span>the<span style="font-size: 1px; color: white;">facial</span>options<span style="font-size: 1px; color: white;">scores</span>below:</p> <span style="font-size: 1px; color: white;">hill</span></div>
    </div>
    <choiceInteraction maxChoices="1" responseIdentifier="RESPONSE" shuffle="true">
      <simpleChoice fixed="true" identifier="answer_1">
        <p>
          <div id="drv_457f" oncopy="return false;" onpaste="return false;" oncut="return false;" oncontextmenu="return false;" onmousedown="return false;" onselectstart="return false;">LEAI<span style="font-size: 1px; color: white;">takes</span></div>
        </p>
      </simpleChoice>
      <simpleChoice fixed="true" identifier="answer_2">
        <p>
          <div id="drv_b265" oncopy="return false;" onpaste="return false;" oncut="return false;" oncontextmenu="return false;" onmousedown="return false;" onselectstart="return false;">GNWW<span style="font-size: 1px; color: white;">xna</span></div>
        </p>
      </simpleChoice>
      <simpleChoice fixed="true" identifier="answer_3">
        <p>
          <div id="drv_7f0b" oncopy="return false;" onpaste="return false;" oncut="return false;" oncontextmenu="return false;" onmousedown="return false;" onselectstart="return false;">LIGW<span style="font-size: 1px; color: white;">column</span></div>
        </p>
      </simpleChoice>
      <simpleChoice fixed="true" identifier="answer_4">
        <p>
          <div id="drv_4d86" oncopy="return false;" onpaste="return false;" oncut="return false;" oncontextmenu="return false;" onmousedown="return false;" onselectstart="return false;">ITVW<span style="font-size: 1px; color: white;">round</span></div>
        </p>
      </simpleChoice>
      <simpleChoice fixed="true" identifier="answer_5">
        <p>
          <div id="drv_e038" oncopy="return false;" onpaste="return false;" oncut="return false;" oncontextmenu="return false;" onmousedown="return false;" onselectstart="return false;">LAGW<span style="font-size: 1px; color: white;">dob</span></div>
        </p>
      </simpleChoice>
      <simpleChoice fixed="true" identifier="answer_6">
        <p>
          <div id="drv_535e" oncopy="return false;" onpaste="return false;" oncut="return false;" oncontextmenu="return false;" onmousedown="return false;" onselectstart="return false;">PALW<span style="font-size: 1px; color: white;">pilus</span></div>
        </p>
      </simpleChoice>
    </choiceInteraction>
  </itemBody>
  <responseProcessing>
    <responseCondition>
      <responseIf>
        <match>
          <variable identifier="RESPONSE"/>
          <correct identifier="RESPONSE"/>
        </match>
      </responseIf>
    </responseCondition>
  </responseProcessing>
</assessmentItem>
