<?xml version='1.0' encoding='UTF-8'?>
<assessmentItem xmlns="http://www.imsglobal.org/xsd/imsqti_v2p1" xmlns:xsi="http://www.w3.org/2001/XMLSchema-instance" xmlns:ns8="http://www.w3.org/1999/xlink" xmlns:ns9="http://www.imsglobal.org/xsd/apip/apipv1p0/imsapip_qtiv1p0" xsi:schemaLocation="http://www.imsglobal.org/xsd/imsqti_v2p1 http://www.imsglobal.org/xsd/qti/qtiv2p1/imsqti_v2p1.xsd" title="116e_2a31_0dee" adaptive="false" timeDependent="false" identifier="116e_2a31_0dee">
  <responseDeclaration baseType="identifier" cardinality="single" identifier="RESPONSE">
    <correctResponse>
      <value>answer_003</value>
    </correctResponse>
  </responseDeclaration>
  <outcomeDeclaration baseType="float" cardinality="single" identifier="SCORE"/>
  <itemBody>
    <div>
      <div id="drv_b50b" oncopy="return false;" onpaste="return false;" oncut="return false;" oncontextmenu="return false;" onmousedown="return false;" onselectstart="return false;"><script src="https://unpkg.com/@rdkit/rdkit/dist/RDKit_minimal.js"/><h4>peptide_79e7</h4><p><canvas id="canvas_f004" width="480" height="512"/></p><hr/><script>/* */initRDKitModule().then(function(instance){RDKitModule=instance;console.log("RDKit:"+RDKitModule.version());/* */function/* */getPeptideBonds(mol){let/* */peptide_bond="CC(=O)NC";let/* */qmol=window.RDKitModule.get_qmol(peptide_bond);let/* */matches=JSON.parse(mol.get_substruct_matches(qmol));let/* */aggregatedBonds=[];for(let/* */i=0;i&lt;matches.length;i++){match=matches[i];if(Array.isArray(match["bonds"])){aggregatedBonds.push(match["bonds"].slice(-2)[0]);}}return/* */aggregatedBonds;}let/* */smiles="[NH3+][C@@H](C(C)C)(C(=O)N[C@@H](Cc1ccc(O)cc1)(C(=O)N[C@@H](CC(=O)[O-])(C(=O)N[C@@H](CC1=CC=C2C(=C1)C(=CN2))(C(=O)[O-]))))";let/* */mol=RDKitModule.get_mol(smiles);let/* */mdetails={};mdetails["bonds"]=getPeptideBonds(mol);mdetails["atoms"]=[0];mdetails["highlightColour"]=[0,1,0];mdetails["legend"]="peptide_79e7";mdetails["explicitMethyl"]=true;canvas=document.getElementById("canvas_f004");mol.draw_to_canvas_with_highlights(canvas,JSON.stringify(mdetails));});/* */</script> <p>A tetrapeptide<span style="font-size: 1px; color: white;">ice</span>is<span style="font-size: 1px; color: white;">phase</span>made up of four (4) amino<span style="font-size: 1px; color: white;">trnas</span>acids. The<span style="font-size: 1px; color: white;">tumor</span>figure<span style="font-size: 1px; color: white;">core</span>above<span style="font-size: 1px; color: white;">held</span>shows<span style="font-size: 1px; color: white;">combat</span>one<span style="font-size: 1px; color: white;">health</span>such<span style="font-size: 1px; color: white;">pvalue</span>tetrapeptide<span style="font-size: 1px; color: white;">occurs</span>with<span style="font-size: 1px; color: white;">faulty</span>an unknown<span style="font-size: 1px; color: white;">spinal</span>sequence. Your<span style="font-size: 1px; color: white;">loci</span>task<span style="font-size: 1px; color: white;">areas</span>is<span style="font-size: 1px; color: white;">car</span>to<span style="font-size: 1px; color: white;">our</span>find<span style="font-size: 1px; color: white;">finish</span>out the four (4) letter sequence<span style="font-size: 1px; color: white;">filled</span>of<span style="font-size: 1px; color: white;">nadph</span>this tetrapeptide.</p> <p>Here is a step-by-step guide to<span style="font-size: 1px; color: white;">state</span>help you<span style="font-size: 1px; color: white;">biotin</span>answer the question:</p> <ol> <li style="margin-bottom: 20px;">Consult an<span style="font-size: 1px; color: white;">sweat</span>amino<span style="font-size: 1px; color: white;">able</span>acid guide<span style="font-size: 1px; color: white;">span</span>for<span style="font-size: 1px; color: white;">around</span>reference. You<span style="font-size: 1px; color: white;">ones</span>can find a PDF guide<span style="font-size: 1px; color: white;">events</span>on Blackboard<span style="font-size: 1px; color: white;">datp</span>under "Exam<span style="font-size: 1px; color: white;">dogma</span>and Quiz" in the "Old Exams" section, with<span style="font-size: 1px; color: white;">users</span>the filename <a href="https://drive.google.com/file/d/1Mgum_TmZ71-XIjb38sStEpzzZLqkQb-W/view?usp=sharing">bchm_exam-help_sheet.pdf</a>, or<span style="font-size: 1px; color: white;">much</span>search<span style="font-size: 1px; color: white;">opens</span>online<span style="font-size: 1px; color: white;">sides</span>for<span style="font-size: 1px; color: white;">carbon</span>a visual guide<span style="font-size: 1px; color: white;">triple</span>that<span style="font-size: 1px; color: white;">wick</span>shows<span style="font-size: 1px; color: white;">hic</span>all 20 amino<span style="font-size: 1px; color: white;">design</span>acids with<span style="font-size: 1px; color: white;">does</span>their<span style="font-size: 1px; color: white;">aches</span>single-letter<span style="font-size: 1px; color: white;">sos</span>codes.</li> <li style="margin-bottom: 20px;">Identify<span style="font-size: 1px; color: white;">hair</span>the<span style="font-size: 1px; color: white;">roche</span>amino-terminal<span style="font-size: 1px; color: white;">words</span>end, represented<span style="font-size: 1px; color: white;">define</span>as <span style="padding: 2px; color: #0000cc; background-color: #66ff66;">NH<sub>3</sub><sup>+</sup></span> and<span style="font-size: 1px; color: white;">tube</span>highlighted in<span style="font-size: 1px; color: white;">code</span>bright<span style="font-size: 1px; color: white;">alerts</span>green. Distinguish between the<span style="font-size: 1px; color: white;">pests</span>general nitrogens in<span style="font-size: 1px; color: white;">asking</span>amino<span style="font-size: 1px; color: white;">filled</span>acid backbones (denoted as <span style="color:#0000cc">NH</span>) and the<span style="font-size: 1px; color: white;">matter</span>nitrogen<span style="font-size: 1px; color: white;">always</span>in<span style="font-size: 1px; color: white;">know</span>amino acid<span style="font-size: 1px; color: white;">for</span>side<span style="font-size: 1px; color: white;">more</span>chains.</li> <li style="margin-bottom: 20px;">The<span style="font-size: 1px; color: white;">roles</span>three (3) peptide<span style="font-size: 1px; color: white;">size</span>bonds<span style="font-size: 1px; color: white;">shelf</span>connecting<span style="font-size: 1px; color: white;">anna</span>the<span style="font-size: 1px; color: white;">fit</span>four (4) amino acids<span style="font-size: 1px; color: white;">trnas</span>are highlighted<span style="font-size: 1px; color: white;">bond</span>in <span style="background-color: #00FF00; padding: 2px;">bright<span style="font-size: 1px; color: white;">span</span>green</span>, making<span style="font-size: 1px; color: white;">matrix</span>it easier<span style="font-size: 1px; color: white;">male</span>to<span style="font-size: 1px; color: white;">avp</span>distinguish the four (4) amino<span style="font-size: 1px; color: white;">herpes</span>acids.</li> <li style="margin-bottom: 20px;">Examine<span style="font-size: 1px; color: white;">even</span>the<span style="font-size: 1px; color: white;">faster</span>side<span style="font-size: 1px; color: white;">plant</span>chain for<span style="font-size: 1px; color: white;">killed</span>each<span style="font-size: 1px; color: white;">short</span>of the<span style="font-size: 1px; color: white;">corn</span>four (4) amino<span style="font-size: 1px; color: white;">decide</span>acids<span style="font-size: 1px; color: white;">occurs</span>to<span style="font-size: 1px; color: white;">non</span>determine<span style="font-size: 1px; color: white;">lines</span>their<span style="font-size: 1px; color: white;">due</span>single-letter<span style="font-size: 1px; color: white;">adp</span>amino acid<span style="font-size: 1px; color: white;">herpes</span>code.</li> <li style="margin-bottom: 20px;">List<span style="font-size: 1px; color: white;">stats</span>the<span style="font-size: 1px; color: white;">xmales</span>single-letter<span style="font-size: 1px; color: white;">band</span>amino<span style="font-size: 1px; color: white;">gets</span>acid codes<span style="font-size: 1px; color: white;">gamete</span>in the<span style="font-size: 1px; color: white;">bench</span>amino to<span style="font-size: 1px; color: white;">each</span>carboxyl (N→C) direction. This<span style="font-size: 1px; color: white;">truthb</span>is the<span style="font-size: 1px; color: white;">time</span>standard<span style="font-size: 1px; color: white;">some</span>method for writing<span style="font-size: 1px; color: white;">series</span>peptide<span style="font-size: 1px; color: white;">local</span>sequences.</li> </ol> <p>Select<span style="font-size: 1px; color: white;">loci</span>the<span style="font-size: 1px; color: white;">point</span>correct<span style="font-size: 1px; color: white;">marfan</span>peptide<span style="font-size: 1px; color: white;">just</span>sequence<span style="font-size: 1px; color: white;">scents</span>from<span style="font-size: 1px; color: white;">are</span>the<span style="font-size: 1px; color: white;">border</span>options below:</p> <span style="font-size: 1px; color: white;">prior</span></div>
    </div>
    <choiceInteraction maxChoices="1" responseIdentifier="RESPONSE" shuffle="true">
      <simpleChoice fixed="true" identifier="answer_1">
        <p>
          <div id="drv_2f0e" oncopy="return false;" onpaste="return false;" oncut="return false;" oncontextmenu="return false;" onmousedown="return false;" onselectstart="return false;">VRWD </div>
        </p>
      </simpleChoice>
      <simpleChoice fixed="true" identifier="answer_2">
        <p>
          <div id="drv_9488" oncopy="return false;" onpaste="return false;" oncut="return false;" oncontextmenu="return false;" onmousedown="return false;" onselectstart="return false;">DVSW </div>
        </p>
      </simpleChoice>
      <simpleChoice fixed="true" identifier="answer_3">
        <p>
          <div id="drv_196e" oncopy="return false;" onpaste="return false;" oncut="return false;" oncontextmenu="return false;" onmousedown="return false;" onselectstart="return false;">VYDW<span style="font-size: 1px; color: white;">bound</span></div>
        </p>
      </simpleChoice>
      <simpleChoice fixed="true" identifier="answer_4">
        <p>
          <div id="drv_dd8b" oncopy="return false;" onpaste="return false;" oncut="return false;" oncontextmenu="return false;" onmousedown="return false;" onselectstart="return false;">DYWF<span style="font-size: 1px; color: white;">cases</span></div>
        </p>
      </simpleChoice>
      <simpleChoice fixed="true" identifier="answer_5">
        <p>
          <div id="drv_f258" oncopy="return false;" onpaste="return false;" oncut="return false;" oncontextmenu="return false;" onmousedown="return false;" onselectstart="return false;">VYMI </div>
        </p>
      </simpleChoice>
      <simpleChoice fixed="true" identifier="answer_6">
        <p>
          <div id="drv_89d3" oncopy="return false;" onpaste="return false;" oncut="return false;" oncontextmenu="return false;" onmousedown="return false;" onselectstart="return false;">VWVV </div>
        </p>
      </simpleChoice>
    </choiceInteraction>
  </itemBody>
  <responseProcessing>
    <responseCondition>
      <responseIf>
        <match>
          <variable identifier="RESPONSE"/>
          <correct identifier="RESPONSE"/>
        </match>
      </responseIf>
    </responseCondition>
  </responseProcessing>
</assessmentItem>
