<?xml version='1.0' encoding='UTF-8'?>
<assessmentItem xmlns="http://www.imsglobal.org/xsd/imsqti_v2p1" xmlns:xsi="http://www.w3.org/2001/XMLSchema-instance" xmlns:ns8="http://www.w3.org/1999/xlink" xmlns:ns9="http://www.imsglobal.org/xsd/apip/apipv1p0/imsapip_qtiv1p0" xsi:schemaLocation="http://www.imsglobal.org/xsd/imsqti_v2p1 http://www.imsglobal.org/xsd/qti/qtiv2p1/imsqti_v2p1.xsd" title="b1f6_e9f0_1152" adaptive="false" timeDependent="false" identifier="b1f6_e9f0_1152">
  <responseDeclaration baseType="identifier" cardinality="single" identifier="RESPONSE">
    <correctResponse>
      <value>answer_006</value>
    </correctResponse>
  </responseDeclaration>
  <outcomeDeclaration baseType="float" cardinality="single" identifier="SCORE"/>
  <itemBody>
    <div>
      <div id="drv_a968" oncopy="return false;" onpaste="return false;" oncut="return false;" oncontextmenu="return false;" onmousedown="return false;" onselectstart="return false;"><script src="https://unpkg.com/@rdkit/rdkit/dist/RDKit_minimal.js"/><h4>peptide_e30f</h4><p><canvas id="canvas_9693" width="480" height="512"/></p><hr/><script>/* */initRDKitModule().then(function(instance){RDKitModule=instance;console.log("RDKit:"+RDKitModule.version());/* */function/* */getPeptideBonds(mol){let/* */peptide_bond="CC(=O)NC";let/* */qmol=window.RDKitModule.get_qmol(peptide_bond);let/* */matches=JSON.parse(mol.get_substruct_matches(qmol));let/* */aggregatedBonds=[];for(let/* */i=0;i&lt;matches.length;i++){match=matches[i];if(Array.isArray(match["bonds"])){aggregatedBonds.push(match["bonds"].slice(-2)[0]);}}return/* */aggregatedBonds;}let/* */smiles="[NH3+][C@@H](CC1=CC=C2C(=C1)C(=CN2))(C(=O)N[C@@H](CCC(=O)[O-])(C(=O)N[C@@H](CCSC)(C(=O)N[C@@H](CCC(=O)N)(C(=O)[O-]))))";let/* */mol=RDKitModule.get_mol(smiles);let/* */mdetails={};mdetails["bonds"]=getPeptideBonds(mol);mdetails["atoms"]=[0];mdetails["highlightColour"]=[0,1,0];mdetails["legend"]="peptide_e30f";mdetails["explicitMethyl"]=true;canvas=document.getElementById("canvas_9693");mol.draw_to_canvas_with_highlights(canvas,JSON.stringify(mdetails));});/* */</script> <p>A tetrapeptide is made<span style="font-size: 1px; color: white;">known</span>up of<span style="font-size: 1px; color: white;">marina</span>four (4) amino<span style="font-size: 1px; color: white;">always</span>acids. The figure<span style="font-size: 1px; color: white;">mobile</span>above<span style="font-size: 1px; color: white;">exist</span>shows one such<span style="font-size: 1px; color: white;">oils</span>tetrapeptide<span style="font-size: 1px; color: white;">falsei</span>with<span style="font-size: 1px; color: white;">fuel</span>an<span style="font-size: 1px; color: white;">coli</span>unknown<span style="font-size: 1px; color: white;">tissue</span>sequence. Your<span style="font-size: 1px; color: white;">can</span>task<span style="font-size: 1px; color: white;">immune</span>is to<span style="font-size: 1px; color: white;">name</span>find out the<span style="font-size: 1px; color: white;">three</span>four (4) letter<span style="font-size: 1px; color: white;">erna</span>sequence of<span style="font-size: 1px; color: white;">purify</span>this tetrapeptide.</p> <p>Here<span style="font-size: 1px; color: white;">units</span>is<span style="font-size: 1px; color: white;">plant</span>a step-by-step<span style="font-size: 1px; color: white;">switch</span>guide<span style="font-size: 1px; color: white;">more</span>to<span style="font-size: 1px; color: white;">cells</span>help<span style="font-size: 1px; color: white;">civil</span>you<span style="font-size: 1px; color: white;">ligate</span>answer the<span style="font-size: 1px; color: white;">makeup</span>question:</p> <ol> <li style="margin-bottom: 20px;">Consult<span style="font-size: 1px; color: white;">corn</span>an<span style="font-size: 1px; color: white;">uaa</span>amino<span style="font-size: 1px; color: white;">not</span>acid<span style="font-size: 1px; color: white;">real</span>guide<span style="font-size: 1px; color: white;">apply</span>for reference. You<span style="font-size: 1px; color: white;">part</span>can<span style="font-size: 1px; color: white;">dhea</span>find a PDF guide<span style="font-size: 1px; color: white;">lipids</span>on Blackboard<span style="font-size: 1px; color: white;">exert</span>under "Exam<span style="font-size: 1px; color: white;">eye</span>and Quiz" in<span style="font-size: 1px; color: white;">unit</span>the "Old Exams" section, with the<span style="font-size: 1px; color: white;">locus</span>filename <a href="https://drive.google.com/file/d/1Mgum_TmZ71-XIjb38sStEpzzZLqkQb-W/view?usp=sharing">bchm_exam-help_sheet.pdf</a>, or search online for<span style="font-size: 1px; color: white;">copy</span>a visual<span style="font-size: 1px; color: white;">pulled</span>guide<span style="font-size: 1px; color: white;">sheep</span>that<span style="font-size: 1px; color: white;">damage</span>shows<span style="font-size: 1px; color: white;">ends</span>all 20 amino acids<span style="font-size: 1px; color: white;">coli</span>with their<span style="font-size: 1px; color: white;">alike</span>single-letter<span style="font-size: 1px; color: white;">list</span>codes.</li> <li style="margin-bottom: 20px;">Identify the<span style="font-size: 1px; color: white;">trutha</span>amino-terminal end, represented as <span style="padding: 2px; color: #0000cc; background-color: #66ff66;">NH<sub>3</sub><sup>+</sup></span> and<span style="font-size: 1px; color: white;">webbed</span>highlighted in<span style="font-size: 1px; color: white;">most</span>bright green. Distinguish<span style="font-size: 1px; color: white;">into</span>between the<span style="font-size: 1px; color: white;">ssb</span>general<span style="font-size: 1px; color: white;">ddna</span>nitrogens<span style="font-size: 1px; color: white;">xylo</span>in<span style="font-size: 1px; color: white;">exon</span>amino<span style="font-size: 1px; color: white;">outer</span>acid backbones (denoted<span style="font-size: 1px; color: white;">barrel</span>as <span style="color:#0000cc">NH</span>) and the<span style="font-size: 1px; color: white;">author</span>nitrogen in<span style="font-size: 1px; color: white;">global</span>amino acid side chains.</li> <li style="margin-bottom: 20px;">The three (3) peptide<span style="font-size: 1px; color: white;">oils</span>bonds connecting<span style="font-size: 1px; color: white;">urine</span>the four (4) amino acids<span style="font-size: 1px; color: white;">toes</span>are<span style="font-size: 1px; color: white;">primer</span>highlighted<span style="font-size: 1px; color: white;">fatty</span>in <span style="background-color: #00FF00; padding: 2px;">bright<span style="font-size: 1px; color: white;">ssb</span>green</span>, making<span style="font-size: 1px; color: white;">white</span>it<span style="font-size: 1px; color: white;">diving</span>easier<span style="font-size: 1px; color: white;">psi</span>to<span style="font-size: 1px; color: white;">rhythm</span>distinguish<span style="font-size: 1px; color: white;">crops</span>the four (4) amino<span style="font-size: 1px; color: white;">wood</span>acids.</li> <li style="margin-bottom: 20px;">Examine the side chain<span style="font-size: 1px; color: white;">value</span>for<span style="font-size: 1px; color: white;">aform</span>each<span style="font-size: 1px; color: white;">like</span>of the four (4) amino acids<span style="font-size: 1px; color: white;">same</span>to<span style="font-size: 1px; color: white;">your</span>determine their<span style="font-size: 1px; color: white;">plot</span>single-letter<span style="font-size: 1px; color: white;">can</span>amino<span style="font-size: 1px; color: white;">many</span>acid<span style="font-size: 1px; color: white;">double</span>code.</li> <li style="margin-bottom: 20px;">List the<span style="font-size: 1px; color: white;">seal</span>single-letter<span style="font-size: 1px; color: white;">cases</span>amino<span style="font-size: 1px; color: white;">tissue</span>acid<span style="font-size: 1px; color: white;">gun</span>codes in<span style="font-size: 1px; color: white;">navy</span>the amino to carboxyl (N→C) direction. This<span style="font-size: 1px; color: white;">analog</span>is<span style="font-size: 1px; color: white;">world</span>the standard<span style="font-size: 1px; color: white;">smrt</span>method<span style="font-size: 1px; color: white;">saliva</span>for<span style="font-size: 1px; color: white;">juice</span>writing peptide<span style="font-size: 1px; color: white;">risk</span>sequences.</li> </ol> <p>Select<span style="font-size: 1px; color: white;">theory</span>the<span style="font-size: 1px; color: white;">wrong</span>correct<span style="font-size: 1px; color: white;">tissue</span>peptide<span style="font-size: 1px; color: white;">box</span>sequence<span style="font-size: 1px; color: white;">after</span>from<span style="font-size: 1px; color: white;">food</span>the<span style="font-size: 1px; color: white;">plans</span>options<span style="font-size: 1px; color: white;">cheung</span>below:</p> </div>
    </div>
    <choiceInteraction maxChoices="1" responseIdentifier="RESPONSE" shuffle="true">
      <simpleChoice fixed="true" identifier="answer_1">
        <p>
          <div id="drv_d122" oncopy="return false;" onpaste="return false;" oncut="return false;" oncontextmenu="return false;" onmousedown="return false;" onselectstart="return false;">WEVR<span style="font-size: 1px; color: white;">larger</span></div>
        </p>
      </simpleChoice>
      <simpleChoice fixed="true" identifier="answer_2">
        <p>
          <div id="drv_33c7" oncopy="return false;" onpaste="return false;" oncut="return false;" oncontextmenu="return false;" onmousedown="return false;" onselectstart="return false;">KEQA<span style="font-size: 1px; color: white;">need</span></div>
        </p>
      </simpleChoice>
      <simpleChoice fixed="true" identifier="answer_3">
        <p>
          <div id="drv_044f" oncopy="return false;" onpaste="return false;" oncut="return false;" oncontextmenu="return false;" onmousedown="return false;" onselectstart="return false;">IEMV </div>
        </p>
      </simpleChoice>
      <simpleChoice fixed="true" identifier="answer_4">
        <p>
          <div id="drv_a7c6" oncopy="return false;" onpaste="return false;" oncut="return false;" oncontextmenu="return false;" onmousedown="return false;" onselectstart="return false;">MLQY<span style="font-size: 1px; color: white;">mask</span></div>
        </p>
      </simpleChoice>
      <simpleChoice fixed="true" identifier="answer_5">
        <p>
          <div id="drv_0632" oncopy="return false;" onpaste="return false;" oncut="return false;" oncontextmenu="return false;" onmousedown="return false;" onselectstart="return false;">WWMV </div>
        </p>
      </simpleChoice>
      <simpleChoice fixed="true" identifier="answer_6">
        <p>
          <div id="drv_a63b" oncopy="return false;" onpaste="return false;" oncut="return false;" oncontextmenu="return false;" onmousedown="return false;" onselectstart="return false;">WEMQ<span style="font-size: 1px; color: white;">parts</span></div>
        </p>
      </simpleChoice>
    </choiceInteraction>
  </itemBody>
  <responseProcessing>
    <responseCondition>
      <responseIf>
        <match>
          <variable identifier="RESPONSE"/>
          <correct identifier="RESPONSE"/>
        </match>
      </responseIf>
    </responseCondition>
  </responseProcessing>
</assessmentItem>
