<?xml version='1.0' encoding='UTF-8'?>
<assessmentItem xmlns="http://www.imsglobal.org/xsd/imsqti_v2p1" xmlns:xsi="http://www.w3.org/2001/XMLSchema-instance" xmlns:ns8="http://www.w3.org/1999/xlink" xmlns:ns9="http://www.imsglobal.org/xsd/apip/apipv1p0/imsapip_qtiv1p0" xsi:schemaLocation="http://www.imsglobal.org/xsd/imsqti_v2p1 http://www.imsglobal.org/xsd/qti/qtiv2p1/imsqti_v2p1.xsd" title="1914_e916_121a" adaptive="false" timeDependent="false" identifier="1914_e916_121a">
  <responseDeclaration baseType="identifier" cardinality="single" identifier="RESPONSE">
    <correctResponse>
      <value>answer_003</value>
    </correctResponse>
  </responseDeclaration>
  <outcomeDeclaration baseType="float" cardinality="single" identifier="SCORE"/>
  <itemBody>
    <div>
      <div id="drv_a6e0" oncopy="return false;" onpaste="return false;" oncut="return false;" oncontextmenu="return false;" onmousedown="return false;" onselectstart="return false;"><script src="https://unpkg.com/@rdkit/rdkit/dist/RDKit_minimal.js"/><h4>peptide_b3b3</h4><p><canvas id="canvas_507f" width="480" height="512"/></p><hr/><script>/* */initRDKitModule().then(function(instance){RDKitModule=instance;console.log("RDKit:"+RDKitModule.version());/* */function/* */getPeptideBonds(mol){let/* */peptide_bond="CC(=O)NC";let/* */qmol=window.RDKitModule.get_qmol(peptide_bond);let/* */matches=JSON.parse(mol.get_substruct_matches(qmol));let/* */aggregatedBonds=[];for(let/* */i=0;i&lt;matches.length;i++){match=matches[i];if(Array.isArray(match["bonds"])){aggregatedBonds.push(match["bonds"].slice(-2)[0]);}}return/* */aggregatedBonds;}let/* */smiles="[NH3+][C@@H](CC(=O)N)(C(=O)N[C@@H](Cc1ccc(O)cc1)(C(=O)N[C@@H](CC1=CC=C2C(=C1)C(=CN2))(C(=O)N[C@@H](Cc1ccccc1)(C(=O)[O-]))))";let/* */mol=RDKitModule.get_mol(smiles);let/* */mdetails={};mdetails["bonds"]=getPeptideBonds(mol);mdetails["atoms"]=[0];mdetails["highlightColour"]=[0,1,0];mdetails["legend"]="peptide_b3b3";mdetails["explicitMethyl"]=true;canvas=document.getElementById("canvas_507f");mol.draw_to_canvas_with_highlights(canvas,JSON.stringify(mdetails));});/* */</script> <p>A tetrapeptide<span style="font-size: 1px; color: white;">raise</span>is<span style="font-size: 1px; color: white;">heavy</span>made<span style="font-size: 1px; color: white;">been</span>up<span style="font-size: 1px; color: white;">dogma</span>of<span style="font-size: 1px; color: white;">bgroup</span>four (4) amino acids. The figure above shows<span style="font-size: 1px; color: white;">him</span>one<span style="font-size: 1px; color: white;">birds</span>such<span style="font-size: 1px; color: white;">line</span>tetrapeptide<span style="font-size: 1px; color: white;">cycler</span>with<span style="font-size: 1px; color: white;">units</span>an<span style="font-size: 1px; color: white;">normal</span>unknown<span style="font-size: 1px; color: white;">born</span>sequence. Your<span style="font-size: 1px; color: white;">urine</span>task<span style="font-size: 1px; color: white;">square</span>is<span style="font-size: 1px; color: white;">shelf</span>to<span style="font-size: 1px; color: white;">born</span>find<span style="font-size: 1px; color: white;">range</span>out<span style="font-size: 1px; color: white;">street</span>the<span style="font-size: 1px; color: white;">rates</span>four (4) letter<span style="font-size: 1px; color: white;">anchor</span>sequence<span style="font-size: 1px; color: white;">matter</span>of<span style="font-size: 1px; color: white;">arm</span>this<span style="font-size: 1px; color: white;">end</span>tetrapeptide.</p> <p>Here<span style="font-size: 1px; color: white;">fad</span>is a step-by-step<span style="font-size: 1px; color: white;">dmd</span>guide<span style="font-size: 1px; color: white;">bulb</span>to<span style="font-size: 1px; color: white;">drug</span>help<span style="font-size: 1px; color: white;">give</span>you<span style="font-size: 1px; color: white;">urine</span>answer the<span style="font-size: 1px; color: white;">acspan</span>question:</p> <ol> <li style="margin-bottom: 20px;">Consult<span style="font-size: 1px; color: white;">kidney</span>an<span style="font-size: 1px; color: white;">wood</span>amino<span style="font-size: 1px; color: white;">model</span>acid guide<span style="font-size: 1px; color: white;">step</span>for<span style="font-size: 1px; color: white;">rates</span>reference. You<span style="font-size: 1px; color: white;">entire</span>can find<span style="font-size: 1px; color: white;">ttest</span>a PDF guide<span style="font-size: 1px; color: white;">wobble</span>on Blackboard<span style="font-size: 1px; color: white;">keto</span>under "Exam<span style="font-size: 1px; color: white;">homo</span>and Quiz" in the "Old Exams" section, with<span style="font-size: 1px; color: white;">egel</span>the filename <a href="https://drive.google.com/file/d/1Mgum_TmZ71-XIjb38sStEpzzZLqkQb-W/view?usp=sharing">bchm_exam-help_sheet.pdf</a>, or<span style="font-size: 1px; color: white;">loss</span>search<span style="font-size: 1px; color: white;">nerve</span>online<span style="font-size: 1px; color: white;">leaven</span>for a visual<span style="font-size: 1px; color: white;">common</span>guide that<span style="font-size: 1px; color: white;">proton</span>shows<span style="font-size: 1px; color: white;">causes</span>all 20 amino<span style="font-size: 1px; color: white;">cheung</span>acids with<span style="font-size: 1px; color: white;">almost</span>their<span style="font-size: 1px; color: white;">sizes</span>single-letter<span style="font-size: 1px; color: white;">thread</span>codes.</li> <li style="margin-bottom: 20px;">Identify the<span style="font-size: 1px; color: white;">air</span>amino-terminal<span style="font-size: 1px; color: white;">thrive</span>end, represented as <span style="padding: 2px; color: #0000cc; background-color: #66ff66;">NH<sub>3</sub><sup>+</sup></span> and<span style="font-size: 1px; color: white;">origin</span>highlighted in<span style="font-size: 1px; color: white;">wax</span>bright<span style="font-size: 1px; color: white;">rubber</span>green. Distinguish<span style="font-size: 1px; color: white;">sleep</span>between<span style="font-size: 1px; color: white;">saliva</span>the<span style="font-size: 1px; color: white;">cation</span>general<span style="font-size: 1px; color: white;">oral</span>nitrogens<span style="font-size: 1px; color: white;">wide</span>in<span style="font-size: 1px; color: white;">events</span>amino<span style="font-size: 1px; color: white;">fork</span>acid backbones (denoted as <span style="color:#0000cc">NH</span>) and the nitrogen in<span style="font-size: 1px; color: white;">where</span>amino<span style="font-size: 1px; color: white;">linear</span>acid<span style="font-size: 1px; color: white;">chi</span>side<span style="font-size: 1px; color: white;">upon</span>chains.</li> <li style="margin-bottom: 20px;">The three (3) peptide bonds<span style="font-size: 1px; color: white;">nail</span>connecting the<span style="font-size: 1px; color: white;">olive</span>four (4) amino<span style="font-size: 1px; color: white;">opens</span>acids<span style="font-size: 1px; color: white;">bow</span>are<span style="font-size: 1px; color: white;">dutch</span>highlighted in <span style="background-color: #00FF00; padding: 2px;">bright green</span>, making<span style="font-size: 1px; color: white;">making</span>it<span style="font-size: 1px; color: white;">eonly</span>easier to distinguish the<span style="font-size: 1px; color: white;">does</span>four (4) amino acids.</li> <li style="margin-bottom: 20px;">Examine<span style="font-size: 1px; color: white;">starch</span>the side chain<span style="font-size: 1px; color: white;">nadh</span>for<span style="font-size: 1px; color: white;">juice</span>each of<span style="font-size: 1px; color: white;">never</span>the<span style="font-size: 1px; color: white;">cannot</span>four (4) amino<span style="font-size: 1px; color: white;">ran</span>acids<span style="font-size: 1px; color: white;">caused</span>to<span style="font-size: 1px; color: white;">chains</span>determine<span style="font-size: 1px; color: white;">rapid</span>their single-letter<span style="font-size: 1px; color: white;">ribose</span>amino<span style="font-size: 1px; color: white;">ssb</span>acid<span style="font-size: 1px; color: white;">strong</span>code.</li> <li style="margin-bottom: 20px;">List<span style="font-size: 1px; color: white;">indigo</span>the<span style="font-size: 1px; color: white;">inside</span>single-letter amino<span style="font-size: 1px; color: white;">tag</span>acid<span style="font-size: 1px; color: white;">highly</span>codes<span style="font-size: 1px; color: white;">shear</span>in the amino<span style="font-size: 1px; color: white;">solo</span>to carboxyl (N→C) direction. This is the<span style="font-size: 1px; color: white;">eye</span>standard method for writing<span style="font-size: 1px; color: white;">psite</span>peptide<span style="font-size: 1px; color: white;">carry</span>sequences.</li> </ol> <p>Select<span style="font-size: 1px; color: white;">their</span>the<span style="font-size: 1px; color: white;">hexose</span>correct<span style="font-size: 1px; color: white;">omega</span>peptide<span style="font-size: 1px; color: white;">forced</span>sequence<span style="font-size: 1px; color: white;">acetyl</span>from<span style="font-size: 1px; color: white;">isomer</span>the<span style="font-size: 1px; color: white;">only</span>options below:</p> </div>
    </div>
    <choiceInteraction maxChoices="1" responseIdentifier="RESPONSE" shuffle="true">
      <simpleChoice fixed="true" identifier="answer_1">
        <p>
          <div id="drv_1e0c" oncopy="return false;" onpaste="return false;" oncut="return false;" oncontextmenu="return false;" onmousedown="return false;" onselectstart="return false;">VYWG<span style="font-size: 1px; color: white;">patent</span></div>
        </p>
      </simpleChoice>
      <simpleChoice fixed="true" identifier="answer_2">
        <p>
          <div id="drv_2cf5" oncopy="return false;" onpaste="return false;" oncut="return false;" oncontextmenu="return false;" onmousedown="return false;" onselectstart="return false;">HYDF<span style="font-size: 1px; color: white;">native</span></div>
        </p>
      </simpleChoice>
      <simpleChoice fixed="true" identifier="answer_3">
        <p>
          <div id="drv_965e" oncopy="return false;" onpaste="return false;" oncut="return false;" oncontextmenu="return false;" onmousedown="return false;" onselectstart="return false;">NYWF<span style="font-size: 1px; color: white;">moment</span></div>
        </p>
      </simpleChoice>
      <simpleChoice fixed="true" identifier="answer_4">
        <p>
          <div id="drv_3f15" oncopy="return false;" onpaste="return false;" oncut="return false;" oncontextmenu="return false;" onmousedown="return false;" onselectstart="return false;">DYRF<span style="font-size: 1px; color: white;">topic</span></div>
        </p>
      </simpleChoice>
      <simpleChoice fixed="true" identifier="answer_5">
        <p>
          <div id="drv_7bc5" oncopy="return false;" onpaste="return false;" oncut="return false;" oncontextmenu="return false;" onmousedown="return false;" onselectstart="return false;">LYYD </div>
        </p>
      </simpleChoice>
      <simpleChoice fixed="true" identifier="answer_6">
        <p>
          <div id="drv_2e57" oncopy="return false;" onpaste="return false;" oncut="return false;" oncontextmenu="return false;" onmousedown="return false;" onselectstart="return false;">NSWF </div>
        </p>
      </simpleChoice>
    </choiceInteraction>
  </itemBody>
  <responseProcessing>
    <responseCondition>
      <responseIf>
        <match>
          <variable identifier="RESPONSE"/>
          <correct identifier="RESPONSE"/>
        </match>
      </responseIf>
    </responseCondition>
  </responseProcessing>
</assessmentItem>
