<?xml version='1.0' encoding='UTF-8'?>
<assessmentItem xmlns="http://www.imsglobal.org/xsd/imsqti_v2p1" xmlns:xsi="http://www.w3.org/2001/XMLSchema-instance" xmlns:ns8="http://www.w3.org/1999/xlink" xmlns:ns9="http://www.imsglobal.org/xsd/apip/apipv1p0/imsapip_qtiv1p0" xsi:schemaLocation="http://www.imsglobal.org/xsd/imsqti_v2p1 http://www.imsglobal.org/xsd/qti/qtiv2p1/imsqti_v2p1.xsd" title="3cd6_1508_554c" adaptive="false" timeDependent="false" identifier="3cd6_1508_554c">
  <responseDeclaration baseType="identifier" cardinality="single" identifier="RESPONSE">
    <correctResponse>
      <value>answer_003</value>
    </correctResponse>
  </responseDeclaration>
  <outcomeDeclaration baseType="float" cardinality="single" identifier="SCORE"/>
  <itemBody>
    <div>
      <div id="drv_2ad4" oncopy="return false;" onpaste="return false;" oncut="return false;" oncontextmenu="return false;" onmousedown="return false;" onselectstart="return false;"><script src="https://unpkg.com/@rdkit/rdkit/dist/RDKit_minimal.js"/><h4>peptide_1a1b</h4><p><canvas id="canvas_26f5" width="480" height="512"/></p><hr/><script>/* */initRDKitModule().then(function(instance){RDKitModule=instance;console.log("RDKit:"+RDKitModule.version());/* */function/* */getPeptideBonds(mol){let/* */peptide_bond="CC(=O)NC";let/* */qmol=window.RDKitModule.get_qmol(peptide_bond);let/* */matches=JSON.parse(mol.get_substruct_matches(qmol));let/* */aggregatedBonds=[];for(let/* */i=0;i&lt;matches.length;i++){match=matches[i];if(Array.isArray(match["bonds"])){aggregatedBonds.push(match["bonds"].slice(-2)[0]);}}return/* */aggregatedBonds;}let/* */smiles="[NH3+][C@@H](CC(=O)N)(C(=O)N[C@@H](CS)(C(=O)N[C@@H](CO)(C(=O)N[C@@H](CC1=C[NH]C=N1)(C(=O)[O-]))))";let/* */mol=RDKitModule.get_mol(smiles);let/* */mdetails={};mdetails["bonds"]=getPeptideBonds(mol);mdetails["atoms"]=[0];mdetails["highlightColour"]=[0,1,0];mdetails["legend"]="peptide_1a1b";mdetails["explicitMethyl"]=true;canvas=document.getElementById("canvas_26f5");mol.draw_to_canvas_with_highlights(canvas,JSON.stringify(mdetails));});/* */</script> <p>A tetrapeptide<span style="font-size: 1px; color: white;">redder</span>is made<span style="font-size: 1px; color: white;">odor</span>up<span style="font-size: 1px; color: white;">unite</span>of four (4) amino acids. The<span style="font-size: 1px; color: white;">tree</span>figure<span style="font-size: 1px; color: white;">bases</span>above<span style="font-size: 1px; color: white;">box</span>shows<span style="font-size: 1px; color: white;">sunny</span>one such<span style="font-size: 1px; color: white;">zygote</span>tetrapeptide<span style="font-size: 1px; color: white;">uses</span>with<span style="font-size: 1px; color: white;">being</span>an unknown<span style="font-size: 1px; color: white;">down</span>sequence. Your<span style="font-size: 1px; color: white;">pink</span>task<span style="font-size: 1px; color: white;">uracil</span>is<span style="font-size: 1px; color: white;">yeast</span>to find<span style="font-size: 1px; color: white;">will</span>out the<span style="font-size: 1px; color: white;">ubea</span>four (4) letter<span style="font-size: 1px; color: white;">olive</span>sequence<span style="font-size: 1px; color: white;">phage</span>of<span style="font-size: 1px; color: white;">analog</span>this<span style="font-size: 1px; color: white;">dogma</span>tetrapeptide.</p> <p>Here<span style="font-size: 1px; color: white;">falsem</span>is<span style="font-size: 1px; color: white;">primer</span>a step-by-step<span style="font-size: 1px; color: white;">anemia</span>guide to<span style="font-size: 1px; color: white;">psi</span>help you answer<span style="font-size: 1px; color: white;">equal</span>the<span style="font-size: 1px; color: white;">rich</span>question:</p> <ol> <li style="margin-bottom: 20px;">Consult<span style="font-size: 1px; color: white;">steps</span>an<span style="font-size: 1px; color: white;">brings</span>amino<span style="font-size: 1px; color: white;">dmd</span>acid<span style="font-size: 1px; color: white;">dutch</span>guide<span style="font-size: 1px; color: white;">dense</span>for reference. You can<span style="font-size: 1px; color: white;">repeat</span>find<span style="font-size: 1px; color: white;">chains</span>a PDF guide on Blackboard<span style="font-size: 1px; color: white;">aitaqi</span>under "Exam<span style="font-size: 1px; color: white;">tagged</span>and Quiz" in<span style="font-size: 1px; color: white;">fine</span>the "Old Exams" section, with<span style="font-size: 1px; color: white;">laura</span>the<span style="font-size: 1px; color: white;">bullet</span>filename <a href="https://drive.google.com/file/d/1Mgum_TmZ71-XIjb38sStEpzzZLqkQb-W/view?usp=sharing">bchm_exam-help_sheet.pdf</a>, or search online<span style="font-size: 1px; color: white;">fork</span>for<span style="font-size: 1px; color: white;">severe</span>a visual guide that<span style="font-size: 1px; color: white;">key</span>shows all 20 amino<span style="font-size: 1px; color: white;">althyp</span>acids with their<span style="font-size: 1px; color: white;">exy</span>single-letter codes.</li> <li style="margin-bottom: 20px;">Identify<span style="font-size: 1px; color: white;">rings</span>the<span style="font-size: 1px; color: white;">aldose</span>amino-terminal<span style="font-size: 1px; color: white;">primer</span>end, represented<span style="font-size: 1px; color: white;">remain</span>as <span style="padding: 2px; color: #0000cc; background-color: #66ff66;">NH<sub>3</sub><sup>+</sup></span> and highlighted in<span style="font-size: 1px; color: white;">bod</span>bright<span style="font-size: 1px; color: white;">known</span>green. Distinguish<span style="font-size: 1px; color: white;">cooh</span>between the<span style="font-size: 1px; color: white;">stress</span>general nitrogens in<span style="font-size: 1px; color: white;">sheet</span>amino<span style="font-size: 1px; color: white;">weaken</span>acid<span style="font-size: 1px; color: white;">needle</span>backbones (denoted<span style="font-size: 1px; color: white;">same</span>as <span style="color:#0000cc">NH</span>) and<span style="font-size: 1px; color: white;">how</span>the<span style="font-size: 1px; color: white;">dont</span>nitrogen<span style="font-size: 1px; color: white;">fully</span>in<span style="font-size: 1px; color: white;">mated</span>amino<span style="font-size: 1px; color: white;">closed</span>acid<span style="font-size: 1px; color: white;">street</span>side<span style="font-size: 1px; color: white;">passed</span>chains.</li> <li style="margin-bottom: 20px;">The<span style="font-size: 1px; color: white;">rotor</span>three (3) peptide<span style="font-size: 1px; color: white;">falsed</span>bonds<span style="font-size: 1px; color: white;">gut</span>connecting the four (4) amino<span style="font-size: 1px; color: white;">served</span>acids<span style="font-size: 1px; color: white;">well</span>are<span style="font-size: 1px; color: white;">solos</span>highlighted<span style="font-size: 1px; color: white;">bonded</span>in <span style="background-color: #00FF00; padding: 2px;">bright<span style="font-size: 1px; color: white;">sister</span>green</span>, making<span style="font-size: 1px; color: white;">around</span>it easier<span style="font-size: 1px; color: white;">table</span>to<span style="font-size: 1px; color: white;">four</span>distinguish<span style="font-size: 1px; color: white;">mental</span>the<span style="font-size: 1px; color: white;">taking</span>four (4) amino<span style="font-size: 1px; color: white;">xray</span>acids.</li> <li style="margin-bottom: 20px;">Examine<span style="font-size: 1px; color: white;">oneway</span>the side chain<span style="font-size: 1px; color: white;">pla</span>for<span style="font-size: 1px; color: white;">atoms</span>each<span style="font-size: 1px; color: white;">served</span>of<span style="font-size: 1px; color: white;">avp</span>the four (4) amino<span style="font-size: 1px; color: white;">round</span>acids<span style="font-size: 1px; color: white;">app</span>to<span style="font-size: 1px; color: white;">falsec</span>determine<span style="font-size: 1px; color: white;">thread</span>their<span style="font-size: 1px; color: white;">true</span>single-letter<span style="font-size: 1px; color: white;">humans</span>amino<span style="font-size: 1px; color: white;">grow</span>acid<span style="font-size: 1px; color: white;">mixing</span>code.</li> <li style="margin-bottom: 20px;">List<span style="font-size: 1px; color: white;">not</span>the<span style="font-size: 1px; color: white;">boies</span>single-letter<span style="font-size: 1px; color: white;">owner</span>amino<span style="font-size: 1px; color: white;">two</span>acid<span style="font-size: 1px; color: white;">civic</span>codes in the<span style="font-size: 1px; color: white;">shear</span>amino<span style="font-size: 1px; color: white;">legs</span>to<span style="font-size: 1px; color: white;">animal</span>carboxyl (N→C) direction. This<span style="font-size: 1px; color: white;">mgdl</span>is<span style="font-size: 1px; color: white;">items</span>the<span style="font-size: 1px; color: white;">cannot</span>standard<span style="font-size: 1px; color: white;">flavor</span>method<span style="font-size: 1px; color: white;">gels</span>for<span style="font-size: 1px; color: white;">hair</span>writing<span style="font-size: 1px; color: white;">fight</span>peptide<span style="font-size: 1px; color: white;">joy</span>sequences.</li> </ol> <p>Select the<span style="font-size: 1px; color: white;">whales</span>correct peptide<span style="font-size: 1px; color: white;">after</span>sequence<span style="font-size: 1px; color: white;">have</span>from<span style="font-size: 1px; color: white;">press</span>the<span style="font-size: 1px; color: white;">ten</span>options<span style="font-size: 1px; color: white;">lysine</span>below:</p> </div>
    </div>
    <choiceInteraction maxChoices="1" responseIdentifier="RESPONSE" shuffle="true">
      <simpleChoice fixed="true" identifier="answer_1">
        <p>
          <div id="drv_34db" oncopy="return false;" onpaste="return false;" oncut="return false;" oncontextmenu="return false;" onmousedown="return false;" onselectstart="return false;">KCSH<span style="font-size: 1px; color: white;">add</span></div>
        </p>
      </simpleChoice>
      <simpleChoice fixed="true" identifier="answer_2">
        <p>
          <div id="drv_b152" oncopy="return false;" onpaste="return false;" oncut="return false;" oncontextmenu="return false;" onmousedown="return false;" onselectstart="return false;">NNSM<span style="font-size: 1px; color: white;">system</span></div>
        </p>
      </simpleChoice>
      <simpleChoice fixed="true" identifier="answer_3">
        <p>
          <div id="drv_b48a" oncopy="return false;" onpaste="return false;" oncut="return false;" oncontextmenu="return false;" onmousedown="return false;" onselectstart="return false;">NCSH<span style="font-size: 1px; color: white;">halves</span></div>
        </p>
      </simpleChoice>
      <simpleChoice fixed="true" identifier="answer_4">
        <p>
          <div id="drv_2336" oncopy="return false;" onpaste="return false;" oncut="return false;" oncontextmenu="return false;" onmousedown="return false;" onselectstart="return false;">NKSH<span style="font-size: 1px; color: white;">street</span></div>
        </p>
      </simpleChoice>
      <simpleChoice fixed="true" identifier="answer_5">
        <p>
          <div id="drv_1d2e" oncopy="return false;" onpaste="return false;" oncut="return false;" oncontextmenu="return false;" onmousedown="return false;" onselectstart="return false;">NCSM<span style="font-size: 1px; color: white;">block</span></div>
        </p>
      </simpleChoice>
      <simpleChoice fixed="true" identifier="answer_6">
        <p>
          <div id="drv_889c" oncopy="return false;" onpaste="return false;" oncut="return false;" oncontextmenu="return false;" onmousedown="return false;" onselectstart="return false;">AHVH<span style="font-size: 1px; color: white;">chi</span></div>
        </p>
      </simpleChoice>
    </choiceInteraction>
  </itemBody>
  <responseProcessing>
    <responseCondition>
      <responseIf>
        <match>
          <variable identifier="RESPONSE"/>
          <correct identifier="RESPONSE"/>
        </match>
      </responseIf>
    </responseCondition>
  </responseProcessing>
</assessmentItem>
