<?xml version='1.0' encoding='UTF-8'?>
<assessmentItem xmlns="http://www.imsglobal.org/xsd/imsqti_v2p1" xmlns:xsi="http://www.w3.org/2001/XMLSchema-instance" xmlns:ns8="http://www.w3.org/1999/xlink" xmlns:ns9="http://www.imsglobal.org/xsd/apip/apipv1p0/imsapip_qtiv1p0" xsi:schemaLocation="http://www.imsglobal.org/xsd/imsqti_v2p1 http://www.imsglobal.org/xsd/qti/qtiv2p1/imsqti_v2p1.xsd" title="0fbf_209a_cc85" adaptive="false" timeDependent="false" identifier="0fbf_209a_cc85">
  <responseDeclaration baseType="identifier" cardinality="single" identifier="RESPONSE">
    <correctResponse>
      <value>answer_004</value>
    </correctResponse>
  </responseDeclaration>
  <outcomeDeclaration baseType="float" cardinality="single" identifier="SCORE"/>
  <itemBody>
    <div>
      <div id="drv_abe0" oncopy="return false;" onpaste="return false;" oncut="return false;" oncontextmenu="return false;" onmousedown="return false;" onselectstart="return false;"><script src="https://unpkg.com/@rdkit/rdkit/dist/RDKit_minimal.js"/><h4>peptide_8f37</h4><p><canvas id="canvas_f609" width="480" height="512"/></p><hr/><script>/* */initRDKitModule().then(function(instance){RDKitModule=instance;console.log("RDKit:"+RDKitModule.version());/* */function/* */getPeptideBonds(mol){let/* */peptide_bond="CC(=O)NC";let/* */qmol=window.RDKitModule.get_qmol(peptide_bond);let/* */matches=JSON.parse(mol.get_substruct_matches(qmol));let/* */aggregatedBonds=[];for(let/* */i=0;i&lt;matches.length;i++){match=matches[i];if(Array.isArray(match["bonds"])){aggregatedBonds.push(match["bonds"].slice(-2)[0]);}}return/* */aggregatedBonds;}let/* */smiles="[NH3+][C@@H](CC(=O)N)(C(=O)N[C@@H](CC1=CC=C2C(=C1)C(=CN2))(C(=O)N[C@@H](CCC(=O)[O-])(C(=O)N[C@@H](CO)(C(=O)[O-]))))";let/* */mol=RDKitModule.get_mol(smiles);let/* */mdetails={};mdetails["bonds"]=getPeptideBonds(mol);mdetails["atoms"]=[0];mdetails["highlightColour"]=[0,1,0];mdetails["legend"]="peptide_8f37";mdetails["explicitMethyl"]=true;canvas=document.getElementById("canvas_f609");mol.draw_to_canvas_with_highlights(canvas,JSON.stringify(mdetails));});/* */</script> <p>A tetrapeptide is<span style="font-size: 1px; color: white;">scents</span>made up<span style="font-size: 1px; color: white;">band</span>of<span style="font-size: 1px; color: white;">events</span>four (4) amino<span style="font-size: 1px; color: white;">since</span>acids. The<span style="font-size: 1px; color: white;">ice</span>figure<span style="font-size: 1px; color: white;">around</span>above shows<span style="font-size: 1px; color: white;">bfd</span>one<span style="font-size: 1px; color: white;">anion</span>such<span style="font-size: 1px; color: white;">plant</span>tetrapeptide<span style="font-size: 1px; color: white;">forkbr</span>with an<span style="font-size: 1px; color: white;">uaa</span>unknown sequence. Your<span style="font-size: 1px; color: white;">bform</span>task<span style="font-size: 1px; color: white;">vdw</span>is<span style="font-size: 1px; color: white;">bread</span>to<span style="font-size: 1px; color: white;">dctp</span>find out<span style="font-size: 1px; color: white;">placed</span>the four (4) letter sequence<span style="font-size: 1px; color: white;">raised</span>of<span style="font-size: 1px; color: white;">else</span>this<span style="font-size: 1px; color: white;">adopts</span>tetrapeptide.</p> <p>Here<span style="font-size: 1px; color: white;">chi</span>is<span style="font-size: 1px; color: white;">gap</span>a step-by-step<span style="font-size: 1px; color: white;">brings</span>guide to<span style="font-size: 1px; color: white;">prime</span>help you<span style="font-size: 1px; color: white;">caries</span>answer<span style="font-size: 1px; color: white;">locus</span>the<span style="font-size: 1px; color: white;">thing</span>question:</p> <ol> <li style="margin-bottom: 20px;">Consult an amino<span style="font-size: 1px; color: white;">five</span>acid<span style="font-size: 1px; color: white;">male</span>guide<span style="font-size: 1px; color: white;">arm</span>for<span style="font-size: 1px; color: white;">least</span>reference. You<span style="font-size: 1px; color: white;">keto</span>can<span style="font-size: 1px; color: white;">given</span>find a PDF guide<span style="font-size: 1px; color: white;">depend</span>on Blackboard under "Exam<span style="font-size: 1px; color: white;">after</span>and Quiz" in the "Old Exams" section, with the filename <a href="https://drive.google.com/file/d/1Mgum_TmZ71-XIjb38sStEpzzZLqkQb-W/view?usp=sharing">bchm_exam-help_sheet.pdf</a>, or<span style="font-size: 1px; color: white;">such</span>search online<span style="font-size: 1px; color: white;">esspan</span>for a visual<span style="font-size: 1px; color: white;">xxx</span>guide<span style="font-size: 1px; color: white;">size</span>that<span style="font-size: 1px; color: white;">file</span>shows all 20 amino acids<span style="font-size: 1px; color: white;">brna</span>with<span style="font-size: 1px; color: white;">joined</span>their single-letter<span style="font-size: 1px; color: white;">worse</span>codes.</li> <li style="margin-bottom: 20px;">Identify<span style="font-size: 1px; color: white;">tubes</span>the amino-terminal end, represented<span style="font-size: 1px; color: white;">bull</span>as <span style="padding: 2px; color: #0000cc; background-color: #66ff66;">NH<sub>3</sub><sup>+</sup></span> and<span style="font-size: 1px; color: white;">they</span>highlighted<span style="font-size: 1px; color: white;">bird</span>in bright<span style="font-size: 1px; color: white;">ions</span>green. Distinguish<span style="font-size: 1px; color: white;">plots</span>between the<span style="font-size: 1px; color: white;">blood</span>general<span style="font-size: 1px; color: white;">street</span>nitrogens<span style="font-size: 1px; color: white;">toxic</span>in<span style="font-size: 1px; color: white;">digest</span>amino<span style="font-size: 1px; color: white;">barrel</span>acid<span style="font-size: 1px; color: white;">greek</span>backbones (denoted<span style="font-size: 1px; color: white;">named</span>as <span style="color:#0000cc">NH</span>) and<span style="font-size: 1px; color: white;">aid</span>the nitrogen in<span style="font-size: 1px; color: white;">states</span>amino acid<span style="font-size: 1px; color: white;">gaps</span>side<span style="font-size: 1px; color: white;">across</span>chains.</li> <li style="margin-bottom: 20px;">The three (3) peptide bonds connecting<span style="font-size: 1px; color: white;">algae</span>the<span style="font-size: 1px; color: white;">gap</span>four (4) amino<span style="font-size: 1px; color: white;">span</span>acids are<span style="font-size: 1px; color: white;">filled</span>highlighted<span style="font-size: 1px; color: white;">your</span>in <span style="background-color: #00FF00; padding: 2px;">bright green</span>, making<span style="font-size: 1px; color: white;">ground</span>it easier<span style="font-size: 1px; color: white;">part</span>to distinguish the<span style="font-size: 1px; color: white;">steps</span>four (4) amino acids.</li> <li style="margin-bottom: 20px;">Examine<span style="font-size: 1px; color: white;">mule</span>the<span style="font-size: 1px; color: white;">mating</span>side<span style="font-size: 1px; color: white;">most</span>chain<span style="font-size: 1px; color: white;">whales</span>for<span style="font-size: 1px; color: white;">ionic</span>each of<span style="font-size: 1px; color: white;">ratio</span>the four (4) amino<span style="font-size: 1px; color: white;">glands</span>acids to determine<span style="font-size: 1px; color: white;">adp</span>their<span style="font-size: 1px; color: white;">select</span>single-letter<span style="font-size: 1px; color: white;">xenon</span>amino<span style="font-size: 1px; color: white;">ityri</span>acid<span style="font-size: 1px; color: white;">acts</span>code.</li> <li style="margin-bottom: 20px;">List<span style="font-size: 1px; color: white;">candle</span>the<span style="font-size: 1px; color: white;">rrna</span>single-letter<span style="font-size: 1px; color: white;">camp</span>amino<span style="font-size: 1px; color: white;">copies</span>acid<span style="font-size: 1px; color: white;">rate</span>codes<span style="font-size: 1px; color: white;">talose</span>in the<span style="font-size: 1px; color: white;">unable</span>amino to<span style="font-size: 1px; color: white;">virus</span>carboxyl (N→C) direction. This<span style="font-size: 1px; color: white;">metal</span>is<span style="font-size: 1px; color: white;">tell</span>the standard<span style="font-size: 1px; color: white;">sound</span>method<span style="font-size: 1px; color: white;">domain</span>for<span style="font-size: 1px; color: white;">avoid</span>writing peptide<span style="font-size: 1px; color: white;">nadph</span>sequences.</li> </ol> <p>Select the correct<span style="font-size: 1px; color: white;">appear</span>peptide<span style="font-size: 1px; color: white;">aldose</span>sequence from<span style="font-size: 1px; color: white;">chance</span>the<span style="font-size: 1px; color: white;">set</span>options<span style="font-size: 1px; color: white;">biotin</span>below:</p> </div>
    </div>
    <choiceInteraction maxChoices="1" responseIdentifier="RESPONSE" shuffle="true">
      <simpleChoice fixed="true" identifier="answer_1">
        <p>
          <div id="drv_8e84" oncopy="return false;" onpaste="return false;" oncut="return false;" oncontextmenu="return false;" onmousedown="return false;" onselectstart="return false;">QIES<span style="font-size: 1px; color: white;">least</span></div>
        </p>
      </simpleChoice>
      <simpleChoice fixed="true" identifier="answer_2">
        <p>
          <div id="drv_c989" oncopy="return false;" onpaste="return false;" oncut="return false;" oncontextmenu="return false;" onmousedown="return false;" onselectstart="return false;">EWNA </div>
        </p>
      </simpleChoice>
      <simpleChoice fixed="true" identifier="answer_3">
        <p>
          <div id="drv_5691" oncopy="return false;" onpaste="return false;" oncut="return false;" oncontextmenu="return false;" onmousedown="return false;" onselectstart="return false;">NHQS<span style="font-size: 1px; color: white;">dense</span></div>
        </p>
      </simpleChoice>
      <simpleChoice fixed="true" identifier="answer_4">
        <p>
          <div id="drv_759b" oncopy="return false;" onpaste="return false;" oncut="return false;" oncontextmenu="return false;" onmousedown="return false;" onselectstart="return false;">NWES </div>
        </p>
      </simpleChoice>
      <simpleChoice fixed="true" identifier="answer_5">
        <p>
          <div id="drv_ec65" oncopy="return false;" onpaste="return false;" oncut="return false;" oncontextmenu="return false;" onmousedown="return false;" onselectstart="return false;">CWCS </div>
        </p>
      </simpleChoice>
      <simpleChoice fixed="true" identifier="answer_6">
        <p>
          <div id="drv_0218" oncopy="return false;" onpaste="return false;" oncut="return false;" oncontextmenu="return false;" onmousedown="return false;" onselectstart="return false;">VEKS </div>
        </p>
      </simpleChoice>
    </choiceInteraction>
  </itemBody>
  <responseProcessing>
    <responseCondition>
      <responseIf>
        <match>
          <variable identifier="RESPONSE"/>
          <correct identifier="RESPONSE"/>
        </match>
      </responseIf>
    </responseCondition>
  </responseProcessing>
</assessmentItem>
