<?xml version='1.0' encoding='UTF-8'?>
<assessmentItem xmlns="http://www.imsglobal.org/xsd/imsqti_v2p1" xmlns:xsi="http://www.w3.org/2001/XMLSchema-instance" xmlns:ns8="http://www.w3.org/1999/xlink" xmlns:ns9="http://www.imsglobal.org/xsd/apip/apipv1p0/imsapip_qtiv1p0" xsi:schemaLocation="http://www.imsglobal.org/xsd/imsqti_v2p1 http://www.imsglobal.org/xsd/qti/qtiv2p1/imsqti_v2p1.xsd" title="da89_66d2_6563" adaptive="false" timeDependent="false" identifier="da89_66d2_6563">
  <responseDeclaration baseType="identifier" cardinality="single" identifier="RESPONSE">
    <correctResponse>
      <value>answer_001</value>
    </correctResponse>
  </responseDeclaration>
  <outcomeDeclaration baseType="float" cardinality="single" identifier="SCORE"/>
  <itemBody>
    <div><p>0939</p> <p>A series of enzymes catalyze the reactions in the following metabolic pathway:</p><table border="0" style="border-collapse: collapse;"><tr><td colspan="2"/><td style="font-size: 75%; text-align:center; vertical-align: bottom;" colspan="3">enzyme 1</td><td/><td style="font-size: 75%; text-align:center; vertical-align: bottom;" colspan="3">enzyme 2</td><td/><td style="font-size: 75%; text-align:center; vertical-align: bottom;" colspan="3">enzyme 3</td><td/><td style="font-size: 75%; text-align:center; vertical-align: bottom;" colspan="3">enzyme 4</td><td/><td style="font-size: 75%; text-align:center; vertical-align: bottom;" colspan="3">enzyme 5</td><td/><td/></tr><tr><td style="font-size: 150%; text-align:center;" colspan="3"><strong><span style="color: #e65400">J</span></strong></td><td style="text-align:center; vertical-align:top;"> ⟶ </td><td style="font-size: 150%; text-align:center;" colspan="3"><strong><span style="color: #e69100">K</span></strong></td><td style="text-align:center; vertical-align:top;"> ⟶ </td><td style="font-size: 150%; text-align:center;" colspan="3"><strong><span style="color: #b3b300">L</span></strong></td><td style="text-align:center; vertical-align:top;"> ⟶ </td><td style="font-size: 150%; text-align:center;" colspan="3"><strong><span style="color: #59b300">M</span></strong></td><td style="text-align:center; vertical-align:top;"> ⟶ </td><td style="font-size: 150%; text-align:center;" colspan="3"><strong><span style="color: #009900">N</span></strong></td><td style="text-align:center; vertical-align:top;"> ⟶ </td><td style="font-size: 150%; text-align:center;" colspan="3"><strong><span style="color: #00b38f">O</span></strong></td></tr><tr><td><span style="font-size: 1px; color: white;"> </span></td><td><span style="font-size: 1px; color: white;"> </span></td><td><span style="font-size: 1px; color: white;"> </span></td><td><span style="font-size: 1px; color: white;"> </span></td><td><span style="font-size: 1px; color: white;"> </span></td><td><span style="font-size: 1px; color: white;"> </span></td><td><span style="font-size: 1px; color: white;"> </span></td><td><span style="font-size: 1px; color: white;"> </span></td><td><span style="font-size: 1px; color: white;"> </span></td><td><span style="font-size: 1px; color: white;"> </span></td><td><span style="font-size: 1px; color: white;"> </span></td><td><span style="font-size: 1px; color: white;"> </span></td><td><span style="font-size: 1px; color: white;"> </span></td><td><span style="font-size: 1px; color: white;"> </span></td><td><span style="font-size: 1px; color: white;"> </span></td><td><span style="font-size: 1px; color: white;"> </span></td><td><span style="font-size: 1px; color: white;"> </span></td><td><span style="font-size: 1px; color: white;"> </span></td><td><span style="font-size: 1px; color: white;"> </span></td><td><span style="font-size: 1px; color: white;"> </span></td><td><span style="font-size: 1px; color: white;"> </span></td><td><span style="font-size: 1px; color: white;"> </span></td><td><span style="font-size: 1px; color: white;"> </span></td></tr></table><p>In a typical metabolic pathway, an allosteric enzyme is sensitive to changes in concentration of specific molecules and can regulate the rate of reactions.</p><p>Which one of the enzymes in the metabolic pathway above is most likely to be an allosteric enzyme?</p></div>
    <choiceInteraction maxChoices="1" responseIdentifier="RESPONSE" shuffle="true">
      <simpleChoice fixed="true" identifier="answer_1">
        <p>A.  <strong>enzyme 1</strong> that catalyzes the reaction from substrate <strong><span style="color: #e65400">J</span></strong> to product <strong><span style="color: #e69100">K</span></strong>  </p>
      </simpleChoice>
      <simpleChoice fixed="true" identifier="answer_2">
        <p>B.  <strong>enzyme 2</strong> that catalyzes the reaction from substrate <strong><span style="color: #e69100">K</span></strong> to product <strong><span style="color: #b3b300">L</span></strong>  </p>
      </simpleChoice>
      <simpleChoice fixed="true" identifier="answer_3">
        <p>C.  <strong>enzyme 3</strong> that catalyzes the reaction from substrate <strong><span style="color: #b3b300">L</span></strong> to product <strong><span style="color: #59b300">M</span></strong>  </p>
      </simpleChoice>
      <simpleChoice fixed="true" identifier="answer_4">
        <p>D.  <strong>enzyme 4</strong> that catalyzes the reaction from substrate <strong><span style="color: #59b300">M</span></strong> to product <strong><span style="color: #009900">N</span></strong>  </p>
      </simpleChoice>
      <simpleChoice fixed="true" identifier="answer_5">
        <p>E.  <strong>enzyme 5</strong> that catalyzes the reaction from substrate <strong><span style="color: #009900">N</span></strong> to product <strong><span style="color: #00b38f">O</span></strong>  </p>
      </simpleChoice>
    </choiceInteraction>
  </itemBody>
  <responseProcessing>
    <responseCondition>
      <responseIf>
        <match>
          <variable identifier="RESPONSE"/>
          <correct identifier="RESPONSE"/>
        </match>
      </responseIf>
    </responseCondition>
  </responseProcessing>
</assessmentItem>
