<?xml version='1.0' encoding='UTF-8'?>
<assessmentItem xmlns="http://www.imsglobal.org/xsd/imsqti_v2p1" xmlns:xsi="http://www.w3.org/2001/XMLSchema-instance" xmlns:ns8="http://www.w3.org/1999/xlink" xmlns:ns9="http://www.imsglobal.org/xsd/apip/apipv1p0/imsapip_qtiv1p0" xsi:schemaLocation="http://www.imsglobal.org/xsd/imsqti_v2p1 http://www.imsglobal.org/xsd/qti/qtiv2p1/imsqti_v2p1.xsd" title="e257_6954_2ce0" adaptive="false" timeDependent="false" identifier="e257_6954_2ce0">
  <responseDeclaration baseType="identifier" cardinality="single" identifier="RESPONSE">
    <correctResponse>
      <value>answer_001</value>
    </correctResponse>
  </responseDeclaration>

  <outcomeDeclaration baseType="float" cardinality="single" identifier="SCORE"/>

  <itemBody>
    <div>
      <p>A series of enzymes catalyze the reactions in the following metabolic pathway:</p>
      <table border="0" style="border-collapse: collapse;">
        <tr>
          <td> </td>
          <td style="font-size: 75%; text-align:center; vertical-align: bottom;">enzyme 1</td>
          <td> </td>
          <td style="font-size: 75%; text-align:center; vertical-align: bottom;">enzyme 2</td>
          <td> </td>
          <td style="font-size: 75%; text-align:center; vertical-align: bottom;">enzyme 3</td>
          <td> </td>
          <td style="font-size: 75%; text-align:center; vertical-align: bottom;">enzyme 4</td>
          <td> </td>
          <td style="font-size: 75%; text-align:center; vertical-align: bottom;">enzyme 5</td>
          <td> </td>
        </tr>
        <tr>
          <td style="font-size: 150%; text-align:center; padding: 0 6px;">
            <strong>
              <span style="color: #b3b300">D</span>
            </strong>
          </td>
          <td style="text-align:center; padding: 0 6px;">⟶</td>
          <td style="font-size: 150%; text-align:center; padding: 0 6px;">
            <strong>
              <span style="color: #59b300">E</span>
            </strong>
          </td>
          <td style="text-align:center; padding: 0 6px;">⟶</td>
          <td style="font-size: 150%; text-align:center; padding: 0 6px;">
            <strong>
              <span style="color: #009900">F</span>
            </strong>
          </td>
          <td style="text-align:center; padding: 0 6px;">⟶</td>
          <td style="font-size: 150%; text-align:center; padding: 0 6px;">
            <strong>
              <span style="color: #00b38f">G</span>
            </strong>
          </td>
          <td style="text-align:center; padding: 0 6px;">⟶</td>
          <td style="font-size: 150%; text-align:center; padding: 0 6px;">
            <strong>
              <span style="color: #00b3b3">H</span>
            </strong>
          </td>
          <td style="text-align:center; padding: 0 6px;">⟶</td>
          <td style="font-size: 150%; text-align:center; padding: 0 6px;">
            <strong>
              <span style="color: #0a9bf5">I</span>
            </strong>
          </td>
        </tr>
      </table>
      <p>In a typical metabolic pathway, an allosteric enzyme is sensitive to changes in concentration of specific molecules and can regulate the rate of reactions.</p>
      <p>Which one of the enzymes in the metabolic pathway above is most likely to be an allosteric enzyme?</p>
    </div>
    <choiceInteraction maxChoices="1" responseIdentifier="RESPONSE" shuffle="true">
      <simpleChoice fixed="true" identifier="answer_1">
        <p><strong>enzyme 1</strong> that catalyzes the reaction from substrate <strong><span style="color: #b3b300">D</span></strong> to product <strong><span style="color: #59b300">E</span></strong></p>
      </simpleChoice>
      <simpleChoice fixed="true" identifier="answer_2">
        <p><strong>enzyme 2</strong> that catalyzes the reaction from substrate <strong><span style="color: #59b300">E</span></strong> to product <strong><span style="color: #009900">F</span></strong></p>
      </simpleChoice>
      <simpleChoice fixed="true" identifier="answer_3">
        <p><strong>enzyme 3</strong> that catalyzes the reaction from substrate <strong><span style="color: #009900">F</span></strong> to product <strong><span style="color: #00b38f">G</span></strong></p>
      </simpleChoice>
      <simpleChoice fixed="true" identifier="answer_4">
        <p><strong>enzyme 4</strong> that catalyzes the reaction from substrate <strong><span style="color: #00b38f">G</span></strong> to product <strong><span style="color: #00b3b3">H</span></strong></p>
      </simpleChoice>
      <simpleChoice fixed="true" identifier="answer_5">
        <p><strong>enzyme 5</strong> that catalyzes the reaction from substrate <strong><span style="color: #00b3b3">H</span></strong> to product <strong><span style="color: #0a9bf5">I</span></strong></p>
      </simpleChoice>
    </choiceInteraction>
  </itemBody>

  <responseProcessing>
    <responseCondition>
      <responseIf>
        <match>
          <variable identifier="RESPONSE"/>
          <correct identifier="RESPONSE"/>
        </match>
      </responseIf>
    </responseCondition>
  </responseProcessing>
</assessmentItem>
