<?xml version='1.0' encoding='UTF-8'?>
<assessmentItem xmlns="http://www.imsglobal.org/xsd/imsqti_v2p1" xmlns:xsi="http://www.w3.org/2001/XMLSchema-instance" xmlns:ns8="http://www.w3.org/1999/xlink" xmlns:ns9="http://www.imsglobal.org/xsd/apip/apipv1p0/imsapip_qtiv1p0" xsi:schemaLocation="http://www.imsglobal.org/xsd/imsqti_v2p1 http://www.imsglobal.org/xsd/qti/qtiv2p1/imsqti_v2p1.xsd" title="bb9a_f577_fd2e" adaptive="false" timeDependent="false" identifier="bb9a_f577_fd2e">
  <responseDeclaration baseType="identifier" cardinality="single" identifier="RESPONSE">
    <correctResponse>
      <value>answer_003</value>
    </correctResponse>
  </responseDeclaration>

  <outcomeDeclaration baseType="float" cardinality="single" identifier="SCORE"/>

  <itemBody>
    <div><p><strong>Pyrophosphoric acid</strong> and its conjugate base, pyrophosphate, is abbreviated PP<sub>i</sub> and is formed by cells from the hydrolysis of ATP into AMP.</p> <p>Pyrophosphoric acid is tetraprotic with pK<sub>a</sub> values of <strong>0.91</strong>, <strong>2.10</strong>, <strong>6.70</strong>, and <strong>9.32</strong>.</p> <p>Pyrophosphoric acid has five possible protonation states in the choices below.</p> <p>Which one of the following protonation states is the most abundant at <strong>pH 5.0</strong>?</p></div>
    <choiceInteraction maxChoices="1" responseIdentifier="RESPONSE" shuffle="true">
      <simpleChoice fixed="true" identifier="answer_1">
        <p>
          <span style="color: #8B0000">P<sub>2</sub>O<sub>7</sub><sup>4-</sup></span>
        </p>
      </simpleChoice>
      <simpleChoice fixed="true" identifier="answer_2">
        <p>
          <span style="color: #602020">HP<sub>2</sub>O<sub>7</sub><sup>3-</sup></span>
        </p>
      </simpleChoice>
      <simpleChoice fixed="true" identifier="answer_3">
        <p>
          <span style="color: #404040">H<sub>2</sub>P<sub>2</sub>O<sub>7</sub><sup>2-</sup></span>
        </p>
      </simpleChoice>
      <simpleChoice fixed="true" identifier="answer_4">
        <p>
          <span style="color: #202060">H<sub>3</sub>P<sub>2</sub>O<sub>7</sub><sup>-</sup></span>
        </p>
      </simpleChoice>
      <simpleChoice fixed="true" identifier="answer_5">
        <p>
          <span style="color: #00008B">H<sub>4</sub>P<sub>2</sub>O<sub>7</sub></span>
        </p>
      </simpleChoice>
    </choiceInteraction>
  </itemBody>

  <responseProcessing>
    <responseCondition>
      <responseIf>
        <match>
          <variable identifier="RESPONSE"/>
          <correct identifier="RESPONSE"/>
        </match>
      </responseIf>
    </responseCondition>
  </responseProcessing>
</assessmentItem>
