<?xml version='1.0' encoding='UTF-8'?>
<assessmentItem xmlns="http://www.imsglobal.org/xsd/imsqti_v2p1" xmlns:xsi="http://www.w3.org/2001/XMLSchema-instance" xmlns:ns8="http://www.w3.org/1999/xlink" xmlns:ns9="http://www.imsglobal.org/xsd/apip/apipv1p0/imsapip_qtiv1p0" xsi:schemaLocation="http://www.imsglobal.org/xsd/imsqti_v2p1 http://www.imsglobal.org/xsd/qti/qtiv2p1/imsqti_v2p1.xsd" title="7672_9589_79a6" adaptive="false" timeDependent="false" identifier="7672_9589_79a6">
  <responseDeclaration baseType="directedPair" cardinality="multiple" identifier="RESPONSE">
    <correctResponse>
      <value>prompt_001 choice_001</value>
      <value>prompt_002 choice_002</value>
      <value>prompt_003 choice_003</value>
      <value>prompt_004 choice_004</value>
      <value>prompt_005 choice_005</value>
    </correctResponse>
    <mapping defaultValue="0">
      <mapEntry mapKey="prompt_001 choice_001" mappedValue="1"/>
      <mapEntry mapKey="prompt_002 choice_002" mappedValue="1"/>
      <mapEntry mapKey="prompt_003 choice_003" mappedValue="1"/>
      <mapEntry mapKey="prompt_004 choice_004" mappedValue="1"/>
      <mapEntry mapKey="prompt_005 choice_005" mappedValue="1"/>
    </mapping>
  </responseDeclaration>
  <outcomeDeclaration baseType="float" cardinality="single" identifier="SCORE"/>
  <itemBody>
    <div>
      <div id="drv_2b0a" oncopy="return false;" onpaste="return false;" oncut="return false;" oncontextmenu="return false;" onmousedown="return false;" onselectstart="return false;"><p>Match each<span style="font-size: 1px; color: white;">factor</span>of<span style="font-size: 1px; color: white;">maize</span>the following<span style="font-size: 1px; color: white;">entire</span>amino<span style="font-size: 1px; color: white;">large</span>acids with<span style="font-size: 1px; color: white;">born</span>their<span style="font-size: 1px; color: white;">fields</span>corresponding descriptions.</p><p><i>Note:</i> Each<span style="font-size: 1px; color: white;">rely</span>choice<span style="font-size: 1px; color: white;">street</span>will<span style="font-size: 1px; color: white;">truthi</span>be<span style="font-size: 1px; color: white;">stator</span>used exactly<span style="font-size: 1px; color: white;">whales</span>once.</p> </div>
    </div>
    <matchInteraction responseIdentifier="RESPONSE" shuffle="true" maxAssociations="5">
      <prompt>&lt;div id="drv_2b0a" oncopy="return false;" onpaste="return false;" oncut="return false;" oncontextmenu="return false;" onmousedown="return false;" onselectstart="return false;" &gt;&lt;p&gt;Match each&lt;span style='font-size: 1px; color: white;'&gt;factor&lt;/span&gt;of&lt;span style='font-size: 1px; color: white;'&gt;maize&lt;/span&gt;the following&lt;span style='font-size: 1px; color: white;'&gt;entire&lt;/span&gt;amino&lt;span style='font-size: 1px; color: white;'&gt;large&lt;/span&gt;acids with&lt;span style='font-size: 1px; color: white;'&gt;born&lt;/span&gt;their&lt;span style='font-size: 1px; color: white;'&gt;fields&lt;/span&gt;corresponding descriptions.&lt;/p&gt;&lt;p&gt;&lt;i&gt;Note:&lt;/i&gt; Each&lt;span style='font-size: 1px; color: white;'&gt;rely&lt;/span&gt;choice&lt;span style='font-size: 1px; color: white;'&gt;street&lt;/span&gt;will&lt;span style='font-size: 1px; color: white;'&gt;truthi&lt;/span&gt;be&lt;span style='font-size: 1px; color: white;'&gt;stator&lt;/span&gt;used exactly&lt;span style='font-size: 1px; color: white;'&gt;whales&lt;/span&gt;once.&lt;/p&gt; &lt;/div&gt;</prompt>
      <simpleMatchSet>
        <simpleAssociableChoice identifier="prompt_001" fixed="true" matchMax="1" matchMin="0">
          <p>
            <div id="drv_1b14" oncopy="return false;" onpaste="return false;" oncut="return false;" oncontextmenu="return false;" onmousedown="return false;" onselectstart="return false;">
              <span style="color: #9a2d69;">isoleucine</span>
              <span style="font-size: 1px; color: white;">abi</span>
            </div>
          </p>
        </simpleAssociableChoice>
        <simpleAssociableChoice identifier="prompt_002" fixed="true" matchMax="1" matchMin="0">
          <p>
            <div id="drv_8302" oncopy="return false;" onpaste="return false;" oncut="return false;" oncontextmenu="return false;" onmousedown="return false;" onselectstart="return false;">
              <span style="color: #006c6b;">glutamate</span>
              <span style="font-size: 1px; color: white;">its</span>
            </div>
          </p>
        </simpleAssociableChoice>
        <simpleAssociableChoice identifier="prompt_003" fixed="true" matchMax="1" matchMin="0">
          <p>
            <div id="drv_fce5" oncopy="return false;" onpaste="return false;" oncut="return false;" oncontextmenu="return false;" onmousedown="return false;" onselectstart="return false;"><span style="color: #676005;">cysteine</span> </div>
          </p>
        </simpleAssociableChoice>
        <simpleAssociableChoice identifier="prompt_004" fixed="true" matchMax="1" matchMin="0">
          <p>
            <div id="drv_ee6b" oncopy="return false;" onpaste="return false;" oncut="return false;" oncontextmenu="return false;" onmousedown="return false;" onselectstart="return false;"><span style="color: #4e4eb9;">glycine</span> </div>
          </p>
        </simpleAssociableChoice>
        <simpleAssociableChoice identifier="prompt_005" fixed="true" matchMax="1" matchMin="0">
          <p>
            <div id="drv_fe2a" oncopy="return false;" onpaste="return false;" oncut="return false;" oncontextmenu="return false;" onmousedown="return false;" onselectstart="return false;">
              <span style="color: #8a4c02;">aspartate</span>
              <span style="font-size: 1px; color: white;">lungs</span>
            </div>
          </p>
        </simpleAssociableChoice>
      </simpleMatchSet>
      <simpleMatchSet>
        <simpleAssociableChoice identifier="choice_001" fixed="true" matchMax="5" matchMin="0">
          <p>
            <div id="drv_bc67" oncopy="return false;" onpaste="return false;" oncut="return false;" oncontextmenu="return false;" onmousedown="return false;" onselectstart="return false;">a <strong><span style="color: #ffa100;">non-polar branched<span style="font-size: 1px; color: white;">falsem</span>chain<span style="font-size: 1px; color: white;">alike</span>amino<span style="font-size: 1px; color: white;">forkbr</span>acid</span></strong> that<span style="font-size: 1px; color: white;">like</span>is a valine with<span style="font-size: 1px; color: white;">key</span>a extra methyl<span style="font-size: 1px; color: white;">deltah</span>group (-CH<sub>3</sub>) at<span style="font-size: 1px; color: white;">blaw</span>the<span style="font-size: 1px; color: white;">pop</span>end </div>
          </p>
        </simpleAssociableChoice>
        <simpleAssociableChoice identifier="choice_002" fixed="true" matchMax="5" matchMin="0">
          <p>
            <div id="drv_2f76" oncopy="return false;" onpaste="return false;" oncut="return false;" oncontextmenu="return false;" onmousedown="return false;" onselectstart="return false;">a <strong><span style="color: #ff0000;">negatively charged<span style="font-size: 1px; color: white;">vdw</span>amino<span style="font-size: 1px; color: white;">method</span>acid</span></strong> with<span style="font-size: 1px; color: white;">pulled</span>a large, carboxylate (-COOH) <strong><span style="color: #6d108e;">side chain</span></strong><span style="font-size: 1px; color: white;">for</span></div>
          </p>
        </simpleAssociableChoice>
        <simpleAssociableChoice identifier="choice_003" fixed="true" matchMax="5" matchMin="0">
          <p>
            <div id="drv_7255" oncopy="return false;" onpaste="return false;" oncut="return false;" oncontextmenu="return false;" onmousedown="return false;" onselectstart="return false;">a <strong><span style="color: #009e4c;">polar<span style="font-size: 1px; color: white;">watch</span>amino<span style="font-size: 1px; color: white;">band</span>acid</span></strong> that is<span style="font-size: 1px; color: white;">brings</span>capable<span style="font-size: 1px; color: white;">liquid</span>of<span style="font-size: 1px; color: white;">bell</span>thiol (-SH) chemistry<span style="font-size: 1px; color: white;">strong</span></div>
          </p>
        </simpleAssociableChoice>
        <simpleAssociableChoice identifier="choice_004" fixed="true" matchMax="5" matchMin="0">
          <p>
            <div id="drv_6809" oncopy="return false;" onpaste="return false;" oncut="return false;" oncontextmenu="return false;" onmousedown="return false;" onselectstart="return false;">a <strong><span style="color: #2fbd0f;">small amino<span style="font-size: 1px; color: white;">happen</span>acid</span></strong> with<span style="font-size: 1px; color: white;">sexes</span>a single<span style="font-size: 1px; color: white;">store</span>hydrogen atom<span style="font-size: 1px; color: white;">xxy</span>as<span style="font-size: 1px; color: white;">piece</span>its <strong><span style="color: #6d108e;">side<span style="font-size: 1px; color: white;">mirror</span>chain</span></strong> </div>
          </p>
        </simpleAssociableChoice>
        <simpleAssociableChoice identifier="choice_005" fixed="true" matchMax="5" matchMin="0">
          <p>
            <div id="drv_7aa5" oncopy="return false;" onpaste="return false;" oncut="return false;" oncontextmenu="return false;" onmousedown="return false;" onselectstart="return false;">a <strong><span style="color: #ff0000;">negatively<span style="font-size: 1px; color: white;">real</span>charged<span style="font-size: 1px; color: white;">sweet</span>amino<span style="font-size: 1px; color: white;">roles</span>acid</span></strong> with<span style="font-size: 1px; color: white;">finger</span>a small, carboxylate (-COOH) <strong><span style="color: #6d108e;">side chain</span></strong><span style="font-size: 1px; color: white;">doesnt</span></div>
          </p>
        </simpleAssociableChoice>
      </simpleMatchSet>
    </matchInteraction>
  </itemBody>
  <responseProcessing template="http://www.imsglobal.org/question/qti_v2p1/rptemplates/map_response"/>
</assessmentItem>
