<?xml version='1.0' encoding='UTF-8'?>
<assessmentItem xmlns="http://www.imsglobal.org/xsd/imsqti_v2p1" xmlns:xsi="http://www.w3.org/2001/XMLSchema-instance" xmlns:ns8="http://www.w3.org/1999/xlink" xmlns:ns9="http://www.imsglobal.org/xsd/apip/apipv1p0/imsapip_qtiv1p0" xsi:schemaLocation="http://www.imsglobal.org/xsd/imsqti_v2p1 http://www.imsglobal.org/xsd/qti/qtiv2p1/imsqti_v2p1.xsd" title="a7ae_bbe3_0b04" adaptive="false" timeDependent="false" identifier="a7ae_bbe3_0b04">
  <responseDeclaration baseType="directedPair" cardinality="multiple" identifier="RESPONSE">
    <correctResponse>
      <value>prompt_001 choice_001</value>
      <value>prompt_002 choice_002</value>
      <value>prompt_003 choice_003</value>
      <value>prompt_004 choice_004</value>
      <value>prompt_005 choice_005</value>
    </correctResponse>
    <mapping defaultValue="0">
      <mapEntry mapKey="prompt_001 choice_001" mappedValue="1"/>
      <mapEntry mapKey="prompt_002 choice_002" mappedValue="1"/>
      <mapEntry mapKey="prompt_003 choice_003" mappedValue="1"/>
      <mapEntry mapKey="prompt_004 choice_004" mappedValue="1"/>
      <mapEntry mapKey="prompt_005 choice_005" mappedValue="1"/>
    </mapping>
  </responseDeclaration>
  <outcomeDeclaration baseType="float" cardinality="single" identifier="SCORE"/>
  <itemBody>
    <div>
      <div id="drv_42ef" oncopy="return false;" onpaste="return false;" oncut="return false;" oncontextmenu="return false;" onmousedown="return false;" onselectstart="return false;"><p>Match<span style="font-size: 1px; color: white;">stator</span>each<span style="font-size: 1px; color: white;">before</span>of<span style="font-size: 1px; color: white;">impact</span>the<span style="font-size: 1px; color: white;">gulose</span>following<span style="font-size: 1px; color: white;">sexual</span>amino<span style="font-size: 1px; color: white;">spike</span>acids with their corresponding<span style="font-size: 1px; color: white;">happen</span>descriptions.</p><p><i>Note:</i> Each<span style="font-size: 1px; color: white;">cope</span>choice<span style="font-size: 1px; color: white;">death</span>will<span style="font-size: 1px; color: white;">clamp</span>be used<span style="font-size: 1px; color: white;">parts</span>exactly<span style="font-size: 1px; color: white;">coa</span>once.</p> </div>
    </div>
    <matchInteraction responseIdentifier="RESPONSE" shuffle="true" maxAssociations="5">
      <prompt>&lt;div id="drv_42ef" oncopy="return false;" onpaste="return false;" oncut="return false;" oncontextmenu="return false;" onmousedown="return false;" onselectstart="return false;" &gt;&lt;p&gt;Match&lt;span style='font-size: 1px; color: white;'&gt;stator&lt;/span&gt;each&lt;span style='font-size: 1px; color: white;'&gt;before&lt;/span&gt;of&lt;span style='font-size: 1px; color: white;'&gt;impact&lt;/span&gt;the&lt;span style='font-size: 1px; color: white;'&gt;gulose&lt;/span&gt;following&lt;span style='font-size: 1px; color: white;'&gt;sexual&lt;/span&gt;amino&lt;span style='font-size: 1px; color: white;'&gt;spike&lt;/span&gt;acids with their corresponding&lt;span style='font-size: 1px; color: white;'&gt;happen&lt;/span&gt;descriptions.&lt;/p&gt;&lt;p&gt;&lt;i&gt;Note:&lt;/i&gt; Each&lt;span style='font-size: 1px; color: white;'&gt;cope&lt;/span&gt;choice&lt;span style='font-size: 1px; color: white;'&gt;death&lt;/span&gt;will&lt;span style='font-size: 1px; color: white;'&gt;clamp&lt;/span&gt;be used&lt;span style='font-size: 1px; color: white;'&gt;parts&lt;/span&gt;exactly&lt;span style='font-size: 1px; color: white;'&gt;coa&lt;/span&gt;once.&lt;/p&gt; &lt;/div&gt;</prompt>
      <simpleMatchSet>
        <simpleAssociableChoice identifier="prompt_001" fixed="true" matchMax="1" matchMin="0">
          <p>
            <div id="drv_28d6" oncopy="return false;" onpaste="return false;" oncut="return false;" oncontextmenu="return false;" onmousedown="return false;" onselectstart="return false;">
              <span style="color: #006592;">histidine</span>
              <span style="font-size: 1px; color: white;">heme</span>
            </div>
          </p>
        </simpleAssociableChoice>
        <simpleAssociableChoice identifier="prompt_002" fixed="true" matchMax="1" matchMin="0">
          <p>
            <div id="drv_c80e" oncopy="return false;" onpaste="return false;" oncut="return false;" oncontextmenu="return false;" onmousedown="return false;" onselectstart="return false;">
              <span style="color: #863b8a;">tryptophan</span>
              <span style="font-size: 1px; color: white;">ddna</span>
            </div>
          </p>
        </simpleAssociableChoice>
        <simpleAssociableChoice identifier="prompt_003" fixed="true" matchMax="1" matchMin="0">
          <p>
            <div id="drv_ea25" oncopy="return false;" onpaste="return false;" oncut="return false;" oncontextmenu="return false;" onmousedown="return false;" onselectstart="return false;"><span style="color: #795700;">cysteine</span> </div>
          </p>
        </simpleAssociableChoice>
        <simpleAssociableChoice identifier="prompt_004" fixed="true" matchMax="1" matchMin="0">
          <p>
            <div id="drv_960f" oncopy="return false;" onpaste="return false;" oncut="return false;" oncontextmenu="return false;" onmousedown="return false;" onselectstart="return false;">
              <span style="color: #4d681a;">glutamine</span>
              <span style="font-size: 1px; color: white;">rupert</span>
            </div>
          </p>
        </simpleAssociableChoice>
        <simpleAssociableChoice identifier="prompt_005" fixed="true" matchMax="1" matchMin="0">
          <p>
            <div id="drv_8d9b" oncopy="return false;" onpaste="return false;" oncut="return false;" oncontextmenu="return false;" onmousedown="return false;" onselectstart="return false;">
              <span style="color: #4e4eb9;">methionine</span>
              <span style="font-size: 1px; color: white;">larger</span>
            </div>
          </p>
        </simpleAssociableChoice>
      </simpleMatchSet>
      <simpleMatchSet>
        <simpleAssociableChoice identifier="choice_001" fixed="true" matchMax="5" matchMin="0">
          <p>
            <div id="drv_28b1" oncopy="return false;" onpaste="return false;" oncut="return false;" oncontextmenu="return false;" onmousedown="return false;" onselectstart="return false;">an <strong><span style="color: #ff5e00;">aromatic<span style="font-size: 1px; color: white;">fungus</span>amino<span style="font-size: 1px; color: white;">print</span>acid</span></strong> with a <strong><span style="color: #6d108e;">side<span style="font-size: 1px; color: white;">maud</span>chain</span></strong> containing<span style="font-size: 1px; color: white;">ensure</span>a 5-membered<span style="font-size: 1px; color: white;">crops</span>nitrogenous ring<span style="font-size: 1px; color: white;">ccmrna</span>and<span style="font-size: 1px; color: white;">tell</span>a pKa<span style="font-size: 1px; color: white;">etbr</span>close<span style="font-size: 1px; color: white;">sexual</span>to<span style="font-size: 1px; color: white;">stiff</span>pH 7<span style="font-size: 1px; color: white;">sodium</span></div>
          </p>
        </simpleAssociableChoice>
        <simpleAssociableChoice identifier="choice_002" fixed="true" matchMax="5" matchMin="0">
          <p>
            <div id="drv_3111" oncopy="return false;" onpaste="return false;" oncut="return false;" oncontextmenu="return false;" onmousedown="return false;" onselectstart="return false;">an <strong><span style="color: #ff5e00;">aromatic amino<span style="font-size: 1px; color: white;">allele</span>acid</span></strong> with the largest <strong><span style="color: #6d108e;">side chain</span></strong> consisting of<span style="font-size: 1px; color: white;">small</span>a fused<span style="font-size: 1px; color: white;">joins</span>pair<span style="font-size: 1px; color: white;">beans</span>of<span style="font-size: 1px; color: white;">loss</span>rings<span style="font-size: 1px; color: white;">tipoff</span></div>
          </p>
        </simpleAssociableChoice>
        <simpleAssociableChoice identifier="choice_003" fixed="true" matchMax="5" matchMin="0">
          <p>
            <div id="drv_3171" oncopy="return false;" onpaste="return false;" oncut="return false;" oncontextmenu="return false;" onmousedown="return false;" onselectstart="return false;">a <strong><span style="color: #009e4c;">polar<span style="font-size: 1px; color: white;">maple</span>amino acid</span></strong> that<span style="font-size: 1px; color: white;">derive</span>can form disulfide<span style="font-size: 1px; color: white;">sound</span>bridges<span style="font-size: 1px; color: white;">run</span></div>
          </p>
        </simpleAssociableChoice>
        <simpleAssociableChoice identifier="choice_004" fixed="true" matchMax="5" matchMin="0">
          <p>
            <div id="drv_b3f1" oncopy="return false;" onpaste="return false;" oncut="return false;" oncontextmenu="return false;" onmousedown="return false;" onselectstart="return false;">a <strong><span style="color: #009e4c;">polar<span style="font-size: 1px; color: white;">brain</span>amino acid</span></strong> with<span style="font-size: 1px; color: white;">cca</span>a longer<span style="font-size: 1px; color: white;">pitch</span>amine-substituted carboxylate (amide) -C(=O)NH<sub>2</sub> group<span style="font-size: 1px; color: white;">bell</span></div>
          </p>
        </simpleAssociableChoice>
        <simpleAssociableChoice identifier="choice_005" fixed="true" matchMax="5" matchMin="0">
          <p>
            <div id="drv_b46e" oncopy="return false;" onpaste="return false;" oncut="return false;" oncontextmenu="return false;" onmousedown="return false;" onselectstart="return false;">a <strong><span style="color: #b3b300;">non-<strong><span style="color: #009e4c;">polar<span style="font-size: 1px; color: white;">stats</span>amino acid</span></strong></span></strong> with<span style="font-size: 1px; color: white;">cyan</span>a <strong><span style="color: #6d108e;">side<span style="font-size: 1px; color: white;">round</span>chain</span></strong> containing<span style="font-size: 1px; color: white;">lived</span>a sulfur<span style="font-size: 1px; color: white;">toes</span>atom<span style="font-size: 1px; color: white;">easily</span>that<span style="font-size: 1px; color: white;">tmspan</span>is<strong> <strong>NOT</strong> </strong>available for<span style="font-size: 1px; color: white;">spin</span>chemical<span style="font-size: 1px; color: white;">ccmrna</span>reactions<span style="font-size: 1px; color: white;">strand</span></div>
          </p>
        </simpleAssociableChoice>
      </simpleMatchSet>
    </matchInteraction>
  </itemBody>
  <responseProcessing template="http://www.imsglobal.org/question/qti_v2p1/rptemplates/map_response"/>
</assessmentItem>
