<?xml version='1.0' encoding='UTF-8'?>
<assessmentItem xmlns="http://www.imsglobal.org/xsd/imsqti_v2p1" xmlns:xsi="http://www.w3.org/2001/XMLSchema-instance" xmlns:ns8="http://www.w3.org/1999/xlink" xmlns:ns9="http://www.imsglobal.org/xsd/apip/apipv1p0/imsapip_qtiv1p0" xsi:schemaLocation="http://www.imsglobal.org/xsd/imsqti_v2p1 http://www.imsglobal.org/xsd/qti/qtiv2p1/imsqti_v2p1.xsd" title="9e91_3581_7b82" adaptive="false" timeDependent="false" identifier="9e91_3581_7b82">
  <responseDeclaration baseType="directedPair" cardinality="multiple" identifier="RESPONSE">
    <correctResponse>
      <value>prompt_001 choice_001</value>
      <value>prompt_002 choice_002</value>
      <value>prompt_003 choice_003</value>
      <value>prompt_004 choice_004</value>
      <value>prompt_005 choice_005</value>
    </correctResponse>
    <mapping defaultValue="0">
      <mapEntry mapKey="prompt_001 choice_001" mappedValue="1"/>
      <mapEntry mapKey="prompt_002 choice_002" mappedValue="1"/>
      <mapEntry mapKey="prompt_003 choice_003" mappedValue="1"/>
      <mapEntry mapKey="prompt_004 choice_004" mappedValue="1"/>
      <mapEntry mapKey="prompt_005 choice_005" mappedValue="1"/>
    </mapping>
  </responseDeclaration>
  <outcomeDeclaration baseType="float" cardinality="single" identifier="SCORE"/>
  <itemBody>
    <div>
      <div id="drv_c35f" oncopy="return false;" onpaste="return false;" oncut="return false;" oncontextmenu="return false;" onmousedown="return false;" onselectstart="return false;">
        <p>Match<span style="font-size: 1px; color: white;">finish</span>each<span style="font-size: 1px; color: white;">attach</span>of<span style="font-size: 1px; color: white;">over</span>the<span style="font-size: 1px; color: white;">kind</span>following<span style="font-size: 1px; color: white;">coli</span>amino<span style="font-size: 1px; color: white;">layers</span>acids<span style="font-size: 1px; color: white;">wall</span>with<span style="font-size: 1px; color: white;">soil</span>their<span style="font-size: 1px; color: white;">used</span>corresponding<span style="font-size: 1px; color: white;">acetyl</span>descriptions.</p>
        <p><i>Note:</i> Each<span style="font-size: 1px; color: white;">acted</span>choice<span style="font-size: 1px; color: white;">damm</span>will<span style="font-size: 1px; color: white;">genome</span>be<span style="font-size: 1px; color: white;">size</span>used<span style="font-size: 1px; color: white;">add</span>exactly<span style="font-size: 1px; color: white;">whales</span>once.</p>
        <span style="font-size: 1px; color: white;">waves</span>
      </div>
    </div>
    <matchInteraction responseIdentifier="RESPONSE" shuffle="true" maxAssociations="5">
      <prompt>&lt;div id="drv_c35f" oncopy="return false;" onpaste="return false;" oncut="return false;" oncontextmenu="return false;" onmousedown="return false;" onselectstart="return false;" &gt;&lt;p&gt;Match&lt;span style='font-size: 1px; color: white;'&gt;finish&lt;/span&gt;each&lt;span style='font-size: 1px; color: white;'&gt;attach&lt;/span&gt;of&lt;span style='font-size: 1px; color: white;'&gt;over&lt;/span&gt;the&lt;span style='font-size: 1px; color: white;'&gt;kind&lt;/span&gt;following&lt;span style='font-size: 1px; color: white;'&gt;coli&lt;/span&gt;amino&lt;span style='font-size: 1px; color: white;'&gt;layers&lt;/span&gt;acids&lt;span style='font-size: 1px; color: white;'&gt;wall&lt;/span&gt;with&lt;span style='font-size: 1px; color: white;'&gt;soil&lt;/span&gt;their&lt;span style='font-size: 1px; color: white;'&gt;used&lt;/span&gt;corresponding&lt;span style='font-size: 1px; color: white;'&gt;acetyl&lt;/span&gt;descriptions.&lt;/p&gt;&lt;p&gt;&lt;i&gt;Note:&lt;/i&gt; Each&lt;span style='font-size: 1px; color: white;'&gt;acted&lt;/span&gt;choice&lt;span style='font-size: 1px; color: white;'&gt;damm&lt;/span&gt;will&lt;span style='font-size: 1px; color: white;'&gt;genome&lt;/span&gt;be&lt;span style='font-size: 1px; color: white;'&gt;size&lt;/span&gt;used&lt;span style='font-size: 1px; color: white;'&gt;add&lt;/span&gt;exactly&lt;span style='font-size: 1px; color: white;'&gt;whales&lt;/span&gt;once.&lt;/p&gt;&lt;span style='font-size: 1px; color: white;'&gt;waves&lt;/span&gt;&lt;/div&gt;</prompt>
      <simpleMatchSet>
        <simpleAssociableChoice identifier="prompt_001" fixed="true" matchMax="1" matchMin="0">
          <p>
            <div id="drv_098a" oncopy="return false;" onpaste="return false;" oncut="return false;" oncontextmenu="return false;" onmousedown="return false;" onselectstart="return false;">
              <span style="color: #4d681a;">glycine</span>
              <span style="font-size: 1px; color: white;">work</span>
            </div>
          </p>
        </simpleAssociableChoice>
        <simpleAssociableChoice identifier="prompt_002" fixed="true" matchMax="1" matchMin="0">
          <p>
            <div id="drv_f4f1" oncopy="return false;" onpaste="return false;" oncut="return false;" oncontextmenu="return false;" onmousedown="return false;" onselectstart="return false;">
              <span style="color: #863b8a;">tryptophan</span>
              <span style="font-size: 1px; color: white;">mating</span>
            </div>
          </p>
        </simpleAssociableChoice>
        <simpleAssociableChoice identifier="prompt_003" fixed="true" matchMax="1" matchMin="0">
          <p>
            <div id="drv_604f" oncopy="return false;" onpaste="return false;" oncut="return false;" oncontextmenu="return false;" onmousedown="return false;" onselectstart="return false;"><span style="color: #4e4eb9;">threonine</span> </div>
          </p>
        </simpleAssociableChoice>
        <simpleAssociableChoice identifier="prompt_004" fixed="true" matchMax="1" matchMin="0">
          <p>
            <div id="drv_46cd" oncopy="return false;" onpaste="return false;" oncut="return false;" oncontextmenu="return false;" onmousedown="return false;" onselectstart="return false;"><span style="color: #00697d;">histidine</span> </div>
          </p>
        </simpleAssociableChoice>
        <simpleAssociableChoice identifier="prompt_005" fixed="true" matchMax="1" matchMin="0">
          <p>
            <div id="drv_8648" oncopy="return false;" onpaste="return false;" oncut="return false;" oncontextmenu="return false;" onmousedown="return false;" onselectstart="return false;">
              <span style="color: #9e323f;">cysteine</span>
              <span style="font-size: 1px; color: white;">trnas</span>
            </div>
          </p>
        </simpleAssociableChoice>
      </simpleMatchSet>
      <simpleMatchSet>
        <simpleAssociableChoice identifier="choice_001" fixed="true" matchMax="5" matchMin="0">
          <p>
            <div id="drv_1c14" oncopy="return false;" onpaste="return false;" oncut="return false;" oncontextmenu="return false;" onmousedown="return false;" onselectstart="return false;">a <strong><span style="color: #2fbd0f;">small amino acid</span></strong> with<span style="font-size: 1px; color: white;">left</span>a single hydrogen<span style="font-size: 1px; color: white;">values</span>atom as<span style="font-size: 1px; color: white;">eion</span>its <strong><span style="color: #6d108e;">side chain</span></strong><span style="font-size: 1px; color: white;">matter</span></div>
          </p>
        </simpleAssociableChoice>
        <simpleAssociableChoice identifier="choice_002" fixed="true" matchMax="5" matchMin="0">
          <p>
            <div id="drv_ed88" oncopy="return false;" onpaste="return false;" oncut="return false;" oncontextmenu="return false;" onmousedown="return false;" onselectstart="return false;">an <strong><span style="color: #ff5e00;">aromatic amino<span style="font-size: 1px; color: white;">small</span>acid</span></strong> with<span style="font-size: 1px; color: white;">normal</span>the<span style="font-size: 1px; color: white;">mean</span>largest <strong><span style="color: #6d108e;">side<span style="font-size: 1px; color: white;">thread</span>chain</span></strong> consisting of<span style="font-size: 1px; color: white;">only</span>a fused pair<span style="font-size: 1px; color: white;">gpcrs</span>of rings </div>
          </p>
        </simpleAssociableChoice>
        <simpleAssociableChoice identifier="choice_003" fixed="true" matchMax="5" matchMin="0">
          <p>
            <div id="drv_c1ec" oncopy="return false;" onpaste="return false;" oncut="return false;" oncontextmenu="return false;" onmousedown="return false;" onselectstart="return false;">a <strong><span style="color: #009e4c;">polar<span style="font-size: 1px; color: white;">masks</span>amino<span style="font-size: 1px; color: white;">begin</span>acid</span></strong> that is<span style="font-size: 1px; color: white;">cannot</span>a methylated<span style="font-size: 1px; color: white;">scents</span>form of<span style="font-size: 1px; color: white;">embryo</span>serine </div>
          </p>
        </simpleAssociableChoice>
        <simpleAssociableChoice identifier="choice_004" fixed="true" matchMax="5" matchMin="0">
          <p>
            <div id="drv_c50e" oncopy="return false;" onpaste="return false;" oncut="return false;" oncontextmenu="return false;" onmousedown="return false;" onselectstart="return false;">an <strong><span style="color: #ff5e00;">aromatic<span style="font-size: 1px; color: white;">field</span>amino<span style="font-size: 1px; color: white;">uracil</span>acid</span></strong> with a <strong><span style="color: #6d108e;">side<span style="font-size: 1px; color: white;">exists</span>chain</span></strong> containing<span style="font-size: 1px; color: white;">masked</span>a 5-membered<span style="font-size: 1px; color: white;">pass</span>nitrogenous<span style="font-size: 1px; color: white;">xyloid</span>ring<span style="font-size: 1px; color: white;">weaker</span>and a pKa<span style="font-size: 1px; color: white;">eye</span>close<span style="font-size: 1px; color: white;">name</span>to<span style="font-size: 1px; color: white;">savory</span>pH 7<span style="font-size: 1px; color: white;">manual</span></div>
          </p>
        </simpleAssociableChoice>
        <simpleAssociableChoice identifier="choice_005" fixed="true" matchMax="5" matchMin="0">
          <p>
            <div id="drv_0280" oncopy="return false;" onpaste="return false;" oncut="return false;" oncontextmenu="return false;" onmousedown="return false;" onselectstart="return false;">a <strong><span style="color: #009e4c;">polar<span style="font-size: 1px; color: white;">one</span>amino<span style="font-size: 1px; color: white;">expand</span>acid</span></strong> that<span style="font-size: 1px; color: white;">nerve</span>is<span style="font-size: 1px; color: white;">dibase</span>capable<span style="font-size: 1px; color: white;">donkey</span>of<span style="font-size: 1px; color: white;">breaks</span>thiol (-SH) chemistry<span style="font-size: 1px; color: white;">take</span></div>
          </p>
        </simpleAssociableChoice>
      </simpleMatchSet>
    </matchInteraction>
  </itemBody>
  <responseProcessing template="http://www.imsglobal.org/question/qti_v2p1/rptemplates/map_response"/>
</assessmentItem>
