<?xml version='1.0' encoding='UTF-8'?>
<assessmentItem xmlns="http://www.imsglobal.org/xsd/imsqti_v2p1" xmlns:xsi="http://www.w3.org/2001/XMLSchema-instance" xmlns:ns8="http://www.w3.org/1999/xlink" xmlns:ns9="http://www.imsglobal.org/xsd/apip/apipv1p0/imsapip_qtiv1p0" xsi:schemaLocation="http://www.imsglobal.org/xsd/imsqti_v2p1 http://www.imsglobal.org/xsd/qti/qtiv2p1/imsqti_v2p1.xsd" title="04af_864d_5b86" adaptive="false" timeDependent="false" identifier="04af_864d_5b86">
  <responseDeclaration baseType="directedPair" cardinality="multiple" identifier="RESPONSE">
    <correctResponse>
      <value>prompt_001 choice_001</value>
      <value>prompt_002 choice_002</value>
      <value>prompt_003 choice_003</value>
      <value>prompt_004 choice_004</value>
      <value>prompt_005 choice_005</value>
    </correctResponse>
    <mapping defaultValue="0">
      <mapEntry mapKey="prompt_001 choice_001" mappedValue="1"/>
      <mapEntry mapKey="prompt_002 choice_002" mappedValue="1"/>
      <mapEntry mapKey="prompt_003 choice_003" mappedValue="1"/>
      <mapEntry mapKey="prompt_004 choice_004" mappedValue="1"/>
      <mapEntry mapKey="prompt_005 choice_005" mappedValue="1"/>
    </mapping>
  </responseDeclaration>
  <outcomeDeclaration baseType="float" cardinality="single" identifier="SCORE"/>
  <itemBody>
    <div>
      <div id="drv_2874" oncopy="return false;" onpaste="return false;" oncut="return false;" oncontextmenu="return false;" onmousedown="return false;" onselectstart="return false;"><p>Match<span style="font-size: 1px; color: white;">rest</span>each<span style="font-size: 1px; color: white;">left</span>of<span style="font-size: 1px; color: white;">green</span>the<span style="font-size: 1px; color: white;">lowest</span>following amino acids<span style="font-size: 1px; color: white;">bench</span>with<span style="font-size: 1px; color: white;">organs</span>their<span style="font-size: 1px; color: white;">drift</span>corresponding<span style="font-size: 1px; color: white;">angles</span>descriptions.</p><p><i>Note:</i> Each<span style="font-size: 1px; color: white;">baboth</span>choice<span style="font-size: 1px; color: white;">basic</span>will<span style="font-size: 1px; color: white;">six</span>be<span style="font-size: 1px; color: white;">apples</span>used exactly<span style="font-size: 1px; color: white;">tough</span>once.</p> </div>
    </div>
    <matchInteraction responseIdentifier="RESPONSE" shuffle="true" maxAssociations="5">
      <prompt>&lt;div id="drv_2874" oncopy="return false;" onpaste="return false;" oncut="return false;" oncontextmenu="return false;" onmousedown="return false;" onselectstart="return false;" &gt;&lt;p&gt;Match&lt;span style='font-size: 1px; color: white;'&gt;rest&lt;/span&gt;each&lt;span style='font-size: 1px; color: white;'&gt;left&lt;/span&gt;of&lt;span style='font-size: 1px; color: white;'&gt;green&lt;/span&gt;the&lt;span style='font-size: 1px; color: white;'&gt;lowest&lt;/span&gt;following amino acids&lt;span style='font-size: 1px; color: white;'&gt;bench&lt;/span&gt;with&lt;span style='font-size: 1px; color: white;'&gt;organs&lt;/span&gt;their&lt;span style='font-size: 1px; color: white;'&gt;drift&lt;/span&gt;corresponding&lt;span style='font-size: 1px; color: white;'&gt;angles&lt;/span&gt;descriptions.&lt;/p&gt;&lt;p&gt;&lt;i&gt;Note:&lt;/i&gt; Each&lt;span style='font-size: 1px; color: white;'&gt;baboth&lt;/span&gt;choice&lt;span style='font-size: 1px; color: white;'&gt;basic&lt;/span&gt;will&lt;span style='font-size: 1px; color: white;'&gt;six&lt;/span&gt;be&lt;span style='font-size: 1px; color: white;'&gt;apples&lt;/span&gt;used exactly&lt;span style='font-size: 1px; color: white;'&gt;tough&lt;/span&gt;once.&lt;/p&gt; &lt;/div&gt;</prompt>
      <simpleMatchSet>
        <simpleAssociableChoice identifier="prompt_001" fixed="true" matchMax="1" matchMin="0">
          <p>
            <div id="drv_1b44" oncopy="return false;" onpaste="return false;" oncut="return false;" oncontextmenu="return false;" onmousedown="return false;" onselectstart="return false;"><span style="color: #006e56;">proline</span> </div>
          </p>
        </simpleAssociableChoice>
        <simpleAssociableChoice identifier="prompt_002" fixed="true" matchMax="1" matchMin="0">
          <p>
            <div id="drv_8dec" oncopy="return false;" onpaste="return false;" oncut="return false;" oncontextmenu="return false;" onmousedown="return false;" onselectstart="return false;"><span style="color: #4d681a;">methionine</span> </div>
          </p>
        </simpleAssociableChoice>
        <simpleAssociableChoice identifier="prompt_003" fixed="true" matchMax="1" matchMin="0">
          <p>
            <div id="drv_081e" oncopy="return false;" onpaste="return false;" oncut="return false;" oncontextmenu="return false;" onmousedown="return false;" onselectstart="return false;">
              <span style="color: #006592;">threonine</span>
              <span style="font-size: 1px; color: white;">whey</span>
            </div>
          </p>
        </simpleAssociableChoice>
        <simpleAssociableChoice identifier="prompt_004" fixed="true" matchMax="1" matchMin="0">
          <p>
            <div id="drv_727f" oncopy="return false;" onpaste="return false;" oncut="return false;" oncontextmenu="return false;" onmousedown="return false;" onselectstart="return false;">
              <span style="color: #795700;">glycine</span>
              <span style="font-size: 1px; color: white;">method</span>
            </div>
          </p>
        </simpleAssociableChoice>
        <simpleAssociableChoice identifier="prompt_005" fixed="true" matchMax="1" matchMin="0">
          <p>
            <div id="drv_f3fd" oncopy="return false;" onpaste="return false;" oncut="return false;" oncontextmenu="return false;" onmousedown="return false;" onselectstart="return false;">
              <span style="color: #983f1b;">aspartate</span>
              <span style="font-size: 1px; color: white;">etest</span>
            </div>
          </p>
        </simpleAssociableChoice>
      </simpleMatchSet>
      <simpleMatchSet>
        <simpleAssociableChoice identifier="choice_001" fixed="true" matchMax="5" matchMin="0">
          <p>
            <div id="drv_8036" oncopy="return false;" onpaste="return false;" oncut="return false;" oncontextmenu="return false;" onmousedown="return false;" onselectstart="return false;">a <strong><span style="color: #b3b300;">non-<strong><span style="color: #009e4c;">polar<span style="font-size: 1px; color: white;">equal</span>amino acid</span></strong></span></strong> where<span style="font-size: 1px; color: white;">holmes</span>the <strong><span style="color: #6d108e;">side<span style="font-size: 1px; color: white;">fine</span>chain</span></strong> is<span style="font-size: 1px; color: white;">anemia</span>bonded<span style="font-size: 1px; color: white;">laura</span>to<span style="font-size: 1px; color: white;">spot</span>the<span style="font-size: 1px; color: white;">carry</span>backbone<span style="font-size: 1px; color: white;">upside</span>amine, resulting<span style="font-size: 1px; color: white;">system</span>in a rigid<span style="font-size: 1px; color: white;">abi</span>cyclic<span style="font-size: 1px; color: white;">accept</span>structure<span style="font-size: 1px; color: white;">story</span></div>
          </p>
        </simpleAssociableChoice>
        <simpleAssociableChoice identifier="choice_002" fixed="true" matchMax="5" matchMin="0">
          <p>
            <div id="drv_e83c" oncopy="return false;" onpaste="return false;" oncut="return false;" oncontextmenu="return false;" onmousedown="return false;" onselectstart="return false;">a <strong><span style="color: #b3b300;">non-<strong><span style="color: #009e4c;">polar<span style="font-size: 1px; color: white;">rubber</span>amino<span style="font-size: 1px; color: white;">break</span>acid</span></strong></span></strong> with<span style="font-size: 1px; color: white;">use</span>a <strong><span style="color: #6d108e;">side<span style="font-size: 1px; color: white;">gibbs</span>chain</span></strong> containing<span style="font-size: 1px; color: white;">parts</span>a sulfur atom that<span style="font-size: 1px; color: white;">its</span>is<strong> <strong>NOT</strong> </strong>available<span style="font-size: 1px; color: white;">diver</span>for chemical<span style="font-size: 1px; color: white;">all</span>reactions </div>
          </p>
        </simpleAssociableChoice>
        <simpleAssociableChoice identifier="choice_003" fixed="true" matchMax="5" matchMin="0">
          <p>
            <div id="drv_e04c" oncopy="return false;" onpaste="return false;" oncut="return false;" oncontextmenu="return false;" onmousedown="return false;" onselectstart="return false;">a <strong><span style="color: #009e4c;">polar<span style="font-size: 1px; color: white;">lipid</span>amino acid</span></strong> that<span style="font-size: 1px; color: white;">smart</span>is<span style="font-size: 1px; color: white;">works</span>a methylated<span style="font-size: 1px; color: white;">bbonly</span>form<span style="font-size: 1px; color: white;">falsec</span>of serine<span style="font-size: 1px; color: white;">truthj</span></div>
          </p>
        </simpleAssociableChoice>
        <simpleAssociableChoice identifier="choice_004" fixed="true" matchMax="5" matchMin="0">
          <p>
            <div id="drv_24f4" oncopy="return false;" onpaste="return false;" oncut="return false;" oncontextmenu="return false;" onmousedown="return false;" onselectstart="return false;">a <strong><span style="color: #2fbd0f;">small<span style="font-size: 1px; color: white;">weaker</span>amino<span style="font-size: 1px; color: white;">datp</span>acid</span></strong> with<span style="font-size: 1px; color: white;">decide</span>a single<span style="font-size: 1px; color: white;">spins</span>hydrogen atom<span style="font-size: 1px; color: white;">unable</span>as<span style="font-size: 1px; color: white;">repair</span>its <strong><span style="color: #6d108e;">side<span style="font-size: 1px; color: white;">liver</span>chain</span></strong><span style="font-size: 1px; color: white;">seed</span></div>
          </p>
        </simpleAssociableChoice>
        <simpleAssociableChoice identifier="choice_005" fixed="true" matchMax="5" matchMin="0">
          <p>
            <div id="drv_78d0" oncopy="return false;" onpaste="return false;" oncut="return false;" oncontextmenu="return false;" onmousedown="return false;" onselectstart="return false;">a <strong><span style="color: #ff0000;">negatively<span style="font-size: 1px; color: white;">drift</span>charged<span style="font-size: 1px; color: white;">dfirst</span>amino acid</span></strong> with<span style="font-size: 1px; color: white;">points</span>a small, carboxylate (-COOH) <strong><span style="color: #6d108e;">side<span style="font-size: 1px; color: white;">mom</span>chain</span></strong><span style="font-size: 1px; color: white;">span</span></div>
          </p>
        </simpleAssociableChoice>
      </simpleMatchSet>
    </matchInteraction>
  </itemBody>
  <responseProcessing template="http://www.imsglobal.org/question/qti_v2p1/rptemplates/map_response"/>
</assessmentItem>
