<?xml version='1.0' encoding='UTF-8'?>
<assessmentItem xmlns="http://www.imsglobal.org/xsd/imsqti_v2p1" xmlns:xsi="http://www.w3.org/2001/XMLSchema-instance" xmlns:ns8="http://www.w3.org/1999/xlink" xmlns:ns9="http://www.imsglobal.org/xsd/apip/apipv1p0/imsapip_qtiv1p0" xsi:schemaLocation="http://www.imsglobal.org/xsd/imsqti_v2p1 http://www.imsglobal.org/xsd/qti/qtiv2p1/imsqti_v2p1.xsd" title="3f75_f057_5a30" adaptive="false" timeDependent="false" identifier="3f75_f057_5a30">
  <responseDeclaration baseType="directedPair" cardinality="multiple" identifier="RESPONSE">
    <correctResponse>
      <value>prompt_001 choice_001</value>
      <value>prompt_002 choice_002</value>
      <value>prompt_003 choice_003</value>
      <value>prompt_004 choice_004</value>
      <value>prompt_005 choice_005</value>
    </correctResponse>
    <mapping defaultValue="0">
      <mapEntry mapKey="prompt_001 choice_001" mappedValue="1"/>
      <mapEntry mapKey="prompt_002 choice_002" mappedValue="1"/>
      <mapEntry mapKey="prompt_003 choice_003" mappedValue="1"/>
      <mapEntry mapKey="prompt_004 choice_004" mappedValue="1"/>
      <mapEntry mapKey="prompt_005 choice_005" mappedValue="1"/>
    </mapping>
  </responseDeclaration>
  <outcomeDeclaration baseType="float" cardinality="single" identifier="SCORE"/>
  <itemBody>
    <div>
      <div id="drv_2e06" oncopy="return false;" onpaste="return false;" oncut="return false;" oncontextmenu="return false;" onmousedown="return false;" onselectstart="return false;">
        <p>Match<span style="font-size: 1px; color: white;">rings</span>each<span style="font-size: 1px; color: white;">ttest</span>of<span style="font-size: 1px; color: white;">car</span>the<span style="font-size: 1px; color: white;">elevel</span>following amino<span style="font-size: 1px; color: white;">leads</span>acids with<span style="font-size: 1px; color: white;">codon</span>their<span style="font-size: 1px; color: white;">repel</span>corresponding descriptions.</p>
        <p><i>Note:</i> Each<span style="font-size: 1px; color: white;">killed</span>choice<span style="font-size: 1px; color: white;">lookup</span>will<span style="font-size: 1px; color: white;">insert</span>be used<span style="font-size: 1px; color: white;">given</span>exactly<span style="font-size: 1px; color: white;">wind</span>once.</p>
        <span style="font-size: 1px; color: white;">named</span>
      </div>
    </div>
    <matchInteraction responseIdentifier="RESPONSE" shuffle="true" maxAssociations="5">
      <prompt>&lt;div id="drv_2e06" oncopy="return false;" onpaste="return false;" oncut="return false;" oncontextmenu="return false;" onmousedown="return false;" onselectstart="return false;" &gt;&lt;p&gt;Match&lt;span style='font-size: 1px; color: white;'&gt;rings&lt;/span&gt;each&lt;span style='font-size: 1px; color: white;'&gt;ttest&lt;/span&gt;of&lt;span style='font-size: 1px; color: white;'&gt;car&lt;/span&gt;the&lt;span style='font-size: 1px; color: white;'&gt;elevel&lt;/span&gt;following amino&lt;span style='font-size: 1px; color: white;'&gt;leads&lt;/span&gt;acids with&lt;span style='font-size: 1px; color: white;'&gt;codon&lt;/span&gt;their&lt;span style='font-size: 1px; color: white;'&gt;repel&lt;/span&gt;corresponding descriptions.&lt;/p&gt;&lt;p&gt;&lt;i&gt;Note:&lt;/i&gt; Each&lt;span style='font-size: 1px; color: white;'&gt;killed&lt;/span&gt;choice&lt;span style='font-size: 1px; color: white;'&gt;lookup&lt;/span&gt;will&lt;span style='font-size: 1px; color: white;'&gt;insert&lt;/span&gt;be used&lt;span style='font-size: 1px; color: white;'&gt;given&lt;/span&gt;exactly&lt;span style='font-size: 1px; color: white;'&gt;wind&lt;/span&gt;once.&lt;/p&gt;&lt;span style='font-size: 1px; color: white;'&gt;named&lt;/span&gt;&lt;/div&gt;</prompt>
      <simpleMatchSet>
        <simpleAssociableChoice identifier="prompt_001" fixed="true" matchMax="1" matchMin="0">
          <p>
            <div id="drv_9bb8" oncopy="return false;" onpaste="return false;" oncut="return false;" oncontextmenu="return false;" onmousedown="return false;" onselectstart="return false;"><span style="color: #863b8a;">tryptophan</span> </div>
          </p>
        </simpleAssociableChoice>
        <simpleAssociableChoice identifier="prompt_002" fixed="true" matchMax="1" matchMin="0">
          <p>
            <div id="drv_c9a6" oncopy="return false;" onpaste="return false;" oncut="return false;" oncontextmenu="return false;" onmousedown="return false;" onselectstart="return false;">
              <span style="color: #676005;">glutamic acid</span>
              <span style="font-size: 1px; color: white;">air</span>
            </div>
          </p>
        </simpleAssociableChoice>
        <simpleAssociableChoice identifier="prompt_003" fixed="true" matchMax="1" matchMin="0">
          <p>
            <div id="drv_914b" oncopy="return false;" onpaste="return false;" oncut="return false;" oncontextmenu="return false;" onmousedown="return false;" onselectstart="return false;">
              <span style="color: #00697d;">glutamine</span>
              <span style="font-size: 1px; color: white;">spine</span>
            </div>
          </p>
        </simpleAssociableChoice>
        <simpleAssociableChoice identifier="prompt_004" fixed="true" matchMax="1" matchMin="0">
          <p>
            <div id="drv_bfa4" oncopy="return false;" onpaste="return false;" oncut="return false;" oncontextmenu="return false;" onmousedown="return false;" onselectstart="return false;">
              <span style="color: #8a4c02;">cysteine</span>
              <span style="font-size: 1px; color: white;">skier</span>
            </div>
          </p>
        </simpleAssociableChoice>
        <simpleAssociableChoice identifier="prompt_005" fixed="true" matchMax="1" matchMin="0">
          <p>
            <div id="drv_7490" oncopy="return false;" onpaste="return false;" oncut="return false;" oncontextmenu="return false;" onmousedown="return false;" onselectstart="return false;">
              <span style="color: #335e9e;">threonine</span>
              <span style="font-size: 1px; color: white;">ethane</span>
            </div>
          </p>
        </simpleAssociableChoice>
      </simpleMatchSet>
      <simpleMatchSet>
        <simpleAssociableChoice identifier="choice_001" fixed="true" matchMax="5" matchMin="0">
          <p>
            <div id="drv_f9ab" oncopy="return false;" onpaste="return false;" oncut="return false;" oncontextmenu="return false;" onmousedown="return false;" onselectstart="return false;">an <strong><span style="color: #ff5e00;">aromatic amino acid</span></strong> with<span style="font-size: 1px; color: white;">target</span>the largest <strong><span style="color: #6d108e;">side<span style="font-size: 1px; color: white;">etbr</span>chain</span></strong> consisting<span style="font-size: 1px; color: white;">inner</span>of<span style="font-size: 1px; color: white;">print</span>a fused<span style="font-size: 1px; color: white;">remedy</span>pair<span style="font-size: 1px; color: white;">good</span>of<span style="font-size: 1px; color: white;">zinc</span>rings<span style="font-size: 1px; color: white;">using</span></div>
          </p>
        </simpleAssociableChoice>
        <simpleAssociableChoice identifier="choice_002" fixed="true" matchMax="5" matchMin="0">
          <p>
            <div id="drv_cbc1" oncopy="return false;" onpaste="return false;" oncut="return false;" oncontextmenu="return false;" onmousedown="return false;" onselectstart="return false;">a <strong><span style="color: #ff0000;">negatively<span style="font-size: 1px; color: white;">aids</span>charged amino acid</span></strong> with<span style="font-size: 1px; color: white;">atoms</span>a large, carboxylate (-COOH) <strong><span style="color: #6d108e;">side chain</span></strong> </div>
          </p>
        </simpleAssociableChoice>
        <simpleAssociableChoice identifier="choice_003" fixed="true" matchMax="5" matchMin="0">
          <p>
            <div id="drv_4da6" oncopy="return false;" onpaste="return false;" oncut="return false;" oncontextmenu="return false;" onmousedown="return false;" onselectstart="return false;">a <strong><span style="color: #009e4c;">polar amino<span style="font-size: 1px; color: white;">seals</span>acid</span></strong> with<span style="font-size: 1px; color: white;">wine</span>a longer<span style="font-size: 1px; color: white;">mated</span>amine-substituted carboxylate (amide) -C(=O)NH<sub>2</sub> group<span style="font-size: 1px; color: white;">glass</span></div>
          </p>
        </simpleAssociableChoice>
        <simpleAssociableChoice identifier="choice_004" fixed="true" matchMax="5" matchMin="0">
          <p>
            <div id="drv_d0d1" oncopy="return false;" onpaste="return false;" oncut="return false;" oncontextmenu="return false;" onmousedown="return false;" onselectstart="return false;">a <strong><span style="color: #009e4c;">polar<span style="font-size: 1px; color: white;">the</span>amino<span style="font-size: 1px; color: white;">from</span>acid</span></strong> that<span style="font-size: 1px; color: white;">care</span>is capable of thiol (-SH) chemistry<span style="font-size: 1px; color: white;">crack</span></div>
          </p>
        </simpleAssociableChoice>
        <simpleAssociableChoice identifier="choice_005" fixed="true" matchMax="5" matchMin="0">
          <p>
            <div id="drv_5299" oncopy="return false;" onpaste="return false;" oncut="return false;" oncontextmenu="return false;" onmousedown="return false;" onselectstart="return false;">a <strong><span style="color: #009e4c;">polar<span style="font-size: 1px; color: white;">thread</span>amino<span style="font-size: 1px; color: white;">region</span>acid</span></strong> that is a methylated<span style="font-size: 1px; color: white;">bgroup</span>form<span style="font-size: 1px; color: white;">roto</span>of<span style="font-size: 1px; color: white;">lima</span>serine </div>
          </p>
        </simpleAssociableChoice>
      </simpleMatchSet>
    </matchInteraction>
  </itemBody>
  <responseProcessing template="http://www.imsglobal.org/question/qti_v2p1/rptemplates/map_response"/>
</assessmentItem>
