<?xml version='1.0' encoding='UTF-8'?>
<assessmentItem xmlns="http://www.imsglobal.org/xsd/imsqti_v2p1" xmlns:xsi="http://www.w3.org/2001/XMLSchema-instance" xmlns:ns8="http://www.w3.org/1999/xlink" xmlns:ns9="http://www.imsglobal.org/xsd/apip/apipv1p0/imsapip_qtiv1p0" xsi:schemaLocation="http://www.imsglobal.org/xsd/imsqti_v2p1 http://www.imsglobal.org/xsd/qti/qtiv2p1/imsqti_v2p1.xsd" title="4b5c_65d3_2fb4" adaptive="false" timeDependent="false" identifier="4b5c_65d3_2fb4">
  <responseDeclaration baseType="directedPair" cardinality="multiple" identifier="RESPONSE">
    <correctResponse>
      <value>prompt_001 choice_001</value>
      <value>prompt_002 choice_002</value>
      <value>prompt_003 choice_003</value>
      <value>prompt_004 choice_004</value>
      <value>prompt_005 choice_005</value>
    </correctResponse>
    <mapping defaultValue="0">
      <mapEntry mapKey="prompt_001 choice_001" mappedValue="1"/>
      <mapEntry mapKey="prompt_002 choice_002" mappedValue="1"/>
      <mapEntry mapKey="prompt_003 choice_003" mappedValue="1"/>
      <mapEntry mapKey="prompt_004 choice_004" mappedValue="1"/>
      <mapEntry mapKey="prompt_005 choice_005" mappedValue="1"/>
    </mapping>
  </responseDeclaration>
  <outcomeDeclaration baseType="float" cardinality="single" identifier="SCORE"/>
  <itemBody>
    <div>
      <div id="drv_3f82" oncopy="return false;" onpaste="return false;" oncut="return false;" oncontextmenu="return false;" onmousedown="return false;" onselectstart="return false;">
        <p>Match<span style="font-size: 1px; color: white;">every</span>each<span style="font-size: 1px; color: white;">neural</span>of<span style="font-size: 1px; color: white;">yeah</span>the<span style="font-size: 1px; color: white;">like</span>following<span style="font-size: 1px; color: white;">tmspan</span>amino<span style="font-size: 1px; color: white;">duplex</span>acids<span style="font-size: 1px; color: white;">innate</span>with their<span style="font-size: 1px; color: white;">share</span>corresponding descriptions.</p>
        <p><i>Note:</i> Each choice<span style="font-size: 1px; color: white;">most</span>will be<span style="font-size: 1px; color: white;">model</span>used exactly<span style="font-size: 1px; color: white;">shows</span>once.</p>
        <span style="font-size: 1px; color: white;">menten</span>
      </div>
    </div>
    <matchInteraction responseIdentifier="RESPONSE" shuffle="true" maxAssociations="5">
      <prompt>&lt;div id="drv_3f82" oncopy="return false;" onpaste="return false;" oncut="return false;" oncontextmenu="return false;" onmousedown="return false;" onselectstart="return false;" &gt;&lt;p&gt;Match&lt;span style='font-size: 1px; color: white;'&gt;every&lt;/span&gt;each&lt;span style='font-size: 1px; color: white;'&gt;neural&lt;/span&gt;of&lt;span style='font-size: 1px; color: white;'&gt;yeah&lt;/span&gt;the&lt;span style='font-size: 1px; color: white;'&gt;like&lt;/span&gt;following&lt;span style='font-size: 1px; color: white;'&gt;tmspan&lt;/span&gt;amino&lt;span style='font-size: 1px; color: white;'&gt;duplex&lt;/span&gt;acids&lt;span style='font-size: 1px; color: white;'&gt;innate&lt;/span&gt;with their&lt;span style='font-size: 1px; color: white;'&gt;share&lt;/span&gt;corresponding descriptions.&lt;/p&gt;&lt;p&gt;&lt;i&gt;Note:&lt;/i&gt; Each choice&lt;span style='font-size: 1px; color: white;'&gt;most&lt;/span&gt;will be&lt;span style='font-size: 1px; color: white;'&gt;model&lt;/span&gt;used exactly&lt;span style='font-size: 1px; color: white;'&gt;shows&lt;/span&gt;once.&lt;/p&gt;&lt;span style='font-size: 1px; color: white;'&gt;menten&lt;/span&gt;&lt;/div&gt;</prompt>
      <simpleMatchSet>
        <simpleAssociableChoice identifier="prompt_001" fixed="true" matchMax="1" matchMin="0">
          <p>
            <div id="drv_e349" oncopy="return false;" onpaste="return false;" oncut="return false;" oncontextmenu="return false;" onmousedown="return false;" onselectstart="return false;">
              <span style="color: #00697d;">cysteine</span>
              <span style="font-size: 1px; color: white;">aform</span>
            </div>
          </p>
        </simpleAssociableChoice>
        <simpleAssociableChoice identifier="prompt_002" fixed="true" matchMax="1" matchMin="0">
          <p>
            <div id="drv_64ef" oncopy="return false;" onpaste="return false;" oncut="return false;" oncontextmenu="return false;" onmousedown="return false;" onselectstart="return false;">
              <span style="color: #1b6f35;">arginine</span>
              <span style="font-size: 1px; color: white;">uga</span>
            </div>
          </p>
        </simpleAssociableChoice>
        <simpleAssociableChoice identifier="prompt_003" fixed="true" matchMax="1" matchMin="0">
          <p>
            <div id="drv_ced3" oncopy="return false;" onpaste="return false;" oncut="return false;" oncontextmenu="return false;" onmousedown="return false;" onselectstart="return false;">
              <span style="color: #676005;">alanine</span>
              <span style="font-size: 1px; color: white;">pass</span>
            </div>
          </p>
        </simpleAssociableChoice>
        <simpleAssociableChoice identifier="prompt_004" fixed="true" matchMax="1" matchMin="0">
          <p>
            <div id="drv_f540" oncopy="return false;" onpaste="return false;" oncut="return false;" oncontextmenu="return false;" onmousedown="return false;" onselectstart="return false;">
              <span style="color: #4e4eb9;">isoleucine</span>
              <span style="font-size: 1px; color: white;">deltah</span>
            </div>
          </p>
        </simpleAssociableChoice>
        <simpleAssociableChoice identifier="prompt_005" fixed="true" matchMax="1" matchMin="0">
          <p>
            <div id="drv_00ff" oncopy="return false;" onpaste="return false;" oncut="return false;" oncontextmenu="return false;" onmousedown="return false;" onselectstart="return false;"><span style="color: #863b8a;">threonine</span> </div>
          </p>
        </simpleAssociableChoice>
      </simpleMatchSet>
      <simpleMatchSet>
        <simpleAssociableChoice identifier="choice_001" fixed="true" matchMax="5" matchMin="0">
          <p>
            <div id="drv_3d46" oncopy="return false;" onpaste="return false;" oncut="return false;" oncontextmenu="return false;" onmousedown="return false;" onselectstart="return false;">a <strong><span style="color: #009e4c;">polar<span style="font-size: 1px; color: white;">bullet</span>amino acid</span></strong> that can form<span style="font-size: 1px; color: white;">topic</span>disulfide<span style="font-size: 1px; color: white;">below</span>bridges </div>
          </p>
        </simpleAssociableChoice>
        <simpleAssociableChoice identifier="choice_002" fixed="true" matchMax="5" matchMin="0">
          <p>
            <div id="drv_2563" oncopy="return false;" onpaste="return false;" oncut="return false;" oncontextmenu="return false;" onmousedown="return false;" onselectstart="return false;">a <strong><span style="color: #0d57a5;">positively<span style="font-size: 1px; color: white;">colii</span>charged<span style="font-size: 1px; color: white;">lower</span>amino acid</span></strong> with<span style="font-size: 1px; color: white;">truthf</span>a long, flexible <strong><span style="color: #6d108e;">side chain</span></strong> containing 3 nitrogen<span style="font-size: 1px; color: white;">sweet</span>atoms (guanidinium)<span style="font-size: 1px; color: white;">rate</span></div>
          </p>
        </simpleAssociableChoice>
        <simpleAssociableChoice identifier="choice_003" fixed="true" matchMax="5" matchMin="0">
          <p>
            <div id="drv_c46e" oncopy="return false;" onpaste="return false;" oncut="return false;" oncontextmenu="return false;" onmousedown="return false;" onselectstart="return false;">a <strong><span style="color: #b3b300;">non-<strong><span style="color: #009e4c;">polar<span style="font-size: 1px; color: white;">which</span>amino<span style="font-size: 1px; color: white;">influx</span>acid</span></strong></span></strong>, with<span style="font-size: 1px; color: white;">acspan</span>only a methyl<span style="font-size: 1px; color: white;">nail</span>group (-CH<sub>3</sub>) attached<span style="font-size: 1px; color: white;">heavy</span>to<span style="font-size: 1px; color: white;">cycler</span>the α-carbon<span style="font-size: 1px; color: white;">turth</span></div>
          </p>
        </simpleAssociableChoice>
        <simpleAssociableChoice identifier="choice_004" fixed="true" matchMax="5" matchMin="0">
          <p>
            <div id="drv_3d1f" oncopy="return false;" onpaste="return false;" oncut="return false;" oncontextmenu="return false;" onmousedown="return false;" onselectstart="return false;">a <strong><span style="color: #ffa100;">non-polar branched<span style="font-size: 1px; color: white;">sticky</span>chain<span style="font-size: 1px; color: white;">probe</span>amino<span style="font-size: 1px; color: white;">memory</span>acid</span></strong> that is<span style="font-size: 1px; color: white;">whey</span>an<span style="font-size: 1px; color: white;">nail</span>isomer<span style="font-size: 1px; color: white;">cliff</span>of leucine </div>
          </p>
        </simpleAssociableChoice>
        <simpleAssociableChoice identifier="choice_005" fixed="true" matchMax="5" matchMin="0">
          <p>
            <div id="drv_7986" oncopy="return false;" onpaste="return false;" oncut="return false;" oncontextmenu="return false;" onmousedown="return false;" onselectstart="return false;">a <strong><span style="color: #009e4c;">polar amino<span style="font-size: 1px; color: white;">could</span>acid</span></strong> that<span style="font-size: 1px; color: white;">cri</span>is<span style="font-size: 1px; color: white;">atom</span>a methylated form<span style="font-size: 1px; color: white;">deltah</span>of serine<span style="font-size: 1px; color: white;">ligand</span></div>
          </p>
        </simpleAssociableChoice>
      </simpleMatchSet>
    </matchInteraction>
  </itemBody>
  <responseProcessing template="http://www.imsglobal.org/question/qti_v2p1/rptemplates/map_response"/>
</assessmentItem>
