<?xml version='1.0' encoding='UTF-8'?>
<assessmentItem xmlns="http://www.imsglobal.org/xsd/imsqti_v2p1" xmlns:xsi="http://www.w3.org/2001/XMLSchema-instance" xmlns:ns8="http://www.w3.org/1999/xlink" xmlns:ns9="http://www.imsglobal.org/xsd/apip/apipv1p0/imsapip_qtiv1p0" xsi:schemaLocation="http://www.imsglobal.org/xsd/imsqti_v2p1 http://www.imsglobal.org/xsd/qti/qtiv2p1/imsqti_v2p1.xsd" title="24bb_9af2_a216" adaptive="false" timeDependent="false" identifier="24bb_9af2_a216">
  <responseDeclaration baseType="directedPair" cardinality="multiple" identifier="RESPONSE">
    <correctResponse>
      <value>prompt_001 choice_001</value>
      <value>prompt_002 choice_002</value>
      <value>prompt_003 choice_003</value>
      <value>prompt_004 choice_004</value>
      <value>prompt_005 choice_005</value>
    </correctResponse>
    <mapping defaultValue="0">
      <mapEntry mapKey="prompt_001 choice_001" mappedValue="1"/>
      <mapEntry mapKey="prompt_002 choice_002" mappedValue="1"/>
      <mapEntry mapKey="prompt_003 choice_003" mappedValue="1"/>
      <mapEntry mapKey="prompt_004 choice_004" mappedValue="1"/>
      <mapEntry mapKey="prompt_005 choice_005" mappedValue="1"/>
    </mapping>
  </responseDeclaration>
  <outcomeDeclaration baseType="float" cardinality="single" identifier="SCORE"/>
  <itemBody>
    <div>
      <div id="drv_dc0f" oncopy="return false;" onpaste="return false;" oncut="return false;" oncontextmenu="return false;" onmousedown="return false;" onselectstart="return false;">
        <p>Match each<span style="font-size: 1px; color: white;">clean</span>of<span style="font-size: 1px; color: white;">frame</span>the following<span style="font-size: 1px; color: white;">serum</span>amino<span style="font-size: 1px; color: white;">egel</span>acids with their<span style="font-size: 1px; color: white;">phase</span>corresponding<span style="font-size: 1px; color: white;">third</span>descriptions.</p>
        <p><i>Note:</i> Each choice<span style="font-size: 1px; color: white;">mortar</span>will<span style="font-size: 1px; color: white;">board</span>be<span style="font-size: 1px; color: white;">lungs</span>used<span style="font-size: 1px; color: white;">mated</span>exactly<span style="font-size: 1px; color: white;">leonor</span>once.</p>
        <span style="font-size: 1px; color: white;">xeno</span>
      </div>
    </div>
    <matchInteraction responseIdentifier="RESPONSE" shuffle="true" maxAssociations="5">
      <prompt>&lt;div id="drv_dc0f" oncopy="return false;" onpaste="return false;" oncut="return false;" oncontextmenu="return false;" onmousedown="return false;" onselectstart="return false;" &gt;&lt;p&gt;Match each&lt;span style='font-size: 1px; color: white;'&gt;clean&lt;/span&gt;of&lt;span style='font-size: 1px; color: white;'&gt;frame&lt;/span&gt;the following&lt;span style='font-size: 1px; color: white;'&gt;serum&lt;/span&gt;amino&lt;span style='font-size: 1px; color: white;'&gt;egel&lt;/span&gt;acids with their&lt;span style='font-size: 1px; color: white;'&gt;phase&lt;/span&gt;corresponding&lt;span style='font-size: 1px; color: white;'&gt;third&lt;/span&gt;descriptions.&lt;/p&gt;&lt;p&gt;&lt;i&gt;Note:&lt;/i&gt; Each choice&lt;span style='font-size: 1px; color: white;'&gt;mortar&lt;/span&gt;will&lt;span style='font-size: 1px; color: white;'&gt;board&lt;/span&gt;be&lt;span style='font-size: 1px; color: white;'&gt;lungs&lt;/span&gt;used&lt;span style='font-size: 1px; color: white;'&gt;mated&lt;/span&gt;exactly&lt;span style='font-size: 1px; color: white;'&gt;leonor&lt;/span&gt;once.&lt;/p&gt;&lt;span style='font-size: 1px; color: white;'&gt;xeno&lt;/span&gt;&lt;/div&gt;</prompt>
      <simpleMatchSet>
        <simpleAssociableChoice identifier="prompt_001" fixed="true" matchMax="1" matchMin="0">
          <p>
            <div id="drv_8f82" oncopy="return false;" onpaste="return false;" oncut="return false;" oncontextmenu="return false;" onmousedown="return false;" onselectstart="return false;">
              <span style="color: #983f1b;">glycine</span>
              <span style="font-size: 1px; color: white;">discs</span>
            </div>
          </p>
        </simpleAssociableChoice>
        <simpleAssociableChoice identifier="prompt_002" fixed="true" matchMax="1" matchMin="0">
          <p>
            <div id="drv_cba1" oncopy="return false;" onpaste="return false;" oncut="return false;" oncontextmenu="return false;" onmousedown="return false;" onselectstart="return false;">
              <span style="color: #006e56;">phenylalanine</span>
              <span style="font-size: 1px; color: white;">pectin</span>
            </div>
          </p>
        </simpleAssociableChoice>
        <simpleAssociableChoice identifier="prompt_003" fixed="true" matchMax="1" matchMin="0">
          <p>
            <div id="drv_9c51" oncopy="return false;" onpaste="return false;" oncut="return false;" oncontextmenu="return false;" onmousedown="return false;" onselectstart="return false;">
              <span style="color: #795700;">histidine</span>
              <span style="font-size: 1px; color: white;">cliff</span>
            </div>
          </p>
        </simpleAssociableChoice>
        <simpleAssociableChoice identifier="prompt_004" fixed="true" matchMax="1" matchMin="0">
          <p>
            <div id="drv_fd0d" oncopy="return false;" onpaste="return false;" oncut="return false;" oncontextmenu="return false;" onmousedown="return false;" onselectstart="return false;"><span style="color: #723db2;">valine</span> </div>
          </p>
        </simpleAssociableChoice>
        <simpleAssociableChoice identifier="prompt_005" fixed="true" matchMax="1" matchMin="0">
          <p>
            <div id="drv_4a77" oncopy="return false;" onpaste="return false;" oncut="return false;" oncontextmenu="return false;" onmousedown="return false;" onselectstart="return false;">
              <span style="color: #4d681a;">leucine</span>
              <span style="font-size: 1px; color: white;">ssu</span>
            </div>
          </p>
        </simpleAssociableChoice>
      </simpleMatchSet>
      <simpleMatchSet>
        <simpleAssociableChoice identifier="choice_001" fixed="true" matchMax="5" matchMin="0">
          <p>
            <div id="drv_4f73" oncopy="return false;" onpaste="return false;" oncut="return false;" oncontextmenu="return false;" onmousedown="return false;" onselectstart="return false;">a <strong><span style="color: #2fbd0f;">small<span style="font-size: 1px; color: white;">that</span>amino<span style="font-size: 1px; color: white;">birds</span>acid</span></strong> with<span style="font-size: 1px; color: white;">acspan</span>a single hydrogen atom<span style="font-size: 1px; color: white;">adp</span>as its <strong><span style="color: #6d108e;">side<span style="font-size: 1px; color: white;">pink</span>chain</span></strong><span style="font-size: 1px; color: white;">ccmrna</span></div>
          </p>
        </simpleAssociableChoice>
        <simpleAssociableChoice identifier="choice_002" fixed="true" matchMax="5" matchMin="0">
          <p>
            <div id="drv_85a9" oncopy="return false;" onpaste="return false;" oncut="return false;" oncontextmenu="return false;" onmousedown="return false;" onselectstart="return false;">a <strong><span style="color: #b3b300;">non-<strong><span style="color: #009e4c;">polar<span style="font-size: 1px; color: white;">area</span>amino<span style="font-size: 1px; color: white;">redder</span>acid</span></strong></span></strong> with an aromatic <strong><span style="color: #6d108e;">side<span style="font-size: 1px; color: white;">spike</span>chain</span></strong> containing<span style="font-size: 1px; color: white;">acspan</span>a single<span style="font-size: 1px; color: white;">wrong</span>benzene (-C<sub>6</sub>H<sub>6</sub>) ring<span style="font-size: 1px; color: white;">glass</span></div>
          </p>
        </simpleAssociableChoice>
        <simpleAssociableChoice identifier="choice_003" fixed="true" matchMax="5" matchMin="0">
          <p>
            <div id="drv_ff41" oncopy="return false;" onpaste="return false;" oncut="return false;" oncontextmenu="return false;" onmousedown="return false;" onselectstart="return false;">an <strong><span style="color: #ff5e00;">aromatic<span style="font-size: 1px; color: white;">event</span>amino acid</span></strong> with a <strong><span style="color: #6d108e;">side<span style="font-size: 1px; color: white;">plan</span>chain</span></strong> containing<span style="font-size: 1px; color: white;">itaqi</span>a 5-membered<span style="font-size: 1px; color: white;">insert</span>nitrogenous<span style="font-size: 1px; color: white;">rest</span>ring<span style="font-size: 1px; color: white;">gtag</span>and a pKa<span style="font-size: 1px; color: white;">role</span>close<span style="font-size: 1px; color: white;">strain</span>to<span style="font-size: 1px; color: white;">gtag</span>pH 7<span style="font-size: 1px; color: white;">plant</span></div>
          </p>
        </simpleAssociableChoice>
        <simpleAssociableChoice identifier="choice_004" fixed="true" matchMax="5" matchMin="0">
          <p>
            <div id="drv_cdb3" oncopy="return false;" onpaste="return false;" oncut="return false;" oncontextmenu="return false;" onmousedown="return false;" onselectstart="return false;">a <strong><span style="color: #ffa100;">non-polar<span style="font-size: 1px; color: white;">madam</span>branched<span style="font-size: 1px; color: white;">stage</span>chain amino<span style="font-size: 1px; color: white;">aitaqi</span>acid</span></strong> that<span style="font-size: 1px; color: white;">would</span>is<span style="font-size: 1px; color: white;">would</span>a shorter version of<span style="font-size: 1px; color: white;">core</span>leucine </div>
          </p>
        </simpleAssociableChoice>
        <simpleAssociableChoice identifier="choice_005" fixed="true" matchMax="5" matchMin="0">
          <p>
            <div id="drv_684c" oncopy="return false;" onpaste="return false;" oncut="return false;" oncontextmenu="return false;" onmousedown="return false;" onselectstart="return false;">a <strong><span style="color: #ffa100;">non-polar<span style="font-size: 1px; color: white;">xmale</span>branched<span style="font-size: 1px; color: white;">ligase</span>chain<span style="font-size: 1px; color: white;">local</span>amino acid</span></strong> with a double<span style="font-size: 1px; color: white;">blue</span>methylated γ-carbon </div>
          </p>
        </simpleAssociableChoice>
      </simpleMatchSet>
    </matchInteraction>
  </itemBody>
  <responseProcessing template="http://www.imsglobal.org/question/qti_v2p1/rptemplates/map_response"/>
</assessmentItem>
