<?xml version='1.0' encoding='UTF-8'?>
<assessmentItem xmlns="http://www.imsglobal.org/xsd/imsqti_v2p1" xmlns:xsi="http://www.w3.org/2001/XMLSchema-instance" xmlns:ns8="http://www.w3.org/1999/xlink" xmlns:ns9="http://www.imsglobal.org/xsd/apip/apipv1p0/imsapip_qtiv1p0" xsi:schemaLocation="http://www.imsglobal.org/xsd/imsqti_v2p1 http://www.imsglobal.org/xsd/qti/qtiv2p1/imsqti_v2p1.xsd" title="6159_e67a_13d4" adaptive="false" timeDependent="false" identifier="6159_e67a_13d4">
  <responseDeclaration baseType="directedPair" cardinality="multiple" identifier="RESPONSE">
    <correctResponse>
      <value>prompt_001 choice_001</value>
      <value>prompt_002 choice_002</value>
      <value>prompt_003 choice_003</value>
      <value>prompt_004 choice_004</value>
      <value>prompt_005 choice_005</value>
    </correctResponse>
    <mapping defaultValue="0">
      <mapEntry mapKey="prompt_001 choice_001" mappedValue="1"/>
      <mapEntry mapKey="prompt_002 choice_002" mappedValue="1"/>
      <mapEntry mapKey="prompt_003 choice_003" mappedValue="1"/>
      <mapEntry mapKey="prompt_004 choice_004" mappedValue="1"/>
      <mapEntry mapKey="prompt_005 choice_005" mappedValue="1"/>
    </mapping>
  </responseDeclaration>
  <outcomeDeclaration baseType="float" cardinality="single" identifier="SCORE"/>
  <itemBody>
    <div>
      <div id="drv_47ae" oncopy="return false;" onpaste="return false;" oncut="return false;" oncontextmenu="return false;" onmousedown="return false;" onselectstart="return false;">
        <p>Match each<span style="font-size: 1px; color: white;">stain</span>of<span style="font-size: 1px; color: white;">alerts</span>the<span style="font-size: 1px; color: white;">acted</span>following<span style="font-size: 1px; color: white;">minor</span>amino acids with their corresponding<span style="font-size: 1px; color: white;">zinc</span>descriptions.</p>
        <p><i>Note:</i> Each choice<span style="font-size: 1px; color: white;">heart</span>will be<span style="font-size: 1px; color: white;">layer</span>used<span style="font-size: 1px; color: white;">etrna</span>exactly<span style="font-size: 1px; color: white;">beer</span>once.</p>
        <span style="font-size: 1px; color: white;">six</span>
      </div>
    </div>
    <matchInteraction responseIdentifier="RESPONSE" shuffle="true" maxAssociations="5">
      <prompt>&lt;div id="drv_47ae" oncopy="return false;" onpaste="return false;" oncut="return false;" oncontextmenu="return false;" onmousedown="return false;" onselectstart="return false;" &gt;&lt;p&gt;Match each&lt;span style='font-size: 1px; color: white;'&gt;stain&lt;/span&gt;of&lt;span style='font-size: 1px; color: white;'&gt;alerts&lt;/span&gt;the&lt;span style='font-size: 1px; color: white;'&gt;acted&lt;/span&gt;following&lt;span style='font-size: 1px; color: white;'&gt;minor&lt;/span&gt;amino acids with their corresponding&lt;span style='font-size: 1px; color: white;'&gt;zinc&lt;/span&gt;descriptions.&lt;/p&gt;&lt;p&gt;&lt;i&gt;Note:&lt;/i&gt; Each choice&lt;span style='font-size: 1px; color: white;'&gt;heart&lt;/span&gt;will be&lt;span style='font-size: 1px; color: white;'&gt;layer&lt;/span&gt;used&lt;span style='font-size: 1px; color: white;'&gt;etrna&lt;/span&gt;exactly&lt;span style='font-size: 1px; color: white;'&gt;beer&lt;/span&gt;once.&lt;/p&gt;&lt;span style='font-size: 1px; color: white;'&gt;six&lt;/span&gt;&lt;/div&gt;</prompt>
      <simpleMatchSet>
        <simpleAssociableChoice identifier="prompt_001" fixed="true" matchMax="1" matchMin="0">
          <p>
            <div id="drv_efd5" oncopy="return false;" onpaste="return false;" oncut="return false;" oncontextmenu="return false;" onmousedown="return false;" onselectstart="return false;"><span style="color: #006c6b;">glutamine</span> </div>
          </p>
        </simpleAssociableChoice>
        <simpleAssociableChoice identifier="prompt_002" fixed="true" matchMax="1" matchMin="0">
          <p>
            <div id="drv_4e0e" oncopy="return false;" onpaste="return false;" oncut="return false;" oncontextmenu="return false;" onmousedown="return false;" onselectstart="return false;">
              <span style="color: #9e323f;">arginine</span>
              <span style="font-size: 1px; color: white;">ions</span>
            </div>
          </p>
        </simpleAssociableChoice>
        <simpleAssociableChoice identifier="prompt_003" fixed="true" matchMax="1" matchMin="0">
          <p>
            <div id="drv_dbc1" oncopy="return false;" onpaste="return false;" oncut="return false;" oncontextmenu="return false;" onmousedown="return false;" onselectstart="return false;">
              <span style="color: #863b8a;">tyrosine</span>
              <span style="font-size: 1px; color: white;">wet</span>
            </div>
          </p>
        </simpleAssociableChoice>
        <simpleAssociableChoice identifier="prompt_004" fixed="true" matchMax="1" matchMin="0">
          <p>
            <div id="drv_91ce" oncopy="return false;" onpaste="return false;" oncut="return false;" oncontextmenu="return false;" onmousedown="return false;" onselectstart="return false;">
              <span style="color: #795700;">cysteine</span>
              <span style="font-size: 1px; color: white;">gtag</span>
            </div>
          </p>
        </simpleAssociableChoice>
        <simpleAssociableChoice identifier="prompt_005" fixed="true" matchMax="1" matchMin="0">
          <p>
            <div id="drv_3506" oncopy="return false;" onpaste="return false;" oncut="return false;" oncontextmenu="return false;" onmousedown="return false;" onselectstart="return false;">
              <span style="color: #4d681a;">glutamic acid</span>
              <span style="font-size: 1px; color: white;">accept</span>
            </div>
          </p>
        </simpleAssociableChoice>
      </simpleMatchSet>
      <simpleMatchSet>
        <simpleAssociableChoice identifier="choice_001" fixed="true" matchMax="5" matchMin="0">
          <p>
            <div id="drv_034b" oncopy="return false;" onpaste="return false;" oncut="return false;" oncontextmenu="return false;" onmousedown="return false;" onselectstart="return false;">a <strong><span style="color: #009e4c;">polar<span style="font-size: 1px; color: white;">atomic</span>amino<span style="font-size: 1px; color: white;">sugar</span>acid</span></strong> with<span style="font-size: 1px; color: white;">ketone</span>a longer<span style="font-size: 1px; color: white;">baboth</span>amine-substituted<span style="font-size: 1px; color: white;">uses</span>carboxylate (amide) -C(=O)NH<sub>2</sub> group<span style="font-size: 1px; color: white;">rubber</span></div>
          </p>
        </simpleAssociableChoice>
        <simpleAssociableChoice identifier="choice_002" fixed="true" matchMax="5" matchMin="0">
          <p>
            <div id="drv_1087" oncopy="return false;" onpaste="return false;" oncut="return false;" oncontextmenu="return false;" onmousedown="return false;" onselectstart="return false;">a <strong><span style="color: #0d57a5;">positively<span style="font-size: 1px; color: white;">abi</span>charged amino<span style="font-size: 1px; color: white;">niagra</span>acid</span></strong> with<span style="font-size: 1px; color: white;">other</span>a long, flexible <strong><span style="color: #6d108e;">side<span style="font-size: 1px; color: white;">resin</span>chain</span></strong> containing 3 nitrogen<span style="font-size: 1px; color: white;">leaves</span>atoms (guanidinium) </div>
          </p>
        </simpleAssociableChoice>
        <simpleAssociableChoice identifier="choice_003" fixed="true" matchMax="5" matchMin="0">
          <p>
            <div id="drv_a3c6" oncopy="return false;" onpaste="return false;" oncut="return false;" oncontextmenu="return false;" onmousedown="return false;" onselectstart="return false;">a <strong><span style="color: #ff5e00;">aromatic<span style="font-size: 1px; color: white;">batp</span>amino<span style="font-size: 1px; color: white;">zygote</span>acid</span></strong> with<span style="font-size: 1px; color: white;">aid</span>a <strong><span style="color: #6d108e;">side<span style="font-size: 1px; color: white;">dmd</span>chain</span></strong> containing a phenol (-C<sub>6</sub>H<sub>6</sub>OH) group, derived<span style="font-size: 1px; color: white;">toes</span>from<span style="font-size: 1px; color: white;">second</span>phenylalanine </div>
          </p>
        </simpleAssociableChoice>
        <simpleAssociableChoice identifier="choice_004" fixed="true" matchMax="5" matchMin="0">
          <p>
            <div id="drv_2617" oncopy="return false;" onpaste="return false;" oncut="return false;" oncontextmenu="return false;" onmousedown="return false;" onselectstart="return false;">a <strong><span style="color: #009e4c;">polar<span style="font-size: 1px; color: white;">off</span>amino<span style="font-size: 1px; color: white;">mendel</span>acid</span></strong> with a thiol (-SH) group<span style="font-size: 1px; color: white;">ring</span>that<span style="font-size: 1px; color: white;">served</span>can<span style="font-size: 1px; color: white;">rotor</span>form<span style="font-size: 1px; color: white;">take</span>disulfide<span style="font-size: 1px; color: white;">alerts</span>bonds </div>
          </p>
        </simpleAssociableChoice>
        <simpleAssociableChoice identifier="choice_005" fixed="true" matchMax="5" matchMin="0">
          <p>
            <div id="drv_c00f" oncopy="return false;" onpaste="return false;" oncut="return false;" oncontextmenu="return false;" onmousedown="return false;" onselectstart="return false;">a <strong><span style="color: #ff0000;">negatively charged<span style="font-size: 1px; color: white;">gum</span>amino acid</span></strong> with a large, carboxylate (-COOH) <strong><span style="color: #6d108e;">side<span style="font-size: 1px; color: white;">cause</span>chain</span></strong> </div>
          </p>
        </simpleAssociableChoice>
      </simpleMatchSet>
    </matchInteraction>
  </itemBody>
  <responseProcessing template="http://www.imsglobal.org/question/qti_v2p1/rptemplates/map_response"/>
</assessmentItem>
