<?xml version='1.0' encoding='UTF-8'?>
<assessmentItem xmlns="http://www.imsglobal.org/xsd/imsqti_v2p1" xmlns:xsi="http://www.w3.org/2001/XMLSchema-instance" xmlns:ns8="http://www.w3.org/1999/xlink" xmlns:ns9="http://www.imsglobal.org/xsd/apip/apipv1p0/imsapip_qtiv1p0" xsi:schemaLocation="http://www.imsglobal.org/xsd/imsqti_v2p1 http://www.imsglobal.org/xsd/qti/qtiv2p1/imsqti_v2p1.xsd" title="df2a_431a_58c2" adaptive="false" timeDependent="false" identifier="df2a_431a_58c2">
  <responseDeclaration baseType="directedPair" cardinality="multiple" identifier="RESPONSE">
    <correctResponse>
      <value>prompt_001 choice_001</value>
      <value>prompt_002 choice_002</value>
      <value>prompt_003 choice_003</value>
      <value>prompt_004 choice_004</value>
      <value>prompt_005 choice_005</value>
    </correctResponse>
    <mapping defaultValue="0">
      <mapEntry mapKey="prompt_001 choice_001" mappedValue="1"/>
      <mapEntry mapKey="prompt_002 choice_002" mappedValue="1"/>
      <mapEntry mapKey="prompt_003 choice_003" mappedValue="1"/>
      <mapEntry mapKey="prompt_004 choice_004" mappedValue="1"/>
      <mapEntry mapKey="prompt_005 choice_005" mappedValue="1"/>
    </mapping>
  </responseDeclaration>
  <outcomeDeclaration baseType="float" cardinality="single" identifier="SCORE"/>
  <itemBody>
    <div>
      <div id="drv_8e7f" oncopy="return false;" onpaste="return false;" oncut="return false;" oncontextmenu="return false;" onmousedown="return false;" onselectstart="return false;">
        <p>Match each<span style="font-size: 1px; color: white;">rich</span>of the<span style="font-size: 1px; color: white;">slight</span>following<span style="font-size: 1px; color: white;">hulu</span>amino<span style="font-size: 1px; color: white;">vdw</span>acids with their corresponding<span style="font-size: 1px; color: white;">strand</span>descriptions.</p>
        <p><i>Note:</i> Each choice will<span style="font-size: 1px; color: white;">purine</span>be used exactly<span style="font-size: 1px; color: white;">gel</span>once.</p>
        <span style="font-size: 1px; color: white;">marina</span>
      </div>
    </div>
    <matchInteraction responseIdentifier="RESPONSE" shuffle="true" maxAssociations="5">
      <prompt>&lt;div id="drv_8e7f" oncopy="return false;" onpaste="return false;" oncut="return false;" oncontextmenu="return false;" onmousedown="return false;" onselectstart="return false;" &gt;&lt;p&gt;Match each&lt;span style='font-size: 1px; color: white;'&gt;rich&lt;/span&gt;of the&lt;span style='font-size: 1px; color: white;'&gt;slight&lt;/span&gt;following&lt;span style='font-size: 1px; color: white;'&gt;hulu&lt;/span&gt;amino&lt;span style='font-size: 1px; color: white;'&gt;vdw&lt;/span&gt;acids with their corresponding&lt;span style='font-size: 1px; color: white;'&gt;strand&lt;/span&gt;descriptions.&lt;/p&gt;&lt;p&gt;&lt;i&gt;Note:&lt;/i&gt; Each choice will&lt;span style='font-size: 1px; color: white;'&gt;purine&lt;/span&gt;be used exactly&lt;span style='font-size: 1px; color: white;'&gt;gel&lt;/span&gt;once.&lt;/p&gt;&lt;span style='font-size: 1px; color: white;'&gt;marina&lt;/span&gt;&lt;/div&gt;</prompt>
      <simpleMatchSet>
        <simpleAssociableChoice identifier="prompt_001" fixed="true" matchMax="1" matchMin="0">
          <p>
            <div id="drv_d574" oncopy="return false;" onpaste="return false;" oncut="return false;" oncontextmenu="return false;" onmousedown="return false;" onselectstart="return false;">
              <span style="color: #8a4c02;">glutamine</span>
              <span style="font-size: 1px; color: white;">oneway</span>
            </div>
          </p>
        </simpleAssociableChoice>
        <simpleAssociableChoice identifier="prompt_002" fixed="true" matchMax="1" matchMin="0">
          <p>
            <div id="drv_a6f6" oncopy="return false;" onpaste="return false;" oncut="return false;" oncontextmenu="return false;" onmousedown="return false;" onselectstart="return false;"><span style="color: #9e323f;">aspartate</span> </div>
          </p>
        </simpleAssociableChoice>
        <simpleAssociableChoice identifier="prompt_003" fixed="true" matchMax="1" matchMin="0">
          <p>
            <div id="drv_b26e" oncopy="return false;" onpaste="return false;" oncut="return false;" oncontextmenu="return false;" onmousedown="return false;" onselectstart="return false;">
              <span style="color: #4d681a;">isoleucine</span>
              <span style="font-size: 1px; color: white;">larvae</span>
            </div>
          </p>
        </simpleAssociableChoice>
        <simpleAssociableChoice identifier="prompt_004" fixed="true" matchMax="1" matchMin="0">
          <p>
            <div id="drv_9914" oncopy="return false;" onpaste="return false;" oncut="return false;" oncontextmenu="return false;" onmousedown="return false;" onselectstart="return false;">
              <span style="color: #4e4eb9;">serine</span>
              <span style="font-size: 1px; color: white;">nadh</span>
            </div>
          </p>
        </simpleAssociableChoice>
        <simpleAssociableChoice identifier="prompt_005" fixed="true" matchMax="1" matchMin="0">
          <p>
            <div id="drv_03df" oncopy="return false;" onpaste="return false;" oncut="return false;" oncontextmenu="return false;" onmousedown="return false;" onselectstart="return false;"><span style="color: #00697d;">proline</span> </div>
          </p>
        </simpleAssociableChoice>
      </simpleMatchSet>
      <simpleMatchSet>
        <simpleAssociableChoice identifier="choice_001" fixed="true" matchMax="5" matchMin="0">
          <p>
            <div id="drv_9be7" oncopy="return false;" onpaste="return false;" oncut="return false;" oncontextmenu="return false;" onmousedown="return false;" onselectstart="return false;">a <strong><span style="color: #009e4c;">polar<span style="font-size: 1px; color: white;">gun</span>amino<span style="font-size: 1px; color: white;">crops</span>acid</span></strong> with<span style="font-size: 1px; color: white;">ssu</span>a longer<span style="font-size: 1px; color: white;">cut</span>amine-substituted<span style="font-size: 1px; color: white;">plant</span>carboxylate (amide) -C(=O)NH<sub>2</sub> group<span style="font-size: 1px; color: white;">part</span></div>
          </p>
        </simpleAssociableChoice>
        <simpleAssociableChoice identifier="choice_002" fixed="true" matchMax="5" matchMin="0">
          <p>
            <div id="drv_481a" oncopy="return false;" onpaste="return false;" oncut="return false;" oncontextmenu="return false;" onmousedown="return false;" onselectstart="return false;">a <strong><span style="color: #ff0000;">negatively<span style="font-size: 1px; color: white;">shaft</span>charged<span style="font-size: 1px; color: white;">manual</span>amino<span style="font-size: 1px; color: white;">rings</span>acid</span></strong> with a small, carboxylate (-COOH) <strong><span style="color: #6d108e;">side<span style="font-size: 1px; color: white;">neural</span>chain</span></strong><span style="font-size: 1px; color: white;">pest</span></div>
          </p>
        </simpleAssociableChoice>
        <simpleAssociableChoice identifier="choice_003" fixed="true" matchMax="5" matchMin="0">
          <p>
            <div id="drv_3742" oncopy="return false;" onpaste="return false;" oncut="return false;" oncontextmenu="return false;" onmousedown="return false;" onselectstart="return false;">a <strong><span style="color: #ffa100;">non-polar<span style="font-size: 1px; color: white;">lima</span>branched<span style="font-size: 1px; color: white;">legs</span>chain<span style="font-size: 1px; color: white;">who</span>amino<span style="font-size: 1px; color: white;">thrown</span>acid</span></strong> that<span style="font-size: 1px; color: white;">switch</span>is<span style="font-size: 1px; color: white;">joy</span>a valine<span style="font-size: 1px; color: white;">egel</span>with<span style="font-size: 1px; color: white;">toxins</span>a extra<span style="font-size: 1px; color: white;">book</span>methyl group (-CH<sub>3</sub>) at<span style="font-size: 1px; color: white;">bod</span>the<span style="font-size: 1px; color: white;">nail</span>end </div>
          </p>
        </simpleAssociableChoice>
        <simpleAssociableChoice identifier="choice_004" fixed="true" matchMax="5" matchMin="0">
          <p>
            <div id="drv_eef4" oncopy="return false;" onpaste="return false;" oncut="return false;" oncontextmenu="return false;" onmousedown="return false;" onselectstart="return false;">a <strong><span style="color: #009e4c;">polar amino<span style="font-size: 1px; color: white;">people</span>acid</span></strong> with<span style="font-size: 1px; color: white;">time</span>the<span style="font-size: 1px; color: white;">falsej</span>smallest <strong><span style="color: #6d108e;">side<span style="font-size: 1px; color: white;">their</span>chain</span></strong> containing<span style="font-size: 1px; color: white;">genes</span>a hydroxyl<span style="font-size: 1px; color: white;">dop</span>group (-OH)<span style="font-size: 1px; color: white;">lysis</span></div>
          </p>
        </simpleAssociableChoice>
        <simpleAssociableChoice identifier="choice_005" fixed="true" matchMax="5" matchMin="0">
          <p>
            <div id="drv_91d4" oncopy="return false;" onpaste="return false;" oncut="return false;" oncontextmenu="return false;" onmousedown="return false;" onselectstart="return false;">a <strong><span style="color: #b3b300;">non-<strong><span style="color: #009e4c;">polar<span style="font-size: 1px; color: white;">study</span>amino<span style="font-size: 1px; color: white;">rare</span>acid</span></strong></span></strong> where<span style="font-size: 1px; color: white;">under</span>the <strong><span style="color: #6d108e;">side<span style="font-size: 1px; color: white;">fixed</span>chain</span></strong> is<span style="font-size: 1px; color: white;">traits</span>bonded to<span style="font-size: 1px; color: white;">span</span>the<span style="font-size: 1px; color: white;">bake</span>backbone<span style="font-size: 1px; color: white;">carry</span>amine, resulting<span style="font-size: 1px; color: white;">wider</span>in<span style="font-size: 1px; color: white;">though</span>a rigid<span style="font-size: 1px; color: white;">acids</span>cyclic<span style="font-size: 1px; color: white;">acth</span>structure<span style="font-size: 1px; color: white;">mendel</span></div>
          </p>
        </simpleAssociableChoice>
      </simpleMatchSet>
    </matchInteraction>
  </itemBody>
  <responseProcessing template="http://www.imsglobal.org/question/qti_v2p1/rptemplates/map_response"/>
</assessmentItem>
