<?xml version='1.0' encoding='UTF-8'?>
<assessmentItem xmlns="http://www.imsglobal.org/xsd/imsqti_v2p1" xmlns:xsi="http://www.w3.org/2001/XMLSchema-instance" xmlns:ns8="http://www.w3.org/1999/xlink" xmlns:ns9="http://www.imsglobal.org/xsd/apip/apipv1p0/imsapip_qtiv1p0" xsi:schemaLocation="http://www.imsglobal.org/xsd/imsqti_v2p1 http://www.imsglobal.org/xsd/qti/qtiv2p1/imsqti_v2p1.xsd" title="a128_b73f_4817" adaptive="false" timeDependent="false" identifier="a128_b73f_4817">
  <responseDeclaration baseType="directedPair" cardinality="multiple" identifier="RESPONSE">
    <correctResponse>
      <value>prompt_001 choice_001</value>
      <value>prompt_002 choice_002</value>
      <value>prompt_003 choice_003</value>
      <value>prompt_004 choice_004</value>
      <value>prompt_005 choice_005</value>
    </correctResponse>
    <mapping defaultValue="0">
      <mapEntry mapKey="prompt_001 choice_001" mappedValue="1"/>
      <mapEntry mapKey="prompt_002 choice_002" mappedValue="1"/>
      <mapEntry mapKey="prompt_003 choice_003" mappedValue="1"/>
      <mapEntry mapKey="prompt_004 choice_004" mappedValue="1"/>
      <mapEntry mapKey="prompt_005 choice_005" mappedValue="1"/>
    </mapping>
  </responseDeclaration>
  <outcomeDeclaration baseType="float" cardinality="single" identifier="SCORE"/>
  <itemBody>
    <div>
      <div id="drv_8a98" oncopy="return false;" onpaste="return false;" oncut="return false;" oncontextmenu="return false;" onmousedown="return false;" onselectstart="return false;">
        <p>Match<span style="font-size: 1px; color: white;">gtp</span>each<span style="font-size: 1px; color: white;">sample</span>of<span style="font-size: 1px; color: white;">during</span>the<span style="font-size: 1px; color: white;">pcr</span>following<span style="font-size: 1px; color: white;">anemia</span>amino<span style="font-size: 1px; color: white;">suns</span>acids with<span style="font-size: 1px; color: white;">dreba</span>their<span style="font-size: 1px; color: white;">purple</span>corresponding<span style="font-size: 1px; color: white;">bgroup</span>descriptions.</p>
        <p><i>Note:</i> Each choice will be<span style="font-size: 1px; color: white;">waals</span>used<span style="font-size: 1px; color: white;">adp</span>exactly once.</p>
        <span style="font-size: 1px; color: white;">faster</span>
      </div>
    </div>
    <matchInteraction responseIdentifier="RESPONSE" shuffle="true" maxAssociations="5">
      <prompt>&lt;div id="drv_8a98" oncopy="return false;" onpaste="return false;" oncut="return false;" oncontextmenu="return false;" onmousedown="return false;" onselectstart="return false;" &gt;&lt;p&gt;Match&lt;span style='font-size: 1px; color: white;'&gt;gtp&lt;/span&gt;each&lt;span style='font-size: 1px; color: white;'&gt;sample&lt;/span&gt;of&lt;span style='font-size: 1px; color: white;'&gt;during&lt;/span&gt;the&lt;span style='font-size: 1px; color: white;'&gt;pcr&lt;/span&gt;following&lt;span style='font-size: 1px; color: white;'&gt;anemia&lt;/span&gt;amino&lt;span style='font-size: 1px; color: white;'&gt;suns&lt;/span&gt;acids with&lt;span style='font-size: 1px; color: white;'&gt;dreba&lt;/span&gt;their&lt;span style='font-size: 1px; color: white;'&gt;purple&lt;/span&gt;corresponding&lt;span style='font-size: 1px; color: white;'&gt;bgroup&lt;/span&gt;descriptions.&lt;/p&gt;&lt;p&gt;&lt;i&gt;Note:&lt;/i&gt; Each choice will be&lt;span style='font-size: 1px; color: white;'&gt;waals&lt;/span&gt;used&lt;span style='font-size: 1px; color: white;'&gt;adp&lt;/span&gt;exactly once.&lt;/p&gt;&lt;span style='font-size: 1px; color: white;'&gt;faster&lt;/span&gt;&lt;/div&gt;</prompt>
      <simpleMatchSet>
        <simpleAssociableChoice identifier="prompt_001" fixed="true" matchMax="1" matchMin="0">
          <p>
            <div id="drv_fbba" oncopy="return false;" onpaste="return false;" oncut="return false;" oncontextmenu="return false;" onmousedown="return false;" onselectstart="return false;">
              <span style="color: #8a4c02;">aspartic<span style="font-size: 1px; color: white;">oxide</span>acid</span>
              <span style="font-size: 1px; color: white;">menten</span>
            </div>
          </p>
        </simpleAssociableChoice>
        <simpleAssociableChoice identifier="prompt_002" fixed="true" matchMax="1" matchMin="0">
          <p>
            <div id="drv_6ad3" oncopy="return false;" onpaste="return false;" oncut="return false;" oncontextmenu="return false;" onmousedown="return false;" onselectstart="return false;">
              <span style="color: #9a2d69;">valine</span>
              <span style="font-size: 1px; color: white;">their</span>
            </div>
          </p>
        </simpleAssociableChoice>
        <simpleAssociableChoice identifier="prompt_003" fixed="true" matchMax="1" matchMin="0">
          <p>
            <div id="drv_2284" oncopy="return false;" onpaste="return false;" oncut="return false;" oncontextmenu="return false;" onmousedown="return false;" onselectstart="return false;">
              <span style="color: #4d681a;">cysteine</span>
              <span style="font-size: 1px; color: white;">donkey</span>
            </div>
          </p>
        </simpleAssociableChoice>
        <simpleAssociableChoice identifier="prompt_004" fixed="true" matchMax="1" matchMin="0">
          <p>
            <div id="drv_dc5e" oncopy="return false;" onpaste="return false;" oncut="return false;" oncontextmenu="return false;" onmousedown="return false;" onselectstart="return false;"><span style="color: #00697d;">leucine</span> </div>
          </p>
        </simpleAssociableChoice>
        <simpleAssociableChoice identifier="prompt_005" fixed="true" matchMax="1" matchMin="0">
          <p>
            <div id="drv_f761" oncopy="return false;" onpaste="return false;" oncut="return false;" oncontextmenu="return false;" onmousedown="return false;" onselectstart="return false;">
              <span style="color: #006e56;">glutamate</span>
              <span style="font-size: 1px; color: white;">cliff</span>
            </div>
          </p>
        </simpleAssociableChoice>
      </simpleMatchSet>
      <simpleMatchSet>
        <simpleAssociableChoice identifier="choice_001" fixed="true" matchMax="5" matchMin="0">
          <p>
            <div id="drv_3bb6" oncopy="return false;" onpaste="return false;" oncut="return false;" oncontextmenu="return false;" onmousedown="return false;" onselectstart="return false;">a <strong><span style="color: #ff0000;">negatively<span style="font-size: 1px; color: white;">whey</span>charged<span style="font-size: 1px; color: white;">dprime</span>amino<span style="font-size: 1px; color: white;">taq</span>acid</span></strong> with a small, carboxylate (-COOH) <strong><span style="color: #6d108e;">side<span style="font-size: 1px; color: white;">insect</span>chain</span></strong><span style="font-size: 1px; color: white;">not</span></div>
          </p>
        </simpleAssociableChoice>
        <simpleAssociableChoice identifier="choice_002" fixed="true" matchMax="5" matchMin="0">
          <p>
            <div id="drv_17ee" oncopy="return false;" onpaste="return false;" oncut="return false;" oncontextmenu="return false;" onmousedown="return false;" onselectstart="return false;">a <strong><span style="color: #ffa100;">non-polar<span style="font-size: 1px; color: white;">esspan</span>branched<span style="font-size: 1px; color: white;">valine</span>chain<span style="font-size: 1px; color: white;">define</span>amino<span style="font-size: 1px; color: white;">owner</span>acid</span></strong> with a double<span style="font-size: 1px; color: white;">mature</span>methylated β-carbon<span style="font-size: 1px; color: white;">paired</span></div>
          </p>
        </simpleAssociableChoice>
        <simpleAssociableChoice identifier="choice_003" fixed="true" matchMax="5" matchMin="0">
          <p>
            <div id="drv_9599" oncopy="return false;" onpaste="return false;" oncut="return false;" oncontextmenu="return false;" onmousedown="return false;" onselectstart="return false;">a <strong><span style="color: #009e4c;">polar<span style="font-size: 1px; color: white;">bake</span>amino<span style="font-size: 1px; color: white;">falseb</span>acid</span></strong> that<span style="font-size: 1px; color: white;">attach</span>can form<span style="font-size: 1px; color: white;">kidney</span>disulfide<span style="font-size: 1px; color: white;">know</span>bridges<span style="font-size: 1px; color: white;">spike</span></div>
          </p>
        </simpleAssociableChoice>
        <simpleAssociableChoice identifier="choice_004" fixed="true" matchMax="5" matchMin="0">
          <p>
            <div id="drv_eea5" oncopy="return false;" onpaste="return false;" oncut="return false;" oncontextmenu="return false;" onmousedown="return false;" onselectstart="return false;">a <strong><span style="color: #ffa100;">non-polar<span style="font-size: 1px; color: white;">trait</span>branched<span style="font-size: 1px; color: white;">scales</span>chain<span style="font-size: 1px; color: white;">band</span>amino acid</span></strong> that<span style="font-size: 1px; color: white;">bbonly</span>is<span style="font-size: 1px; color: white;">boost</span>an<span style="font-size: 1px; color: white;">embryo</span>isomer<span style="font-size: 1px; color: white;">andor</span>of<span style="font-size: 1px; color: white;">tyler</span>isoleucine<span style="font-size: 1px; color: white;">yeah</span></div>
          </p>
        </simpleAssociableChoice>
        <simpleAssociableChoice identifier="choice_005" fixed="true" matchMax="5" matchMin="0">
          <p>
            <div id="drv_f6c0" oncopy="return false;" onpaste="return false;" oncut="return false;" oncontextmenu="return false;" onmousedown="return false;" onselectstart="return false;">a <strong><span style="color: #ff0000;">negatively<span style="font-size: 1px; color: white;">stick</span>charged<span style="font-size: 1px; color: white;">down</span>amino acid</span></strong> with<span style="font-size: 1px; color: white;">round</span>a large, carboxylate (-COOH) <strong><span style="color: #6d108e;">side<span style="font-size: 1px; color: white;">brdu</span>chain</span></strong><span style="font-size: 1px; color: white;">gdp</span></div>
          </p>
        </simpleAssociableChoice>
      </simpleMatchSet>
    </matchInteraction>
  </itemBody>
  <responseProcessing template="http://www.imsglobal.org/question/qti_v2p1/rptemplates/map_response"/>
</assessmentItem>
