<?xml version='1.0' encoding='UTF-8'?>
<assessmentItem xmlns="http://www.imsglobal.org/xsd/imsqti_v2p1" xmlns:xsi="http://www.w3.org/2001/XMLSchema-instance" xmlns:ns8="http://www.w3.org/1999/xlink" xmlns:ns9="http://www.imsglobal.org/xsd/apip/apipv1p0/imsapip_qtiv1p0" xsi:schemaLocation="http://www.imsglobal.org/xsd/imsqti_v2p1 http://www.imsglobal.org/xsd/qti/qtiv2p1/imsqti_v2p1.xsd" title="95da_027f_4da2" adaptive="false" timeDependent="false" identifier="95da_027f_4da2">
  <responseDeclaration baseType="directedPair" cardinality="multiple" identifier="RESPONSE">
    <correctResponse>
      <value>prompt_001 choice_001</value>
      <value>prompt_002 choice_002</value>
      <value>prompt_003 choice_003</value>
      <value>prompt_004 choice_004</value>
      <value>prompt_005 choice_005</value>
    </correctResponse>
    <mapping defaultValue="0">
      <mapEntry mapKey="prompt_001 choice_001" mappedValue="1"/>
      <mapEntry mapKey="prompt_002 choice_002" mappedValue="1"/>
      <mapEntry mapKey="prompt_003 choice_003" mappedValue="1"/>
      <mapEntry mapKey="prompt_004 choice_004" mappedValue="1"/>
      <mapEntry mapKey="prompt_005 choice_005" mappedValue="1"/>
    </mapping>
  </responseDeclaration>
  <outcomeDeclaration baseType="float" cardinality="single" identifier="SCORE"/>
  <itemBody>
    <div>
      <div id="drv_9065" oncopy="return false;" onpaste="return false;" oncut="return false;" oncontextmenu="return false;" onmousedown="return false;" onselectstart="return false;"><p>Match<span style="font-size: 1px; color: white;">omega</span>each<span style="font-size: 1px; color: white;">yogurt</span>of<span style="font-size: 1px; color: white;">carbon</span>the following<span style="font-size: 1px; color: white;">mass</span>amino acids with<span style="font-size: 1px; color: white;">eyes</span>their<span style="font-size: 1px; color: white;">hole</span>corresponding<span style="font-size: 1px; color: white;">dreba</span>descriptions.</p><p><i>Note:</i> Each<span style="font-size: 1px; color: white;">hot</span>choice will be<span style="font-size: 1px; color: white;">bread</span>used exactly once.</p> </div>
    </div>
    <matchInteraction responseIdentifier="RESPONSE" shuffle="true" maxAssociations="5">
      <prompt>&lt;div id="drv_9065" oncopy="return false;" onpaste="return false;" oncut="return false;" oncontextmenu="return false;" onmousedown="return false;" onselectstart="return false;" &gt;&lt;p&gt;Match&lt;span style='font-size: 1px; color: white;'&gt;omega&lt;/span&gt;each&lt;span style='font-size: 1px; color: white;'&gt;yogurt&lt;/span&gt;of&lt;span style='font-size: 1px; color: white;'&gt;carbon&lt;/span&gt;the following&lt;span style='font-size: 1px; color: white;'&gt;mass&lt;/span&gt;amino acids with&lt;span style='font-size: 1px; color: white;'&gt;eyes&lt;/span&gt;their&lt;span style='font-size: 1px; color: white;'&gt;hole&lt;/span&gt;corresponding&lt;span style='font-size: 1px; color: white;'&gt;dreba&lt;/span&gt;descriptions.&lt;/p&gt;&lt;p&gt;&lt;i&gt;Note:&lt;/i&gt; Each&lt;span style='font-size: 1px; color: white;'&gt;hot&lt;/span&gt;choice will be&lt;span style='font-size: 1px; color: white;'&gt;bread&lt;/span&gt;used exactly once.&lt;/p&gt; &lt;/div&gt;</prompt>
      <simpleMatchSet>
        <simpleAssociableChoice identifier="prompt_001" fixed="true" matchMax="1" matchMin="0">
          <p>
            <div id="drv_c932" oncopy="return false;" onpaste="return false;" oncut="return false;" oncontextmenu="return false;" onmousedown="return false;" onselectstart="return false;">
              <span style="color: #983f1b;">aspartic<span style="font-size: 1px; color: white;">degc</span>acid</span>
              <span style="font-size: 1px; color: white;">flower</span>
            </div>
          </p>
        </simpleAssociableChoice>
        <simpleAssociableChoice identifier="prompt_002" fixed="true" matchMax="1" matchMin="0">
          <p>
            <div id="drv_f729" oncopy="return false;" onpaste="return false;" oncut="return false;" oncontextmenu="return false;" onmousedown="return false;" onselectstart="return false;"><span style="color: #795700;">isoleucine</span> </div>
          </p>
        </simpleAssociableChoice>
        <simpleAssociableChoice identifier="prompt_003" fixed="true" matchMax="1" matchMin="0">
          <p>
            <div id="drv_3c01" oncopy="return false;" onpaste="return false;" oncut="return false;" oncontextmenu="return false;" onmousedown="return false;" onselectstart="return false;">
              <span style="color: #335e9e;">phenylalanine</span>
              <span style="font-size: 1px; color: white;">cord</span>
            </div>
          </p>
        </simpleAssociableChoice>
        <simpleAssociableChoice identifier="prompt_004" fixed="true" matchMax="1" matchMin="0">
          <p>
            <div id="drv_7d05" oncopy="return false;" onpaste="return false;" oncut="return false;" oncontextmenu="return false;" onmousedown="return false;" onselectstart="return false;">
              <span style="color: #1b6f35;">methionine</span>
              <span style="font-size: 1px; color: white;">else</span>
            </div>
          </p>
        </simpleAssociableChoice>
        <simpleAssociableChoice identifier="prompt_005" fixed="true" matchMax="1" matchMin="0">
          <p>
            <div id="drv_05fb" oncopy="return false;" onpaste="return false;" oncut="return false;" oncontextmenu="return false;" onmousedown="return false;" onselectstart="return false;">
              <span style="color: #723db2;">valine</span>
              <span style="font-size: 1px; color: white;">each</span>
            </div>
          </p>
        </simpleAssociableChoice>
      </simpleMatchSet>
      <simpleMatchSet>
        <simpleAssociableChoice identifier="choice_001" fixed="true" matchMax="5" matchMin="0">
          <p>
            <div id="drv_8094" oncopy="return false;" onpaste="return false;" oncut="return false;" oncontextmenu="return false;" onmousedown="return false;" onselectstart="return false;">a <strong><span style="color: #ff0000;">negatively<span style="font-size: 1px; color: white;">arms</span>charged<span style="font-size: 1px; color: white;">gtp</span>amino acid</span></strong> with a small, carboxylate (-COOH) <strong><span style="color: #6d108e;">side<span style="font-size: 1px; color: white;">worse</span>chain</span></strong><span style="font-size: 1px; color: white;">bad</span></div>
          </p>
        </simpleAssociableChoice>
        <simpleAssociableChoice identifier="choice_002" fixed="true" matchMax="5" matchMin="0">
          <p>
            <div id="drv_741c" oncopy="return false;" onpaste="return false;" oncut="return false;" oncontextmenu="return false;" onmousedown="return false;" onselectstart="return false;">a <strong><span style="color: #ffa100;">non-polar<span style="font-size: 1px; color: white;">dob</span>branched chain<span style="font-size: 1px; color: white;">per</span>amino<span style="font-size: 1px; color: white;">patau</span>acid</span></strong> that<span style="font-size: 1px; color: white;">joy</span>is<span style="font-size: 1px; color: white;">fixed</span>a valine with<span style="font-size: 1px; color: white;">play</span>a extra<span style="font-size: 1px; color: white;">force</span>methyl<span style="font-size: 1px; color: white;">unlit</span>group (-CH<sub>3</sub>) at<span style="font-size: 1px; color: white;">steps</span>the<span style="font-size: 1px; color: white;">wool</span>end<span style="font-size: 1px; color: white;">into</span></div>
          </p>
        </simpleAssociableChoice>
        <simpleAssociableChoice identifier="choice_003" fixed="true" matchMax="5" matchMin="0">
          <p>
            <div id="drv_a2cc" oncopy="return false;" onpaste="return false;" oncut="return false;" oncontextmenu="return false;" onmousedown="return false;" onselectstart="return false;">a <strong><span style="color: #b3b300;">non-<strong><span style="color: #009e4c;">polar<span style="font-size: 1px; color: white;">head</span>amino<span style="font-size: 1px; color: white;">like</span>acid</span></strong></span></strong> with<span style="font-size: 1px; color: white;">second</span>an aromatic <strong><span style="color: #6d108e;">side<span style="font-size: 1px; color: white;">stands</span>chain</span></strong> containing<span style="font-size: 1px; color: white;">dzw</span>a single<span style="font-size: 1px; color: white;">biotin</span>benzene (-C<sub>6</sub>H<sub>6</sub>) ring </div>
          </p>
        </simpleAssociableChoice>
        <simpleAssociableChoice identifier="choice_004" fixed="true" matchMax="5" matchMin="0">
          <p>
            <div id="drv_4106" oncopy="return false;" onpaste="return false;" oncut="return false;" oncontextmenu="return false;" onmousedown="return false;" onselectstart="return false;">a <strong><span style="color: #b3b300;">non-<strong><span style="color: #009e4c;">polar<span style="font-size: 1px; color: white;">cell</span>amino acid</span></strong></span></strong> with<span style="font-size: 1px; color: white;">living</span>a <strong><span style="color: #6d108e;">side<span style="font-size: 1px; color: white;">fluid</span>chain</span></strong> containing<span style="font-size: 1px; color: white;">etrna</span>a sulfur atom<span style="font-size: 1px; color: white;">clear</span>that<span style="font-size: 1px; color: white;">sets</span>is<strong> <strong>NOT</strong> </strong>available for<span style="font-size: 1px; color: white;">acid</span>chemical<span style="font-size: 1px; color: white;">change</span>reactions </div>
          </p>
        </simpleAssociableChoice>
        <simpleAssociableChoice identifier="choice_005" fixed="true" matchMax="5" matchMin="0">
          <p>
            <div id="drv_b73d" oncopy="return false;" onpaste="return false;" oncut="return false;" oncontextmenu="return false;" onmousedown="return false;" onselectstart="return false;">a <strong><span style="color: #ffa100;">non-polar branched<span style="font-size: 1px; color: white;">chance</span>chain<span style="font-size: 1px; color: white;">off</span>amino<span style="font-size: 1px; color: white;">should</span>acid</span></strong> with<span style="font-size: 1px; color: white;">one</span>the<span style="font-size: 1px; color: white;">varies</span>shortest<span style="font-size: 1px; color: white;">truthj</span>hydrophobic <strong><span style="color: #6d108e;">side<span style="font-size: 1px; color: white;">held</span>chain</span></strong><span style="font-size: 1px; color: white;">passes</span></div>
          </p>
        </simpleAssociableChoice>
      </simpleMatchSet>
    </matchInteraction>
  </itemBody>
  <responseProcessing template="http://www.imsglobal.org/question/qti_v2p1/rptemplates/map_response"/>
</assessmentItem>
