<?xml version='1.0' encoding='UTF-8'?>
<assessmentItem xmlns="http://www.imsglobal.org/xsd/imsqti_v2p1" xmlns:xsi="http://www.w3.org/2001/XMLSchema-instance" xmlns:ns8="http://www.w3.org/1999/xlink" xmlns:ns9="http://www.imsglobal.org/xsd/apip/apipv1p0/imsapip_qtiv1p0" xsi:schemaLocation="http://www.imsglobal.org/xsd/imsqti_v2p1 http://www.imsglobal.org/xsd/qti/qtiv2p1/imsqti_v2p1.xsd" title="4e9d_ba7e_b214" adaptive="false" timeDependent="false" identifier="4e9d_ba7e_b214">
  <responseDeclaration baseType="directedPair" cardinality="multiple" identifier="RESPONSE">
    <correctResponse>
      <value>prompt_001 choice_001</value>
      <value>prompt_002 choice_002</value>
      <value>prompt_003 choice_003</value>
      <value>prompt_004 choice_004</value>
      <value>prompt_005 choice_005</value>
    </correctResponse>
    <mapping defaultValue="0">
      <mapEntry mapKey="prompt_001 choice_001" mappedValue="1"/>
      <mapEntry mapKey="prompt_002 choice_002" mappedValue="1"/>
      <mapEntry mapKey="prompt_003 choice_003" mappedValue="1"/>
      <mapEntry mapKey="prompt_004 choice_004" mappedValue="1"/>
      <mapEntry mapKey="prompt_005 choice_005" mappedValue="1"/>
    </mapping>
  </responseDeclaration>
  <outcomeDeclaration baseType="float" cardinality="single" identifier="SCORE"/>
  <itemBody>
    <div>
      <div id="drv_c5e1" oncopy="return false;" onpaste="return false;" oncut="return false;" oncontextmenu="return false;" onmousedown="return false;" onselectstart="return false;"><p>Match<span style="font-size: 1px; color: white;">stuck</span>each of<span style="font-size: 1px; color: white;">sulfur</span>the following amino<span style="font-size: 1px; color: white;">loci</span>acids with their corresponding<span style="font-size: 1px; color: white;">page</span>descriptions.</p><p><i>Note:</i> Each<span style="font-size: 1px; color: white;">fork</span>choice will<span style="font-size: 1px; color: white;">etc</span>be used<span style="font-size: 1px; color: white;">impact</span>exactly<span style="font-size: 1px; color: white;">bursts</span>once.</p> </div>
    </div>
    <matchInteraction responseIdentifier="RESPONSE" shuffle="true" maxAssociations="5">
      <prompt>&lt;div id="drv_c5e1" oncopy="return false;" onpaste="return false;" oncut="return false;" oncontextmenu="return false;" onmousedown="return false;" onselectstart="return false;" &gt;&lt;p&gt;Match&lt;span style='font-size: 1px; color: white;'&gt;stuck&lt;/span&gt;each of&lt;span style='font-size: 1px; color: white;'&gt;sulfur&lt;/span&gt;the following amino&lt;span style='font-size: 1px; color: white;'&gt;loci&lt;/span&gt;acids with their corresponding&lt;span style='font-size: 1px; color: white;'&gt;page&lt;/span&gt;descriptions.&lt;/p&gt;&lt;p&gt;&lt;i&gt;Note:&lt;/i&gt; Each&lt;span style='font-size: 1px; color: white;'&gt;fork&lt;/span&gt;choice will&lt;span style='font-size: 1px; color: white;'&gt;etc&lt;/span&gt;be used&lt;span style='font-size: 1px; color: white;'&gt;impact&lt;/span&gt;exactly&lt;span style='font-size: 1px; color: white;'&gt;bursts&lt;/span&gt;once.&lt;/p&gt; &lt;/div&gt;</prompt>
      <simpleMatchSet>
        <simpleAssociableChoice identifier="prompt_001" fixed="true" matchMax="1" matchMin="0">
          <p>
            <div id="drv_6d1a" oncopy="return false;" onpaste="return false;" oncut="return false;" oncontextmenu="return false;" onmousedown="return false;" onselectstart="return false;">
              <span style="color: #8a4c02;">asparagine</span>
              <span style="font-size: 1px; color: white;">andor</span>
            </div>
          </p>
        </simpleAssociableChoice>
        <simpleAssociableChoice identifier="prompt_002" fixed="true" matchMax="1" matchMin="0">
          <p>
            <div id="drv_7fd4" oncopy="return false;" onpaste="return false;" oncut="return false;" oncontextmenu="return false;" onmousedown="return false;" onselectstart="return false;"><span style="color: #00697d;">glutamine</span> </div>
          </p>
        </simpleAssociableChoice>
        <simpleAssociableChoice identifier="prompt_003" fixed="true" matchMax="1" matchMin="0">
          <p>
            <div id="drv_109d" oncopy="return false;" onpaste="return false;" oncut="return false;" oncontextmenu="return false;" onmousedown="return false;" onselectstart="return false;">
              <span style="color: #335e9e;">histidine</span>
              <span style="font-size: 1px; color: white;">cell</span>
            </div>
          </p>
        </simpleAssociableChoice>
        <simpleAssociableChoice identifier="prompt_004" fixed="true" matchMax="1" matchMin="0">
          <p>
            <div id="drv_a621" oncopy="return false;" onpaste="return false;" oncut="return false;" oncontextmenu="return false;" onmousedown="return false;" onselectstart="return false;"><span style="color: #1b6f35;">glutamic acid</span> </div>
          </p>
        </simpleAssociableChoice>
        <simpleAssociableChoice identifier="prompt_005" fixed="true" matchMax="1" matchMin="0">
          <p>
            <div id="drv_760e" oncopy="return false;" onpaste="return false;" oncut="return false;" oncontextmenu="return false;" onmousedown="return false;" onselectstart="return false;">
              <span style="color: #9a2d69;">leucine</span>
              <span style="font-size: 1px; color: white;">pitch</span>
            </div>
          </p>
        </simpleAssociableChoice>
      </simpleMatchSet>
      <simpleMatchSet>
        <simpleAssociableChoice identifier="choice_001" fixed="true" matchMax="5" matchMin="0">
          <p>
            <div id="drv_d0ca" oncopy="return false;" onpaste="return false;" oncut="return false;" oncontextmenu="return false;" onmousedown="return false;" onselectstart="return false;">a <strong><span style="color: #009e4c;">polar<span style="font-size: 1px; color: white;">keto</span>amino acid</span></strong> with<span style="font-size: 1px; color: white;">pitch</span>a shorter amine-substituted<span style="font-size: 1px; color: white;">hidden</span>carboxylate (amide) -C(=O)NH<sub>2</sub> group<span style="font-size: 1px; color: white;">angles</span></div>
          </p>
        </simpleAssociableChoice>
        <simpleAssociableChoice identifier="choice_002" fixed="true" matchMax="5" matchMin="0">
          <p>
            <div id="drv_3830" oncopy="return false;" onpaste="return false;" oncut="return false;" oncontextmenu="return false;" onmousedown="return false;" onselectstart="return false;">a <strong><span style="color: #009e4c;">polar amino<span style="font-size: 1px; color: white;">dmd</span>acid</span></strong> with<span style="font-size: 1px; color: white;">hammer</span>a longer<span style="font-size: 1px; color: white;">his</span>amine-substituted<span style="font-size: 1px; color: white;">chain</span>carboxylate (amide) -C(=O)NH<sub>2</sub> group<span style="font-size: 1px; color: white;">asite</span></div>
          </p>
        </simpleAssociableChoice>
        <simpleAssociableChoice identifier="choice_003" fixed="true" matchMax="5" matchMin="0">
          <p>
            <div id="drv_3212" oncopy="return false;" onpaste="return false;" oncut="return false;" oncontextmenu="return false;" onmousedown="return false;" onselectstart="return false;">an <strong><span style="color: #ff5e00;">aromatic<span style="font-size: 1px; color: white;">eamino</span>amino<span style="font-size: 1px; color: white;">air</span>acid</span></strong> with<span style="font-size: 1px; color: white;">hand</span>a <strong><span style="color: #6d108e;">side chain</span></strong> containing<span style="font-size: 1px; color: white;">tmv</span>a 5-membered<span style="font-size: 1px; color: white;">iex</span>nitrogenous<span style="font-size: 1px; color: white;">code</span>ring<span style="font-size: 1px; color: white;">ribose</span>and<span style="font-size: 1px; color: white;">fmn</span>a pKa<span style="font-size: 1px; color: white;">manual</span>close to<span style="font-size: 1px; color: white;">five</span>pH 7 </div>
          </p>
        </simpleAssociableChoice>
        <simpleAssociableChoice identifier="choice_004" fixed="true" matchMax="5" matchMin="0">
          <p>
            <div id="drv_79d8" oncopy="return false;" onpaste="return false;" oncut="return false;" oncontextmenu="return false;" onmousedown="return false;" onselectstart="return false;">a <strong><span style="color: #ff0000;">negatively<span style="font-size: 1px; color: white;">remove</span>charged<span style="font-size: 1px; color: white;">rpc</span>amino<span style="font-size: 1px; color: white;">beetle</span>acid</span></strong> with<span style="font-size: 1px; color: white;">units</span>a large, carboxylate (-COOH) <strong><span style="color: #6d108e;">side<span style="font-size: 1px; color: white;">mosaic</span>chain</span></strong><span style="font-size: 1px; color: white;">evolve</span></div>
          </p>
        </simpleAssociableChoice>
        <simpleAssociableChoice identifier="choice_005" fixed="true" matchMax="5" matchMin="0">
          <p>
            <div id="drv_60ed" oncopy="return false;" onpaste="return false;" oncut="return false;" oncontextmenu="return false;" onmousedown="return false;" onselectstart="return false;">a <strong><span style="color: #ffa100;">non-polar<span style="font-size: 1px; color: white;">patau</span>branched<span style="font-size: 1px; color: white;">entire</span>chain<span style="font-size: 1px; color: white;">chance</span>amino<span style="font-size: 1px; color: white;">core</span>acid</span></strong> with<span style="font-size: 1px; color: white;">table</span>a double<span style="font-size: 1px; color: white;">garlic</span>methylated γ-carbon </div>
          </p>
        </simpleAssociableChoice>
      </simpleMatchSet>
    </matchInteraction>
  </itemBody>
  <responseProcessing template="http://www.imsglobal.org/question/qti_v2p1/rptemplates/map_response"/>
</assessmentItem>
