<?xml version='1.0' encoding='UTF-8'?>
<assessmentItem xmlns="http://www.imsglobal.org/xsd/imsqti_v2p1" xmlns:xsi="http://www.w3.org/2001/XMLSchema-instance" xmlns:ns8="http://www.w3.org/1999/xlink" xmlns:ns9="http://www.imsglobal.org/xsd/apip/apipv1p0/imsapip_qtiv1p0" xsi:schemaLocation="http://www.imsglobal.org/xsd/imsqti_v2p1 http://www.imsglobal.org/xsd/qti/qtiv2p1/imsqti_v2p1.xsd" title="61d4_b99f_5a5d" adaptive="false" timeDependent="false" identifier="61d4_b99f_5a5d">
  <responseDeclaration baseType="directedPair" cardinality="multiple" identifier="RESPONSE">
    <correctResponse>
      <value>prompt_001 choice_001</value>
      <value>prompt_002 choice_002</value>
      <value>prompt_003 choice_003</value>
      <value>prompt_004 choice_004</value>
      <value>prompt_005 choice_005</value>
    </correctResponse>
    <mapping defaultValue="0">
      <mapEntry mapKey="prompt_001 choice_001" mappedValue="1"/>
      <mapEntry mapKey="prompt_002 choice_002" mappedValue="1"/>
      <mapEntry mapKey="prompt_003 choice_003" mappedValue="1"/>
      <mapEntry mapKey="prompt_004 choice_004" mappedValue="1"/>
      <mapEntry mapKey="prompt_005 choice_005" mappedValue="1"/>
    </mapping>
  </responseDeclaration>
  <outcomeDeclaration baseType="float" cardinality="single" identifier="SCORE"/>
  <itemBody>
    <div>
      <div id="drv_8f70" oncopy="return false;" onpaste="return false;" oncut="return false;" oncontextmenu="return false;" onmousedown="return false;" onselectstart="return false;">
        <p>Match<span style="font-size: 1px; color: white;">hidden</span>each<span style="font-size: 1px; color: white;">falsec</span>of<span style="font-size: 1px; color: white;">model</span>the<span style="font-size: 1px; color: white;">sugar</span>following<span style="font-size: 1px; color: white;">color</span>amino<span style="font-size: 1px; color: white;">acth</span>acids<span style="font-size: 1px; color: white;">gentle</span>with<span style="font-size: 1px; color: white;">users</span>their<span style="font-size: 1px; color: white;">create</span>corresponding<span style="font-size: 1px; color: white;">should</span>descriptions.</p>
        <p><i>Note:</i> Each<span style="font-size: 1px; color: white;">bread</span>choice will<span style="font-size: 1px; color: white;">dstain</span>be<span style="font-size: 1px; color: white;">unite</span>used exactly once.</p>
        <span style="font-size: 1px; color: white;">may</span>
      </div>
    </div>
    <matchInteraction responseIdentifier="RESPONSE" shuffle="true" maxAssociations="5">
      <prompt>&lt;div id="drv_8f70" oncopy="return false;" onpaste="return false;" oncut="return false;" oncontextmenu="return false;" onmousedown="return false;" onselectstart="return false;" &gt;&lt;p&gt;Match&lt;span style='font-size: 1px; color: white;'&gt;hidden&lt;/span&gt;each&lt;span style='font-size: 1px; color: white;'&gt;falsec&lt;/span&gt;of&lt;span style='font-size: 1px; color: white;'&gt;model&lt;/span&gt;the&lt;span style='font-size: 1px; color: white;'&gt;sugar&lt;/span&gt;following&lt;span style='font-size: 1px; color: white;'&gt;color&lt;/span&gt;amino&lt;span style='font-size: 1px; color: white;'&gt;acth&lt;/span&gt;acids&lt;span style='font-size: 1px; color: white;'&gt;gentle&lt;/span&gt;with&lt;span style='font-size: 1px; color: white;'&gt;users&lt;/span&gt;their&lt;span style='font-size: 1px; color: white;'&gt;create&lt;/span&gt;corresponding&lt;span style='font-size: 1px; color: white;'&gt;should&lt;/span&gt;descriptions.&lt;/p&gt;&lt;p&gt;&lt;i&gt;Note:&lt;/i&gt; Each&lt;span style='font-size: 1px; color: white;'&gt;bread&lt;/span&gt;choice will&lt;span style='font-size: 1px; color: white;'&gt;dstain&lt;/span&gt;be&lt;span style='font-size: 1px; color: white;'&gt;unite&lt;/span&gt;used exactly once.&lt;/p&gt;&lt;span style='font-size: 1px; color: white;'&gt;may&lt;/span&gt;&lt;/div&gt;</prompt>
      <simpleMatchSet>
        <simpleAssociableChoice identifier="prompt_001" fixed="true" matchMax="1" matchMin="0">
          <p>
            <div id="drv_6ab9" oncopy="return false;" onpaste="return false;" oncut="return false;" oncontextmenu="return false;" onmousedown="return false;" onselectstart="return false;"><span style="color: #4e4eb9;">proline</span> </div>
          </p>
        </simpleAssociableChoice>
        <simpleAssociableChoice identifier="prompt_002" fixed="true" matchMax="1" matchMin="0">
          <p>
            <div id="drv_de11" oncopy="return false;" onpaste="return false;" oncut="return false;" oncontextmenu="return false;" onmousedown="return false;" onselectstart="return false;">
              <span style="color: #1b6f35;">phenylalanine</span>
              <span style="font-size: 1px; color: white;">closer</span>
            </div>
          </p>
        </simpleAssociableChoice>
        <simpleAssociableChoice identifier="prompt_003" fixed="true" matchMax="1" matchMin="0">
          <p>
            <div id="drv_6c85" oncopy="return false;" onpaste="return false;" oncut="return false;" oncontextmenu="return false;" onmousedown="return false;" onselectstart="return false;"><span style="color: #8a4c02;">glutamic<span style="font-size: 1px; color: white;">sperm</span>acid</span> </div>
          </p>
        </simpleAssociableChoice>
        <simpleAssociableChoice identifier="prompt_004" fixed="true" matchMax="1" matchMin="0">
          <p>
            <div id="drv_fbc5" oncopy="return false;" onpaste="return false;" oncut="return false;" oncontextmenu="return false;" onmousedown="return false;" onselectstart="return false;">
              <span style="color: #9a2d69;">valine</span>
              <span style="font-size: 1px; color: white;">gap</span>
            </div>
          </p>
        </simpleAssociableChoice>
        <simpleAssociableChoice identifier="prompt_005" fixed="true" matchMax="1" matchMin="0">
          <p>
            <div id="drv_206d" oncopy="return false;" onpaste="return false;" oncut="return false;" oncontextmenu="return false;" onmousedown="return false;" onselectstart="return false;"><span style="color: #676005;">glycine</span> </div>
          </p>
        </simpleAssociableChoice>
      </simpleMatchSet>
      <simpleMatchSet>
        <simpleAssociableChoice identifier="choice_001" fixed="true" matchMax="5" matchMin="0">
          <p>
            <div id="drv_c9ca" oncopy="return false;" onpaste="return false;" oncut="return false;" oncontextmenu="return false;" onmousedown="return false;" onselectstart="return false;">a <strong><span style="color: #b3b300;">non-<strong><span style="color: #009e4c;">polar<span style="font-size: 1px; color: white;">your</span>amino<span style="font-size: 1px; color: white;">herbal</span>acid</span></strong></span></strong> where<span style="font-size: 1px; color: white;">extra</span>the <strong><span style="color: #6d108e;">side chain</span></strong> is<span style="font-size: 1px; color: white;">truthe</span>bonded<span style="font-size: 1px; color: white;">fungi</span>to<span style="font-size: 1px; color: white;">aug</span>the<span style="font-size: 1px; color: white;">valine</span>backbone<span style="font-size: 1px; color: white;">third</span>amine, resulting<span style="font-size: 1px; color: white;">death</span>in<span style="font-size: 1px; color: white;">gamete</span>a rigid<span style="font-size: 1px; color: white;">herpes</span>cyclic<span style="font-size: 1px; color: white;">esspan</span>structure<span style="font-size: 1px; color: white;">flower</span></div>
          </p>
        </simpleAssociableChoice>
        <simpleAssociableChoice identifier="choice_002" fixed="true" matchMax="5" matchMin="0">
          <p>
            <div id="drv_b644" oncopy="return false;" onpaste="return false;" oncut="return false;" oncontextmenu="return false;" onmousedown="return false;" onselectstart="return false;">a <strong><span style="color: #b3b300;">non-<strong><span style="color: #009e4c;">polar<span style="font-size: 1px; color: white;">cation</span>amino<span style="font-size: 1px; color: white;">spine</span>acid</span></strong></span></strong> with<span style="font-size: 1px; color: white;">uptake</span>an aromatic <strong><span style="color: #6d108e;">side chain</span></strong> containing<span style="font-size: 1px; color: white;">kelvin</span>a single benzene (-C<sub>6</sub>H<sub>6</sub>) ring<span style="font-size: 1px; color: white;">idose</span></div>
          </p>
        </simpleAssociableChoice>
        <simpleAssociableChoice identifier="choice_003" fixed="true" matchMax="5" matchMin="0">
          <p>
            <div id="drv_bfac" oncopy="return false;" onpaste="return false;" oncut="return false;" oncontextmenu="return false;" onmousedown="return false;" onselectstart="return false;">a <strong><span style="color: #ff0000;">negatively charged amino<span style="font-size: 1px; color: white;">turner</span>acid</span></strong> with<span style="font-size: 1px; color: white;">hydrid</span>a large, carboxylate (-COOH) <strong><span style="color: #6d108e;">side chain</span></strong> </div>
          </p>
        </simpleAssociableChoice>
        <simpleAssociableChoice identifier="choice_004" fixed="true" matchMax="5" matchMin="0">
          <p>
            <div id="drv_7b09" oncopy="return false;" onpaste="return false;" oncut="return false;" oncontextmenu="return false;" onmousedown="return false;" onselectstart="return false;">a <strong><span style="color: #ffa100;">non-polar<span style="font-size: 1px; color: white;">lysis</span>branched<span style="font-size: 1px; color: white;">design</span>chain<span style="font-size: 1px; color: white;">gpcrzz</span>amino acid</span></strong> with<span style="font-size: 1px; color: white;">broken</span>the<span style="font-size: 1px; color: white;">our</span>shortest<span style="font-size: 1px; color: white;">mobile</span>hydrophobic <strong><span style="color: #6d108e;">side chain</span></strong><span style="font-size: 1px; color: white;">dctp</span></div>
          </p>
        </simpleAssociableChoice>
        <simpleAssociableChoice identifier="choice_005" fixed="true" matchMax="5" matchMin="0">
          <p>
            <div id="drv_78bf" oncopy="return false;" onpaste="return false;" oncut="return false;" oncontextmenu="return false;" onmousedown="return false;" onselectstart="return false;">a <strong><span style="color: #2fbd0f;">small<span style="font-size: 1px; color: white;">moving</span>amino<span style="font-size: 1px; color: white;">black</span>acid</span></strong> with a single<span style="font-size: 1px; color: white;">truthi</span>hydrogen atom<span style="font-size: 1px; color: white;">cross</span>as<span style="font-size: 1px; color: white;">modify</span>its <strong><span style="color: #6d108e;">side<span style="font-size: 1px; color: white;">solos</span>chain</span></strong><span style="font-size: 1px; color: white;">kayak</span></div>
          </p>
        </simpleAssociableChoice>
      </simpleMatchSet>
    </matchInteraction>
  </itemBody>
  <responseProcessing template="http://www.imsglobal.org/question/qti_v2p1/rptemplates/map_response"/>
</assessmentItem>
