<?xml version='1.0' encoding='UTF-8'?>
<assessmentItem xmlns="http://www.imsglobal.org/xsd/imsqti_v2p1" xmlns:xsi="http://www.w3.org/2001/XMLSchema-instance" xmlns:ns8="http://www.w3.org/1999/xlink" xmlns:ns9="http://www.imsglobal.org/xsd/apip/apipv1p0/imsapip_qtiv1p0" xsi:schemaLocation="http://www.imsglobal.org/xsd/imsqti_v2p1 http://www.imsglobal.org/xsd/qti/qtiv2p1/imsqti_v2p1.xsd" title="560a_d5a3_dba8" adaptive="false" timeDependent="false" identifier="560a_d5a3_dba8">
  <responseDeclaration baseType="directedPair" cardinality="multiple" identifier="RESPONSE">
    <correctResponse>
      <value>prompt_001 choice_001</value>
      <value>prompt_002 choice_002</value>
      <value>prompt_003 choice_003</value>
      <value>prompt_004 choice_004</value>
      <value>prompt_005 choice_005</value>
    </correctResponse>
    <mapping defaultValue="0">
      <mapEntry mapKey="prompt_001 choice_001" mappedValue="1"/>
      <mapEntry mapKey="prompt_002 choice_002" mappedValue="1"/>
      <mapEntry mapKey="prompt_003 choice_003" mappedValue="1"/>
      <mapEntry mapKey="prompt_004 choice_004" mappedValue="1"/>
      <mapEntry mapKey="prompt_005 choice_005" mappedValue="1"/>
    </mapping>
  </responseDeclaration>
  <outcomeDeclaration baseType="float" cardinality="single" identifier="SCORE"/>
  <itemBody>
    <div>
      <div id="drv_ffc1" oncopy="return false;" onpaste="return false;" oncut="return false;" oncontextmenu="return false;" onmousedown="return false;" onselectstart="return false;">
        <p>Match<span style="font-size: 1px; color: white;">few</span>each<span style="font-size: 1px; color: white;">radar</span>of<span style="font-size: 1px; color: white;">well</span>the following<span style="font-size: 1px; color: white;">fused</span>amino<span style="font-size: 1px; color: white;">daily</span>acids<span style="font-size: 1px; color: white;">aches</span>with their corresponding descriptions.</p>
        <p><i>Note:</i> Each choice<span style="font-size: 1px; color: white;">pairs</span>will<span style="font-size: 1px; color: white;">break</span>be<span style="font-size: 1px; color: white;">sunny</span>used exactly<span style="font-size: 1px; color: white;">andor</span>once.</p>
        <span style="font-size: 1px; color: white;">users</span>
      </div>
    </div>
    <matchInteraction responseIdentifier="RESPONSE" shuffle="true" maxAssociations="5">
      <prompt>&lt;div id="drv_ffc1" oncopy="return false;" onpaste="return false;" oncut="return false;" oncontextmenu="return false;" onmousedown="return false;" onselectstart="return false;" &gt;&lt;p&gt;Match&lt;span style='font-size: 1px; color: white;'&gt;few&lt;/span&gt;each&lt;span style='font-size: 1px; color: white;'&gt;radar&lt;/span&gt;of&lt;span style='font-size: 1px; color: white;'&gt;well&lt;/span&gt;the following&lt;span style='font-size: 1px; color: white;'&gt;fused&lt;/span&gt;amino&lt;span style='font-size: 1px; color: white;'&gt;daily&lt;/span&gt;acids&lt;span style='font-size: 1px; color: white;'&gt;aches&lt;/span&gt;with their corresponding descriptions.&lt;/p&gt;&lt;p&gt;&lt;i&gt;Note:&lt;/i&gt; Each choice&lt;span style='font-size: 1px; color: white;'&gt;pairs&lt;/span&gt;will&lt;span style='font-size: 1px; color: white;'&gt;break&lt;/span&gt;be&lt;span style='font-size: 1px; color: white;'&gt;sunny&lt;/span&gt;used exactly&lt;span style='font-size: 1px; color: white;'&gt;andor&lt;/span&gt;once.&lt;/p&gt;&lt;span style='font-size: 1px; color: white;'&gt;users&lt;/span&gt;&lt;/div&gt;</prompt>
      <simpleMatchSet>
        <simpleAssociableChoice identifier="prompt_001" fixed="true" matchMax="1" matchMin="0">
          <p>
            <div id="drv_f78c" oncopy="return false;" onpaste="return false;" oncut="return false;" oncontextmenu="return false;" onmousedown="return false;" onselectstart="return false;"><span style="color: #9e323f;">asparagine</span> </div>
          </p>
        </simpleAssociableChoice>
        <simpleAssociableChoice identifier="prompt_002" fixed="true" matchMax="1" matchMin="0">
          <p>
            <div id="drv_49a1" oncopy="return false;" onpaste="return false;" oncut="return false;" oncontextmenu="return false;" onmousedown="return false;" onselectstart="return false;">
              <span style="color: #4d681a;">glutamine</span>
              <span style="font-size: 1px; color: white;">times</span>
            </div>
          </p>
        </simpleAssociableChoice>
        <simpleAssociableChoice identifier="prompt_003" fixed="true" matchMax="1" matchMin="0">
          <p>
            <div id="drv_9340" oncopy="return false;" onpaste="return false;" oncut="return false;" oncontextmenu="return false;" onmousedown="return false;" onselectstart="return false;"><span style="color: #006c6b;">threonine</span> </div>
          </p>
        </simpleAssociableChoice>
        <simpleAssociableChoice identifier="prompt_004" fixed="true" matchMax="1" matchMin="0">
          <p>
            <div id="drv_a77a" oncopy="return false;" onpaste="return false;" oncut="return false;" oncontextmenu="return false;" onmousedown="return false;" onselectstart="return false;">
              <span style="color: #8a4c02;">aspartate</span>
              <span style="font-size: 1px; color: white;">useful</span>
            </div>
          </p>
        </simpleAssociableChoice>
        <simpleAssociableChoice identifier="prompt_005" fixed="true" matchMax="1" matchMin="0">
          <p>
            <div id="drv_8b9c" oncopy="return false;" onpaste="return false;" oncut="return false;" oncontextmenu="return false;" onmousedown="return false;" onselectstart="return false;"><span style="color: #863b8a;">tyrosine</span> </div>
          </p>
        </simpleAssociableChoice>
      </simpleMatchSet>
      <simpleMatchSet>
        <simpleAssociableChoice identifier="choice_001" fixed="true" matchMax="5" matchMin="0">
          <p>
            <div id="drv_3b40" oncopy="return false;" onpaste="return false;" oncut="return false;" oncontextmenu="return false;" onmousedown="return false;" onselectstart="return false;">a <strong><span style="color: #009e4c;">polar<span style="font-size: 1px; color: white;">effect</span>amino acid</span></strong> with<span style="font-size: 1px; color: white;">rows</span>a shorter<span style="font-size: 1px; color: white;">cycler</span>amine-substituted<span style="font-size: 1px; color: white;">gulose</span>carboxylate (amide) -C(=O)NH<sub>2</sub> group<span style="font-size: 1px; color: white;">goes</span></div>
          </p>
        </simpleAssociableChoice>
        <simpleAssociableChoice identifier="choice_002" fixed="true" matchMax="5" matchMin="0">
          <p>
            <div id="drv_e5d2" oncopy="return false;" onpaste="return false;" oncut="return false;" oncontextmenu="return false;" onmousedown="return false;" onselectstart="return false;">a <strong><span style="color: #009e4c;">polar<span style="font-size: 1px; color: white;">ones</span>amino<span style="font-size: 1px; color: white;">gpcrzz</span>acid</span></strong> with<span style="font-size: 1px; color: white;">obtain</span>a longer<span style="font-size: 1px; color: white;">blend</span>amine-substituted carboxylate (amide) -C(=O)NH<sub>2</sub> group </div>
          </p>
        </simpleAssociableChoice>
        <simpleAssociableChoice identifier="choice_003" fixed="true" matchMax="5" matchMin="0">
          <p>
            <div id="drv_01c4" oncopy="return false;" onpaste="return false;" oncut="return false;" oncontextmenu="return false;" onmousedown="return false;" onselectstart="return false;">a <strong><span style="color: #009e4c;">polar<span style="font-size: 1px; color: white;">always</span>amino<span style="font-size: 1px; color: white;">ends</span>acid</span></strong> that is<span style="font-size: 1px; color: white;">dental</span>a methylated<span style="font-size: 1px; color: white;">store</span>form<span style="font-size: 1px; color: white;">formed</span>of<span style="font-size: 1px; color: white;">glass</span>serine<span style="font-size: 1px; color: white;">shear</span></div>
          </p>
        </simpleAssociableChoice>
        <simpleAssociableChoice identifier="choice_004" fixed="true" matchMax="5" matchMin="0">
          <p>
            <div id="drv_1de5" oncopy="return false;" onpaste="return false;" oncut="return false;" oncontextmenu="return false;" onmousedown="return false;" onselectstart="return false;">a <strong><span style="color: #ff0000;">negatively<span style="font-size: 1px; color: white;">deltah</span>charged<span style="font-size: 1px; color: white;">hubert</span>amino<span style="font-size: 1px; color: white;">meters</span>acid</span></strong> with<span style="font-size: 1px; color: white;">lac</span>a small, carboxylate (-COOH) <strong><span style="color: #6d108e;">side<span style="font-size: 1px; color: white;">helps</span>chain</span></strong><span style="font-size: 1px; color: white;">total</span></div>
          </p>
        </simpleAssociableChoice>
        <simpleAssociableChoice identifier="choice_005" fixed="true" matchMax="5" matchMin="0">
          <p>
            <div id="drv_07a7" oncopy="return false;" onpaste="return false;" oncut="return false;" oncontextmenu="return false;" onmousedown="return false;" onselectstart="return false;">a <strong><span style="color: #ff5e00;">aromatic amino<span style="font-size: 1px; color: white;">spots</span>acid</span></strong> with<span style="font-size: 1px; color: white;">candle</span>a <strong><span style="color: #6d108e;">side chain</span></strong> containing a phenol (-C<sub>6</sub>H<sub>6</sub>OH) group, derived<span style="font-size: 1px; color: white;">andor</span>from phenylalanine<span style="font-size: 1px; color: white;">air</span></div>
          </p>
        </simpleAssociableChoice>
      </simpleMatchSet>
    </matchInteraction>
  </itemBody>
  <responseProcessing template="http://www.imsglobal.org/question/qti_v2p1/rptemplates/map_response"/>
</assessmentItem>
