<?xml version='1.0' encoding='UTF-8'?>
<assessmentItem xmlns="http://www.imsglobal.org/xsd/imsqti_v2p1" xmlns:xsi="http://www.w3.org/2001/XMLSchema-instance" xmlns:ns8="http://www.w3.org/1999/xlink" xmlns:ns9="http://www.imsglobal.org/xsd/apip/apipv1p0/imsapip_qtiv1p0" xsi:schemaLocation="http://www.imsglobal.org/xsd/imsqti_v2p1 http://www.imsglobal.org/xsd/qti/qtiv2p1/imsqti_v2p1.xsd" title="a7a6_b240_a50a" adaptive="false" timeDependent="false" identifier="a7a6_b240_a50a">
  <responseDeclaration baseType="directedPair" cardinality="multiple" identifier="RESPONSE">
    <correctResponse>
      <value>prompt_001 choice_001</value>
      <value>prompt_002 choice_002</value>
      <value>prompt_003 choice_003</value>
      <value>prompt_004 choice_004</value>
      <value>prompt_005 choice_005</value>
    </correctResponse>
    <mapping defaultValue="0">
      <mapEntry mapKey="prompt_001 choice_001" mappedValue="1"/>
      <mapEntry mapKey="prompt_002 choice_002" mappedValue="1"/>
      <mapEntry mapKey="prompt_003 choice_003" mappedValue="1"/>
      <mapEntry mapKey="prompt_004 choice_004" mappedValue="1"/>
      <mapEntry mapKey="prompt_005 choice_005" mappedValue="1"/>
    </mapping>
  </responseDeclaration>
  <outcomeDeclaration baseType="float" cardinality="single" identifier="SCORE"/>
  <itemBody>
    <div>
      <div id="drv_e0bb" oncopy="return false;" onpaste="return false;" oncut="return false;" oncontextmenu="return false;" onmousedown="return false;" onselectstart="return false;">
        <p>Match each of<span style="font-size: 1px; color: white;">second</span>the<span style="font-size: 1px; color: white;">tumor</span>following<span style="font-size: 1px; color: white;">acth</span>amino<span style="font-size: 1px; color: white;">rise</span>acids<span style="font-size: 1px; color: white;">xna</span>with<span style="font-size: 1px; color: white;">outer</span>their<span style="font-size: 1px; color: white;">spots</span>corresponding descriptions.</p>
        <p><i>Note:</i> Each<span style="font-size: 1px; color: white;">analog</span>choice<span style="font-size: 1px; color: white;">ligand</span>will<span style="font-size: 1px; color: white;">early</span>be<span style="font-size: 1px; color: white;">mow</span>used exactly once.</p>
        <span style="font-size: 1px; color: white;">like</span>
      </div>
    </div>
    <matchInteraction responseIdentifier="RESPONSE" shuffle="true" maxAssociations="5">
      <prompt>&lt;div id="drv_e0bb" oncopy="return false;" onpaste="return false;" oncut="return false;" oncontextmenu="return false;" onmousedown="return false;" onselectstart="return false;" &gt;&lt;p&gt;Match each of&lt;span style='font-size: 1px; color: white;'&gt;second&lt;/span&gt;the&lt;span style='font-size: 1px; color: white;'&gt;tumor&lt;/span&gt;following&lt;span style='font-size: 1px; color: white;'&gt;acth&lt;/span&gt;amino&lt;span style='font-size: 1px; color: white;'&gt;rise&lt;/span&gt;acids&lt;span style='font-size: 1px; color: white;'&gt;xna&lt;/span&gt;with&lt;span style='font-size: 1px; color: white;'&gt;outer&lt;/span&gt;their&lt;span style='font-size: 1px; color: white;'&gt;spots&lt;/span&gt;corresponding descriptions.&lt;/p&gt;&lt;p&gt;&lt;i&gt;Note:&lt;/i&gt; Each&lt;span style='font-size: 1px; color: white;'&gt;analog&lt;/span&gt;choice&lt;span style='font-size: 1px; color: white;'&gt;ligand&lt;/span&gt;will&lt;span style='font-size: 1px; color: white;'&gt;early&lt;/span&gt;be&lt;span style='font-size: 1px; color: white;'&gt;mow&lt;/span&gt;used exactly once.&lt;/p&gt;&lt;span style='font-size: 1px; color: white;'&gt;like&lt;/span&gt;&lt;/div&gt;</prompt>
      <simpleMatchSet>
        <simpleAssociableChoice identifier="prompt_001" fixed="true" matchMax="1" matchMin="0">
          <p>
            <div id="drv_50cb" oncopy="return false;" onpaste="return false;" oncut="return false;" oncontextmenu="return false;" onmousedown="return false;" onselectstart="return false;">
              <span style="color: #9a2d69;">tyrosine</span>
              <span style="font-size: 1px; color: white;">olive</span>
            </div>
          </p>
        </simpleAssociableChoice>
        <simpleAssociableChoice identifier="prompt_002" fixed="true" matchMax="1" matchMin="0">
          <p>
            <div id="drv_1358" oncopy="return false;" onpaste="return false;" oncut="return false;" oncontextmenu="return false;" onmousedown="return false;" onselectstart="return false;"><span style="color: #676005;">glutamic acid</span> </div>
          </p>
        </simpleAssociableChoice>
        <simpleAssociableChoice identifier="prompt_003" fixed="true" matchMax="1" matchMin="0">
          <p>
            <div id="drv_b549" oncopy="return false;" onpaste="return false;" oncut="return false;" oncontextmenu="return false;" onmousedown="return false;" onselectstart="return false;"><span style="color: #1b6f35;">lysine</span> </div>
          </p>
        </simpleAssociableChoice>
        <simpleAssociableChoice identifier="prompt_004" fixed="true" matchMax="1" matchMin="0">
          <p>
            <div id="drv_315e" oncopy="return false;" onpaste="return false;" oncut="return false;" oncontextmenu="return false;" onmousedown="return false;" onselectstart="return false;"><span style="color: #723db2;">tryptophan</span> </div>
          </p>
        </simpleAssociableChoice>
        <simpleAssociableChoice identifier="prompt_005" fixed="true" matchMax="1" matchMin="0">
          <p>
            <div id="drv_19bb" oncopy="return false;" onpaste="return false;" oncut="return false;" oncontextmenu="return false;" onmousedown="return false;" onselectstart="return false;">
              <span style="color: #00697d;">methionine</span>
              <span style="font-size: 1px; color: white;">repel</span>
            </div>
          </p>
        </simpleAssociableChoice>
      </simpleMatchSet>
      <simpleMatchSet>
        <simpleAssociableChoice identifier="choice_001" fixed="true" matchMax="5" matchMin="0">
          <p>
            <div id="drv_21c6" oncopy="return false;" onpaste="return false;" oncut="return false;" oncontextmenu="return false;" onmousedown="return false;" onselectstart="return false;">a <strong><span style="color: #ff5e00;">aromatic<span style="font-size: 1px; color: white;">truthg</span>amino<span style="font-size: 1px; color: white;">plots</span>acid</span></strong> with<span style="font-size: 1px; color: white;">falseg</span>a <strong><span style="color: #6d108e;">side chain</span></strong> containing<span style="font-size: 1px; color: white;">pink</span>a phenol (-C<sub>6</sub>H<sub>6</sub>OH) group, derived<span style="font-size: 1px; color: white;">unit</span>from<span style="font-size: 1px; color: white;">van</span>phenylalanine<span style="font-size: 1px; color: white;">lines</span></div>
          </p>
        </simpleAssociableChoice>
        <simpleAssociableChoice identifier="choice_002" fixed="true" matchMax="5" matchMin="0">
          <p>
            <div id="drv_0fc0" oncopy="return false;" onpaste="return false;" oncut="return false;" oncontextmenu="return false;" onmousedown="return false;" onselectstart="return false;">a <strong><span style="color: #ff0000;">negatively<span style="font-size: 1px; color: white;">sued</span>charged<span style="font-size: 1px; color: white;">treats</span>amino<span style="font-size: 1px; color: white;">word</span>acid</span></strong> with a large, carboxylate (-COOH) <strong><span style="color: #6d108e;">side chain</span></strong><span style="font-size: 1px; color: white;">midway</span></div>
          </p>
        </simpleAssociableChoice>
        <simpleAssociableChoice identifier="choice_003" fixed="true" matchMax="5" matchMin="0">
          <p>
            <div id="drv_c4d4" oncopy="return false;" onpaste="return false;" oncut="return false;" oncontextmenu="return false;" onmousedown="return false;" onselectstart="return false;">a <strong><span style="color: #0d57a5;">positively charged amino acid</span></strong> with<span style="font-size: 1px; color: white;">masks</span>a long, flexible <strong><span style="color: #6d108e;">side chain</span></strong> containing an<span style="font-size: 1px; color: white;">want</span>amine group<span style="font-size: 1px; color: white;">aches</span></div>
          </p>
        </simpleAssociableChoice>
        <simpleAssociableChoice identifier="choice_004" fixed="true" matchMax="5" matchMin="0">
          <p>
            <div id="drv_0fc4" oncopy="return false;" onpaste="return false;" oncut="return false;" oncontextmenu="return false;" onmousedown="return false;" onselectstart="return false;">an <strong><span style="color: #ff5e00;">aromatic<span style="font-size: 1px; color: white;">weaken</span>amino<span style="font-size: 1px; color: white;">varies</span>acid</span></strong> with the<span style="font-size: 1px; color: white;">bad</span>largest <strong><span style="color: #6d108e;">side<span style="font-size: 1px; color: white;">some</span>chain</span></strong> consisting<span style="font-size: 1px; color: white;">mortar</span>of a fused<span style="font-size: 1px; color: white;">tears</span>pair of<span style="font-size: 1px; color: white;">candle</span>rings<span style="font-size: 1px; color: white;">lysine</span></div>
          </p>
        </simpleAssociableChoice>
        <simpleAssociableChoice identifier="choice_005" fixed="true" matchMax="5" matchMin="0">
          <p>
            <div id="drv_98cc" oncopy="return false;" onpaste="return false;" oncut="return false;" oncontextmenu="return false;" onmousedown="return false;" onselectstart="return false;">a <strong><span style="color: #b3b300;">non-<strong><span style="color: #009e4c;">polar<span style="font-size: 1px; color: white;">doesnt</span>amino acid</span></strong></span></strong> with a <strong><span style="color: #6d108e;">side<span style="font-size: 1px; color: white;">test</span>chain</span></strong> containing<span style="font-size: 1px; color: white;">facial</span>a sulfur atom<span style="font-size: 1px; color: white;">copies</span>that is<strong> <strong>NOT</strong> </strong>available<span style="font-size: 1px; color: white;">iex</span>for<span style="font-size: 1px; color: white;">coo</span>chemical reactions<span style="font-size: 1px; color: white;">sheet</span></div>
          </p>
        </simpleAssociableChoice>
      </simpleMatchSet>
    </matchInteraction>
  </itemBody>
  <responseProcessing template="http://www.imsglobal.org/question/qti_v2p1/rptemplates/map_response"/>
</assessmentItem>
