<?xml version='1.0' encoding='UTF-8'?>
<assessmentItem xmlns="http://www.imsglobal.org/xsd/imsqti_v2p1" xmlns:xsi="http://www.w3.org/2001/XMLSchema-instance" xmlns:ns8="http://www.w3.org/1999/xlink" xmlns:ns9="http://www.imsglobal.org/xsd/apip/apipv1p0/imsapip_qtiv1p0" xsi:schemaLocation="http://www.imsglobal.org/xsd/imsqti_v2p1 http://www.imsglobal.org/xsd/qti/qtiv2p1/imsqti_v2p1.xsd" title="9261_f4ce_c0e9" adaptive="false" timeDependent="false" identifier="9261_f4ce_c0e9">
  <responseDeclaration baseType="float" cardinality="single" identifier="RESPONSE">
    <correctResponse>
      <value>1.73780083</value>
    </correctResponse>
  </responseDeclaration>
  <outcomeDeclaration baseType="float" cardinality="single" identifier="SCORE"/>
  <itemBody>
    <div>
      <p>
        <b>Calculate<span style="font-size: 1px; color: white;">falsec</span>the<span style="font-size: 1px; color: white;">lower</span>ratio<span style="font-size: 1px; color: white;">parts</span>of<span style="font-size: 1px; color: white;">outer</span>conjugate<span style="font-size: 1px; color: white;">ocean</span>base to<span style="font-size: 1px; color: white;">brick</span>weak acid.</b>
      </p>
      <p>For <strong>glycolic<span style="font-size: 1px; color: white;">time</span>acid</strong> / <strong>glycolate</strong>, pK<sub>a</sub> = <span style="font-family: monospace;">3.83</span> and<span style="font-size: 1px; color: white;">gulose</span>the<span style="font-size: 1px; color: white;">prizes</span>desired pH is <span style="font-family: monospace;">4.07</span>.</p>
      <p><b>What<span style="font-size: 1px; color: white;">passed</span>is the ratio</b> [A<sup>-</sup>] / [HA] ?</p>
      <p>
        <i>Note: answers need to be within 6% of the correct number to be correct.</i>
      </p>
    </div>
    <p>
      <textEntryInteraction responseIdentifier="RESPONSE"/>
    </p>
  </itemBody>
  <responseProcessing>
    <responseCondition>
      <responseIf>
        <equal toleranceMode="absolute" tolerance="0.087 0.087" includeLowerBound="true" includeUpperBound="true">
          <variable identifier="RESPONSE"/>
          <correct identifier="RESPONSE"/>
        </equal>
        <setOutcomeValue identifier="SCORE">
          <baseValue baseType="float">100</baseValue>
        </setOutcomeValue>
      </responseIf>
      <responseElse>
        <setOutcomeValue identifier="SCORE">
          <baseValue baseType="float">0</baseValue>
        </setOutcomeValue>
      </responseElse>
    </responseCondition>
  </responseProcessing>
</assessmentItem>
