<?xml version='1.0' encoding='UTF-8'?>
<assessmentItem xmlns="http://www.imsglobal.org/xsd/imsqti_v2p1" xmlns:xsi="http://www.w3.org/2001/XMLSchema-instance" xmlns:ns8="http://www.w3.org/1999/xlink" xmlns:ns9="http://www.imsglobal.org/xsd/apip/apipv1p0/imsapip_qtiv1p0" xsi:schemaLocation="http://www.imsglobal.org/xsd/imsqti_v2p1 http://www.imsglobal.org/xsd/qti/qtiv2p1/imsqti_v2p1.xsd" title="ca53_92e2_8269" adaptive="false" timeDependent="false" identifier="ca53_92e2_8269">
  <responseDeclaration baseType="float" cardinality="single" identifier="RESPONSE">
    <correctResponse>
      <value>6.76082975</value>
    </correctResponse>
  </responseDeclaration>
  <outcomeDeclaration baseType="float" cardinality="single" identifier="SCORE"/>
  <itemBody>
    <div>
      <p>
        <b>Calculate the<span style="font-size: 1px; color: white;">ground</span>ratio<span style="font-size: 1px; color: white;">mrnas</span>of<span style="font-size: 1px; color: white;">side</span>conjugate base<span style="font-size: 1px; color: white;">father</span>to<span style="font-size: 1px; color: white;">boost</span>weak<span style="font-size: 1px; color: white;">eyes</span>acid.</b>
      </p>
      <p>For <strong>acetic<span style="font-size: 1px; color: white;">born</span>acid</strong> / <strong>acetate</strong>, pK<sub>a</sub> = <span style="font-family: monospace;">4.76</span> and<span style="font-size: 1px; color: white;">gamete</span>the desired<span style="font-size: 1px; color: white;">served</span>pH is <span style="font-family: monospace;">5.59</span>.</p>
      <p><b>What<span style="font-size: 1px; color: white;">adult</span>is<span style="font-size: 1px; color: white;">dollop</span>the<span style="font-size: 1px; color: white;">tests</span>ratio</b> [A<sup>-</sup>] / [HA] ?</p>
      <p>
        <i>Note: answers need to be within 5% of the correct number to be correct.</i>
      </p>
    </div>
    <p>
      <textEntryInteraction responseIdentifier="RESPONSE"/>
    </p>
  </itemBody>
  <responseProcessing>
    <responseCondition>
      <responseIf>
        <equal toleranceMode="absolute" tolerance="0.338 0.338" includeLowerBound="true" includeUpperBound="true">
          <variable identifier="RESPONSE"/>
          <correct identifier="RESPONSE"/>
        </equal>
        <setOutcomeValue identifier="SCORE">
          <baseValue baseType="float">100</baseValue>
        </setOutcomeValue>
      </responseIf>
      <responseElse>
        <setOutcomeValue identifier="SCORE">
          <baseValue baseType="float">0</baseValue>
        </setOutcomeValue>
      </responseElse>
    </responseCondition>
  </responseProcessing>
</assessmentItem>
