<?xml version='1.0' encoding='UTF-8'?>
<assessmentItem xmlns="http://www.imsglobal.org/xsd/imsqti_v2p1" xmlns:xsi="http://www.w3.org/2001/XMLSchema-instance" xmlns:ns8="http://www.w3.org/1999/xlink" xmlns:ns9="http://www.imsglobal.org/xsd/apip/apipv1p0/imsapip_qtiv1p0" xsi:schemaLocation="http://www.imsglobal.org/xsd/imsqti_v2p1 http://www.imsglobal.org/xsd/qti/qtiv2p1/imsqti_v2p1.xsd" title="0512_b983_6622" adaptive="false" timeDependent="false" identifier="0512_b983_6622">
  <responseDeclaration baseType="float" cardinality="single" identifier="RESPONSE">
    <correctResponse>
      <value>0.57543994</value>
    </correctResponse>
  </responseDeclaration>
  <outcomeDeclaration baseType="float" cardinality="single" identifier="SCORE"/>
  <itemBody>
    <div>
      <p>
        <b>Calculate the<span style="font-size: 1px; color: white;">lead</span>ratio<span style="font-size: 1px; color: white;">parts</span>of conjugate<span style="font-size: 1px; color: white;">leads</span>base<span style="font-size: 1px; color: white;">fused</span>to<span style="font-size: 1px; color: white;">breaks</span>weak acid.</b>
      </p>
      <p>For <strong>butyric acid</strong> / <strong>butyrate</strong>, pK<sub>a</sub> = <span style="font-family: monospace;">4.82</span> and the<span style="font-size: 1px; color: white;">nail</span>desired<span style="font-size: 1px; color: white;">falsem</span>pH is <span style="font-family: monospace;">4.58</span>.</p>
      <p><b>What is<span style="font-size: 1px; color: white;">takes</span>the<span style="font-size: 1px; color: white;">make</span>ratio</b> [A<sup>-</sup>] / [HA] ?</p>
      <span style="font-size: 1px; color: white;">energy</span>
      <p>
        <i>Note: answers need to be within 6% of the correct number to be correct.</i>
      </p>
    </div>
    <p>
      <textEntryInteraction responseIdentifier="RESPONSE"/>
    </p>
  </itemBody>
  <responseProcessing>
    <responseCondition>
      <responseIf>
        <equal toleranceMode="absolute" tolerance="0.029 0.029" includeLowerBound="true" includeUpperBound="true">
          <variable identifier="RESPONSE"/>
          <correct identifier="RESPONSE"/>
        </equal>
        <setOutcomeValue identifier="SCORE">
          <baseValue baseType="float">100</baseValue>
        </setOutcomeValue>
      </responseIf>
      <responseElse>
        <setOutcomeValue identifier="SCORE">
          <baseValue baseType="float">0</baseValue>
        </setOutcomeValue>
      </responseElse>
    </responseCondition>
  </responseProcessing>
</assessmentItem>
