<?xml version='1.0' encoding='UTF-8'?>
<assessmentItem xmlns="http://www.imsglobal.org/xsd/imsqti_v2p1" xmlns:xsi="http://www.w3.org/2001/XMLSchema-instance" xmlns:ns8="http://www.w3.org/1999/xlink" xmlns:ns9="http://www.imsglobal.org/xsd/apip/apipv1p0/imsapip_qtiv1p0" xsi:schemaLocation="http://www.imsglobal.org/xsd/imsqti_v2p1 http://www.imsglobal.org/xsd/qti/qtiv2p1/imsqti_v2p1.xsd" title="8a39_99b9_ee6c" adaptive="false" timeDependent="false" identifier="8a39_99b9_ee6c">
  <responseDeclaration baseType="float" cardinality="single" identifier="RESPONSE">
    <correctResponse>
      <value>0.14454398</value>
    </correctResponse>
  </responseDeclaration>
  <outcomeDeclaration baseType="float" cardinality="single" identifier="SCORE"/>
  <itemBody>
    <div>
      <p>
        <b>Calculate<span style="font-size: 1px; color: white;">eside</span>the<span style="font-size: 1px; color: white;">design</span>ratio<span style="font-size: 1px; color: white;">boies</span>of<span style="font-size: 1px; color: white;">also</span>conjugate<span style="font-size: 1px; color: white;">named</span>base<span style="font-size: 1px; color: white;">nerve</span>to<span style="font-size: 1px; color: white;">mule</span>weak<span style="font-size: 1px; color: white;">folic</span>acid.</b>
      </p>
      <p>For <strong>sulfuric<span style="font-size: 1px; color: white;">ribose</span>acid</strong> / <strong>sulfate</strong>, pK<sub>a</sub> = <span style="font-family: monospace;">1.99</span> and<span style="font-size: 1px; color: white;">plans</span>the<span style="font-size: 1px; color: white;">genes</span>desired<span style="font-size: 1px; color: white;">resin</span>pH is <span style="font-family: monospace;">1.15</span>.</p>
      <p><b>What<span style="font-size: 1px; color: white;">rna</span>is<span style="font-size: 1px; color: white;">seeds</span>the ratio</b> [A<sup>-</sup>] / [HA] ?</p>
      <span style="font-size: 1px; color: white;">join</span>
      <p>
        <i>Note: answers need to be within 7% of the correct number to be correct.</i>
      </p>
    </div>
    <p>
      <textEntryInteraction responseIdentifier="RESPONSE"/>
    </p>
  </itemBody>
  <responseProcessing>
    <responseCondition>
      <responseIf>
        <equal toleranceMode="absolute" tolerance="0.01 0.01" includeLowerBound="true" includeUpperBound="true">
          <variable identifier="RESPONSE"/>
          <correct identifier="RESPONSE"/>
        </equal>
        <setOutcomeValue identifier="SCORE">
          <baseValue baseType="float">100</baseValue>
        </setOutcomeValue>
      </responseIf>
      <responseElse>
        <setOutcomeValue identifier="SCORE">
          <baseValue baseType="float">0</baseValue>
        </setOutcomeValue>
      </responseElse>
    </responseCondition>
  </responseProcessing>
</assessmentItem>
