<?xml version='1.0' encoding='UTF-8'?>
<assessmentItem xmlns="http://www.imsglobal.org/xsd/imsqti_v2p1" xmlns:xsi="http://www.w3.org/2001/XMLSchema-instance" xmlns:ns8="http://www.w3.org/1999/xlink" xmlns:ns9="http://www.imsglobal.org/xsd/apip/apipv1p0/imsapip_qtiv1p0" xsi:schemaLocation="http://www.imsglobal.org/xsd/imsqti_v2p1 http://www.imsglobal.org/xsd/qti/qtiv2p1/imsqti_v2p1.xsd" title="2714_6ac3_c659" adaptive="false" timeDependent="false" identifier="2714_6ac3_c659">
  <responseDeclaration baseType="float" cardinality="single" identifier="RESPONSE">
    <correctResponse>
      <value>0.63095734</value>
    </correctResponse>
  </responseDeclaration>
  <outcomeDeclaration baseType="float" cardinality="single" identifier="SCORE"/>
  <itemBody>
    <div>
      <p>
        <b>Calculate<span style="font-size: 1px; color: white;">losa</span>the<span style="font-size: 1px; color: white;">dogma</span>ratio<span style="font-size: 1px; color: white;">passed</span>of<span style="font-size: 1px; color: white;">intron</span>weak<span style="font-size: 1px; color: white;">hulu</span>base to conjugate<span style="font-size: 1px; color: white;">rock</span>acid.</b>
      </p>
      <p>For <strong>ethylamine</strong> / <strong>ethylammonium</strong>, pK<sub>b</sub> = <span style="font-family: monospace;">3.99</span> and<span style="font-size: 1px; color: white;">evolve</span>the<span style="font-size: 1px; color: white;">oxide</span>desired<span style="font-size: 1px; color: white;">grape</span>pH is <span style="font-family: monospace;">9.81</span>.</p>
      <p><b>What<span style="font-size: 1px; color: white;">gmp</span>is<span style="font-size: 1px; color: white;">good</span>the<span style="font-size: 1px; color: white;">square</span>ratio</b> [base] / [conjugate acid] ?</p>
      <p>Hint: pK<sub>a</sub> + pK<sub>b</sub> = 14.00 for<span style="font-size: 1px; color: white;">enable</span>a conjugate acid-base<span style="font-size: 1px; color: white;">alerts</span>pair.</p>
      <span style="font-size: 1px; color: white;">added</span>
      <p>
        <i>Note: answers need to be within 6% of the correct number to be correct.</i>
      </p>
    </div>
    <p>
      <textEntryInteraction responseIdentifier="RESPONSE"/>
    </p>
  </itemBody>
  <responseProcessing>
    <responseCondition>
      <responseIf>
        <equal toleranceMode="absolute" tolerance="0.032 0.032" includeLowerBound="true" includeUpperBound="true">
          <variable identifier="RESPONSE"/>
          <correct identifier="RESPONSE"/>
        </equal>
        <setOutcomeValue identifier="SCORE">
          <baseValue baseType="float">100</baseValue>
        </setOutcomeValue>
      </responseIf>
      <responseElse>
        <setOutcomeValue identifier="SCORE">
          <baseValue baseType="float">0</baseValue>
        </setOutcomeValue>
      </responseElse>
    </responseCondition>
  </responseProcessing>
</assessmentItem>
