<?xml version='1.0' encoding='UTF-8'?>
<assessmentItem xmlns="http://www.imsglobal.org/xsd/imsqti_v2p1" xmlns:xsi="http://www.w3.org/2001/XMLSchema-instance" xmlns:ns8="http://www.w3.org/1999/xlink" xmlns:ns9="http://www.imsglobal.org/xsd/apip/apipv1p0/imsapip_qtiv1p0" xsi:schemaLocation="http://www.imsglobal.org/xsd/imsqti_v2p1 http://www.imsglobal.org/xsd/qti/qtiv2p1/imsqti_v2p1.xsd" title="fb87_971f_798b" adaptive="false" timeDependent="false" identifier="fb87_971f_798b">
  <responseDeclaration baseType="float" cardinality="single" identifier="RESPONSE">
    <correctResponse>
      <value>4.16869383</value>
    </correctResponse>
  </responseDeclaration>
  <outcomeDeclaration baseType="float" cardinality="single" identifier="SCORE"/>
  <itemBody>
    <div>
      <p>
        <b>Calculate<span style="font-size: 1px; color: white;">pests</span>the ratio<span style="font-size: 1px; color: white;">green</span>of<span style="font-size: 1px; color: white;">coat</span>conjugate<span style="font-size: 1px; color: white;">placed</span>base to<span style="font-size: 1px; color: white;">alike</span>weak acid.</b>
      </p>
      <p>For <strong>acetic<span style="font-size: 1px; color: white;">grape</span>acid</strong> / <strong>acetate</strong>, pK<sub>a</sub> = <span style="font-family: monospace;">4.76</span> and the desired pH is <span style="font-family: monospace;">5.38</span>.</p>
      <p><b>What<span style="font-size: 1px; color: white;">other</span>is<span style="font-size: 1px; color: white;">spine</span>the<span style="font-size: 1px; color: white;">gets</span>ratio</b> [A<sup>-</sup>] / [HA] ?</p>
      <p>
        <i>Note: answers need to be within 5% of the correct number to be correct.</i>
      </p>
    </div>
    <p>
      <textEntryInteraction responseIdentifier="RESPONSE"/>
    </p>
  </itemBody>
  <responseProcessing>
    <responseCondition>
      <responseIf>
        <equal toleranceMode="absolute" tolerance="0.208 0.208" includeLowerBound="true" includeUpperBound="true">
          <variable identifier="RESPONSE"/>
          <correct identifier="RESPONSE"/>
        </equal>
        <setOutcomeValue identifier="SCORE">
          <baseValue baseType="float">100</baseValue>
        </setOutcomeValue>
      </responseIf>
      <responseElse>
        <setOutcomeValue identifier="SCORE">
          <baseValue baseType="float">0</baseValue>
        </setOutcomeValue>
      </responseElse>
    </responseCondition>
  </responseProcessing>
</assessmentItem>
