<?xml version='1.0' encoding='UTF-8'?>
<assessmentItem xmlns="http://www.imsglobal.org/xsd/imsqti_v2p1" xmlns:xsi="http://www.w3.org/2001/XMLSchema-instance" xmlns:ns8="http://www.w3.org/1999/xlink" xmlns:ns9="http://www.imsglobal.org/xsd/apip/apipv1p0/imsapip_qtiv1p0" xsi:schemaLocation="http://www.imsglobal.org/xsd/imsqti_v2p1 http://www.imsglobal.org/xsd/qti/qtiv2p1/imsqti_v2p1.xsd" title="79ae_dd05_b383" adaptive="false" timeDependent="false" identifier="79ae_dd05_b383">
  <responseDeclaration baseType="float" cardinality="single" identifier="RESPONSE">
    <correctResponse>
      <value>2.34422882</value>
    </correctResponse>
  </responseDeclaration>
  <outcomeDeclaration baseType="float" cardinality="single" identifier="SCORE"/>
  <itemBody>
    <div>
      <p>
        <b>Calculate<span style="font-size: 1px; color: white;">with</span>the<span style="font-size: 1px; color: white;">pest</span>ratio<span style="font-size: 1px; color: white;">mrnas</span>of<span style="font-size: 1px; color: white;">arise</span>conjugate base<span style="font-size: 1px; color: white;">dprime</span>to<span style="font-size: 1px; color: white;">happen</span>weak<span style="font-size: 1px; color: white;">sperm</span>acid.</b>
      </p>
      <p>For <strong>butyric<span style="font-size: 1px; color: white;">pla</span>acid</strong> / <strong>butyrate</strong>, pK<sub>a</sub> = <span style="font-family: monospace;">4.82</span> and<span style="font-size: 1px; color: white;">street</span>the<span style="font-size: 1px; color: white;">bow</span>desired<span style="font-size: 1px; color: white;">acspan</span>pH is <span style="font-family: monospace;">5.19</span>.</p>
      <p><b>What<span style="font-size: 1px; color: white;">holmes</span>is the<span style="font-size: 1px; color: white;">thus</span>ratio</b> [A<sup>-</sup>] / [HA] ?</p>
      <span style="font-size: 1px; color: white;">genome</span>
      <p>
        <i>Note: answers need to be within 5% of the correct number to be correct.</i>
      </p>
    </div>
    <p>
      <textEntryInteraction responseIdentifier="RESPONSE"/>
    </p>
  </itemBody>
  <responseProcessing>
    <responseCondition>
      <responseIf>
        <equal toleranceMode="absolute" tolerance="0.117 0.117" includeLowerBound="true" includeUpperBound="true">
          <variable identifier="RESPONSE"/>
          <correct identifier="RESPONSE"/>
        </equal>
        <setOutcomeValue identifier="SCORE">
          <baseValue baseType="float">100</baseValue>
        </setOutcomeValue>
      </responseIf>
      <responseElse>
        <setOutcomeValue identifier="SCORE">
          <baseValue baseType="float">0</baseValue>
        </setOutcomeValue>
      </responseElse>
    </responseCondition>
  </responseProcessing>
</assessmentItem>
