<?xml version='1.0' encoding='UTF-8'?>
<assessmentItem xmlns="http://www.imsglobal.org/xsd/imsqti_v2p1" xmlns:xsi="http://www.w3.org/2001/XMLSchema-instance" xmlns:ns8="http://www.w3.org/1999/xlink" xmlns:ns9="http://www.imsglobal.org/xsd/apip/apipv1p0/imsapip_qtiv1p0" xsi:schemaLocation="http://www.imsglobal.org/xsd/imsqti_v2p1 http://www.imsglobal.org/xsd/qti/qtiv2p1/imsqti_v2p1.xsd" title="7cc3_591c_883d" adaptive="false" timeDependent="false" identifier="7cc3_591c_883d">
  <responseDeclaration baseType="float" cardinality="single" identifier="RESPONSE">
    <correctResponse>
      <value>0.12882496</value>
    </correctResponse>
  </responseDeclaration>

  <outcomeDeclaration baseType="float" cardinality="single" identifier="SCORE"/>

  <itemBody>
    <div>
      <p>
        <b>Calculate the ratio of conjugate base to weak acid.</b>
      </p>
      <p>For <strong>glycolic acid</strong> / <strong>glycolate</strong>, pK<sub>a</sub> = <span style="font-family: monospace;">3.83</span> and the desired pH is <span style="font-family: monospace;">2.94</span>.</p>
      <p><b>What is the ratio</b> [A<sup>-</sup>] / [HA] ?</p>
      <p>
        <i>Note: answers need to be within 8% of the correct number to be correct.</i>
      </p>
    </div>
    <p>
      <textEntryInteraction responseIdentifier="RESPONSE"/>
    </p>
  </itemBody>

  <responseProcessing>
    <responseCondition>
      <responseIf>
        <equal toleranceMode="absolute" tolerance="0.01 0.01" includeLowerBound="true" includeUpperBound="true">
          <variable identifier="RESPONSE"/>
          <correct identifier="RESPONSE"/>
        </equal>
        <setOutcomeValue identifier="SCORE">
          <baseValue baseType="float">100</baseValue>
        </setOutcomeValue>
      </responseIf>
      <responseElse>
        <setOutcomeValue identifier="SCORE">
          <baseValue baseType="float">0</baseValue>
        </setOutcomeValue>
      </responseElse>
    </responseCondition>
  </responseProcessing>
</assessmentItem>
