<?xml version='1.0' encoding='UTF-8'?>
<assessmentItem xmlns="http://www.imsglobal.org/xsd/imsqti_v2p1" xmlns:xsi="http://www.w3.org/2001/XMLSchema-instance" xmlns:ns8="http://www.w3.org/1999/xlink" xmlns:ns9="http://www.imsglobal.org/xsd/apip/apipv1p0/imsapip_qtiv1p0" xsi:schemaLocation="http://www.imsglobal.org/xsd/imsqti_v2p1 http://www.imsglobal.org/xsd/qti/qtiv2p1/imsqti_v2p1.xsd" title="c579_8c81_51c4" adaptive="false" timeDependent="false" identifier="c579_8c81_51c4">
  <responseDeclaration baseType="float" cardinality="single" identifier="RESPONSE">
    <correctResponse>
      <value>0.13803843</value>
    </correctResponse>
  </responseDeclaration>
  <outcomeDeclaration baseType="float" cardinality="single" identifier="SCORE"/>
  <itemBody>
    <div>
      <p>
        <b>Calculate<span style="font-size: 1px; color: white;">time</span>the ratio<span style="font-size: 1px; color: white;">once</span>of<span style="font-size: 1px; color: white;">born</span>conjugate<span style="font-size: 1px; color: white;">lgiczz</span>base to<span style="font-size: 1px; color: white;">having</span>weak<span style="font-size: 1px; color: white;">break</span>acid.</b>
      </p>
      <p>For <strong>acetic<span style="font-size: 1px; color: white;">own</span>acid</strong> / <strong>acetate</strong>, pK<sub>a</sub> = <span style="font-family: monospace;">4.76</span> and<span style="font-size: 1px; color: white;">longer</span>the desired pH is <span style="font-family: monospace;">3.90</span>.</p>
      <p><b>What<span style="font-size: 1px; color: white;">viral</span>is<span style="font-size: 1px; color: white;">female</span>the ratio</b> [A<sup>-</sup>] / [HA] ?</p>
      <span style="font-size: 1px; color: white;">week</span>
      <p>
        <i>Note: answers need to be within 8% of the correct number to be correct.</i>
      </p>
    </div>
    <p>
      <textEntryInteraction responseIdentifier="RESPONSE"/>
    </p>
  </itemBody>
  <responseProcessing>
    <responseCondition>
      <responseIf>
        <equal toleranceMode="absolute" tolerance="0.01 0.01" includeLowerBound="true" includeUpperBound="true">
          <variable identifier="RESPONSE"/>
          <correct identifier="RESPONSE"/>
        </equal>
        <setOutcomeValue identifier="SCORE">
          <baseValue baseType="float">100</baseValue>
        </setOutcomeValue>
      </responseIf>
      <responseElse>
        <setOutcomeValue identifier="SCORE">
          <baseValue baseType="float">0</baseValue>
        </setOutcomeValue>
      </responseElse>
    </responseCondition>
  </responseProcessing>
</assessmentItem>
