<?xml version='1.0' encoding='UTF-8'?>
<assessmentItem xmlns="http://www.imsglobal.org/xsd/imsqti_v2p1" xmlns:xsi="http://www.w3.org/2001/XMLSchema-instance" xmlns:ns8="http://www.w3.org/1999/xlink" xmlns:ns9="http://www.imsglobal.org/xsd/apip/apipv1p0/imsapip_qtiv1p0" xsi:schemaLocation="http://www.imsglobal.org/xsd/imsqti_v2p1 http://www.imsglobal.org/xsd/qti/qtiv2p1/imsqti_v2p1.xsd" title="e1b5_f4c9_86bf" adaptive="false" timeDependent="false" identifier="e1b5_f4c9_86bf">
  <responseDeclaration baseType="float" cardinality="single" identifier="RESPONSE">
    <correctResponse>
      <value>0.10715193</value>
    </correctResponse>
  </responseDeclaration>
  <outcomeDeclaration baseType="float" cardinality="single" identifier="SCORE"/>
  <itemBody>
    <div>
      <p>
        <b>Calculate<span style="font-size: 1px; color: white;">falseq</span>the<span style="font-size: 1px; color: white;">oxygen</span>ratio<span style="font-size: 1px; color: white;">mass</span>of<span style="font-size: 1px; color: white;">else</span>weak<span style="font-size: 1px; color: white;">define</span>base<span style="font-size: 1px; color: white;">major</span>to<span style="font-size: 1px; color: white;">brain</span>conjugate<span style="font-size: 1px; color: white;">brdu</span>acid.</b>
      </p>
      <p>For <strong>ethylamine</strong> / <strong>ethylammonium</strong>, pK<sub>b</sub> = <span style="font-family: monospace;">3.99</span> and<span style="font-size: 1px; color: white;">novel</span>the<span style="font-size: 1px; color: white;">gel</span>desired<span style="font-size: 1px; color: white;">helix</span>pH is <span style="font-family: monospace;">9.04</span>.</p>
      <p><b>What<span style="font-size: 1px; color: white;">bpspan</span>is the ratio</b> [base] / [conjugate<span style="font-size: 1px; color: white;">merge</span>acid] ?</p>
      <p>Hint: pK<sub>a</sub> + pK<sub>b</sub> = 14.00 for<span style="font-size: 1px; color: white;">esspan</span>a conjugate<span style="font-size: 1px; color: white;">acids</span>acid-base pair.</p>
      <p>
        <i>Note: answers need to be within 10% of the correct number to be correct.</i>
      </p>
    </div>
    <p>
      <textEntryInteraction responseIdentifier="RESPONSE"/>
    </p>
  </itemBody>
  <responseProcessing>
    <responseCondition>
      <responseIf>
        <equal toleranceMode="absolute" tolerance="0.01 0.01" includeLowerBound="true" includeUpperBound="true">
          <variable identifier="RESPONSE"/>
          <correct identifier="RESPONSE"/>
        </equal>
        <setOutcomeValue identifier="SCORE">
          <baseValue baseType="float">100</baseValue>
        </setOutcomeValue>
      </responseIf>
      <responseElse>
        <setOutcomeValue identifier="SCORE">
          <baseValue baseType="float">0</baseValue>
        </setOutcomeValue>
      </responseElse>
    </responseCondition>
  </responseProcessing>
</assessmentItem>
