<?xml version='1.0' encoding='UTF-8'?>
<assessmentItem xmlns="http://www.imsglobal.org/xsd/imsqti_v2p1" xmlns:xsi="http://www.w3.org/2001/XMLSchema-instance" xmlns:ns8="http://www.w3.org/1999/xlink" xmlns:ns9="http://www.imsglobal.org/xsd/apip/apipv1p0/imsapip_qtiv1p0" xsi:schemaLocation="http://www.imsglobal.org/xsd/imsqti_v2p1 http://www.imsglobal.org/xsd/qti/qtiv2p1/imsqti_v2p1.xsd" title="43f8_c916_0e13" adaptive="false" timeDependent="false" identifier="43f8_c916_0e13">
  <responseDeclaration baseType="float" cardinality="single" identifier="RESPONSE">
    <correctResponse>
      <value>0.12022644</value>
    </correctResponse>
  </responseDeclaration>
  <outcomeDeclaration baseType="float" cardinality="single" identifier="SCORE"/>
  <itemBody>
    <div>
      <p>
        <b>Calculate<span style="font-size: 1px; color: white;">are</span>the<span style="font-size: 1px; color: white;">joy</span>ratio<span style="font-size: 1px; color: white;">yeast</span>of<span style="font-size: 1px; color: white;">named</span>weak<span style="font-size: 1px; color: white;">falseg</span>base<span style="font-size: 1px; color: white;">clot</span>to conjugate<span style="font-size: 1px; color: white;">moment</span>acid.</b>
      </p>
      <p>For <strong>ethylamine</strong> / <strong>ethylammonium</strong>, pK<sub>b</sub> = <span style="font-family: monospace;">3.99</span> and<span style="font-size: 1px; color: white;">arm</span>the<span style="font-size: 1px; color: white;">called</span>desired<span style="font-size: 1px; color: white;">egel</span>pH is <span style="font-family: monospace;">9.09</span>.</p>
      <p><b>What<span style="font-size: 1px; color: white;">coa</span>is<span style="font-size: 1px; color: white;">ddgtp</span>the<span style="font-size: 1px; color: white;">change</span>ratio</b> [base] / [conjugate<span style="font-size: 1px; color: white;">mrnas</span>acid] ?</p>
      <p>Hint: pK<sub>a</sub> + pK<sub>b</sub> = 14.00 for<span style="font-size: 1px; color: white;">forced</span>a conjugate<span style="font-size: 1px; color: white;">closed</span>acid-base<span style="font-size: 1px; color: white;">herbs</span>pair.</p>
      <span style="font-size: 1px; color: white;">mom</span>
      <p>
        <i>Note: answers need to be within 9% of the correct number to be correct.</i>
      </p>
    </div>
    <p>
      <textEntryInteraction responseIdentifier="RESPONSE"/>
    </p>
  </itemBody>
  <responseProcessing>
    <responseCondition>
      <responseIf>
        <equal toleranceMode="absolute" tolerance="0.01 0.01" includeLowerBound="true" includeUpperBound="true">
          <variable identifier="RESPONSE"/>
          <correct identifier="RESPONSE"/>
        </equal>
        <setOutcomeValue identifier="SCORE">
          <baseValue baseType="float">100</baseValue>
        </setOutcomeValue>
      </responseIf>
      <responseElse>
        <setOutcomeValue identifier="SCORE">
          <baseValue baseType="float">0</baseValue>
        </setOutcomeValue>
      </responseElse>
    </responseCondition>
  </responseProcessing>
</assessmentItem>
