<?xml version='1.0' encoding='UTF-8'?>
<assessmentItem xmlns="http://www.imsglobal.org/xsd/imsqti_v2p1" xmlns:xsi="http://www.w3.org/2001/XMLSchema-instance" xmlns:ns8="http://www.w3.org/1999/xlink" xmlns:ns9="http://www.imsglobal.org/xsd/apip/apipv1p0/imsapip_qtiv1p0" xsi:schemaLocation="http://www.imsglobal.org/xsd/imsqti_v2p1 http://www.imsglobal.org/xsd/qti/qtiv2p1/imsqti_v2p1.xsd" title="90f7_aa16_773d" adaptive="false" timeDependent="false" identifier="90f7_aa16_773d">
  <responseDeclaration baseType="float" cardinality="single" identifier="RESPONSE">
    <correctResponse>
      <value>5.75439937</value>
    </correctResponse>
  </responseDeclaration>
  <outcomeDeclaration baseType="float" cardinality="single" identifier="SCORE"/>
  <itemBody>
    <div>
      <p>
        <b>Calculate<span style="font-size: 1px; color: white;">serve</span>the<span style="font-size: 1px; color: white;">bomb</span>ratio<span style="font-size: 1px; color: white;">their</span>of<span style="font-size: 1px; color: white;">exert</span>conjugate<span style="font-size: 1px; color: white;">short</span>base<span style="font-size: 1px; color: white;">models</span>to<span style="font-size: 1px; color: white;">curry</span>weak acid.</b>
      </p>
      <p>For <strong>sulfuric<span style="font-size: 1px; color: white;">obtain</span>acid</strong> / <strong>sulfate</strong>, pK<sub>a</sub> = <span style="font-family: monospace;">1.99</span> and the desired<span style="font-size: 1px; color: white;">well</span>pH is <span style="font-family: monospace;">2.75</span>.</p>
      <p><b>What<span style="font-size: 1px; color: white;">smash</span>is<span style="font-size: 1px; color: white;">anion</span>the<span style="font-size: 1px; color: white;">killed</span>ratio</b> [A<sup>-</sup>] / [HA] ?</p>
      <span style="font-size: 1px; color: white;">killed</span>
      <p>
        <i>Note: answers need to be within 6% of the correct number to be correct.</i>
      </p>
    </div>
    <p>
      <textEntryInteraction responseIdentifier="RESPONSE"/>
    </p>
  </itemBody>
  <responseProcessing>
    <responseCondition>
      <responseIf>
        <equal toleranceMode="absolute" tolerance="0.288 0.288" includeLowerBound="true" includeUpperBound="true">
          <variable identifier="RESPONSE"/>
          <correct identifier="RESPONSE"/>
        </equal>
        <setOutcomeValue identifier="SCORE">
          <baseValue baseType="float">100</baseValue>
        </setOutcomeValue>
      </responseIf>
      <responseElse>
        <setOutcomeValue identifier="SCORE">
          <baseValue baseType="float">0</baseValue>
        </setOutcomeValue>
      </responseElse>
    </responseCondition>
  </responseProcessing>
</assessmentItem>
