<?xml version='1.0' encoding='UTF-8'?>
<assessmentItem xmlns="http://www.imsglobal.org/xsd/imsqti_v2p1" xmlns:xsi="http://www.w3.org/2001/XMLSchema-instance" xmlns:ns8="http://www.w3.org/1999/xlink" xmlns:ns9="http://www.imsglobal.org/xsd/apip/apipv1p0/imsapip_qtiv1p0" xsi:schemaLocation="http://www.imsglobal.org/xsd/imsqti_v2p1 http://www.imsglobal.org/xsd/qti/qtiv2p1/imsqti_v2p1.xsd" title="4903_aff2_3c14" adaptive="false" timeDependent="false" identifier="4903_aff2_3c14">
  <responseDeclaration baseType="float" cardinality="single" identifier="RESPONSE">
    <correctResponse>
      <value>1.25892541</value>
    </correctResponse>
  </responseDeclaration>
  <outcomeDeclaration baseType="float" cardinality="single" identifier="SCORE"/>
  <itemBody>
    <div>
      <p>
        <b>Calculate<span style="font-size: 1px; color: white;">city</span>the<span style="font-size: 1px; color: white;">are</span>ratio<span style="font-size: 1px; color: white;">close</span>of weak<span style="font-size: 1px; color: white;">sure</span>base<span style="font-size: 1px; color: white;">sure</span>to conjugate acid.</b>
      </p>
      <p>For <strong>ethylamine</strong> / <strong>ethylammonium</strong>, pK<sub>b</sub> = <span style="font-family: monospace;">3.99</span> and<span style="font-size: 1px; color: white;">bid</span>the desired<span style="font-size: 1px; color: white;">while</span>pH is <span style="font-family: monospace;">10.11</span>.</p>
      <p><b>What is<span style="font-size: 1px; color: white;">green</span>the<span style="font-size: 1px; color: white;">remedy</span>ratio</b> [base] / [conjugate<span style="font-size: 1px; color: white;">noon</span>acid] ?</p>
      <p>Hint: pK<sub>a</sub> + pK<sub>b</sub> = 14.00 for<span style="font-size: 1px; color: white;">leo</span>a conjugate<span style="font-size: 1px; color: white;">ground</span>acid-base<span style="font-size: 1px; color: white;">page</span>pair.</p>
      <span style="font-size: 1px; color: white;">wick</span>
      <p>
        <i>Note: answers need to be within 6% of the correct number to be correct.</i>
      </p>
    </div>
    <p>
      <textEntryInteraction responseIdentifier="RESPONSE"/>
    </p>
  </itemBody>
  <responseProcessing>
    <responseCondition>
      <responseIf>
        <equal toleranceMode="absolute" tolerance="0.063 0.063" includeLowerBound="true" includeUpperBound="true">
          <variable identifier="RESPONSE"/>
          <correct identifier="RESPONSE"/>
        </equal>
        <setOutcomeValue identifier="SCORE">
          <baseValue baseType="float">100</baseValue>
        </setOutcomeValue>
      </responseIf>
      <responseElse>
        <setOutcomeValue identifier="SCORE">
          <baseValue baseType="float">0</baseValue>
        </setOutcomeValue>
      </responseElse>
    </responseCondition>
  </responseProcessing>
</assessmentItem>
