<?xml version='1.0' encoding='UTF-8'?>
<manifest xmlns="http://www.imsglobal.org/xsd/imscp_v1p1" xmlns:lom="http://ltsc.ieee.org/xsd/LOM" xmlns:imsmd="http://www.imsglobal.org/xsd/imsmd_v1p2" xmlns:xsi="http://www.w3.org/2001/XMLSchema-instance" identifier="main manifest" xsi:schemaLocation="http://www.imsglobal.org/xsd/imscp_v1p1 http://www.imsglobal.org/xsd/imscp_v1p1.xsd http://www.imsglobal.org/xsd/imsmd_v1p2 http://www.imsglobal.org/xsd/imsmd_v1p2.xsd http://ltsc.ieee.org/xsd/LOM http://ieee-sa.imeetcentral.com/ltsc/">
  <metadata>
    <schema>QTIv2.1</schema>
    <schemaversion>2.0</schemaversion>
    <imsmd:lom>
      <imsmd:general>
        <imsmd:title>
          <imsmd:string>pKa_buffer_state-2_protons</imsmd:string>
        </imsmd:title>
      </imsmd:general>
      <imsmd:lifeCycle>
        <imsmd:contribute>
          <imsmd:date>
            <imsmd:dateTime>2025-03-28</imsmd:dateTime>
          </imsmd:date>
        </imsmd:contribute>
      </imsmd:lifeCycle>
      <imsmd:rights>
        <imsmd:description>
          <imsmd:string>CC Attribution - http://creativecommons.org/licenses/by/4.0</imsmd:string>
        </imsmd:description>
      </imsmd:rights>
    </imsmd:lom>
  </metadata>
  <resources>
    <resource href="qti21_items/item_00001.xml" identifier="item_00001" type="imsqti_item_xmlv2p1">
      <file href="qti21_items/item_00001.xml"/>
      <dependency identifierref="assessment_meta"/>
    </resource>
    <resource href="qti21_items/item_00002.xml" identifier="item_00002" type="imsqti_item_xmlv2p1">
      <file href="qti21_items/item_00002.xml"/>
      <dependency identifierref="assessment_meta"/>
    </resource>
    <resource href="qti21_items/assessment_meta.xml" identifier="assessment_meta" type="imsqti_test_xmlv2p1">
      <file href="qti21_items/assessment_meta.xml"/>
      <dependency identifierref="item_00001"/>
      <dependency identifierref="item_00002"/>
    </resource>
  </resources>
</manifest>
