<?xml version='1.0' encoding='UTF-8'?>
<assessmentItem xmlns="http://www.imsglobal.org/xsd/imsqti_v2p1" xmlns:xsi="http://www.w3.org/2001/XMLSchema-instance" xmlns:ns8="http://www.w3.org/1999/xlink" xmlns:ns9="http://www.imsglobal.org/xsd/apip/apipv1p0/imsapip_qtiv1p0" xsi:schemaLocation="http://www.imsglobal.org/xsd/imsqti_v2p1 http://www.imsglobal.org/xsd/qti/qtiv2p1/imsqti_v2p1.xsd" title="38db_491e_f533" adaptive="false" timeDependent="false" identifier="38db_491e_f533">
  <responseDeclaration baseType="identifier" cardinality="single" identifier="RESPONSE">
    <correctResponse>
      <value>answer_001</value>
    </correctResponse>
  </responseDeclaration>
  <outcomeDeclaration baseType="float" cardinality="single" identifier="SCORE"/>
  <itemBody>
    <div>
      <div id="drv_e3d0" oncopy="return false;" onpaste="return false;" oncut="return false;" oncontextmenu="return false;" onmousedown="return false;" onselectstart="return false;"><p>Which<span style="font-size: 1px; color: white;">yield</span>pipet<span style="font-size: 1px; color: white;">shape</span>and setting<span style="font-size: 1px; color: white;">lauric</span>would<span style="font-size: 1px; color: white;">kinds</span>you<span style="font-size: 1px; color: white;">double</span>use<span style="font-size: 1px; color: white;">light</span>to pipet <span style="font-family: monospace;">3.6 μL</span> using<span style="font-size: 1px; color: white;">out</span>only one<span style="font-size: 1px; color: white;">weight</span>step?</p><p>Hint: <i>Red digits indicate the different<span style="font-size: 1px; color: white;">joined</span>decimal<span style="font-size: 1px; color: white;">gmp</span>place<span style="font-size: 1px; color: white;">iispan</span>value.</i></p> </div>
    </div>
    <choiceInteraction maxChoices="1" responseIdentifier="RESPONSE" shuffle="true">
      <simpleChoice fixed="true" identifier="answer_1">
        <p>
          <div id="drv_74b8" oncopy="return false;" onpaste="return false;" oncut="return false;" oncontextmenu="return false;" onmousedown="return false;" onselectstart="return false;">
            <table border="0" cellpadding="0" cellspacing="6">
              <tbody>
                <tr>
                  <td style="vertical-align: middle;">
                    <span style="display: inline-block; width: 52px; height: 52px; line-height: 52px; border-radius: 50%; border: 1px solid #333; text-align: center; background-color: #f0f0f0; font-family: Arial, sans-serif; font-weight: bold;">P10</span>
                  </td>
                  <td style="vertical-align: middle;">
                    <table border="0" cellpadding="2" cellspacing="0" style="border-collapse: collapse; border-spacing: 0; border-radius: 0; overflow: hidden; background-color: #ffffff; border: 1px solid #333;">
                      <tbody>
                        <tr>
                          <td align="center" style="border: 1px solid #333; width: 20px; height: 20px; background-color: #ffffff; padding: 0; text-align: center; vertical-align: middle;">
                            <span style="color: black; display: block; line-height: 20px;">
                              <strong>0</strong>
                            </span>
                          </td>
                        </tr>
                        <tr>
                          <td align="center" style="border: 1px solid #333; width: 20px; height: 20px; background-color: #ffffff; padding: 0; text-align: center; vertical-align: middle;">
                            <span style="color: black; display: block; line-height: 20px;">
                              <strong>3</strong>
                            </span>
                          </td>
                        </tr>
                        <tr>
                          <td align="center" style="border: 1px solid #333; width: 20px; height: 20px; background-color: #ffffff; padding: 0; text-align: center; vertical-align: middle;">
                            <span style="color: red; display: block; line-height: 20px;">
                              <strong>6</strong>
                            </span>
                          </td>
                        </tr>
                      </tbody>
                    </table>
                  </td>
                </tr>
              </tbody>
            </table>
          </div>
        </p>
      </simpleChoice>
      <simpleChoice fixed="true" identifier="answer_2">
        <p>
          <div id="drv_5cb6" oncopy="return false;" onpaste="return false;" oncut="return false;" oncontextmenu="return false;" onmousedown="return false;" onselectstart="return false;">
            <table border="0" cellpadding="0" cellspacing="6">
              <tbody>
                <tr>
                  <td style="vertical-align: middle;">
                    <span style="display: inline-block; width: 52px; height: 52px; line-height: 52px; border-radius: 50%; border: 1px solid #333; text-align: center; background-color: #f0f0f0; font-family: Arial, sans-serif; font-weight: bold;">P10</span>
                  </td>
                  <td style="vertical-align: middle;">
                    <table border="0" cellpadding="2" cellspacing="0" style="border-collapse: collapse; border-spacing: 0; border-radius: 0; overflow: hidden; background-color: #ffffff; border: 1px solid #333;">
                      <tbody>
                        <tr>
                          <td align="center" style="border: 1px solid #333; width: 20px; height: 20px; background-color: #ffffff; padding: 0; text-align: center; vertical-align: middle;">
                            <span style="color: black; display: block; line-height: 20px;">
                              <strong>3</strong>
                            </span>
                          </td>
                        </tr>
                        <tr>
                          <td align="center" style="border: 1px solid #333; width: 20px; height: 20px; background-color: #ffffff; padding: 0; text-align: center; vertical-align: middle;">
                            <span style="color: black; display: block; line-height: 20px;">
                              <strong>6</strong>
                            </span>
                          </td>
                        </tr>
                        <tr>
                          <td align="center" style="border: 1px solid #333; width: 20px; height: 20px; background-color: #ffffff; padding: 0; text-align: center; vertical-align: middle;">
                            <span style="color: red; display: block; line-height: 20px;">
                              <strong>0</strong>
                            </span>
                          </td>
                        </tr>
                      </tbody>
                    </table>
                  </td>
                </tr>
              </tbody>
            </table>
          </div>
        </p>
      </simpleChoice>
      <simpleChoice fixed="true" identifier="answer_3">
        <p>
          <div id="drv_ccca" oncopy="return false;" onpaste="return false;" oncut="return false;" oncontextmenu="return false;" onmousedown="return false;" onselectstart="return false;">
            <table border="0" cellpadding="0" cellspacing="6">
              <tbody>
                <tr>
                  <td style="vertical-align: middle;">
                    <span style="display: inline-block; width: 52px; height: 52px; line-height: 52px; border-radius: 50%; border: 1px solid #333; text-align: center; background-color: #fff6d6; font-family: Arial, sans-serif; font-weight: bold;">P100</span>
                  </td>
                  <td style="vertical-align: middle;">
                    <table border="0" cellpadding="2" cellspacing="0" style="border-collapse: collapse; border-spacing: 0; border-radius: 0; overflow: hidden; background-color: #ffffff; border: 1px solid #333;">
                      <tbody>
                        <tr>
                          <td align="center" style="border: 1px solid #333; width: 20px; height: 20px; background-color: #ffffff; padding: 0; text-align: center; vertical-align: middle;">
                            <span style="color: black; display: block; line-height: 20px;">
                              <strong>0</strong>
                            </span>
                          </td>
                        </tr>
                        <tr>
                          <td align="center" style="border: 1px solid #333; width: 20px; height: 20px; background-color: #ffffff; padding: 0; text-align: center; vertical-align: middle;">
                            <span style="color: black; display: block; line-height: 20px;">
                              <strong>3</strong>
                            </span>
                          </td>
                        </tr>
                        <tr>
                          <td align="center" style="border: 1px solid #333; width: 20px; height: 20px; background-color: #ffffff; padding: 0; text-align: center; vertical-align: middle;">
                            <span style="color: black; display: block; line-height: 20px;">
                              <strong>6</strong>
                            </span>
                          </td>
                        </tr>
                      </tbody>
                    </table>
                  </td>
                </tr>
              </tbody>
            </table>
          </div>
        </p>
      </simpleChoice>
      <simpleChoice fixed="true" identifier="answer_4">
        <p>
          <div id="drv_1b3d" oncopy="return false;" onpaste="return false;" oncut="return false;" oncontextmenu="return false;" onmousedown="return false;" onselectstart="return false;">
            <table border="0" cellpadding="0" cellspacing="6">
              <tbody>
                <tr>
                  <td style="vertical-align: middle;">
                    <span style="display: inline-block; width: 52px; height: 52px; line-height: 52px; border-radius: 50%; border: 1px solid #333; text-align: center; background-color: #fff6d6; font-family: Arial, sans-serif; font-weight: bold;">P100</span>
                  </td>
                  <td style="vertical-align: middle;">
                    <table border="0" cellpadding="2" cellspacing="0" style="border-collapse: collapse; border-spacing: 0; border-radius: 0; overflow: hidden; background-color: #ffffff; border: 1px solid #333;">
                      <tbody>
                        <tr>
                          <td align="center" style="border: 1px solid #333; width: 20px; height: 20px; background-color: #ffffff; padding: 0; text-align: center; vertical-align: middle;">
                            <span style="color: black; display: block; line-height: 20px;">
                              <strong>3</strong>
                            </span>
                          </td>
                        </tr>
                        <tr>
                          <td align="center" style="border: 1px solid #333; width: 20px; height: 20px; background-color: #ffffff; padding: 0; text-align: center; vertical-align: middle;">
                            <span style="color: black; display: block; line-height: 20px;">
                              <strong>6</strong>
                            </span>
                          </td>
                        </tr>
                        <tr>
                          <td align="center" style="border: 1px solid #333; width: 20px; height: 20px; background-color: #ffffff; padding: 0; text-align: center; vertical-align: middle;">
                            <span style="color: black; display: block; line-height: 20px;">
                              <strong>0</strong>
                            </span>
                          </td>
                        </tr>
                      </tbody>
                    </table>
                  </td>
                </tr>
              </tbody>
            </table>
          </div>
        </p>
      </simpleChoice>
      <simpleChoice fixed="true" identifier="answer_5">
        <p>
          <div id="drv_e14a" oncopy="return false;" onpaste="return false;" oncut="return false;" oncontextmenu="return false;" onmousedown="return false;" onselectstart="return false;">
            <table border="0" cellpadding="0" cellspacing="6">
              <tbody>
                <tr>
                  <td style="vertical-align: middle;">
                    <span style="display: inline-block; width: 52px; height: 52px; line-height: 52px; border-radius: 50%; border: 1px solid #333; text-align: center; background-color: #dfefff; font-family: Arial, sans-serif; font-weight: bold;">P1000</span>
                  </td>
                  <td style="vertical-align: middle;">
                    <table border="0" cellpadding="2" cellspacing="0" style="border-collapse: collapse; border-spacing: 0; border-radius: 0; overflow: hidden; background-color: #ffffff; border: 1px solid #333;">
                      <tbody>
                        <tr>
                          <td align="center" style="border: 1px solid #333; width: 20px; height: 20px; background-color: #ffffff; padding: 0; text-align: center; vertical-align: middle;">
                            <span style="color: red; display: block; line-height: 20px;">
                              <strong>0</strong>
                            </span>
                          </td>
                        </tr>
                        <tr>
                          <td align="center" style="border: 1px solid #333; width: 20px; height: 20px; background-color: #ffffff; padding: 0; text-align: center; vertical-align: middle;">
                            <span style="color: black; display: block; line-height: 20px;">
                              <strong>3</strong>
                            </span>
                          </td>
                        </tr>
                        <tr>
                          <td align="center" style="border: 1px solid #333; width: 20px; height: 20px; background-color: #ffffff; padding: 0; text-align: center; vertical-align: middle;">
                            <span style="color: black; display: block; line-height: 20px;">
                              <strong>6</strong>
                            </span>
                          </td>
                        </tr>
                      </tbody>
                    </table>
                  </td>
                </tr>
              </tbody>
            </table>
          </div>
        </p>
      </simpleChoice>
      <simpleChoice fixed="true" identifier="answer_6">
        <p>
          <div id="drv_bca7" oncopy="return false;" onpaste="return false;" oncut="return false;" oncontextmenu="return false;" onmousedown="return false;" onselectstart="return false;">
            <table border="0" cellpadding="0" cellspacing="6">
              <tbody>
                <tr>
                  <td style="vertical-align: middle;">
                    <span style="display: inline-block; width: 52px; height: 52px; line-height: 52px; border-radius: 50%; border: 1px solid #333; text-align: center; background-color: #dfefff; font-family: Arial, sans-serif; font-weight: bold;">P1000</span>
                  </td>
                  <td style="vertical-align: middle;">
                    <table border="0" cellpadding="2" cellspacing="0" style="border-collapse: collapse; border-spacing: 0; border-radius: 0; overflow: hidden; background-color: #ffffff; border: 1px solid #333;">
                      <tbody>
                        <tr>
                          <td align="center" style="border: 1px solid #333; width: 20px; height: 20px; background-color: #ffffff; padding: 0; text-align: center; vertical-align: middle;">
                            <span style="color: red; display: block; line-height: 20px;">
                              <strong>3</strong>
                            </span>
                          </td>
                        </tr>
                        <tr>
                          <td align="center" style="border: 1px solid #333; width: 20px; height: 20px; background-color: #ffffff; padding: 0; text-align: center; vertical-align: middle;">
                            <span style="color: black; display: block; line-height: 20px;">
                              <strong>6</strong>
                            </span>
                          </td>
                        </tr>
                        <tr>
                          <td align="center" style="border: 1px solid #333; width: 20px; height: 20px; background-color: #ffffff; padding: 0; text-align: center; vertical-align: middle;">
                            <span style="color: black; display: block; line-height: 20px;">
                              <strong>0</strong>
                            </span>
                          </td>
                        </tr>
                      </tbody>
                    </table>
                  </td>
                </tr>
              </tbody>
            </table>
          </div>
        </p>
      </simpleChoice>
    </choiceInteraction>
  </itemBody>
  <responseProcessing>
    <responseCondition>
      <responseIf>
        <match>
          <variable identifier="RESPONSE"/>
          <correct identifier="RESPONSE"/>
        </match>
      </responseIf>
    </responseCondition>
  </responseProcessing>
</assessmentItem>
