<?xml version='1.0' encoding='UTF-8'?>
<assessmentItem xmlns="http://www.imsglobal.org/xsd/imsqti_v2p1" xmlns:xsi="http://www.w3.org/2001/XMLSchema-instance" xmlns:ns8="http://www.w3.org/1999/xlink" xmlns:ns9="http://www.imsglobal.org/xsd/apip/apipv1p0/imsapip_qtiv1p0" xsi:schemaLocation="http://www.imsglobal.org/xsd/imsqti_v2p1 http://www.imsglobal.org/xsd/qti/qtiv2p1/imsqti_v2p1.xsd" title="b185_73c3_dcb3" adaptive="false" timeDependent="false" identifier="b185_73c3_dcb3">
  <responseDeclaration baseType="identifier" cardinality="single" identifier="RESPONSE">
    <correctResponse>
      <value>answer_001</value>
    </correctResponse>
  </responseDeclaration>
  <outcomeDeclaration baseType="float" cardinality="single" identifier="SCORE"/>
  <itemBody>
    <div>
      <div id="drv_ab06" oncopy="return false;" onpaste="return false;" oncut="return false;" oncontextmenu="return false;" onmousedown="return false;" onselectstart="return false;">
        <p>Which pipet and<span style="font-size: 1px; color: white;">mgml</span>setting<span style="font-size: 1px; color: white;">phase</span>would<span style="font-size: 1px; color: white;">erika</span>you<span style="font-size: 1px; color: white;">savory</span>use<span style="font-size: 1px; color: white;">easily</span>to<span style="font-size: 1px; color: white;">pushed</span>pipet <span style="font-family: monospace;">5.7 μL</span> using only one<span style="font-size: 1px; color: white;">male</span>step?</p>
        <p>Hint: <i>Red<span style="font-size: 1px; color: white;">hoover</span>digits<span style="font-size: 1px; color: white;">phase</span>indicate<span style="font-size: 1px; color: white;">combat</span>the<span style="font-size: 1px; color: white;">clear</span>different decimal<span style="font-size: 1px; color: white;">formed</span>place<span style="font-size: 1px; color: white;">madam</span>value.</i></p>
        <span style="font-size: 1px; color: white;">unable</span>
      </div>
    </div>
    <choiceInteraction maxChoices="1" responseIdentifier="RESPONSE" shuffle="true">
      <simpleChoice fixed="true" identifier="answer_1">
        <p>
          <div id="drv_3062" oncopy="return false;" onpaste="return false;" oncut="return false;" oncontextmenu="return false;" onmousedown="return false;" onselectstart="return false;">
            <table border="0" cellpadding="0" cellspacing="6">
              <tbody>
                <tr>
                  <td style="vertical-align: middle;">
                    <span style="display: inline-block; width: 52px; height: 52px; line-height: 52px; border-radius: 50%; border: 1px solid #333; text-align: center; background-color: #f0f0f0; font-family: Arial, sans-serif; font-weight: bold;">P10</span>
                  </td>
                  <td style="vertical-align: middle;">
                    <table border="0" cellpadding="2" cellspacing="0" style="border-collapse: collapse; border-spacing: 0; border-radius: 0; overflow: hidden; background-color: #ffffff; border: 1px solid #333;">
                      <tbody>
                        <tr>
                          <td align="center" style="border: 1px solid #333; width: 20px; height: 20px; background-color: #ffffff; padding: 0; text-align: center; vertical-align: middle;">
                            <span style="color: black; display: block; line-height: 20px;">
                              <strong>0</strong>
                            </span>
                          </td>
                        </tr>
                        <tr>
                          <td align="center" style="border: 1px solid #333; width: 20px; height: 20px; background-color: #ffffff; padding: 0; text-align: center; vertical-align: middle;">
                            <span style="color: black; display: block; line-height: 20px;">
                              <strong>5</strong>
                            </span>
                          </td>
                        </tr>
                        <tr>
                          <td align="center" style="border: 1px solid #333; width: 20px; height: 20px; background-color: #ffffff; padding: 0; text-align: center; vertical-align: middle;">
                            <span style="color: red; display: block; line-height: 20px;">
                              <strong>7</strong>
                            </span>
                          </td>
                        </tr>
                      </tbody>
                    </table>
                  </td>
                </tr>
              </tbody>
            </table>
          </div>
        </p>
      </simpleChoice>
      <simpleChoice fixed="true" identifier="answer_2">
        <p>
          <div id="drv_80e3" oncopy="return false;" onpaste="return false;" oncut="return false;" oncontextmenu="return false;" onmousedown="return false;" onselectstart="return false;">
            <table border="0" cellpadding="0" cellspacing="6">
              <tbody>
                <tr>
                  <td style="vertical-align: middle;">
                    <span style="display: inline-block; width: 52px; height: 52px; line-height: 52px; border-radius: 50%; border: 1px solid #333; text-align: center; background-color: #f0f0f0; font-family: Arial, sans-serif; font-weight: bold;">P10</span>
                  </td>
                  <td style="vertical-align: middle;">
                    <table border="0" cellpadding="2" cellspacing="0" style="border-collapse: collapse; border-spacing: 0; border-radius: 0; overflow: hidden; background-color: #ffffff; border: 1px solid #333;">
                      <tbody>
                        <tr>
                          <td align="center" style="border: 1px solid #333; width: 20px; height: 20px; background-color: #ffffff; padding: 0; text-align: center; vertical-align: middle;">
                            <span style="color: black; display: block; line-height: 20px;">
                              <strong>5</strong>
                            </span>
                          </td>
                        </tr>
                        <tr>
                          <td align="center" style="border: 1px solid #333; width: 20px; height: 20px; background-color: #ffffff; padding: 0; text-align: center; vertical-align: middle;">
                            <span style="color: black; display: block; line-height: 20px;">
                              <strong>7</strong>
                            </span>
                          </td>
                        </tr>
                        <tr>
                          <td align="center" style="border: 1px solid #333; width: 20px; height: 20px; background-color: #ffffff; padding: 0; text-align: center; vertical-align: middle;">
                            <span style="color: red; display: block; line-height: 20px;">
                              <strong>0</strong>
                            </span>
                          </td>
                        </tr>
                      </tbody>
                    </table>
                  </td>
                </tr>
              </tbody>
            </table>
          </div>
        </p>
      </simpleChoice>
      <simpleChoice fixed="true" identifier="answer_3">
        <p>
          <div id="drv_7384" oncopy="return false;" onpaste="return false;" oncut="return false;" oncontextmenu="return false;" onmousedown="return false;" onselectstart="return false;">
            <table border="0" cellpadding="0" cellspacing="6">
              <tbody>
                <tr>
                  <td style="vertical-align: middle;">
                    <span style="display: inline-block; width: 52px; height: 52px; line-height: 52px; border-radius: 50%; border: 1px solid #333; text-align: center; background-color: #fff6d6; font-family: Arial, sans-serif; font-weight: bold;">P100</span>
                  </td>
                  <td style="vertical-align: middle;">
                    <table border="0" cellpadding="2" cellspacing="0" style="border-collapse: collapse; border-spacing: 0; border-radius: 0; overflow: hidden; background-color: #ffffff; border: 1px solid #333;">
                      <tbody>
                        <tr>
                          <td align="center" style="border: 1px solid #333; width: 20px; height: 20px; background-color: #ffffff; padding: 0; text-align: center; vertical-align: middle;">
                            <span style="color: black; display: block; line-height: 20px;">
                              <strong>0</strong>
                            </span>
                          </td>
                        </tr>
                        <tr>
                          <td align="center" style="border: 1px solid #333; width: 20px; height: 20px; background-color: #ffffff; padding: 0; text-align: center; vertical-align: middle;">
                            <span style="color: black; display: block; line-height: 20px;">
                              <strong>5</strong>
                            </span>
                          </td>
                        </tr>
                        <tr>
                          <td align="center" style="border: 1px solid #333; width: 20px; height: 20px; background-color: #ffffff; padding: 0; text-align: center; vertical-align: middle;">
                            <span style="color: black; display: block; line-height: 20px;">
                              <strong>7</strong>
                            </span>
                          </td>
                        </tr>
                      </tbody>
                    </table>
                  </td>
                </tr>
              </tbody>
            </table>
          </div>
        </p>
      </simpleChoice>
      <simpleChoice fixed="true" identifier="answer_4">
        <p>
          <div id="drv_b26c" oncopy="return false;" onpaste="return false;" oncut="return false;" oncontextmenu="return false;" onmousedown="return false;" onselectstart="return false;">
            <table border="0" cellpadding="0" cellspacing="6">
              <tbody>
                <tr>
                  <td style="vertical-align: middle;">
                    <span style="display: inline-block; width: 52px; height: 52px; line-height: 52px; border-radius: 50%; border: 1px solid #333; text-align: center; background-color: #fff6d6; font-family: Arial, sans-serif; font-weight: bold;">P100</span>
                  </td>
                  <td style="vertical-align: middle;">
                    <table border="0" cellpadding="2" cellspacing="0" style="border-collapse: collapse; border-spacing: 0; border-radius: 0; overflow: hidden; background-color: #ffffff; border: 1px solid #333;">
                      <tbody>
                        <tr>
                          <td align="center" style="border: 1px solid #333; width: 20px; height: 20px; background-color: #ffffff; padding: 0; text-align: center; vertical-align: middle;">
                            <span style="color: black; display: block; line-height: 20px;">
                              <strong>5</strong>
                            </span>
                          </td>
                        </tr>
                        <tr>
                          <td align="center" style="border: 1px solid #333; width: 20px; height: 20px; background-color: #ffffff; padding: 0; text-align: center; vertical-align: middle;">
                            <span style="color: black; display: block; line-height: 20px;">
                              <strong>7</strong>
                            </span>
                          </td>
                        </tr>
                        <tr>
                          <td align="center" style="border: 1px solid #333; width: 20px; height: 20px; background-color: #ffffff; padding: 0; text-align: center; vertical-align: middle;">
                            <span style="color: black; display: block; line-height: 20px;">
                              <strong>0</strong>
                            </span>
                          </td>
                        </tr>
                      </tbody>
                    </table>
                  </td>
                </tr>
              </tbody>
            </table>
          </div>
        </p>
      </simpleChoice>
      <simpleChoice fixed="true" identifier="answer_5">
        <p>
          <div id="drv_2ef3" oncopy="return false;" onpaste="return false;" oncut="return false;" oncontextmenu="return false;" onmousedown="return false;" onselectstart="return false;">
            <table border="0" cellpadding="0" cellspacing="6">
              <tbody>
                <tr>
                  <td style="vertical-align: middle;">
                    <span style="display: inline-block; width: 52px; height: 52px; line-height: 52px; border-radius: 50%; border: 1px solid #333; text-align: center; background-color: #dfefff; font-family: Arial, sans-serif; font-weight: bold;">P1000</span>
                  </td>
                  <td style="vertical-align: middle;">
                    <table border="0" cellpadding="2" cellspacing="0" style="border-collapse: collapse; border-spacing: 0; border-radius: 0; overflow: hidden; background-color: #ffffff; border: 1px solid #333;">
                      <tbody>
                        <tr>
                          <td align="center" style="border: 1px solid #333; width: 20px; height: 20px; background-color: #ffffff; padding: 0; text-align: center; vertical-align: middle;">
                            <span style="color: red; display: block; line-height: 20px;">
                              <strong>0</strong>
                            </span>
                          </td>
                        </tr>
                        <tr>
                          <td align="center" style="border: 1px solid #333; width: 20px; height: 20px; background-color: #ffffff; padding: 0; text-align: center; vertical-align: middle;">
                            <span style="color: black; display: block; line-height: 20px;">
                              <strong>5</strong>
                            </span>
                          </td>
                        </tr>
                        <tr>
                          <td align="center" style="border: 1px solid #333; width: 20px; height: 20px; background-color: #ffffff; padding: 0; text-align: center; vertical-align: middle;">
                            <span style="color: black; display: block; line-height: 20px;">
                              <strong>7</strong>
                            </span>
                          </td>
                        </tr>
                      </tbody>
                    </table>
                  </td>
                </tr>
              </tbody>
            </table>
          </div>
        </p>
      </simpleChoice>
      <simpleChoice fixed="true" identifier="answer_6">
        <p>
          <div id="drv_a79b" oncopy="return false;" onpaste="return false;" oncut="return false;" oncontextmenu="return false;" onmousedown="return false;" onselectstart="return false;">
            <table border="0" cellpadding="0" cellspacing="6">
              <tbody>
                <tr>
                  <td style="vertical-align: middle;">
                    <span style="display: inline-block; width: 52px; height: 52px; line-height: 52px; border-radius: 50%; border: 1px solid #333; text-align: center; background-color: #dfefff; font-family: Arial, sans-serif; font-weight: bold;">P1000</span>
                  </td>
                  <td style="vertical-align: middle;">
                    <table border="0" cellpadding="2" cellspacing="0" style="border-collapse: collapse; border-spacing: 0; border-radius: 0; overflow: hidden; background-color: #ffffff; border: 1px solid #333;">
                      <tbody>
                        <tr>
                          <td align="center" style="border: 1px solid #333; width: 20px; height: 20px; background-color: #ffffff; padding: 0; text-align: center; vertical-align: middle;">
                            <span style="color: red; display: block; line-height: 20px;">
                              <strong>5</strong>
                            </span>
                          </td>
                        </tr>
                        <tr>
                          <td align="center" style="border: 1px solid #333; width: 20px; height: 20px; background-color: #ffffff; padding: 0; text-align: center; vertical-align: middle;">
                            <span style="color: black; display: block; line-height: 20px;">
                              <strong>7</strong>
                            </span>
                          </td>
                        </tr>
                        <tr>
                          <td align="center" style="border: 1px solid #333; width: 20px; height: 20px; background-color: #ffffff; padding: 0; text-align: center; vertical-align: middle;">
                            <span style="color: black; display: block; line-height: 20px;">
                              <strong>0</strong>
                            </span>
                          </td>
                        </tr>
                      </tbody>
                    </table>
                  </td>
                </tr>
              </tbody>
            </table>
          </div>
        </p>
      </simpleChoice>
    </choiceInteraction>
  </itemBody>
  <responseProcessing>
    <responseCondition>
      <responseIf>
        <match>
          <variable identifier="RESPONSE"/>
          <correct identifier="RESPONSE"/>
        </match>
      </responseIf>
    </responseCondition>
  </responseProcessing>
</assessmentItem>
