<?xml version='1.0' encoding='UTF-8'?>
<assessmentItem xmlns="http://www.imsglobal.org/xsd/imsqti_v2p1" xmlns:xsi="http://www.w3.org/2001/XMLSchema-instance" xmlns:ns8="http://www.w3.org/1999/xlink" xmlns:ns9="http://www.imsglobal.org/xsd/apip/apipv1p0/imsapip_qtiv1p0" xsi:schemaLocation="http://www.imsglobal.org/xsd/imsqti_v2p1 http://www.imsglobal.org/xsd/qti/qtiv2p1/imsqti_v2p1.xsd" title="e880_57dc_7f96" adaptive="false" timeDependent="false" identifier="e880_57dc_7f96">
  <responseDeclaration baseType="identifier" cardinality="single" identifier="RESPONSE">
    <correctResponse>
      <value>answer_002</value>
    </correctResponse>
  </responseDeclaration>

  <outcomeDeclaration baseType="float" cardinality="single" identifier="SCORE"/>

  <itemBody>
    <div>The biochemical standard free energy change (delta G naught-prime, <span style="color:#cc6600;font-weight:700;">ΔG°′</span>) differs from the chemical standard free energy change (delta G naught, <span style="color:#0077bb;font-weight:700;">ΔG°</span>). Which factor is treated differently?</div>
    <choiceInteraction maxChoices="1" responseIdentifier="RESPONSE" shuffle="true">
      <simpleChoice fixed="true" identifier="answer_1">
        <p>all reactant concentrations are at 1 M</p>
      </simpleChoice>
      <simpleChoice fixed="true" identifier="answer_2">
        <p>pH is fixed at 7 ([H<sup>+</sup>] = 1 × 10<sup>−7</sup> M instead of 1 M)</p>
      </simpleChoice>
      <simpleChoice fixed="true" identifier="answer_3">
        <p>temperature is different from 298 K (25 °C)</p>
      </simpleChoice>
      <simpleChoice fixed="true" identifier="answer_4">
        <p>pressure is different from 1 atm</p>
      </simpleChoice>
      <simpleChoice fixed="true" identifier="answer_5">
        <p>ionic strength is fixed at 0.1 M</p>
      </simpleChoice>
    </choiceInteraction>
  </itemBody>

  <responseProcessing>
    <responseCondition>
      <responseIf>
        <match>
          <variable identifier="RESPONSE"/>
          <correct identifier="RESPONSE"/>
        </match>
      </responseIf>
    </responseCondition>
  </responseProcessing>
</assessmentItem>
